/* Auto-generated by GRUDA img_to_c.py */
/* 1 frame(s), 240x320 RGB565 */
#ifndef GRUDA_IMG_SHIP_SKY_H
#define GRUDA_IMG_SHIP_SKY_H

#include <pgmspace.h>
#include <lvgl.h>

#define SHIP_SKY_W 240
#define SHIP_SKY_H 320
#define SHIP_SKY_FRAMES 1

static const uint16_t ship_sky[] PROGMEM = {
    0x8C19,0x8C19,0x8C19,0x8C19,0x8C19,0x8C19,0x8C19,0x8C19,0x8C19,0x8C19,0x8C19,0x8C19,
    0x8C19,0x8C19,0x8C19,0x8C19,0x8C19,0x8C19,0x8C19,0x8C19,0x8C19,0x8C19,0x8C19,0x8C19,
    0x8C19,0x8C19,0x8C19,0x8C19,0x8C19,0x8C19,0x8C19,0x8C19,0x8C19,0x8C19,0x8C19,0x8C19,
    0x8C19,0x8C19,0x8C19,0x8C19,0x8C19,0x8C19,0x8C19,0x8C19,0x8C19,0x8C19,0x8C19,0x8C19,
    0x8C19,0x8C19,0xCC21,0x8C19,0x8C19,0x8C19,0x8C19,0x8C19,0x8C19,0xCC21,0xCC21,0x8C19,
    0x8C19,0x8C19,0x8C19,0x8C19,0x8C19,0xCC21,0xCC21,0xCC21,0xCC21,0xCC21,0xCC21,0xCC21,
    0xCC21,0xCC21,0xCC21,0xCC21,0xCC21,0xCC21,0xCC21,0xCC21,0xCC21,0xCC21,0xCC21,0xCC21,
    0xCC21,0xCC21,0xCC21,0xCC21,0xCC21,0xCC21,0xCC21,0xCC21,0xCC21,0xCC21,0xCC21,0xCC21,
    0xCC21,0xCC21,0xCC21,0xCC21,0xCC21,0xCC21,0xCC21,0xCC21,0xCC21,0xCC21,0xCC21,0xCC21,
    0xCC21,0xCC21,0xCC21,0xCC21,0xCC21,0xCC21,0xCC21,0xCC21,0xCC21,0xCC21,0xCC21,0xCC21,
    0xCC21,0xCC21,0xCC21,0xCC21,0xCC21,0xCC21,0xCC21,0xCC21,0xCC21,0xCC21,0xCC21,0xCC21,
    0xCC21,0xCC21,0xCC21,0xCC21,0xCC21,0xCC21,0xCC21,0xCC21,0xCC21,0xCC21,0xCC21,0xCC21,
    0xCC21,0xCC21,0xCC21,0xCC21,0xCC21,0xCC21,0xCC21,0xCC21,0xCC21,0xCC21,0xCC21,0xCC21,
    0xCC21,0xCC21,0xCC21,0xCC21,0xCC21,0xCC21,0x8C19,0x8C19,0x8C19,0x8C19,0xCC21,0xCC21,
    0xCC21,0xCC21,0xCC21,0x8C19,0x8C19,0x8C19,0x8C19,0x8C19,0x8C19,0x8C19,0x8C19,0x8C19,
    0x8C19,0x8C19,0x8C19,0x8C19,0x8C19,0x8C19,0x8C19,0x8C19,0x8C19,0x8C19,0x8C19,0x8C19,
    0x8C19,0x8C19,0x8C19,0x8C19,0x8C19,0x8C19,0x8C19,0x8B19,0x8C19,0x8C19,0x8C19,0x8C19,
    0x8C19,0x8C19,0x8C19,0x8C19,0x8C19,0x8C19,0x8C19,0x8C19,0x8C19,0x8C19,0x8C19,0x8C19,
    0x8C19,0x8C19,0x8C19,0x8C19,0x8C19,0x8C19,0x8C19,0x8C19,0x8C19,0x8C19,0x8C19,0x8C19,
    0x8C19,0x8C19,0x8C19,0x8C19,0x8C19,0x8C19,0x8C19,0x8C19,0x8C19,0x8C19,0x8C19,0x8C19,
    0x8B19,0x8B19,0x8B19,0x8B19,0x8C19,0x8C19,0x8C19,0x8C19,0x8C19,0x8C19,0x8C19,0x8C19,
    0x8C19,0x8C19,0x8C19,0x8C19,0x8C19,0x8C19,0x8C19,0x8C19,0x8C19,0x8C19,0x8C19,0x8C19,
    0x8C19,0x8C19,0x8C19,0x8C19,0x8C19,0x8C19,0x8C19,0x8C19,0x8C19,0x8C19,0x8C19,0x8C19,
    0x8C19,0x8C19,0x8C19,0x8C19,0x8C19,0x8C19,0x8C19,0x8C19,0x8C19,0x8C19,0x8C19,0x8C19,
    0x8C19,0x8C19,0x8C19,0x8C19,0x8C19,0x8C19,0x8C19,0x8C19,0x8C19,0x8B19,0x8C19,0x8C19,
    0x8C19,0x8C19,0x8C19,0x8C19,0x8C19,0x8C19,0x8C19,0x8C19,0x8C19,0xCC21,0xCC21,0xCC21,
    0x8C19,0x8C19,0xCC21,0xCC21,0xCC21,0xCC21,0x8C19,0xCC21,0xCC21,0xCC21,0xCC21,0xCC21,
    0xCC21,0xCC21,0xCC21,0xCC21,0xCC21,0xCC21,0xCC21,0xCC21,0xCC21,0xCC21,0xCC21,0xCC21,
    0xCC21,0xCC21,0xCC21,0xCC21,0xCC21,0xCC21,0xCC21,0xCC21,0xCC21,0xCC21,0xCC21,0xCC21,
    0xCC21,0xCC21,0xCC21,0xCC21,0xCC21,0xCC21,0xCC21,0xCC21,0xCC21,0xCC21,0xCC21,0xCC21,
    0xCC21,0xCC21,0xCC21,0xCC21,0xCC21,0xCC21,0xCC21,0xCC21,0xCC21,0xCC21,0xCC21,0x8C19,
    0x8C19,0x8C19,0x8C19,0x8C19,0x8C19,0x8C19,0x8C19,0xCC21,0x8C19,0x8C19,0x8C19,0x8C19,
    0x8C19,0x8C19,0x8C19,0x8C19,0x8C19,0xCC21,0xCC21,0x8C19,0xCC21,0x8C19,0x8C19,0xCC21,
    0xCC21,0x8C19,0x8C19,0xCC21,0x8C19,0x8C19,0x8C19,0x8C19,0x8C19,0x8C19,0x8C19,0x8C19,
    0x8C19,0x8C19,0x8C19,0x8C19,0x8C19,0x8C19,0x8C19,0x8B19,0x8B19,0x8C19,0x8C19,0x8C19,
    0x8C19,0x8C19,0x8C19,0x8C19,0x8C19,0x8C19,0x8C19,0x8C19,0x8C19,0x8C19,0x8C19,0x8C19,
    0x8C19,0x8C19,0x8C19,0x8C19,0x8C19,0x8C19,0x8C19,0x8B19,0x8B19,0x8B19,0x8C19,0x8B19,
    0x8B19,0x8B19,0x8B19,0x8B19,0x8B19,0x8B19,0x8B19,0x8B19,0x8C19,0x8B19,0x8B19,0x8B19,
    0x8B19,0x8B19,0x8B19,0x8B19,0x8B19,0x8B19,0x8B19,0x8B19,0x8B19,0x8B19,0x8B19,0x8B19,
    0x8B19,0x8B19,0x8B19,0x8B19,0x8B19,0x8B19,0x8B19,0x6B19,0x6B19,0x8B19,0x8B19,0x8B19,
    0x8B19,0x8B19,0x8B19,0x8B19,0x8C19,0x8C19,0x8C19,0x8C19,0x8C19,0x8C19,0x8C19,0x8C19,
    0x8C19,0x8C19,0x8C19,0x8C19,0x8C19,0x8C19,0x8C19,0x8C19,0x8C19,0x8C19,0x8C19,0x8C19,
    0x8C19,0x8C19,0x8C19,0x8C19,0x8C19,0x8C19,0x8C19,0x8C19,0x8C19,0x8C19,0x8C19,0x8C19,
    0x8C19,0x8C19,0x8C19,0x8C19,0x8C19,0x8C19,0x8C19,0x8C19,0x8C19,0x8C19,0x8C19,0x8C19,
    0x8C19,0x8C19,0x8C19,0x8C19,0x8C19,0x8C19,0x8C19,0x8C19,0x8C19,0x8C19,0x8C19,0x8C19,
    0x8C19,0x8C19,0x8C19,0x8C19,0x8C19,0x8C19,0x8C19,0x8C19,0x8C19,0xCC21,0xCC21,0xCC21,
    0xCC21,0x8C19,0x8C19,0xCC21,0xCC21,0xCC21,0xCC21,0xCC21,0xCC21,0xCC21,0xCC21,0xCC21,
    0xCC21,0xCC21,0xCC21,0xCC21,0xCC21,0xCC21,0xCC21,0xCC21,0xCC21,0xCC21,0xCC21,0xCC21,
    0xCC21,0xCC21,0xCC21,0xCC21,0xCC21,0xCC21,0xCC21,0xCC21,0xCC21,0xCC21,0xCC21,0xCC21,
    0xCC21,0xCC21,0xCC21,0xCC21,0xCC21,0xCC21,0xCC21,0xCC21,0xCC21,0xCC21,0xCC21,0xCC21,
    0xCC21,0xCC21,0xCC21,0xCC21,0xCC21,0xCC21,0xCC21,0xCC21,0xCC21,0xCC21,0xCC21,0xCC21,
    0x8C19,0xCC21,0x8C19,0x8C19,0x8C19,0x8C19,0x8C19,0xCC21,0xCC21,0xCC21,0x8C19,0x8C19,
    0x8C19,0x8C19,0x8C19,0xCC21,0x8C19,0xCC21,0xCC21,0xCC21,0xCC21,0xCC21,0x8C19,0xCC21,
    0xCC21,0x8C19,0x8C19,0xCC21,0xCC21,0x8C19,0x8C19,0x8C19,0x8C19,0x8C19,0x8C19,0x8C19,
    0x8C19,0x8C19,0x8C19,0x8C19,0x8C19,0x8C19,0x8C19,0x8B19,0x8B19,0x8C19,0x8C19,0x8C19,
    0x8C19,0x8C19,0x8C19,0x8C19,0x8C19,0x8C19,0x8C19,0x8C19,0x8C19,0x8C19,0x8C19,0x8C19,
    0x8C19,0x8C19,0x8C19,0x8C19,0x8C19,0x8C19,0x8C19,0x8C19,0x8C19,0x8B19,0x8B19,0x8B19,
    0x8B19,0x8C19,0x8B19,0x8B19,0x8C19,0x8B19,0x8B19,0x8B19,0x8B19,0x8C19,0x8C19,0x8B19,
    0x8B19,0x8B19,0x8B19,0x8B19,0x8B19,0x8B19,0x8B19,0x8B19,0x8B19,0x8B19,0x6B19,0x8B19,
    0x8B19,0x8B19,0x8B19,0x8B19,0x8B19,0x8B19,0x8B19,0x8B19,0x6B19,0x6B19,0x8B19,0x8B19,
    0x8B19,0x8B19,0x8B19,0x8B19,0x8B19,0x8B19,0x8B19,0x8C19,0x8C19,0x8C19,0x8C19,0x8C19,
    0x8C19,0x8C19,0x8C19,0x8C19,0x8C19,0x8C19,0x8C19,0x8C19,0x8C19,0x8C19,0x8C19,0x8C19,
    0x8B19,0x8B19,0x8C19,0x8C19,0x8C19,0x8C19,0x8C19,0x8C19,0x8C19,0x8C19,0x8C19,0x8C19,
    0x8C19,0x8C19,0x8C19,0x8C19,0x8C19,0x8C19,0x8C19,0x8C19,0x8C19,0x8C19,0x8C19,0x8C19,
    0x8C19,0xCC21,0x8C19,0x8C19,0x8C19,0x8C19,0x8C19,0x8C19,0x8C19,0x8C19,0x8C19,0x8C19,
    0x8C19,0x8C19,0x8C19,0x8C19,0x8C19,0x8C19,0x8C19,0xCC21,0xCC21,0xCC21,0xCC21,0xCC21,
    0xCC21,0xCC21,0x8C19,0x8C19,0xCC21,0xCC21,0xCC21,0xCC21,0xCC21,0xCC21,0xCC21,0xCC21,
    0xCC21,0xCC21,0xCC21,0xCC21,0xCC21,0xCC21,0xCC21,0xCC21,0xCC21,0xCC21,0xCC21,0xCC21,
    0xCC21,0xCC21,0xCC21,0xCC21,0xCC21,0xCC21,0xCC21,0xCC21,0xCC21,0xCC21,0xCC21,0xCC21,
    0xCC21,0xCC21,0xCC21,0xCC21,0xCC21,0xCC21,0xCC21,0xCC21,0xCC21,0xCC21,0xCC21,0xCC21,
    0xCC21,0xCC21,0xCC21,0xCC21,0xCC21,0xCC21,0xCC21,0xCC21,0xCC21,0xCC21,0xCC21,0xCC21,
    0xCC21,0x8C19,0x8C19,0x8C19,0x8C19,0x8C19,0x8C19,0xCC21,0xCC21,0xCC21,0xCC21,0x8C19,
    0x8C19,0x8C19,0x8C19,0xCC21,0xCC21,0x8C19,0x8C19,0xCC21,0xCC21,0xCC21,0xCC21,0xCC21,
    0xCC21,0x8C19,0x8C19,0xCC21,0xCC21,0x8C19,0x8C19,0x8C19,0xCC21,0x8C19,0x8C19,0x8B19,
    0x8B19,0x8C19,0x8C19,0x8C19,0x8C19,0x8C19,0x8C19,0x8C19,0x8B19,0x8B19,0x8B19,0x8C19,
    0x8C19,0x8B19,0x8C19,0x8C19,0x8C19,0x8C19,0x8C19,0x8C19,0x8C19,0x8C19,0x8C19,0x8C19,
    0x8C19,0x8C19,0x8C19,0x8C19,0x8C19,0x8C19,0x8C19,0x8C19,0x8C19,0x8C19,0x8C19,0x8B19,
    0x8B19,0x8C19,0x8B19,0x8B19,0x8B19,0x8B19,0x8C19,0x8C19,0x8B19,0x8C19,0x8C19,0x8C19,
    0x8C19,0x8B19,0x8B19,0x8B19,0x8B19,0x8B19,0x8B19,0x8B19,0x8B19,0x6B19,0x6B19,0x6B19,
    0x6B19,0x8B19,0x8B19,0x6B19,0x6B19,0x6B19,0x8B19,0x8B19,0x6B19,0x6B19,0x6B19,0x8B19,
    0x8B19,0x8B19,0x8B19,0x8C19,0x8B19,0x8B19,0x8B19,0x8B19,0x8C19,0x8C19,0x8C19,0x8C19,
    0x8C19,0x8C19,0x8C19,0x8C19,0x8C19,0x8C19,0x8C19,0x8C19,0x8C19,0x8C19,0x8C19,0x8C19,
    0x8C19,0x8B19,0x8B19,0x8C19,0x8C19,0x8C19,0x8C19,0x8C19,0x8C19,0x8C19,0x8C19,0x8B19,
    0x8C19,0x8C19,0x8C19,0x8C19,0x8C19,0x8C19,0x8C19,0x8C19,0x8C19,0x8C19,0x8C19,0x8C19,
    0x8C19,0x8C19,0xCC21,0xCC21,0x8C19,0x8C19,0x8C19,0x8B19,0x8C19,0xCC21,0x8C19,0x8C19,
    0xCC21,0xCC21,0x8C19,0x8C19,0x8C19,0x8C19,0x8C19,0xCC21,0xCC21,0xCC21,0xCC21,0xCC21,
    0xCC21,0xCC21,0xCC21,0x8C19,0x8C19,0xCC21,0xCC21,0xCC21,0xCC21,0xCC21,0xCC21,0xCC21,
    0xCC21,0xCC21,0xCC21,0xCC21,0xCC21,0xCC21,0xCC21,0xCC21,0xCC21,0xCC21,0xCC21,0xCC21,
    0xCC21,0xCC21,0xCC21,0xCC21,0xCC21,0xCC21,0xCC21,0xCC21,0xCC21,0xCC21,0xCC21,0xCC21,
    0xCC21,0xCC21,0xCC21,0xCC21,0xCC21,0xCC21,0xCC21,0xCC21,0xCC21,0xCC21,0xCC21,0xCC21,
    0xCC21,0xCC21,0xCC21,0xCC21,0xCC21,0xCC21,0xCC21,0xCC21,0xCC21,0xCC21,0xCC21,0xCC21,
    0xCC21,0xCC21,0x8C19,0x8B19,0x8B19,0x8B19,0x8C19,0xCC21,0xCC21,0xCC21,0xCC21,0xCC21,
    0x8C19,0x8C19,0x8C19,0xCC21,0xCC21,0xCC21,0xCC21,0xCC21,0x8C19,0x8C19,0x8C19,0x8C19,
    0x8C19,0x8C19,0x8C19,0x8C19,0x8C19,0x8C19,0x8C19,0xCC21,0xCC21,0x8C19,0x8C19,0x8C19,
    0x8C19,0x8B19,0x8C19,0x8C19,0xCC21,0x8C19,0x8C19,0x8C19,0x8C19,0x8B19,0x8B19,0x8B19,
    0x8B19,0x8C19,0x8B19,0x8B19,0x8C19,0x8B19,0x8B19,0x8B19,0x8C19,0x8C19,0x8C19,0x8C19,
    0x8C19,0x8C19,0x8C19,0x8C19,0x8C19,0x8C19,0x8C19,0x8C19,0x8C19,0x8C19,0x8C19,0x8C19,
    0x8B19,0x8C19,0x8C19,0x8B19,0x8B19,0x8B19,0x8B19,0x8B19,0x8B19,0x8B19,0x8C19,0x8C19,
    0x8C19,0x8B19,0x8B19,0x8B19,0x8B19,0x8B19,0x8B19,0x8B19,0x8B19,0x8B19,0x6B19,0x6B19,
    0x6B19,0x6B19,0x8B19,0x8B19,0x6B19,0x6B19,0x6B19,0x6B19,0x8B19,0x6B19,0x6B19,0x6B19,
    0x8B19,0x8B19,0x8B19,0x8B19,0x8C19,0x8B19,0x8C19,0x8C19,0x8C19,0x8C19,0x8B19,0x8C19,
    0x8C19,0x8C19,0x8C19,0x8C19,0x8C19,0x8C19,0x8C19,0x8C19,0x8C19,0x8C19,0x8C19,0x8C19,
    0x8C19,0x8B19,0x8B19,0x8C19,0x8C19,0x8C19,0x8C19,0x8C19,0x8C19,0x8C19,0x8C19,0x8C19,
    0x8B19,0x8C19,0x8C19,0x8C19,0x8C19,0x8C19,0x8C19,0x8C19,0x8C19,0x8C19,0x8C19,0x8C19,
    0xCC21,0x8C19,0x8C19,0x8C19,0x8C19,0x8C19,0x8C19,0x8C19,0x8B19,0x8C19,0xCC21,0x8C19,
    0x8C19,0xCC21,0xCC21,0xCC21,0xCC21,0xCC21,0xCC21,0xCC21,0xCC21,0xCC21,0xCC21,0xCC21,
    0xCC21,0xCC21,0xCC21,0xCC21,0x8C19,0x8C19,0xCC21,0xCC21,0xCC21,0xCC21,0xCC21,0xCC21,
    0xCC21,0xCC21,0xCC21,0xCC21,0xCC21,0xCC21,0xCC21,0xCC21,0xCC21,0xCC21,0xCC21,0xCC21,
    0xCC21,0xCC21,0xCC21,0xCC21,0xCC21,0xCC21,0xCC21,0xCC21,0xCC21,0xCC21,0xCC21,0xCC21,
    0xCC21,0xCC21,0xCC21,0xCC21,0xCC21,0xCC21,0xCC21,0xCC21,0xCC21,0xCC21,0xCC21,0xCC21,
    0xCC21,0xCC21,0xCC21,0xCC21,0xCC21,0xCC21,0xCC21,0xCC21,0xCC21,0xCC21,0xCC21,0xCC21,
    0xCC21,0xCC21,0x8B19,0x8B19,0x8B19,0x8B19,0x8B19,0x8C19,0xCC21,0xCC21,0xCC21,0xCC21,
    0xCC21,0xCC21,0x8C19,0xCC21,0xCC21,0xCC21,0xCC21,0xCC21,0xCC21,0xCC21,0x8C19,0xCC21,
    0xCC21,0x8C19,0x8C19,0x8C19,0x8C19,0x8C19,0x8C19,0x8C19,0xCC21,0xCC21,0xCC21,0x8C19,
    0x8C19,0x8C19,0x8B19,0x8B19,0x8C19,0x8C19,0x8C19,0x8C19,0x8C19,0x8B19,0x8B19,0x8B19,
    0x8B19,0x8C19,0x8C19,0x8B19,0x8C19,0x8C19,0x8B19,0x8B19,0x8B19,0x8C19,0x8C19,0x8C19,
    0x8C19,0x8C19,0x8C19,0x8C19,0x8C19,0x8C19,0x8C19,0x8C19,0x8C19,0x8C19,0x8C19,0x8C19,
    0x8C19,0x8C19,0x8C19,0x8C19,0x8B19,0x6B19,0x8B19,0x8B19,0x8B19,0x8B19,0x8B19,0x8B19,
    0x8C19,0x8C19,0x8B19,0x8B19,0x8B19,0x8B19,0x8B19,0x8B19,0x8B19,0x8B19,0x8B19,0x6B19,
    0x6B19,0x6B19,0x6B19,0x8B19,0x8B19,0x6B19,0x6B19,0x6B19,0x8B19,0x6B19,0x6B19,0x6B19,
    0x8B19,0x8B19,0x8B19,0x8B19,0x8C19,0x8C19,0x8C19,0x8C19,0x8C19,0x8C19,0x8C19,0x8B19,
    0x8C19,0x8C19,0x8C19,0x8C19,0x8C19,0x8C19,0x8C19,0x8C19,0x8C19,0x8C19,0x8C19,0x8C19,
    0x8C19,0x8C19,0x8B19,0x8B19,0x8C19,0x8C19,0x8C19,0x8C19,0x8C19,0x8B19,0x8B19,0x8C19,
    0x8B19,0x8C19,0x8C19,0x8C19,0x8C19,0x8C19,0x8C19,0x8C19,0x8C19,0x8C19,0x8C19,0x8C19,
    0x8C19,0x8C19,0x8C19,0x8C19,0xCC21,0xCC21,0x8C19,0x8C19,0x8C19,0x8C19,0xCC21,0xCC21,
    0xCC21,0xCC21,0xCC21,0xCC21,0xCC21,0xCC21,0xCC21,0xCC21,0xCC21,0xCC21,0xCC21,0xCC21,
    0xCC21,0xCC21,0xCC21,0xCC21,0xCC21,0x8C19,0x8C19,0x8C19,0xCC21,0xCC21,0xCC21,0xCC21,
    0xCC21,0xCC21,0xCC21,0xCC21,0xCC21,0xCC21,0xCC21,0xCC21,0xCC21,0xCC21,0xCC21,0xCC21,
    0xCC21,0xCC21,0xCC21,0xCC21,0xCC21,0xCC21,0xCC21,0xCC21,0xCC21,0xCC21,0xCC21,0xCC21,
    0xCC21,0xCC21,0xCC21,0xCC21,0xCC21,0xCC21,0xCC21,0xCC21,0xCC21,0xCC21,0xCC21,0xCC21,
    0xCC21,0xCC21,0xCC21,0xCC21,0xCC21,0xCC21,0xCC21,0xCC21,0xCC21,0xCC21,0xCC21,0xCC21,
    0xCC21,0xCC21,0xCC21,0xCC21,0x8B19,0x8B19,0x8B19,0x8B19,0x8C19,0x8C19,0xCC21,0xCC21,
    0xCC21,0xCC21,0xCC21,0xCC21,0xCC21,0xCC21,0xCC21,0xCC21,0xCC21,0xCC21,0xCC21,0xCC21,
    0xCC21,0xCC21,0xCC21,0xCC21,0x8C19,0x8C19,0x8C19,0x8C19,0x8C19,0xCC21,0xCC21,0x8C19,
    0x8C19,0x8C19,0x8C19,0x8C19,0x8B19,0x8C19,0x8C19,0x8C19,0x8C19,0x8C19,0x8C19,0x8C19,
    0x8B19,0x8C19,0x8C19,0x8B19,0x8B19,0x8C19,0x8C19,0x8B19,0x8B19,0x8C19,0x8C19,0x8C19,
    0x8C19,0x8C19,0x8C19,0x8C19,0x8C19,0x8C19,0x8C19,0x8C19,0x8C19,0x8C19,0x8C19,0x8C19,
    0x8C19,0x8C19,0x8C19,0x8C19,0x8C19,0x8C19,0x8B19,0x8B19,0x8B19,0x8B19,0x8B19,0x8C19,
    0x8C19,0x8C19,0x8B19,0x8B19,0x8B19,0x8B19,0x8B19,0x8B19,0x8B19,0x8B19,0x8B19,0x8B19,
    0x6B19,0x8B19,0x6B19,0x6B19,0x8B19,0x6B19,0x6B19,0x6B19,0x6B19,0x6B19,0x6B19,0x6B19,
    0x8B19,0x8B19,0x8B19,0x8B19,0x8C19,0x8C19,0x8C19,0x8C19,0x8C19,0x8C19,0x8C19,0x8C19,
    0x8C19,0x8C19,0x8C19,0x8C19,0x8C19,0x8C19,0x8C19,0x8C19,0x8C19,0x8C19,0x8C19,0x8C19,
    0x8C19,0x8C19,0x8C19,0x8C19,0x8B19,0x8C19,0x8C19,0x8C19,0x8C19,0x8C19,0x8B19,0x8C19,
    0x8C19,0x8B19,0x8C19,0x8C19,0x8C19,0x8C19,0x8C19,0x8C19,0x8C19,0x8C19,0x8C19,0x8C19,
    0x8C19,0x8C19,0x8C19,0xCC21,0x8C19,0xCC21,0xCC21,0x8C19,0xCC21,0xCC21,0xCC21,0xCC21,
    0xCC21,0xCC21,0xCC21,0xCC21,0xCC21,0xCC21,0xCC21,0xCC21,0xCC21,0xCC21,0xCC21,0xCC21,
    0xCC21,0xCC21,0xCC21,0xCC21,0xCC21,0xCC21,0x8C19,0xCC21,0x8C19,0xCC21,0xCC21,0xCC21,
    0xCC21,0xCC21,0xCC21,0xCC21,0xCC21,0xCC21,0xCC21,0xCC21,0xCC21,0xCC21,0xCC21,0xCC21,
    0xCC21,0xCC21,0xCC21,0xCC21,0xCC21,0xCC21,0xCC21,0xCC21,0xCC21,0xCC21,0xCC21,0xCC21,
    0xCC21,0xCC21,0xCC21,0xCC21,0xCC21,0xCC21,0xCC21,0xCC21,0xCC21,0xCC21,0xCC21,0xCC21,
    0xCC21,0xCC21,0xCC21,0xCC21,0xCC21,0xCC21,0xCC21,0xCC21,0xCC21,0xCC21,0xCC21,0xCC21,
    0xCC21,0xCC21,0xCC21,0xCC21,0xCC21,0x8B19,0x8B19,0xAB29,0x8B19,0x8C19,0x8C19,0xCC21,
    0xCC21,0xCC21,0xCC21,0xCC21,0xCC21,0xCC21,0xCC21,0xCC21,0xCC21,0xCC21,0xCC21,0xCC21,
    0xCC21,0xCC21,0xCC21,0xCC21,0xCC21,0x8C19,0x8C19,0x8C19,0x8C19,0x8C19,0xCC21,0xCC21,
    0xCC21,0x8C19,0x8C19,0x8C19,0x8C19,0x8B19,0x8C19,0x8C19,0x8C19,0x8C19,0x8C19,0x8C19,
    0x8C19,0x8B19,0x8C19,0x8C19,0x8C19,0x8C19,0x8C19,0x8C19,0x8B19,0x8C19,0x8C19,0x8C19,
    0x8C19,0x8C19,0x8C19,0x8C19,0x8C19,0x8C19,0x8C19,0x8C19,0x8C19,0x8C19,0x8C19,0x8C19,
    0x8C19,0x8C19,0x8C19,0x8C19,0x8C19,0x8C19,0x8C19,0x8C19,0x8B19,0x8B19,0x8B19,0x8B19,
    0x8B19,0x8B19,0x8B19,0x8C19,0x8B19,0x8B19,0x8B19,0x8B19,0x8B19,0x8B19,0x8B19,0x8B19,
    0x8B19,0x8B19,0x8B19,0x8B19,0x8B19,0x8B19,0x6B19,0x6B19,0x6B19,0x6B19,0x6B19,0x6B19,
    0x8B19,0x8B19,0x8B19,0x8B19,0x8B19,0x8C19,0x8C19,0x8C19,0x8C19,0x8C19,0x8C19,0x8C19,
    0x8C19,0x8B19,0x8C19,0x8C19,0x8C19,0x8C19,0x8C19,0x8C19,0x8C19,0x8C19,0x8C19,0x8C19,
    0x8C19,0x8C19,0x8C19,0x8C19,0x8C19,0x8C19,0x8C19,0x8C19,0x8C19,0x8C19,0x8B19,0x8B19,
    0x8B19,0x8B19,0x8B19,0x8C19,0x8C19,0x8C19,0x8C19,0x8C19,0x8C19,0x8C19,0x8C19,0x8C19,
    0xCC21,0xCC21,0xCC21,0xCC21,0xCC21,0xCC21,0xCC21,0xCC21,0xCC21,0xCC21,0xCC21,0xCC21,
    0xCC21,0xCC21,0xCC21,0xCC21,0xCC21,0xCC21,0xCC21,0xCC21,0xCC21,0xCC21,0xCC21,0xCC21,
    0xCC21,0xCC21,0xCC21,0xCC21,0xCC21,0xCC21,0xCC21,0xCC21,0xCC21,0xCC21,0xCC21,0xCC21,
    0xCC21,0xCC21,0xCC21,0xCC21,0xCC21,0xCC21,0xCC21,0xCC21,0xCC21,0xCC21,0xCC21,0xCC21,
    0xCC21,0xCC21,0xCC21,0xCC21,0xCC21,0xCC21,0xCC21,0xCC21,0xCC21,0xCC21,0xCC21,0xCC21,
    0xCC21,0xCC21,0xCC21,0xCC21,0xCC21,0xCC21,0xCC21,0xCC21,0xCC21,0xCC21,0xCC21,0xCC21,
    0xCC21,0xCC21,0xCC21,0xCC21,0xCC21,0xCC21,0xCC21,0xCC21,0xCC21,0xCC21,0xCC21,0xCC21,
    0xCC21,0xCC21,0xCC21,0xCC21,0xCC21,0xCC21,0xCC21,0xCC21,0xAB29,0x8B19,0xCC21,0xCC21,
    0xCC21,0xCC21,0xCC21,0xCC21,0xCC21,0xCC21,0xCC21,0xCC21,0xCC21,0xCC21,0xCC21,0xCC21,
    0xCC21,0xCC21,0xCC21,0xCC21,0xCC21,0xCC21,0x8C19,0x8C19,0x8C19,0x8C19,0xCC21,0xCC21,
    0xCC21,0x8C19,0x8C19,0x8C19,0x8C19,0x8C19,0x8C19,0x8C19,0x8C19,0x8C19,0x8C19,0x8C19,
    0x8C19,0x8C19,0x8C19,0x8C19,0x8C19,0x8C19,0x8C19,0x8C19,0x8C19,0x8C19,0x8C19,0x8C19,
    0x8C19,0x8C19,0x8C19,0x8C19,0x8C19,0x8C19,0x8C19,0x8C19,0x8C19,0x8C19,0x8C19,0x8C19,
    0x8C19,0x8C19,0x8C19,0x8C19,0x8C19,0x8C19,0x8C19,0x8C19,0x8C19,0x8B19,0x8B19,0x8B19,
    0x8B19,0x8B19,0x8B19,0x8B19,0x8C19,0x8C19,0x8B19,0x8B19,0x8B19,0x8B19,0x8B19,0x8B19,
    0x8C19,0x8C19,0x8B19,0x8B19,0x8C19,0x8C19,0x8B19,0x8B19,0x6B19,0x6B19,0x6B19,0x6B19,
    0x8B19,0x8B19,0x8B19,0x8B19,0x8B19,0x8C19,0x8C19,0x8C19,0x8C19,0x8C19,0x8C19,0x8C19,
    0x8C19,0x8C19,0x8C19,0x8C19,0x8C19,0x8C19,0x8C19,0x8C19,0x8C19,0x8C19,0x8C19,0x8C19,
    0x8C19,0x8C19,0x8C19,0x8C19,0x8C19,0x8C19,0x8C19,0x8C19,0x8C19,0x8C19,0x8C19,0x8B19,
    0x8B19,0x8B19,0x8B19,0x8C19,0x8C19,0x8C19,0x8C19,0x8C19,0x8C19,0x8C19,0x8C19,0x8C19,
    0x8C19,0x8C19,0xCC21,0xCC21,0xCC21,0xCC21,0xCC21,0xCC21,0xCC21,0xCC21,0xCC21,0xCC21,
    0xCC21,0xCC21,0xCC21,0xCC21,0xCC21,0xCC21,0xCC21,0xCC21,0xCC21,0xCC21,0xCC21,0xCC21,
    0xCC21,0xCC21,0xCC21,0xCC21,0xCC21,0xCC21,0xCC21,0xCC21,0xCC21,0xCC21,0xCC21,0xCC21,
    0xCC21,0xCC21,0xCC21,0xCC21,0xCC21,0xCC21,0xCC21,0xCC21,0xCC21,0xCC21,0xCC21,0xCC21,
    0xCC21,0xCC21,0xCC21,0xCC21,0xCC21,0xCC21,0xCC21,0xCC21,0xCC21,0xCC21,0xCC21,0xCC21,
    0xCC21,0xCC21,0xCC21,0xCC21,0xCC21,0xCC21,0xCC21,0xCC21,0xCC21,0xCC21,0xCC21,0xCC21,
    0xCC21,0xCC21,0xCC21,0xCC21,0xCC21,0xCC21,0xCC21,0xCC21,0xCC21,0xCC21,0xCC21,0xCC21,
    0xCC21,0xCC21,0xCC21,0xCC21,0xCC21,0xCC21,0xCC21,0xCC21,0xCC21,0xCC21,0x8C19,0xCC21,
    0xCC21,0xCC21,0xCC21,0xCC21,0xCC21,0xCC21,0xCC21,0xCC21,0xCC21,0xCC21,0xCC21,0xCC21,
    0xCC21,0xCC21,0xCC21,0xCC21,0xCC21,0xCC21,0xCC21,0x8C19,0x8C19,0x8C19,0xCC21,0xCC21,
    0xCC21,0xCC21,0x8C19,0xCC21,0xCC21,0xCC21,0x8C19,0x8C19,0x8C19,0x8C19,0x8C19,0x8C19,
    0x8C19,0x8C19,0x8C19,0x8C19,0x8C19,0x8C19,0x8C19,0x8C19,0x8C19,0x8C19,0x8C19,0x8C19,
    0x8C19,0x8C19,0x8C19,0x8C19,0x8C19,0x8C19,0x8C19,0x8C19,0x8C19,0x8C19,0x8C19,0x8C19,
    0x8C19,0x8C19,0x8C19,0x8C19,0x8C19,0x8C19,0x8C19,0x8C19,0x8C19,0x8C19,0x8B19,0x8B19,
    0x8B19,0x8B19,0x8B19,0x8B19,0x8C19,0x8C19,0x8B19,0x8B19,0x8C19,0x8B19,0x8B19,0x8B19,
    0x8C19,0x8C19,0x8B19,0x8B19,0x8C19,0x8C19,0x8C19,0x8C19,0x8B19,0x8B19,0x6B19,0x6B19,
    0x8B19,0x8B19,0x8B19,0x8B19,0x8B19,0x8C19,0x8C19,0x8C19,0x8C19,0x8C19,0x8C19,0x8C19,
    0x8C19,0x8C19,0x8C19,0x8B19,0x8C19,0x8C19,0x8C19,0x8C19,0x8C19,0x8C19,0x8C19,0x8C19,
    0x8C19,0x8C19,0x8C19,0x8C19,0x8C19,0x8C19,0x8C19,0x8C19,0x8C19,0x8C19,0x8C19,0x8B19,
    0x8B19,0x8B19,0x8B19,0x8C19,0x8C19,0x8C19,0x8C19,0x8C19,0x8C19,0x8C19,0x8C19,0x8C19,
    0x8C19,0xCC21,0xCC21,0xCC21,0xCC21,0xCC21,0xCC21,0xCC21,0xCC21,0xCC21,0xCC21,0xCC21,
    0xCC21,0xCC21,0xCC21,0xCC21,0xCC21,0xCC21,0xCC21,0xCC21,0xCC21,0xCC21,0xCC21,0xCC21,
    0xCC21,0xCC21,0xCC21,0xCC21,0x8C19,0xCC21,0xCC21,0xCC21,0xCC21,0xCC21,0xCC21,0xCC21,
    0xCC21,0xCC21,0xCC21,0xCC21,0xCC21,0xCC21,0xCC21,0xCC21,0xCC21,0xCC21,0xCC21,0xCC21,
    0xCC21,0xCC21,0xCC21,0xCC21,0xCC21,0xCC21,0xCC21,0xCC21,0xCC21,0xCC21,0xCC21,0xCC21,
    0xCC21,0xCC21,0xCC21,0xCC21,0xCC21,0xCC21,0xCC21,0xCC21,0xCC21,0xCC21,0xCC21,0xCC21,
    0xCC21,0xCC21,0xCC21,0xCC21,0xCC21,0xCC21,0xCC21,0xCC21,0xCC21,0xCC21,0xCC21,0xCC21,
    0xCC21,0xCC21,0xCC21,0xCC21,0xCC21,0xCC21,0xCC21,0xCC21,0xCC21,0xCC21,0xCC21,0xCC21,
    0xCC21,0xCC21,0xCC21,0xCC21,0xCC21,0xCC21,0xCC21,0xCC21,0xCC21,0xCC21,0xCC21,0xCC21,
    0xCC21,0xCC21,0xCC21,0xCC21,0xCC21,0xCC21,0xCC21,0xCC21,0x8C19,0xCC21,0xCC21,0xCC21,
    0xCC21,0xCC21,0xCC21,0xCC21,0xCC21,0xCC21,0xCC21,0xCC21,0x8C19,0x8C19,0x8C19,0x8C19,
    0x8C19,0x8C19,0x8C19,0x8C19,0x8C19,0x8C19,0x8C19,0xCC21,0x8C19,0x8C19,0x8C19,0x8C19,
    0x8C19,0x8C19,0x8C19,0x8C19,0x8C19,0x8C19,0x8C19,0x8C19,0x8C19,0x8C19,0x8C19,0x8C19,
    0x8C19,0x8C19,0x8C19,0x8C19,0x8C19,0x8C19,0x8C19,0x8C19,0x8C19,0x8C19,0x8C19,0x8B19,
    0x8B19,0x8B19,0x8B19,0x8B19,0x8B19,0x8B19,0x8B19,0x8B19,0x8B19,0x8B19,0x8B19,0x8B19,
    0x8B19,0x8B19,0x8C19,0x8B19,0x8B19,0x8C19,0x8C19,0x8C19,0x8C19,0x8B19,0x8B19,0x8B19,
    0x8B19,0x8B19,0x8B19,0x8B19,0x8B19,0x8B19,0x8C19,0x8C19,0x8C19,0x8C19,0x8C19,0x8C19,
    0x8C19,0x8C19,0x8C19,0x8C19,0x8C19,0x8C19,0x8C19,0x8C19,0x8C19,0x8C19,0x8C19,0x8C19,
    0x8C19,0x8C19,0x8C19,0x8C19,0x8C19,0x8C19,0x8C19,0x8C19,0x8C19,0x8C19,0x8B19,0x8B19,
    0x8B19,0x8B19,0x8B19,0x8B19,0x8C19,0x8C19,0x8C19,0x8C19,0xCC21,0x8C19,0x8C19,0x8C19,
    0xCC21,0xCC21,0xCC21,0xCC21,0xCC21,0xCC21,0xCC21,0xCC21,0xCC21,0xCC21,0xCC21,0xCC21,
    0xCC21,0xCC21,0xCC21,0xCC21,0xCC21,0xCC21,0xCC21,0xCC21,0xCC21,0xCC21,0xCC21,0xCC21,
    0xCC21,0xCC21,0xCC21,0xCC21,0xCC21,0x8C19,0xCC21,0xCC21,0xCC21,0xCC21,0xCC21,0xCC21,
    0xCC21,0xCC21,0xCC21,0xCC21,0xCC21,0xCC21,0xCC21,0xCC21,0xCC21,0xCC21,0xCC21,0xCC21,
    0xCC21,0xCC21,0xCC21,0xCC21,0xCC21,0xCC21,0xCC21,0xCC21,0xCC21,0xCC21,0xCC21,0xCC21,
    0xCC21,0xCC21,0xCC21,0xCC21,0xCC21,0xCC21,0xCC21,0xCC21,0xCC21,0xCC21,0xCC21,0xCC21,
    0xCC21,0xCC21,0xCC21,0xCC21,0xCC21,0xCC21,0xCC21,0xCC21,0xCC21,0xCC21,0xCC21,0xCC21,
    0xCC21,0xCC21,0xCC21,0xCC21,0xCC21,0xCC21,0xCC21,0xCC21,0xCC21,0xCC21,0xCC21,0xCC21,
    0xCC21,0xCC21,0xCC21,0xCC21,0xCC21,0xCC21,0xCC21,0xCC21,0xCC21,0xCC21,0xCC21,0xCC21,
    0xCC21,0xCC21,0xCC21,0xCC21,0xCC21,0xCC21,0xCC21,0xCC21,0xCC21,0x8C19,0xCC21,0xCC21,
    0xCC21,0xCC21,0xCC21,0xCC21,0xCC21,0xCC21,0xCC21,0xCC21,0xCC21,0x8C19,0x8C19,0x8C19,
    0x8C19,0x8C19,0x8C19,0x8C19,0x8C19,0x8C19,0x8C19,0x8C19,0x8C19,0x8C19,0x8C19,0x8C19,
    0x8C19,0x8C19,0x8C19,0x8C19,0x8C19,0x8C19,0x8C19,0x8C19,0x8C19,0x8C19,0x8C19,0x8C19,
    0x8C19,0x8C19,0x8C19,0x8C19,0x8C19,0x8C19,0x8C19,0x8C19,0x8C19,0x8C19,0x8C19,0x8C19,
    0x8C19,0x8B19,0x8B19,0x8B19,0x8B19,0x8B19,0x8B19,0x8B19,0x8B19,0x8B19,0x8B19,0x8B19,
    0x8B19,0x8B19,0x8B19,0x8C19,0x8B19,0x8C19,0x8C19,0x8C19,0x8C19,0x8C19,0x8B19,0x8B19,
    0x8B19,0x8B19,0x8B19,0x8B19,0x8B19,0x8B19,0x8C19,0x8C19,0x8C19,0x8C19,0x8C19,0x8C19,
    0x8C19,0x8C19,0x8C19,0x8C19,0x8B19,0x8C19,0x8C19,0x8C19,0x8C19,0x8C19,0x8C19,0x8C19,
    0x8C19,0x8C19,0x8B19,0x8B19,0x8C19,0x8C19,0x8C19,0x8C19,0x8C19,0x8C19,0x8B19,0x8B19,
    0x8B19,0x8B19,0x8B19,0x8B19,0x8C19,0x8C19,0x8C19,0x8C19,0xCC21,0x8C19,0x8C19,0x8C19,
    0xCC21,0xCC21,0xCC21,0xCC21,0xCC21,0xCC21,0xCC21,0xCC21,0xCC21,0xCC21,0xCC21,0xCC21,
    0xCC21,0xCC21,0xCC21,0xCC21,0xCC21,0xCC21,0xCC21,0xCC21,0xCC21,0xCC21,0xCC21,0xCC21,
    0xCC21,0xCC21,0xCC21,0xCC21,0xCC21,0xCC21,0x8C19,0xCC21,0xCC21,0xCC21,0xCC21,0xCC21,
    0xCC21,0xCC21,0xCC21,0xCC21,0xCC21,0xCC21,0xCC21,0xCC21,0xCC21,0xCC21,0xCC21,0xCC21,
    0xCC21,0xCC21,0xCC21,0xCC21,0xCC21,0xCC21,0xCC21,0xCC21,0xCC21,0xCC21,0xCC21,0xCC21,
    0xCC21,0xCC21,0xCC21,0xCC21,0xCC21,0xCC21,0xCC21,0xCC21,0xCC21,0xCC21,0xCC21,0xCC21,
    0xCC21,0xCC21,0xCC21,0xCC21,0xCC21,0xCC21,0xCC21,0xCC21,0xCC21,0xCC21,0xCC21,0xCC21,
    0xCC21,0xCC21,0xCC21,0xCC21,0xCC21,0xCC21,0xCC21,0xCC21,0xCC21,0xCC21,0xCC21,0xCC21,
    0xCC21,0xCC21,0xCC21,0xCC21,0xCC21,0xCC21,0xCC21,0xCC21,0xCC21,0xCC21,0xCC21,0xCC21,
    0xCC21,0xCC21,0xCC21,0xCC21,0xCC21,0xCC21,0xCC21,0xCC21,0xCC21,0xCC21,0xCC21,0xCC21,
    0xCC21,0xCC21,0xCC21,0xCC21,0xCC21,0xCC21,0xCC21,0xCC21,0xCC21,0xCC21,0xCC21,0xCC21,
    0x8C19,0x8C19,0x8C19,0x8C19,0xCC21,0xCC21,0x8C19,0x8C19,0x8C19,0x8C19,0x8C19,0x8C19,
    0x8C19,0x8C19,0x8C19,0x8C19,0x8C19,0x8C19,0x8C19,0x8C19,0x8C19,0x8C19,0x8C19,0x8C19,
    0x8C19,0x8C19,0x8C19,0x8C19,0x8C19,0x8C19,0x8C19,0x8C19,0x8C19,0x8C19,0x8C19,0x8C19,
    0x8C19,0x8C19,0x8B19,0x8B19,0x8B19,0x8B19,0x8B19,0x8B19,0x8B19,0x8B19,0x8B19,0x8B19,
    0x8B19,0x8B19,0x8C19,0x8C19,0x8C19,0x8B19,0x8B19,0x8C19,0x8C19,0x8C19,0x8B19,0x8B19,
    0x8B19,0x8B19,0x8B19,0x8B19,0x8B19,0x8B19,0x8C19,0x8C19,0x8C19,0x8C19,0x8C19,0x8C19,
    0x8C19,0x8C19,0x8C19,0x8C19,0x8B19,0x8C19,0x8C19,0x8C19,0x8C19,0x8C19,0x8C19,0x8C19,
    0x8C19,0x8C19,0x8C19,0x8C19,0x8C19,0x8C19,0x8C19,0x8C19,0x8C19,0x8C19,0x8C19,0x8B19,
    0x8B19,0x8B19,0x8B19,0x8B19,0x8C19,0x8C19,0x8C19,0x8C19,0xCC21,0xCC21,0x8C19,0x8C19,
    0x8C19,0xCC21,0xCC21,0xCC21,0xCC21,0xCC21,0xCC21,0xCC21,0xCC21,0xCC21,0xCC21,0xCC21,
    0xCC21,0xCC21,0xCC21,0xCC21,0xCC21,0xCC21,0xCC21,0xCC21,0xCC21,0xCC21,0xCC21,0xCC21,
    0xCC21,0xCC21,0xCC21,0xCC21,0xCC21,0xCC21,0xCC21,0xCC21,0xCC21,0xCC21,0xCC21,0xCC21,
    0xCC21,0xCC21,0xCC21,0xCC21,0xCC21,0xCC21,0xCC21,0xCC21,0xCC21,0xCC21,0xCC21,0xCC21,
    0xCC21,0xCC21,0xCC21,0xCC21,0xCC21,0xCC21,0xCC21,0xCC21,0xCC21,0xCC21,0xCC21,0xCC21,
    0xCC21,0xCC21,0xCC21,0xCC21,0xCC21,0xCC21,0xCC21,0xCC21,0xCC21,0xCC21,0xCC21,0xCC21,
    0xCC21,0xCC21,0xCC21,0xCC21,0xCC21,0xCC21,0xCC21,0xCC21,0xCC21,0xCC21,0xCC21,0xCC21,
    0xCC21,0xCC21,0xCC21,0xCC21,0xCC21,0xCC21,0xCC21,0xCC21,0xCC21,0xCC21,0xCC21,0xCC21,
    0xCC21,0xCC21,0xCC21,0xCC21,0xCC21,0xCC21,0xCC21,0xCC21,0xCC21,0xCC21,0xCC21,0xCC21,
    0xCC21,0xCC21,0xCC21,0xCC21,0xCC21,0xCC21,0xCC21,0xCC21,0xCC21,0xCC21,0xCC21,0xCC21,
    0xCC21,0xCC21,0xCC21,0xCC21,0xCC21,0xCC21,0xCC21,0xCC21,0xCC21,0xCC21,0xCC21,0xCC21,
    0xCC21,0x8C19,0x8C19,0x8C19,0x8C19,0x8C19,0x8C19,0x8C19,0x8C19,0x8C19,0x8C19,0x8C19,
    0x8C19,0x8C19,0x8C19,0x8C19,0x8C19,0x8C19,0x8C19,0x8C19,0x8C19,0x8C19,0x8C19,0x8C19,
    0x8C19,0x8C19,0x8C19,0x8C19,0x8C19,0x8C19,0x8C19,0x8C19,0x8C19,0x8C19,0x8C19,0x8C19,
    0x8C19,0x8C19,0x8C19,0x8B19,0x8B19,0x8B19,0x8B19,0x8B19,0x8B19,0x8B19,0x8B19,0x8B19,
    0x8B19,0x8B19,0x8B19,0x8B19,0x8B19,0x8B19,0x8B19,0x8B19,0x8C19,0x8C19,0x8B19,0x8B19,
    0x8B19,0x8B19,0x8B19,0x8B19,0x8B19,0x8B19,0x8B19,0x8B19,0x8C19,0x8C19,0x8C19,0x8C19,
    0x8C19,0x8C19,0x8C19,0x8C19,0x8C19,0x8C19,0x8C19,0x8C19,0x8C19,0x8C19,0x8C19,0x8C19,
    0x8C19,0x8C19,0x8C19,0x8C19,0x8C19,0x8C19,0x8C19,0x8C19,0x8C19,0x8C19,0x8C19,0x8C19,
    0x8B19,0x8B19,0x8B19,0x8B19,0x8C19,0x8C19,0x8C19,0x8C19,0x8C19,0xCC21,0x8C19,0x8C19,
    0x8C19,0xCC21,0xCC21,0xCC21,0xCC21,0xCC21,0xCC21,0xCC21,0xCC21,0xCC21,0xCC21,0xCC21,
    0xCC21,0xCC21,0xCC21,0xCC21,0xCC21,0xCC21,0xCC21,0xCC21,0xCC21,0xCC21,0xCC21,0xCC21,
    0xCC21,0xCC21,0xCC21,0xCC21,0xCC21,0xCC21,0xCC21,0xCC21,0xCC21,0xCC21,0xCC21,0xCC21,
    0xCC21,0xCC21,0xCC21,0xCC21,0xCC21,0xCC21,0xCC21,0xCC21,0xCC21,0xCC21,0xCC21,0xCC21,
    0xCC21,0xCC21,0xCC21,0xCC21,0xCC21,0xCC21,0xCC21,0xCC21,0xCC21,0xCC21,0xCC21,0xCC21,
    0xCC21,0xCC21,0xCC21,0xCC21,0xCC21,0xCC21,0xCC21,0xCC21,0xCC21,0xCC21,0xCC21,0xCC21,
    0xCC21,0xCC21,0xCC21,0xCC21,0xCC21,0xCC21,0xCC21,0xCC21,0xCC21,0xCC21,0xCC21,0xCC21,
    0xCC21,0xCC21,0xCC21,0xCC21,0xCC21,0xCC21,0xCC21,0xCC21,0xCC21,0xCC21,0xCC21,0xCC21,
    0xCC21,0xCC21,0xCC21,0xCC21,0xCC21,0xCC21,0xCC21,0xCC21,0xCC21,0xCC21,0xCC21,0xCC21,
    0xCC21,0xCC21,0xCC21,0xCC21,0xCC21,0xCC21,0xCC21,0xCC21,0xCC21,0xCC21,0xCC21,0xCC21,
    0xCC21,0xCC21,0xCC21,0xCC21,0xCC21,0xCC21,0xCC21,0xCC21,0xCC21,0xCC21,0xCC21,0xCC21,
    0xCC21,0xCC21,0x8C19,0x8C19,0x8C19,0x8C19,0x8C19,0x8C19,0x8C19,0x8C19,0x8C19,0x8C19,
    0xCC21,0xCC21,0xCC21,0xCC21,0xCC21,0xCC21,0x8C19,0x8C19,0x8C19,0xCC21,0x8C19,0x8C19,
    0x8C19,0x8C19,0x8C19,0x8C19,0x8C19,0x8C19,0x8C19,0x8C19,0x8C19,0x8C19,0x8C19,0x8C19,
    0x8C19,0x8C19,0x8C19,0x8B19,0x8B19,0x8C19,0x8B19,0x8B19,0x8B19,0x8B19,0x8B19,0x8B19,
    0x8C19,0x8C19,0x8B19,0x8B19,0x8B19,0x8B19,0x8C19,0x8B19,0x8B19,0x8B19,0x8B19,0x8B19,
    0x8B19,0x8B19,0x8B19,0x8B19,0x8B19,0x8B19,0x8B19,0x8B19,0x8C19,0x8C19,0x8C19,0x8C19,
    0x8C19,0x8C19,0x8C19,0x8C19,0x8C19,0x8C19,0x8C19,0x8C19,0x8C19,0x8C19,0x8C19,0x8C19,
    0x8C19,0x8C19,0x8C19,0x8C19,0x8C19,0x8C19,0x8C19,0x8C19,0x8C19,0x8C19,0x8C19,0x8C19,
    0x8C19,0x8B19,0x8B19,0x8C19,0x8C19,0x8C19,0x8C19,0xCC21,0x8C19,0x8C19,0x8C19,0xCC21,
    0x8C19,0x8C19,0xCC21,0xCC21,0xCC21,0xCC21,0xCC21,0xCC21,0xCC21,0xCC21,0xCC21,0xCC21,
    0xCC21,0xCC21,0xCC21,0xCC21,0xCC21,0xCC21,0xCC21,0xCC21,0xCC21,0xCC21,0xCC21,0xCC21,
    0xCC21,0xCC21,0xCC21,0xCC21,0xCC21,0xCC21,0xCC21,0xCC21,0xCC21,0xCC21,0xCC21,0xCC21,
    0xCC21,0xCC21,0xCC21,0xCC21,0xCC21,0xCC21,0xCC21,0xCC21,0xCC21,0xCC21,0xCC21,0xCC21,
    0xCC21,0xCC21,0xCC21,0xCC21,0xCC21,0xCC21,0xCC21,0xCC21,0xCC21,0xCC21,0xCC21,0xCC21,
    0xCC21,0xCC21,0xCC21,0xCC21,0xCC21,0xCC21,0xCC21,0xCC21,0xCC21,0xCC21,0xCC21,0xCC21,
    0xCC21,0xCC21,0xCC21,0xCC21,0xCC21,0xCC21,0xCC21,0xCC21,0xCC21,0xCC21,0xCC21,0xCC21,
    0xCC21,0xCC21,0xCC21,0xCC21,0xCC21,0xCC21,0xCC21,0xCC21,0xCC21,0xCC21,0xCC21,0xCC21,
    0xCC21,0xCC21,0xCC21,0xCC21,0xCC21,0xCC21,0xCC21,0xCC21,0xCC21,0xCC21,0xCC21,0xCC21,
    0xCC21,0xCC21,0xCC21,0xCC21,0xCC21,0xCC21,0xCC21,0xCC21,0xCC21,0xCC21,0xCC21,0xCC21,
    0xCC21,0xCC21,0xCC21,0xCC21,0xCC21,0xCC21,0xCC21,0xCC21,0xCC21,0xCC21,0xCC21,0xCC21,
    0xCC21,0xCC21,0xCC21,0xCC21,0xCC21,0xCC21,0xCC21,0x8C19,0x8C19,0x8C19,0x8C19,0xCC21,
    0xCC21,0x8C19,0xCC21,0x8C19,0x8C19,0xCC21,0xCC21,0x8C19,0x8C19,0x8C19,0x8C19,0x8C19,
    0x8C19,0x8C19,0x8C19,0x8C19,0x8C19,0x8C19,0x8C19,0x8C19,0x8C19,0x8C19,0x8C19,0x8C19,
    0x8C19,0x8C19,0x8C19,0x8C19,0x8C19,0x8C19,0x8B19,0x8B19,0x8B19,0x8B19,0x8B19,0x8B19,
    0x8B19,0x8B19,0x8B19,0x8B19,0x8B19,0x8B19,0x8B19,0x8B19,0x8B19,0x8B19,0x8B19,0x8B19,
    0x8B19,0x8B19,0x8B19,0x8B19,0x8B19,0x8B19,0x8B19,0x8C19,0x8C19,0x8C19,0x8C19,0x8C19,
    0x8C19,0x8C19,0x8C19,0x8C19,0x8C19,0x8C19,0x8C19,0x8C19,0x8C19,0x8C19,0x8C19,0x8C19,
    0x8C19,0x8C19,0x8C19,0x8C19,0x8C19,0x8C19,0x8C19,0x8C19,0x8C19,0x8C19,0x8C19,0x8C19,
    0x8C19,0x8B19,0x8B19,0x8C19,0x8C19,0x8C19,0x8C19,0xCC21,0xCC21,0xCC21,0x8C19,0xCC21,
    0xCC21,0x8C19,0xCC21,0xCC21,0xCC21,0xCC21,0xCC21,0xCC21,0xCC21,0xCC21,0xCC21,0xCC21,
    0xCC21,0xCC21,0xCC21,0xCC21,0xCC21,0xCC21,0xCC21,0xCC21,0xCC21,0xCC21,0xCC21,0xCC21,
    0xCC21,0xCC21,0xCC21,0xCC21,0xCC21,0xCC21,0xCC21,0xCC21,0xCC21,0xCC21,0xCC21,0xCC21,
    0xCC21,0xCC21,0xCC21,0xCC21,0xCC21,0xCC21,0xCC21,0xCC21,0xCC21,0xCC21,0xCC21,0xCC21,
    0xCC21,0xCC21,0xCC21,0xCC21,0xCC21,0xCC21,0xCC21,0xCC21,0xCC21,0xCC21,0xCC21,0xCC21,
    0xCC21,0xCC21,0xCC21,0xCC21,0xCC21,0xCC21,0xCC21,0xCC21,0xCC21,0xCC21,0xCC21,0xCC21,
    0xCC21,0xCC21,0xCC21,0xCC21,0xCC21,0xCC21,0xCC21,0xCC21,0xCC21,0xCC21,0xCC21,0xCC21,
    0xCC21,0xCC21,0xCC21,0xCC21,0xCC21,0xCC21,0xCC21,0xCC21,0xCC21,0xCC21,0xCC21,0xCC21,
    0xCC21,0xCC21,0xCC21,0xCC21,0xCC21,0xCC21,0xCC21,0xCC21,0xCC21,0xCC21,0xCC21,0xCC21,
    0xCC21,0xCC21,0xCC21,0xCC21,0xCC21,0xCC21,0xCC21,0xCC21,0xCC21,0xCC21,0xCC21,0xCC21,
    0xCC21,0xCC21,0xCC21,0xCC21,0xCC21,0xCC21,0xCC21,0xCC21,0xCC21,0xCC21,0xCC21,0xCC21,
    0xCC21,0xCC21,0xCC21,0xCC21,0xCC21,0xCC21,0xCC21,0xCC21,0xCC21,0x8C19,0x8C19,0x8C19,
    0x8C19,0x8C19,0x8C19,0x8C19,0x8C19,0x8C19,0x8C19,0x8C19,0x8C19,0xCC21,0x8C19,0x8C19,
    0x8C19,0x8C19,0x8C19,0x8C19,0x8C19,0x8C19,0x8C19,0x8C19,0x8C19,0x8C19,0x8C19,0x8C19,
    0x8C19,0x8C19,0x8C19,0x8C19,0x8C19,0x8C19,0x8C19,0x8C19,0x8B19,0x8B19,0x8B19,0x8B19,
    0x8B19,0x8B19,0x8B19,0x8B19,0x8B19,0x8B19,0x8B19,0x8B19,0x8B19,0x8B19,0x8B19,0x8B19,
    0x8B19,0x8B19,0x8B19,0x8B19,0x8B19,0x8B19,0x8B19,0x8C19,0x8C19,0x8C19,0x8C19,0x8C19,
    0x8C19,0x8C19,0x8C19,0x8C19,0x8C19,0x8C19,0x8C19,0x8C19,0x8C19,0x8C19,0x8C19,0x8C19,
    0x8C19,0x8C19,0x8C19,0xCC21,0x8C19,0x8C19,0x8C19,0x8C19,0x8C19,0x8C19,0x8C19,0x8C19,
    0x8C19,0x8C19,0x8B19,0x8C19,0x8C19,0x8C19,0x8C19,0xCC21,0xCC21,0xCC21,0xCC21,0xCC21,
    0xCC21,0xCC21,0xCC21,0xCC21,0xCC21,0xCC21,0xCC21,0xCC21,0xCC21,0xCC21,0xCC21,0xCC21,
    0xCC21,0xCC21,0xCC21,0xCC21,0xCC21,0xCC21,0xCC21,0xCC21,0xCC21,0xCC21,0xCC21,0xCC21,
    0xCC21,0xCC21,0xCC21,0xCC21,0xCC21,0xCC21,0xCC21,0xCC21,0xCC21,0xCC21,0xCC21,0xCC21,
    0xCC21,0xCC21,0xCC21,0xCC21,0xCC21,0xCC21,0xCC21,0xCC21,0xAB29,0xCC21,0xCC21,0xCC21,
    0xCC21,0xCC21,0xCC21,0xCC21,0xCC21,0xCC21,0xCC21,0xCC21,0xCC21,0xCC21,0xCC21,0xCC21,
    0xCC21,0xCC21,0xCC21,0xCC21,0xCC21,0xCC21,0xCC21,0xCC21,0xCC21,0xCC21,0xCC21,0xCC21,
    0xCC21,0xCC21,0xCC21,0xCC21,0xCC21,0xCC21,0xCC21,0xCC21,0xCC21,0xCC21,0xCC21,0xCC21,
    0xCC21,0xCC21,0xCC21,0xCC21,0xCC21,0xCC21,0xCC21,0xCC21,0xCC21,0xCC21,0xCC21,0xCC21,
    0xCC21,0xCC21,0xCC21,0xCC21,0xCC21,0xCC21,0xCC21,0xCC21,0xCC21,0xCC21,0xCC21,0xCC21,
    0xCC21,0xCC21,0xCC21,0xCC21,0xCC21,0xCC21,0xCC21,0xCC21,0xCC21,0xCC21,0xCC21,0xCC21,
    0xCC21,0xCC21,0xCC21,0xCC21,0xCC21,0xCC21,0xCC21,0xCC21,0xCC21,0xCC21,0xCC21,0xCC21,
    0xCC21,0xCC21,0xCC21,0xCC21,0xCC21,0xCC21,0xCC21,0xCC21,0xCC21,0xCC21,0xCC21,0x8C19,
    0x8C19,0x8C19,0x8C19,0x8C19,0x8C19,0x8C19,0x8C19,0x8C19,0x8C19,0xCC21,0xCC21,0xCC21,
    0xCC21,0x8C19,0x8C19,0x8C19,0x8C19,0x8C19,0x8C19,0x8C19,0x8C19,0x8C19,0x8C19,0x8C19,
    0x8C19,0x8C19,0x8C19,0x8C19,0x8C19,0x8C19,0x8C19,0x8C19,0x8C19,0x8B19,0x8B19,0x8B19,
    0x8B19,0x8B19,0x8B19,0x8C19,0x8B19,0x8B19,0x8B19,0x8B19,0x8B19,0x8B19,0x8B19,0x8B19,
    0x8B19,0x8B19,0x8B19,0x8B19,0x8B19,0x8B19,0x8B19,0x8C19,0x8C19,0x8C19,0x8C19,0x8C19,
    0x8C19,0x8C19,0x8C19,0x8C19,0x8C19,0x8C19,0x8C19,0x8C19,0x8C19,0x8C19,0x8C19,0x8C19,
    0x8C19,0x8C19,0x8C19,0x8C19,0xCC21,0x8C19,0x8C19,0x8C19,0x8C19,0x8C19,0x8C19,0x8C19,
    0x8C19,0x8C19,0x8C19,0x8C19,0x8C19,0x8C19,0x8C19,0xCC21,0xCC21,0xCC21,0xCC21,0xCC21,
    0xCC21,0xCC21,0xCC21,0xCC21,0xCC21,0xCC21,0xCC21,0xCC21,0xCC21,0xCC21,0xCC21,0xCC21,
    0xCC21,0xCC21,0xCC21,0xCC21,0xCC21,0xCC21,0xCC21,0xCC21,0xCC21,0xCC21,0xCC21,0xCC21,
    0xCC21,0xCC21,0xCC21,0xCC21,0xCC21,0xCC21,0xCC21,0xCC21,0xCC21,0xCC21,0xCC21,0xCC21,
    0xCC21,0xCC21,0xCC21,0xCC21,0xCC21,0xCC21,0xCC21,0xCC21,0xCC21,0xCC21,0xCC21,0xCC21,
    0xCC21,0xCC21,0xCC21,0xCC21,0xCC21,0xCC21,0xCC21,0xCC21,0xCC21,0xCC21,0xCC21,0xCC21,
    0xCC21,0xCC21,0xCC21,0xCC21,0xCC21,0xCC21,0xCC21,0xCC21,0xCC21,0xCC21,0xCC21,0xCC21,
    0xCC21,0xCC21,0xCC21,0xCC21,0xCC21,0xCC21,0xCC21,0xCC21,0xCC21,0xCC21,0xCC21,0xCC21,
    0xCC21,0xCC21,0xCC21,0xCC21,0xCC21,0xCC21,0xCC21,0xCC21,0xCC21,0xCC21,0xCC21,0xCC21,
    0xCC21,0xCC21,0xCC21,0xCC21,0xCC21,0xCC21,0xCC21,0xCC21,0xCC21,0xCC21,0xCC21,0xCC21,
    0xCC21,0xCC21,0xCC21,0xCC21,0xCC21,0xCC21,0xCC21,0xCC21,0xCC21,0xCC21,0xCC21,0xCC21,
    0xCC21,0xCC21,0xCC21,0xCC21,0xCC21,0xCC21,0xCC21,0xCC21,0xCC21,0xCC21,0xCC21,0xCC21,
    0xCC21,0xCC21,0xCC21,0xCC21,0xCC21,0xCC21,0xCC21,0xCC21,0xCC21,0xCC21,0xCC21,0xCC21,
    0x8C19,0x8C19,0xCC21,0xCC21,0x8C19,0x8C19,0x8C19,0x8C19,0x8C19,0x8C19,0xCC21,0xCC21,
    0xCC21,0x8C19,0x8C19,0x8C19,0x8C19,0x8C19,0x8C19,0x8C19,0x8C19,0x8C19,0x8C19,0x8C19,
    0x8C19,0x8C19,0x8C19,0x8C19,0x8C19,0x8C19,0x8C19,0x8C19,0x8C19,0x8C19,0x8B19,0x8C19,
    0x8B19,0x8B19,0x8C19,0x8C19,0x8C19,0x8C19,0x8B19,0x8B19,0x8B19,0x8B19,0x8B19,0x8B19,
    0x8B19,0x8B19,0x8B19,0x8B19,0x8B19,0x8B19,0x8B19,0x8B19,0x8C19,0x8C19,0x8C19,0x8C19,
    0x8C19,0x8C19,0x8C19,0x8C19,0x8C19,0x8C19,0x8C19,0x8C19,0x8C19,0x8C19,0x8C19,0x8C19,
    0x8C19,0x8C19,0x8C19,0x8C19,0x8C19,0x8C19,0x8C19,0x8C19,0x8C19,0x8C19,0x8C19,0x8C19,
    0x8C19,0x8C19,0x8C19,0x8C19,0x8C19,0x8C19,0x8C19,0x8C19,0xCC21,0xCC21,0xCC21,0xCC21,
    0xCC21,0xCC21,0xCC21,0xCC21,0xCC21,0xCC21,0xCC21,0xCC21,0xCC21,0xCC21,0xCC21,0xCC21,
    0xCC21,0xCC21,0xCC21,0xCC21,0xCC21,0xCC21,0xCC21,0xCC21,0xCC21,0xCC21,0xCC21,0xCC21,
    0xCC21,0xCC21,0xCC21,0xCC21,0xCC21,0xCC21,0xCC21,0xCC21,0xCC21,0xCC21,0xCC21,0xCC21,
    0xCC21,0xCC21,0xCC21,0xCC21,0xCC21,0xCC21,0xCC21,0xCC21,0xCC21,0xCC21,0xCC21,0xCC21,
    0xCC21,0xCC21,0xCC21,0xCC21,0xCC21,0xCC21,0xCC21,0xCC21,0xCC21,0xCC21,0xCC21,0xCC21,
    0xCC21,0xCC21,0xCC21,0xCC21,0xCC21,0xCC21,0xCC21,0xCC21,0xCC21,0xCC21,0xCC21,0xCC21,
    0xCC21,0xCC21,0xCC21,0xCC21,0xCC21,0xCC21,0xCC21,0xCC21,0xCC21,0xCC21,0xCC21,0xCC21,
    0xCC21,0xCC21,0xCC21,0xCC21,0xCC21,0xCC21,0xCC21,0xCC21,0xCC21,0xCC21,0xCC21,0xCC21,
    0xCC21,0xCC21,0xCC21,0xAB29,0xCC21,0xCC21,0xCC21,0xCC21,0xCC21,0xCC21,0xCC21,0xCC21,
    0xCC21,0xCC21,0xCC21,0xCC21,0xCC21,0xCC21,0xCC21,0xCC21,0xCC21,0xCC21,0xCC21,0xCC21,
    0xCC21,0xCC21,0xCC21,0xCC21,0xCC21,0xCC21,0xCC21,0xCC21,0xCC21,0xCC21,0xCC21,0xCC21,
    0xCC21,0xCC21,0xCC21,0xCC21,0xCC21,0xCC21,0xCC21,0xCC21,0xCC21,0xCC21,0xCC21,0xCC21,
    0x8C19,0x8C19,0x8C19,0xCC21,0x8C19,0x8C19,0x8C19,0x8C19,0x8C19,0x8C19,0x8C19,0xCC21,
    0xCC21,0xCC21,0xCC21,0xCC21,0x8C19,0x8C19,0x8C19,0x8C19,0x8C19,0x8C19,0x8C19,0x8C19,
    0x8C19,0x8C19,0x8C19,0x8C19,0x8C19,0x8C19,0x8C19,0x8C19,0x8C19,0x8C19,0x8C19,0x8C19,
    0x8C19,0x8C19,0x8C19,0x8C19,0x8C19,0x8C19,0x8B19,0x8B19,0x8B19,0x8B19,0x8B19,0x8B19,
    0x8C19,0x8B19,0x8B19,0x8B19,0x8B19,0x8B19,0x8B19,0x8B19,0x8B19,0x8C19,0x8C19,0x8C19,
    0x8C19,0x8C19,0x8C19,0x8C19,0x8C19,0x8C19,0x8C19,0x8C19,0x8C19,0x8C19,0x8C19,0x8C19,
    0x8C19,0x8C19,0xCC21,0xCC21,0x8C19,0x8C19,0x8C19,0x8C19,0xCC21,0x8C19,0x8C19,0x8C19,
    0x8C19,0x8C19,0x8C19,0x8C19,0x8C19,0x8C19,0x8C19,0xCC21,0xCC21,0xCC21,0xCC21,0xCC21,
    0xCC21,0xCC21,0xCC21,0xCC21,0xCC21,0xCC21,0xCC21,0xCC21,0xCC21,0xCC21,0xCC21,0xCC21,
    0xCC21,0xCC21,0xCC21,0xCC21,0xCC21,0xCC21,0xCC21,0xCC21,0xCC21,0xCC21,0xCC21,0xCC21,
    0xCC21,0xCC21,0xCC21,0xCC21,0xCC21,0xCC21,0xCC21,0xCC21,0xCC21,0xCC21,0xCC21,0xCC21,
    0xCC21,0x0D2A,0xCC21,0xCC21,0xCC21,0xCC21,0xCC21,0xCC21,0xCC21,0xCC21,0xCC21,0xCC21,
    0xCC21,0xCC21,0xCC21,0xCC21,0xCC21,0xCC21,0xCC21,0xCC21,0xCC21,0xCC21,0xCC21,0xCC21,
    0xCC21,0xCC21,0xCC21,0xCC21,0xCC21,0xCC21,0xCC21,0xCC21,0xCC21,0xCC21,0xCC21,0xCC21,
    0xCC21,0xCC21,0xCC21,0xCC21,0xCC21,0xCC21,0xCC21,0xCC21,0xCC21,0xCC21,0xCC21,0xCC21,
    0xCC21,0xCC21,0xCC21,0xCC21,0xCC21,0xCC21,0xCC21,0xCC21,0xCC21,0xCC21,0xCC21,0xCC21,
    0xCC21,0xCC21,0xCC21,0xCC21,0xCC21,0xCC21,0xCC21,0xCC21,0xCC21,0xCC21,0xCC21,0xCC21,
    0xCC21,0xCC21,0xCC21,0xCC21,0xCC21,0xCC21,0xCC21,0xCC21,0xCC21,0xCC21,0xCC21,0xCC21,
    0xCC21,0xCC21,0xCC21,0xCC21,0xCC21,0xCC21,0xCC21,0xCC21,0xCC21,0xCC21,0xCC21,0xCC21,
    0xCC21,0xCC21,0xCC21,0xCC21,0xCC21,0xCC21,0xCC21,0xCC21,0xCC21,0xCC21,0xCC21,0xCC21,
    0xCC21,0x8C19,0x8C19,0x8C19,0x8C19,0x8C19,0x8C19,0x8C19,0x8C19,0x8C19,0x8C19,0x8C19,
    0x8C19,0xCC21,0xCC21,0xCC21,0xCC21,0xCC21,0x8C19,0x8C19,0x8C19,0x8C19,0x8C19,0x8C19,
    0x8C19,0x8C19,0x8C19,0x8C19,0x8C19,0x8C19,0x8C19,0x8C19,0x8C19,0x8C19,0x8C19,0x8C19,
    0x8C19,0x8C19,0x8C19,0x8C19,0x8C19,0x8C19,0x8B19,0x8B19,0x8B19,0x8B19,0x8B19,0x8B19,
    0x8B19,0x8C19,0x8C19,0x8B19,0x8B19,0x8B19,0x8B19,0x8C19,0x8B19,0x8C19,0x8C19,0x8C19,
    0x8C19,0x8C19,0x8C19,0x8C19,0x8C19,0x8C19,0x8C19,0x8C19,0x8C19,0x8C19,0x8C19,0x8C19,
    0x8C19,0x8C19,0x8C19,0x8C19,0x8C19,0x8C19,0xCC21,0xCC21,0xCC21,0xCC21,0x8C19,0x8C19,
    0x8C19,0x8C19,0x8C19,0x8C19,0x8C19,0x8C19,0x8C19,0xCC21,0xCC21,0xCC21,0xCC21,0xCC21,
    0xCC21,0xCC21,0xCC21,0xCC21,0xCC21,0xCC21,0xCC21,0xCC21,0xCC21,0xCC21,0xCC21,0xCC21,
    0xCC21,0xCC21,0xCC21,0xCC21,0xCC21,0xCC21,0xCC21,0xCC21,0xCC21,0xCC21,0xCC21,0xCC21,
    0xCC21,0xCC21,0xCC21,0xCC21,0xCC21,0xCC21,0xCC21,0xCC21,0xCC21,0xCC21,0xCC21,0xCC21,
    0xCC21,0xCC21,0xCC21,0xCC21,0xCC21,0xCC21,0xCC21,0xCC21,0xCC21,0xCC21,0xCC21,0xCC21,
    0xCC21,0xCC21,0xCC21,0xCC21,0xCC21,0xCC21,0xCC21,0xCC21,0xCC21,0xCC21,0xCC21,0xCC21,
    0xCC21,0xCC21,0xCC21,0xCC21,0xCC21,0xCC21,0xCC21,0xCC21,0xCC21,0xCC21,0xCC21,0xCC21,
    0xCC21,0xCC21,0xCC21,0xCC21,0xCC21,0xCC21,0xCC21,0xCC21,0xCC21,0xCC21,0xCC21,0xCC21,
    0xCC21,0xCC21,0xCC21,0xCC21,0xCC21,0xCC21,0xCC21,0xCC21,0xCC21,0xCC21,0xCC21,0xCC21,
    0xCC21,0xCC21,0xCC21,0xCC21,0xCC21,0xCC21,0xCC21,0xCC21,0xCC21,0xCC21,0xCC21,0xCC21,
    0xCC21,0xCC21,0xCC21,0xCC21,0xCC21,0xCC21,0xCC21,0xCC21,0xCC21,0xCC21,0xCC21,0xCC21,
    0xCC21,0xCC21,0xCC21,0xCC21,0xCC21,0xCC21,0xCC21,0xCC21,0xCC21,0xCC21,0xCC21,0xCC21,
    0xCC21,0xCC21,0xCC21,0xCC21,0xCC21,0xCC21,0xCC21,0xCC21,0xCC21,0xCC21,0xCC21,0xCC21,
    0xCC21,0xCC21,0xCC21,0xCC21,0x8C19,0x8C19,0x8C19,0x8C19,0x8C19,0x8C19,0x8C19,0x8C19,
    0x8C19,0x8C19,0xCC21,0xCC21,0x8C19,0xCC21,0xCC21,0x8C19,0x8C19,0x8C19,0x8C19,0x8C19,
    0x8C19,0x8C19,0x8C19,0x8C19,0x8C19,0x8C19,0x8C19,0x8C19,0x8C19,0x8C19,0x8C19,0x8C19,
    0x8C19,0x8C19,0x8C19,0x8C19,0x8C19,0x8C19,0x8C19,0x8C19,0x8B19,0x8B19,0x8B19,0x8B19,
    0x8B19,0x8C19,0x8C19,0x8C19,0x8C19,0x8B19,0x8B19,0x8C19,0x8C19,0x8C19,0x8C19,0x8C19,
    0x8C19,0x8C19,0x8C19,0x8C19,0x8C19,0x8C19,0x8C19,0x8C19,0x8C19,0x8C19,0x8C19,0x8C19,
    0x8C19,0x8C19,0x8C19,0x8C19,0x8C19,0xCC21,0xCC21,0xCC21,0xCC21,0xCC21,0xCC21,0xCC21,
    0x8C19,0x8C19,0x8C19,0x8C19,0x8C19,0x8C19,0x8C19,0x8C19,0xCC21,0xCC21,0xCC21,0xCC21,
    0xCC21,0xCC21,0xCC21,0xCC21,0xCC21,0xCC21,0xCC21,0xCC21,0xCC21,0xCC21,0xCC21,0xCC21,
    0xCC21,0xCC21,0xCC21,0xCC21,0xCC21,0xCC21,0xAB29,0xCC21,0xCC21,0xCC21,0xCC21,0xCC21,
    0xCC21,0xCC21,0xCC21,0xCC21,0xCC21,0xCC21,0xCC21,0xCC21,0xCC21,0xCC21,0xCC21,0xCC21,
    0xCC21,0xCC21,0xCC21,0xCC21,0xCC21,0xCC21,0xCC21,0xCC21,0xCC21,0xCC21,0xCC21,0xCC21,
    0xCC21,0xCC21,0xCC21,0x0D2A,0xCC21,0xCC21,0xCC21,0xCC21,0xEC31,0xEC31,0xCC21,0xCC21,
    0xEC31,0xCC21,0xCC21,0xCC21,0xCC21,0xCC21,0xCC21,0xCC21,0xCC21,0xCC21,0xCC21,0xCC21,
    0xCC21,0xCC21,0xCC21,0xCC21,0xCC21,0xCC21,0xCC21,0xCC21,0xCC21,0xCC21,0xCC21,0xCC21,
    0xCC21,0xCC21,0xCC21,0xCC21,0xCC21,0xCC21,0xCC21,0xCC21,0xEC31,0xCC21,0xCC21,0xCC21,
    0xCC21,0xCC21,0xCC21,0xCC21,0xCC21,0xCC21,0xCC21,0xCC21,0xCC21,0xCC21,0xCC21,0xCC21,
    0xCC21,0xCC21,0xCC21,0xCC21,0xCC21,0xCC21,0xCC21,0xCC21,0xCC21,0xCC21,0xCC21,0xCC21,
    0xCC21,0xCC21,0xCC21,0xCC21,0xCC21,0xCC21,0xCC21,0xCC21,0xCC21,0xCC21,0xCC21,0xCC21,
    0xCC21,0xCC21,0xCC21,0xCC21,0xCC21,0xCC21,0xCC21,0xCC21,0xCC21,0xCC21,0xCC21,0xCC21,
    0xCC21,0xCC21,0xCC21,0xCC21,0xCC21,0x8C19,0x8C19,0x8C19,0x8C19,0x8C19,0x8C19,0xCC21,
    0x8C19,0x8C19,0xCC21,0xCC21,0x8C19,0x8C19,0xCC21,0xCC21,0x8C19,0x8C19,0x8C19,0x8C19,
    0x8C19,0x8C19,0x8C19,0x8C19,0x8C19,0x8C19,0x8C19,0x8C19,0x8C19,0x8C19,0x8C19,0x8C19,
    0x8C19,0x8C19,0x8C19,0x8C19,0x8C19,0x8C19,0x8C19,0x8C19,0x8B19,0x8B19,0x8B19,0x8B19,
    0x8B19,0x8C19,0x8C19,0x8C19,0x8C19,0x8C19,0x8B19,0x8B19,0x8C19,0x8C19,0x8C19,0x8C19,
    0x8C19,0x8C19,0x8C19,0x8C19,0x8C19,0x8C19,0x8C19,0x8C19,0x8C19,0x8C19,0x8C19,0x8C19,
    0x8C19,0x8C19,0x8C19,0x8C19,0xCC21,0xCC21,0xCC21,0xCC21,0xCC21,0xCC21,0xCC21,0xCC21,
    0xCC21,0xCC21,0xCC21,0xCC21,0xCC21,0xCC21,0x8C19,0x8C19,0x8C19,0xCC21,0xCC21,0xCC21,
    0xCC21,0xCC21,0xCC21,0xCC21,0xCC21,0xCC21,0xCC21,0xCC21,0xCC21,0xCC21,0xCC21,0xCC21,
    0xCC21,0xCC21,0xCC21,0xCC21,0xCC21,0xCC21,0xCC21,0xAB29,0xAB29,0xCC21,0xCC21,0xCC21,
    0xCC21,0xCC21,0xCC21,0xCC21,0xCC21,0xCC21,0xCC21,0xCC21,0xCC21,0xCC21,0xCC21,0xCC21,
    0xCC21,0xCC21,0xCC21,0xCC21,0xCC21,0xCC21,0xEE29,0xCC21,0xCC21,0xCC21,0xCC21,0xCC21,
    0xCC21,0x0C3A,0x0C3A,0xEC31,0xCC21,0xCC21,0xCC21,0xCC21,0xCC21,0xEC31,0xCC21,0xCC21,
    0xEC31,0xEC31,0xCC21,0xCC21,0xCC21,0xCC21,0xCC21,0xCC21,0xCC21,0xCC21,0xCC21,0xCC21,
    0xCC21,0xCC21,0xCC21,0xCC21,0xCC21,0xCC21,0xCC21,0xCC21,0xCC21,0xCC21,0xCC21,0xCC21,
    0xCC21,0xCC21,0xCC21,0xCC21,0xCC21,0xCC21,0xCC21,0xCC21,0xCC21,0xCC21,0xCC21,0xCC21,
    0xCC21,0xCC21,0xCC21,0xCC21,0xCC21,0xCC21,0xCC21,0xCC21,0xCC21,0xCC21,0xCC21,0xCC21,
    0xCC21,0xCC21,0xCC21,0xCC21,0xCC21,0xCC21,0xCC21,0xCC21,0xCC21,0xCC21,0xCC21,0xCC21,
    0xCC21,0xCC21,0xCC21,0xCC21,0xCC21,0xCC21,0xCC21,0xCC21,0xCC21,0xCC21,0xCC21,0xCC21,
    0xCC21,0xCC21,0xCC21,0xCC21,0xCC21,0xCC21,0xCC21,0xCC21,0xCC21,0xCC21,0xCC21,0xCC21,
    0xCC21,0xCC21,0xCC21,0xCC21,0xCC21,0xCC21,0x8C19,0x8C19,0x8C19,0x8C19,0x8C19,0x8C19,
    0x8C19,0x8C19,0x8C19,0x8C19,0x8C19,0x8C19,0x8C19,0xCC21,0xCC21,0xCC21,0x8C19,0x8C19,
    0x8C19,0x8C19,0x8C19,0x8C19,0x8C19,0x8C19,0x8C19,0x8C19,0x8C19,0x8C19,0x8C19,0x8C19,
    0x8C19,0x8C19,0x8C19,0x8C19,0x8C19,0x8C19,0x8C19,0x8C19,0x8C19,0x8B19,0x8B19,0x8B19,
    0x8C19,0x8B19,0x8C19,0x8C19,0x8C19,0x8C19,0x8C19,0x8C19,0x8C19,0x8C19,0x8C19,0x8C19,
    0x8C19,0x8C19,0x8C19,0x8C19,0x8C19,0x8C19,0x8C19,0x8C19,0x8C19,0x8C19,0x8C19,0x8C19,
    0x8C19,0x8C19,0x8C19,0x8C19,0x8C19,0xCC21,0xCC21,0xCC21,0xCC21,0xCC21,0xCC21,0xCC21,
    0xCC21,0xCC21,0xCC21,0xCC21,0xCC21,0xCC21,0xCC21,0x8C19,0x8C19,0xCC21,0xCC21,0xCC21,
    0xCC21,0xCC21,0xCC21,0xCC21,0xCC21,0xCC21,0xCC21,0xCC21,0xCC21,0xCC21,0xCC21,0xCC21,
    0xCC21,0xCC21,0xCC21,0xCC21,0xCC21,0xCC21,0xCC21,0xCC21,0xAB29,0xAB29,0xCC21,0xCC21,
    0xCC21,0xCC21,0xCC21,0xCC21,0xCC21,0xCC21,0xCC21,0xCC21,0xCC21,0xCC21,0xCC21,0xCC21,
    0xCC21,0xCC21,0x0E2A,0xCC21,0xCC21,0xCC21,0xEC31,0xCC21,0xCC21,0xCC21,0xCC21,0xCC21,
    0xCC21,0x0C3A,0xEC31,0x0C3A,0x0D2A,0xEC31,0xEC31,0xEC31,0xEC31,0xEC31,0xEC31,0x0D2A,
    0xCC21,0xEC31,0xEC31,0xCC21,0xCC21,0xCC21,0xCC21,0xCC21,0xCC21,0xCC21,0xCC21,0xCC21,
    0xEC31,0xEC31,0xCC21,0xCC21,0xCC21,0xCC21,0xCC21,0xCC21,0xCC21,0xCC21,0xCC21,0xCC21,
    0xCC21,0xCC21,0xCC21,0xCC21,0xCC21,0xCC21,0xCC21,0xCC21,0xCC21,0xCC21,0xCC21,0xCC21,
    0xCC21,0xCC21,0xCC21,0xCC21,0xCC21,0xCC21,0xCC21,0xCC21,0xCC21,0xCC21,0xCC21,0xCC21,
    0xCC21,0xCC21,0xCC21,0xCC21,0xCC21,0xCC21,0xCC21,0xCC21,0xCC21,0xCC21,0xCC21,0xCC21,
    0xCC21,0xCC21,0xCC21,0xCC21,0xCC21,0xCC21,0xCC21,0xCC21,0xCC21,0xCC21,0xCC21,0xCC21,
    0xCC21,0xCC21,0xCC21,0xCC21,0xCC21,0xCC21,0xCC21,0xCC21,0xCC21,0xCC21,0xCC21,0xCC21,
    0xCC21,0xCC21,0xCC21,0xCC21,0xCC21,0xCC21,0xCC21,0x8C19,0x8C19,0x8C19,0x8C19,0x8C19,
    0x8C19,0x8C19,0x8C19,0x8C19,0x8C19,0x8C19,0x8C19,0x8C19,0x8C19,0xCC21,0xCC21,0x8C19,
    0x8C19,0x8C19,0x8C19,0x8C19,0x8C19,0x8C19,0x8C19,0x8C19,0x8C19,0x8C19,0x8C19,0x8C19,
    0x8C19,0x8C19,0x8C19,0x8C19,0x8C19,0x8C19,0x8C19,0x8C19,0x8C19,0x8C19,0x8B19,0x8B19,
    0x8C19,0x8C19,0x8C19,0x8C19,0x8C19,0x8C19,0x8C19,0x8C19,0x8C19,0x8C19,0x8C19,0x8C19,
    0x8C19,0x8C19,0x8C19,0x8C19,0x8C19,0x8C19,0x8C19,0x8C19,0x8C19,0x8C19,0x8C19,0x8C19,
    0x8C19,0x8C19,0x8C19,0x8C19,0x8C19,0x8C19,0xCC21,0xCC21,0xCC21,0xCC21,0xCC21,0xCC21,
    0xCC21,0xCC21,0xCC21,0xCC21,0xCC21,0xCC21,0xCC21,0xCC21,0xCC21,0x8C19,0xCC21,0xCC21,
    0xCC21,0xCC21,0xCC21,0xCC21,0xCC21,0xCC21,0xCC21,0xCC21,0xCC21,0xCC21,0xCC21,0xCC21,
    0xCC21,0xCC21,0xCC21,0xCC21,0xCC21,0xCC21,0xCC21,0xCC21,0xCC21,0xAB29,0xCC21,0xCC21,
    0xCC21,0xCC21,0xCC21,0xCC21,0xCC21,0xCC21,0xCC21,0xCC21,0x0E2A,0xCC21,0xCC21,0xCC21,
    0xCC21,0xCC21,0x0C3A,0x0E2A,0xCC21,0xEE31,0xEE31,0xEE31,0x0D2A,0xCC21,0xCC21,0xCC21,
    0xCC21,0xEC31,0x0C3A,0x0C3A,0xEC31,0xEC31,0xEC31,0x0C3A,0xEC31,0xEC31,0xEC31,0xEC31,
    0xEC31,0xEC31,0xEC31,0xEC31,0xEC31,0xEC31,0xEC31,0xEC31,0xEC31,0xEC31,0xEC31,0xEC31,
    0xEC31,0xEC31,0x0C3A,0xEC31,0xEC31,0xCC21,0xEC31,0xCC21,0xCC21,0xEC31,0xEC31,0xEC31,
    0xCC21,0xCC21,0xCC21,0xCC21,0xCC21,0xCC21,0xCC21,0xCC21,0xCC21,0xCC21,0xEC31,0xEC31,
    0xCC21,0xCC21,0xCC21,0xCC21,0xCC21,0xCC21,0xCC21,0xCC21,0xCC21,0xCC21,0xCC21,0xCC21,
    0xCC21,0xCC21,0xCC21,0xCC21,0xCC21,0xCC21,0xCC21,0xCC21,0xCC21,0xCC21,0xCC21,0xCC21,
    0xCC21,0xCC21,0xCC21,0xCC21,0xCC21,0xCC21,0xCC21,0xCC21,0xCC21,0xCC21,0xCC21,0xCC21,
    0xCC21,0xCC21,0xCC21,0xCC21,0xCC21,0xCC21,0xCC21,0xCC21,0xCC21,0xCC21,0xCC21,0xCC21,
    0xCC21,0xCC21,0xCC21,0xCC21,0xCC21,0xCC21,0xCC21,0xCC21,0x8C19,0x8C19,0x8C19,0xCC21,
    0x8C19,0x8C19,0x8C19,0x8C19,0x8C19,0x8C19,0x8C19,0x8C19,0x8C19,0xCC21,0xCC21,0xCC21,
    0x8C19,0x8C19,0x8C19,0x8C19,0x8C19,0x8C19,0x8C19,0x8C19,0x8C19,0x8C19,0x8C19,0x8C19,
    0x8C19,0x8C19,0x8C19,0x8C19,0x8C19,0x8C19,0x8C19,0x8C19,0x8C19,0x8C19,0x8C19,0x8B19,
    0x8C19,0x8C19,0x8C19,0x8C19,0x8C19,0x8C19,0x8C19,0x8C19,0x8C19,0x8C19,0x8C19,0x8C19,
    0x8C19,0x8C19,0x8C19,0x8C19,0x8C19,0x8C19,0x8C19,0x8C19,0x8C19,0x8C19,0x8C19,0x8C19,
    0xCC21,0x8C19,0x8C19,0x8C19,0x8C19,0x8C19,0x8C19,0xCC21,0xCC21,0xCC21,0xCC21,0xCC21,
    0xCC21,0xCC21,0xCC21,0xCC21,0xCC21,0xCC21,0xCC21,0xCC21,0xCC21,0xCC21,0xCC21,0xCC21,
    0xCC21,0xCC21,0xCC21,0xCC21,0xCC21,0xCC21,0xCC21,0xCC21,0xCC21,0xCC21,0xCC21,0xCC21,
    0xCC21,0xCC21,0xCC21,0xCC21,0xCC21,0xCC21,0xCC21,0xCC21,0xCC21,0xCC21,0xCC21,0xCC21,
    0xCC21,0xCC21,0xCC21,0xCC21,0xCC21,0xCC21,0xCC21,0xCC21,0xCC21,0x0E2A,0xCC21,0xCC21,
    0xEC31,0xEC31,0xEC31,0x0D2A,0x0E2A,0xEC31,0x0C3A,0x0C3A,0xEC31,0x0D2A,0xCC21,0xCC21,
    0xCC21,0xCC21,0x0C3A,0x0C3A,0x0C3A,0xEC31,0x0C3A,0xEC31,0xEC31,0xEC31,0xEC31,0xEC31,
    0xEC31,0xEC31,0xEC31,0x0C3A,0xEC31,0xEC31,0xEC31,0xEC31,0xEC31,0xEC31,0xEC31,0xEC31,
    0xEC31,0xEC31,0xEC31,0xEC31,0xEC31,0xEC31,0xCC21,0xEC31,0xCC21,0xCC21,0xEC31,0xEC31,
    0xEC31,0xCC21,0xEC31,0xEC31,0xEC31,0xCC21,0xCC21,0xCC21,0xCC21,0xCC21,0xEC31,0xEC31,
    0xEC31,0xCC21,0xCC21,0xCC21,0xCC21,0xCC21,0xCC21,0xCC21,0xCC21,0xCC21,0xCC21,0xCC21,
    0xCC21,0xCC21,0xCC21,0xCC21,0xCC21,0xCC21,0xCC21,0xCC21,0xCC21,0xCC21,0xCC21,0xCC21,
    0xCC21,0xCC21,0xCC21,0xCC21,0xCC21,0xCC21,0xCC21,0xCC21,0xCC21,0xCC21,0xCC21,0xCC21,
    0xCC21,0xCC21,0xCC21,0xCC21,0xCC21,0xCC21,0xCC21,0xCC21,0xCC21,0xCC21,0xCC21,0xCC21,
    0xCC21,0xCC21,0xCC21,0xCC21,0xCC21,0xCC21,0xCC21,0xCC21,0xCC21,0x8C19,0x8C19,0xCC21,
    0xCC21,0xCC21,0x8C19,0x8C19,0x8C19,0x8C19,0x8C19,0x8C19,0x8C19,0x8C19,0xCC21,0x8C19,
    0x8C19,0x8C19,0x8C19,0x8C19,0x8C19,0x8C19,0x8C19,0x8C19,0x8C19,0x8C19,0x8C19,0x8C19,
    0x8C19,0x8C19,0x8C19,0x8C19,0x8C19,0x8C19,0x8C19,0x8C19,0x8C19,0x8C19,0x8C19,0x8C19,
    0x8C19,0x8C19,0x8C19,0x8C19,0x8C19,0x8C19,0x8C19,0x8C19,0x8C19,0x8C19,0x8C19,0x8C19,
    0x8C19,0x8C19,0x8C19,0x8C19,0x8C19,0x8C19,0x8C19,0x8C19,0x8C19,0x8C19,0x8C19,0x8C19,
    0x8C19,0x8C19,0x8C19,0x8C19,0x8C19,0x8C19,0x8C19,0xCC21,0xCC21,0xCC21,0xCC21,0xCC21,
    0xCC21,0xCC21,0xCC21,0xCC21,0xCC21,0xCC21,0xCC21,0xCC21,0xCC21,0xCC21,0xCC21,0xCC21,
    0xCC21,0xCC21,0xCC21,0xCC21,0xCC21,0xCC21,0xCC21,0xCC21,0xCC21,0xCC21,0xCC21,0xCC21,
    0xCC21,0xCC21,0xCC21,0xCC21,0xCC21,0xCC21,0xCC21,0xCC21,0xCC21,0xCC21,0xCC21,0xCC21,
    0xCC21,0xCC21,0xCC21,0xCC21,0xCC21,0xCC21,0xCC21,0xCC21,0xCC21,0xCC21,0x0C3A,0xCC21,
    0xCC21,0xEC31,0xEC31,0x0C3A,0xEC31,0xEC31,0x0C3A,0xEC31,0xEC31,0xEC31,0xEC31,0xEC31,
    0xEC31,0xCC21,0xEC31,0x0C3A,0x0C3A,0x0C3A,0xEC31,0xEC31,0x0C3A,0xEC31,0xEC31,0xEC31,
    0xEC31,0xEC31,0xEC31,0xEC31,0xEC31,0xEC31,0xEC31,0xEC31,0xEC31,0xEC31,0xEC31,0xEC31,
    0xEC31,0xEC31,0xEC31,0xEC31,0xEC31,0xEC31,0xEC31,0xEC31,0xEC31,0xEC31,0xEC31,0xEC31,
    0xEC31,0xEC31,0xEC31,0xEC31,0xEC31,0xCC21,0xCC21,0xEC31,0xCC21,0xEC31,0xCC21,0xEC31,
    0x0C3A,0xEC31,0xEC31,0xCC21,0xCC21,0xCC21,0xCC21,0xCC21,0xCC21,0xCC21,0xCC21,0xCC21,
    0xCC21,0xCC21,0xCC21,0xCC21,0xCC21,0xCC21,0xCC21,0xCC21,0xCC21,0xCC21,0xCC21,0xCC21,
    0xCC21,0xCC21,0xCC21,0xCC21,0xCC21,0xCC21,0xCC21,0xCC21,0xCC21,0xCC21,0xCC21,0xCC21,
    0xCC21,0xCC21,0xCC21,0xCC21,0xCC21,0xCC21,0xCC21,0xCC21,0xCC21,0xCC21,0xCC21,0xCC21,
    0xCC21,0xCC21,0xCC21,0xCC21,0xCC21,0xCC21,0xCC21,0xCC21,0xCC21,0xCC21,0xCC21,0xCC21,
    0xCC21,0xCC21,0xCC21,0x8C19,0x8C19,0x8C19,0x8C19,0x8C19,0x8C19,0x8C19,0xCC21,0xCC21,
    0x8C19,0x8C19,0x8C19,0x8C19,0x8C19,0x8C19,0x8C19,0x8C19,0x8C19,0x8C19,0x8C19,0x8C19,
    0x8C19,0x8C19,0x8C19,0x8C19,0x8C19,0x8C19,0x8C19,0x8C19,0x8C19,0x8C19,0x8C19,0x8C19,
    0x8C19,0x8C19,0x8C19,0x8C19,0x8C19,0x8C19,0x8C19,0x8C19,0x8C19,0x8C19,0x8C19,0x8C19,
    0x8C19,0x8C19,0x8C19,0x8C19,0x8C19,0x8C19,0x8C19,0x8C19,0x8C19,0x8C19,0x8C19,0x8C19,
    0x8C19,0x8C19,0x8C19,0x8C19,0x8C19,0x8C19,0x8C19,0xCC21,0xCC21,0xCC21,0xCC21,0xCC21,
    0xCC21,0xCC21,0xCC21,0xCC21,0xCC21,0xCC21,0xCC21,0xCC21,0xCC21,0xCC21,0xCC21,0xCC21,
    0xCC21,0xCC21,0xCC21,0xCC21,0xCC21,0xCC21,0xCC21,0xCC21,0xCC21,0xCC21,0xCC21,0xCC21,
    0xCC21,0xCC21,0xCC21,0xCC21,0xCC21,0xCC21,0xCC21,0xCC21,0xCC21,0xCC21,0xCC21,0xCC21,
    0xCC21,0xCC21,0xCC21,0xCC21,0xCC21,0xCC21,0xCC21,0xCC21,0xCC21,0xCC21,0xEC31,0xEC31,
    0xEC31,0xEC31,0xEC31,0xEC31,0xEC31,0x0C3A,0x0C3A,0x0C3A,0xEC31,0xEC31,0xEC31,0xEC31,
    0xEC31,0xEC31,0xEC31,0x0C3A,0x0C3A,0x0C3A,0x0C3A,0xEC31,0x0C3A,0x0C3A,0x0C3A,0x0C3A,
    0xEC31,0xEC31,0xEC31,0xEC31,0xEC31,0xEC31,0xEC31,0xEC31,0xEC31,0xEC31,0xEC31,0xEC31,
    0xEC31,0xEC31,0xEC31,0xEC31,0xEC31,0xEC31,0xEC31,0xEC31,0xEC31,0xEC31,0xEC31,0xEC31,
    0xEC31,0xEC31,0xEC31,0xEC31,0xEC31,0xEC31,0xEC31,0xCC21,0xCC21,0xEC31,0xEC31,0xEC31,
    0xEC31,0xEC31,0xEC31,0xEC31,0xCC21,0xCC21,0xCC21,0xEC31,0xEC31,0xCC21,0xCC21,0xCC21,
    0xCC21,0xCC21,0xCC21,0xCC21,0xCC21,0xCC21,0xCC21,0xCC21,0xCC21,0xCC21,0xCC21,0xCC21,
    0xCC21,0xCC21,0xCC21,0xCC21,0xCC21,0xCC21,0xCC21,0xCC21,0xCC21,0xCC21,0xCC21,0xCC21,
    0xCC21,0xCC21,0xCC21,0xCC21,0xCC21,0xCC21,0xCC21,0xCC21,0xCC21,0xCC21,0xCC21,0xCC21,
    0xCC21,0xCC21,0xCC21,0xCC21,0xCC21,0xCC21,0xCC21,0xCC21,0xCC21,0xCC21,0xCC21,0xCC21,
    0xCC21,0xCC21,0xCC21,0xCC21,0x8C19,0x8C19,0x8C19,0x8C19,0x8C19,0x8C19,0x8C19,0xCC21,
    0xCC21,0x8C19,0x8C19,0x8C19,0x8C19,0x8C19,0x8C19,0x8C19,0x8C19,0x8C19,0x8C19,0x8C19,
    0x8C19,0x8C19,0x8C19,0x8C19,0x8C19,0x8C19,0x8C19,0x8C19,0x8C19,0x8C19,0x8C19,0x8C19,
    0x8C19,0x8C19,0x8C19,0x8C19,0x8C19,0x8C19,0x8C19,0x8C19,0x8C19,0x8C19,0x8C19,0x8C19,
    0x8C19,0x8C19,0x8C19,0x8C19,0x8C19,0x8C19,0x8C19,0x8C19,0x8C19,0x8C19,0xCC21,0x8C19,
    0x8C19,0x8C19,0x8C19,0x8C19,0x8C19,0x8C19,0x8C19,0x8C19,0xCC21,0xCC21,0xCC21,0xCC21,
    0xCC21,0xCC21,0xCC21,0xCC21,0xCC21,0xCC21,0xCC21,0xCC21,0xCC21,0xCC21,0xCC21,0xCC21,
    0xCC21,0xCC21,0xCC21,0xCC21,0xCC21,0xCC21,0xCC21,0xCC21,0xCC21,0xEE29,0xCC21,0xCC21,
    0x0E2A,0xCC21,0xCC21,0xCC21,0xCC21,0xCC21,0xCC21,0xCC21,0xCC21,0xCC21,0xCC21,0xCC21,
    0xCC21,0xCC21,0xCC21,0xCC21,0xEC31,0xCC21,0xCC21,0xCC21,0xCC21,0xCC21,0xCC21,0xEC31,
    0x0C3A,0xEC31,0xEC31,0xEC31,0x0C3A,0x0C3A,0x0C3A,0x0C3A,0x0C3A,0x0C3A,0x0C3A,0xEC31,
    0xEC31,0xEC31,0xEC31,0xEC31,0x0C3A,0x0C3A,0x0C3A,0x0C3A,0x0C3A,0x0C3A,0x0C3A,0x0C3A,
    0x0C3A,0xEC31,0xEC31,0xEC31,0xEC31,0xEC31,0xEC31,0xEC31,0xEC31,0xEC31,0xEC31,0xEC31,
    0xEC31,0xEC31,0xEC31,0xEC31,0xEC31,0xEC31,0xEC31,0xEC31,0xEC31,0xEC31,0xEC31,0xEC31,
    0xEC31,0xEC31,0xEC31,0xEC31,0xEC31,0xEC31,0xEC31,0xEC31,0xEC31,0xEC31,0xEC31,0xEC31,
    0xEC31,0xEC31,0xEC31,0xEC31,0xEC31,0xEC31,0xCC21,0xCC21,0xEC31,0xCC21,0xCC21,0xCC21,
    0xCC21,0xCC21,0xCC21,0xCC21,0xCC21,0xCC21,0xCC21,0xCC21,0xCC21,0xCC21,0xCC21,0xCC21,
    0xCC21,0xCC21,0xCC21,0xCC21,0xCC21,0xCC21,0xCC21,0xCC21,0xCC21,0xCC21,0xCC21,0xCC21,
    0xCC21,0xCC21,0xCC21,0xCC21,0xCC21,0xCC21,0xCC21,0xCC21,0xCC21,0xCC21,0xCC21,0xCC21,
    0xCC21,0xCC21,0xCC21,0xCC21,0xCC21,0xCC21,0xCC21,0xCC21,0xCC21,0xCC21,0xCC21,0xCC21,
    0xCC21,0xCC21,0xCC21,0xCC21,0xCC21,0x8C19,0xCC21,0x8C19,0x8C19,0x8C19,0x8C19,0x8C19,
    0xCC21,0xCC21,0xCC21,0x8C19,0x8C19,0x8C19,0x8C19,0x8C19,0x8C19,0x8C19,0x8C19,0x8C19,
    0x8C19,0x8C19,0x8C19,0x8C19,0x8B19,0x8C19,0x8C19,0x8C19,0x8C19,0x8C19,0x8C19,0x8B19,
    0x8C19,0x8C19,0x8C19,0x8C19,0x8C19,0x8C19,0x8C19,0x8C19,0x8C19,0x8C19,0x8C19,0x8C19,
    0x8C19,0x8C19,0x8C19,0x8C19,0x8C19,0x8C19,0x8C19,0x8C19,0x8C19,0x8C19,0x8C19,0x8C19,
    0xCC21,0x8C19,0x8C19,0x8C19,0x8C19,0x8C19,0x8C19,0x8C19,0x8C19,0xCC21,0xCC21,0xCC21,
    0xCC21,0xCC21,0xCC21,0xCC21,0xCC21,0xCC21,0xCC21,0xCC21,0xCC21,0xCC21,0xCC21,0xCC21,
    0xCC21,0xCC21,0xCC21,0xCC21,0xCC21,0xCC21,0xCC21,0xCC21,0xCC21,0xCC21,0xCC21,0xCC21,
    0xCC21,0xEE29,0xCC21,0xCC21,0xCC21,0xCC21,0xCC21,0xCC21,0xCC21,0xCC21,0xCC21,0xCC21,
    0xCC21,0xEC31,0xCC21,0xCC21,0xCC21,0xEC31,0xCC21,0xCC21,0xCC21,0xCC21,0xCC21,0xCC21,
    0xEC31,0x0C3A,0xEC31,0xEC31,0x0C3A,0x0C3A,0x0C3A,0x0C3A,0x0E32,0x0C3A,0x0C3A,0x0C3A,
    0xEC31,0xEC31,0xEC31,0xEC31,0x0C3A,0x0C3A,0x0C3A,0x0C3A,0xEC31,0xEC31,0xEC31,0xEC31,
    0x0C3A,0xEC31,0xEC31,0xEC31,0xEC31,0xEC31,0xEC31,0x0C3A,0x0C3A,0x0C3A,0xEC31,0xEC31,
    0xEC31,0xEC31,0xEC31,0xEC31,0xEC31,0xEC31,0xEC31,0x0C3A,0x0C3A,0xEC31,0xEC31,0xEC31,
    0xEC31,0xEC31,0xEC31,0xEC31,0xEC31,0xEC31,0xEC31,0xEC31,0xEC31,0xEC31,0xEC31,0xEC31,
    0xEC31,0xEC31,0xEC31,0xEC31,0xEC31,0xEC31,0xEC31,0xEC31,0xEC31,0xEC31,0xCC21,0xCC21,
    0xCC21,0xCC21,0xCC21,0xCC21,0xCC21,0xCC21,0xCC21,0xCC21,0xCC21,0xCC21,0xCC21,0xCC21,
    0xCC21,0xCC21,0xCC21,0xCC21,0xCC21,0xCC21,0xCC21,0xCC21,0xCC21,0xCC21,0xCC21,0xCC21,
    0xCC21,0xCC21,0xCC21,0xCC21,0xCC21,0xCC21,0xCC21,0xCC21,0xCC21,0xCC21,0xCC21,0xCC21,
    0xCC21,0xCC21,0xCC21,0xCC21,0xCC21,0xCC21,0xCC21,0xCC21,0xCC21,0xCC21,0xCC21,0xCC21,
    0xCC21,0xCC21,0xCC21,0xCC21,0xCC21,0xCC21,0xCC21,0xCC21,0xCC21,0x8C19,0x8C19,0x8C19,
    0xCC21,0xCC21,0x8C19,0x8C19,0x8C19,0x8C19,0x8C19,0x8C19,0x8C19,0x8C19,0x8C19,0x8C19,
    0x8C19,0x8C19,0x8C19,0x8C19,0x8B19,0x8B19,0x8C19,0x8C19,0x8C19,0x8C19,0x8C19,0x8B19,
    0x8C19,0x8C19,0x8C19,0x8C19,0x8C19,0x8C19,0x8C19,0x8C19,0x8C19,0x8C19,0x8C19,0x8C19,
    0x8C19,0x8C19,0x8C19,0x8C19,0x8C19,0x8C19,0x8C19,0x8C19,0x8C19,0x8C19,0x8C19,0x8C19,
    0x8C19,0x8C19,0x8C19,0x8C19,0x8C19,0x8C19,0x8C19,0x8C19,0x8C19,0x8C19,0xCC21,0xCC21,
    0xCC21,0xCC21,0xCC21,0xCC21,0xCC21,0xCC21,0xCC21,0xCC21,0xCC21,0xCC21,0xCC21,0xCC21,
    0xCC21,0xCC21,0xCC21,0xCC21,0xCC21,0xCC21,0xCC21,0xCC21,0xCC21,0xCC21,0xCC21,0xCC21,
    0xCC21,0xCC21,0xEE29,0xCC21,0xCC21,0xCC21,0xCC21,0xCC21,0xEC31,0xCC21,0xCC21,0xCC21,
    0xEC31,0xEC31,0xEC31,0xCC21,0xEC31,0xEC31,0xEC31,0xCC21,0xEC31,0xCC21,0xCC21,0xCC21,
    0xCC21,0xEC31,0xEC31,0x0C3A,0x0C3A,0x0C3A,0x0C3A,0x0C3A,0x0E32,0x0E32,0x0C3A,0x0E32,
    0xEC31,0xEC31,0xEC31,0xEC31,0x0C3A,0x0C3A,0x0C3A,0x0C3A,0x0C3A,0x0C3A,0x0C3A,0x0C3A,
    0x0C3A,0x0C3A,0x0C3A,0x0C3A,0x0C3A,0x0C3A,0x0C3A,0x0C3A,0x0C3A,0x0C3A,0x0C3A,0xEC31,
    0xEC31,0xEC31,0xEC31,0xEC31,0xEC31,0xEC31,0xEC31,0x0C3A,0x0E32,0x0C3A,0xEC31,0xEC31,
    0xEC31,0xEC31,0xEC31,0xEC31,0xEC31,0xEC31,0xEC31,0xEC31,0xEC31,0xEC31,0xEC31,0xEC31,
    0xEC31,0xEC31,0xEC31,0xEC31,0xEC31,0xEC31,0xEC31,0xEC31,0xEC31,0xEC31,0xEC31,0xEC31,
    0xCC21,0xCC21,0xCC21,0xCC21,0xEC31,0xCC21,0xCC21,0xCC21,0xCC21,0xCC21,0xCC21,0xCC21,
    0xCC21,0xCC21,0xCC21,0xCC21,0xCC21,0xCC21,0xCC21,0xCC21,0xCC21,0xCC21,0xCC21,0xCC21,
    0xCC21,0xCC21,0xCC21,0xCC21,0xCC21,0xCC21,0xCC21,0xCC21,0xCC21,0xCC21,0xCC21,0xCC21,
    0xCC21,0xCC21,0xCC21,0xCC21,0xCC21,0xCC21,0xCC21,0xCC21,0xCC21,0xCC21,0xCC21,0xCC21,
    0xCC21,0xCC21,0xCC21,0xCC21,0xCC21,0xCC21,0xCC21,0xCC21,0xCC21,0xCC21,0x8C19,0x8C19,
    0xCC21,0xCC21,0xCC21,0xCC21,0x8C19,0x8C19,0xCC21,0xCC21,0x8C19,0x8C19,0x8C19,0x8C19,
    0x8C19,0x8C19,0x8C19,0x8C19,0x8C19,0x8B19,0x8B19,0x8B19,0x8C19,0x8C19,0x8B19,0x8B19,
    0x8C19,0x8C19,0x8C19,0x8C19,0x8C19,0x8C19,0x8C19,0x8C19,0x8C19,0x8C19,0x8C19,0x8C19,
    0x8C19,0x8C19,0x8C19,0x8C19,0x8C19,0x8C19,0x8C19,0x8C19,0x8C19,0xCC21,0xCC21,0x8C19,
    0x8C19,0x8C19,0xCC21,0x8C19,0x8C19,0x8C19,0x8C19,0x8C19,0x8C19,0x8C19,0xCC21,0x8C19,
    0xCC21,0xCC21,0xCC21,0xCC21,0xCC21,0xCC21,0xCC21,0xCC21,0xCC21,0xCC21,0xCC21,0xCC21,
    0xCC21,0xCC21,0xCC21,0xCC21,0xCC21,0xCC21,0xCC21,0xCC21,0xCC21,0xCC21,0xCC21,0xCC21,
    0xCC21,0xCC21,0xCC21,0xCC21,0xCC21,0xCC21,0xCC21,0xCC21,0xCC21,0x0C3A,0xCC21,0xCC21,
    0xCC21,0x0E32,0x0C3A,0x0C3A,0x0C3A,0x0C3A,0xCC21,0xCC21,0xEC31,0xEC31,0xCC21,0xEC31,
    0xEC31,0xEC31,0xEC31,0xEC31,0x0C3A,0x0C3A,0x0C3A,0x0C3A,0x0C3A,0x0E32,0x0E32,0x0E32,
    0x0C3A,0xEC31,0xEC31,0xEC31,0x0C3A,0x0E32,0x0C3A,0x0C3A,0x0C3A,0x0C3A,0x0C3A,0x0C3A,
    0x0C3A,0x0C3A,0x0C3A,0x0C3A,0x0C3A,0x0C3A,0x0C3A,0x0C3A,0x0C3A,0x0C3A,0x0C3A,0x0C3A,
    0xEC31,0xEC31,0xEC31,0xEC31,0xEC31,0xEC31,0xEC31,0xEC31,0x0C3A,0x0E32,0x0C3A,0xEC31,
    0xEC31,0x0C3A,0xEC31,0xEC31,0xEC31,0xEC31,0xEC31,0xEC31,0xEC31,0xEC31,0xEC31,0xEC31,
    0xEC31,0xEC31,0xEC31,0xEC31,0xEC31,0xEC31,0xEC31,0xEC31,0xEC31,0xEC31,0xEC31,0xEC31,
    0xEC31,0xEC31,0xEC31,0xEC31,0xEC31,0xCC21,0xCC21,0xCC21,0xCC21,0xCC21,0xEC31,0xCC21,
    0xCC21,0xCC21,0xCC21,0xCC21,0xCC21,0xCC21,0xCC21,0xCC21,0xCC21,0xCC21,0xCC21,0xCC21,
    0xCC21,0xCC21,0xCC21,0xCC21,0xCC21,0xCC21,0xCC21,0xCC21,0xCC21,0xCC21,0xCC21,0xCC21,
    0xCC21,0xCC21,0xCC21,0xCC21,0xCC21,0xCC21,0xCC21,0xCC21,0xCC21,0xCC21,0xCC21,0xCC21,
    0xCC21,0xCC21,0xCC21,0xCC21,0xCC21,0xCC21,0xCC21,0xCC21,0xCC21,0xCC21,0xCC21,0x8C19,
    0x8C19,0xCC21,0xCC21,0x8C19,0xCC21,0xCC21,0xCC21,0xCC21,0x8C19,0xCC21,0x8C19,0x8C19,
    0x8C19,0x8C19,0x8C19,0x8C19,0x8C19,0x8C19,0x8B19,0x8B19,0x8B19,0x8C19,0x8B19,0x8B19,
    0x8C19,0x8C19,0x8C19,0x8C19,0x8C19,0x8C19,0x8C19,0x8C19,0x8C19,0x8C19,0x8C19,0x8C19,
    0x8C19,0x8C19,0x8C19,0x8C19,0x8C19,0x8C19,0x8C19,0x8C19,0x8C19,0xCC21,0xCC21,0xCC21,
    0x8C19,0x8C19,0x8C19,0x8C19,0x8C19,0x8C19,0x8C19,0x8C19,0x8C19,0xCC21,0xCC21,0xCC21,
    0xCC21,0xCC21,0xCC21,0xCC21,0xCC21,0xCC21,0xCC21,0xCC21,0xCC21,0xCC21,0xCC21,0xCC21,
    0xCC21,0xCC21,0xCC21,0xCC21,0xCC21,0xCC21,0xCC21,0xCC21,0xCC21,0xCC21,0xCC21,0xCC21,
    0xCC21,0xCC21,0xCC21,0xCC21,0x0E2A,0xCC21,0xCC21,0x0C3A,0xCC21,0x0E32,0x0E32,0xEC31,
    0xCC21,0xEC31,0x0E32,0x0C3A,0x0E32,0x0E32,0x0C3A,0xCC21,0xEC31,0xEC31,0xEC31,0xEC31,
    0xEC31,0xEC31,0xEC31,0xEC31,0xEC31,0x0C3A,0x0C3A,0x0C3A,0x0C3A,0x0E32,0x0C3A,0x0E32,
    0x0E32,0x0C3A,0xEC31,0xEC31,0x0C3A,0x0C3A,0x0C3A,0x0C3A,0x0C3A,0x0C3A,0x0C3A,0x0C3A,
    0x0C3A,0x0C3A,0x0C3A,0x0C3A,0x0C3A,0x0C3A,0x0C3A,0x0C3A,0x0C3A,0x0C3A,0x0C3A,0x0C3A,
    0x0C3A,0xEC31,0xEC31,0xEC31,0xEC31,0xEC31,0xEC31,0xEC31,0xEC31,0x0C3A,0x0E32,0x0C3A,
    0xEC31,0xEC31,0xEC31,0xEC31,0xEC31,0xEC31,0xEC31,0xEC31,0xEC31,0xEC31,0xEC31,0xEC31,
    0xEC31,0x0C3A,0xEC31,0xEC31,0xEC31,0xEC31,0xEC31,0xEC31,0xEC31,0xEC31,0xEC31,0xEC31,
    0xEC31,0xEC31,0xEC31,0xEC31,0xEC31,0xEC31,0xEC31,0xCC21,0xCC21,0xCC21,0xCC21,0xCC21,
    0xCC21,0xCC21,0xCC21,0xCC21,0xCC21,0xCC21,0xCC21,0xCC21,0xCC21,0xCC21,0xCC21,0xCC21,
    0xCC21,0xCC21,0xCC21,0xCC21,0xCC21,0xCC21,0xCC21,0xCC21,0xCC21,0xCC21,0xCC21,0xCC21,
    0xCC21,0xCC21,0xCC21,0xCC21,0xCC21,0xCC21,0xCC21,0xCC21,0xCC21,0xCC21,0xCC21,0xCC21,
    0xCC21,0xCC21,0xCC21,0xCC21,0xCC21,0xCC21,0xCC21,0xCC21,0xCC21,0xCC21,0xCC21,0xCC21,
    0x8C19,0xCC21,0xCC21,0x8C19,0xCC21,0xCC21,0xCC21,0xCC21,0xCC21,0xCC21,0x8C19,0x8C19,
    0x8C19,0x8C19,0x8C19,0x8C19,0x8C19,0x8C19,0x8B19,0x8B19,0x8B19,0x8B19,0x8B19,0x8B19,
    0x8C19,0x8C19,0x8C19,0x8C19,0x8C19,0x8C19,0x8C19,0x8C19,0x8C19,0x8C19,0x8C19,0x8C19,
    0x8C19,0x8C19,0xCC21,0xCC21,0x8C19,0x8C19,0x8C19,0x8C19,0x8C19,0x8C19,0xCC21,0xCC21,
    0xCC21,0xCC21,0x8C19,0x8C19,0x8C19,0x8C19,0x8C19,0x8C19,0x8C19,0xCC21,0xCC21,0xCC21,
    0xCC21,0xCC21,0xCC21,0xCC21,0xCC21,0xCC21,0xCC21,0xCC21,0xCC21,0xCC21,0xCC21,0xCC21,
    0xCC21,0xCC21,0xCC21,0xCC21,0xCC21,0xCC21,0xCC21,0xCC21,0xCC21,0xCC21,0xCC21,0xCC21,
    0xCC21,0xCC21,0xCC21,0xCC21,0xCC21,0x0E2A,0xCC21,0x0C3A,0x0C3A,0x0C3A,0x0E32,0x0E32,
    0xEC31,0xEC31,0x0E32,0x0E32,0x0C3A,0x0E32,0x0E32,0xEC31,0xEC31,0xEC31,0xEC31,0xEC31,
    0xEC31,0xEC31,0xEC31,0xEC31,0xEC31,0xEC31,0x0C3A,0x0C3A,0x0E32,0x0C3A,0x0C3A,0x0E32,
    0x0E32,0x0C3A,0x0C3A,0x0C3A,0x0C3A,0x0C3A,0x0C3A,0x0C3A,0x0C3A,0x0C3A,0x0C3A,0x0C3A,
    0x0C3A,0x0C3A,0x0C3A,0x0C3A,0x0C3A,0x0C3A,0x0C3A,0x0C3A,0x0C3A,0x0C3A,0x0C3A,0x0C3A,
    0x0C3A,0xEC31,0xEC31,0xEC31,0xEC31,0xEC31,0xEC31,0xEC31,0xEC31,0xEC31,0x0C3A,0x0E32,
    0x0C3A,0x0C3A,0xEC31,0xEC31,0xEC31,0xEC31,0xEC31,0xEC31,0xEC31,0xEC31,0xEC31,0xEC31,
    0xEC31,0xEC31,0x0C3A,0x0C3A,0xEC31,0xEC31,0xEC31,0xEC31,0xEC31,0xEC31,0xEC31,0xEC31,
    0xEC31,0xEC31,0xEC31,0xEC31,0xEC31,0xEC31,0xEC31,0xEC31,0xEC31,0xCC21,0xCC21,0xCC21,
    0xCC21,0xCC21,0xCC21,0xCC21,0xCC21,0xCC21,0xCC21,0xCC21,0xCC21,0xCC21,0xCC21,0xCC21,
    0xCC21,0xCC21,0xCC21,0xCC21,0xCC21,0xCC21,0xCC21,0xCC21,0xCC21,0xCC21,0xCC21,0xCC21,
    0xCC21,0xCC21,0xCC21,0xCC21,0xCC21,0xCC21,0xCC21,0xCC21,0xCC21,0xCC21,0xCC21,0xCC21,
    0xCC21,0xCC21,0xCC21,0xCC21,0xCC21,0xCC21,0xCC21,0xCC21,0xCC21,0xCC21,0xCC21,0xCC21,
    0xCC21,0x8C19,0x8C19,0x8C19,0x8C19,0x8C19,0x8C19,0x8C19,0x8C19,0xCC21,0x8C19,0x8C19,
    0x8C19,0x8C19,0x8C19,0x8C19,0x8C19,0x8C19,0x8C19,0x8B19,0x8B19,0x8B19,0x8B19,0x8B19,
    0x8C19,0x8C19,0x8C19,0x8C19,0x8C19,0x8C19,0x8C19,0x8C19,0x8C19,0x8C19,0x8C19,0xCC21,
    0xCC21,0xCC21,0xCC21,0xCC21,0xCC21,0x8C19,0x8C19,0x8C19,0x8C19,0x8C19,0xCC21,0xCC21,
    0xCC21,0xCC21,0xCC21,0xCC21,0x8C19,0xCC21,0xCC21,0x8C19,0x8C19,0xCC21,0xCC21,0xCC21,
    0xCC21,0xCC21,0xCC21,0xCC21,0xCC21,0xCC21,0xCC21,0xCC21,0xCC21,0xCC21,0xCC21,0xCC21,
    0xCC21,0xCC21,0xCC21,0xCC21,0xCC21,0xCC21,0xCC21,0xCC21,0xCC21,0xCC21,0xCC21,0xCC21,
    0xCC21,0xCC21,0xCC21,0xCC21,0xCC21,0xEC31,0x0E32,0x0C3A,0x0C3A,0x0C3A,0x0E32,0x0E32,
    0x0E32,0xEC31,0x0C3A,0x0E32,0x0C3A,0x0E32,0x0E32,0x0E32,0xEC31,0xEC31,0xEC31,0xEC31,
    0xEC31,0xEC31,0xEC31,0xEC31,0xEC31,0xEC31,0xEC31,0x0C3A,0x0E32,0x0C3A,0x0C3A,0x0E32,
    0x0E32,0x0E32,0x0C3A,0x0C3A,0x0C3A,0x0C3A,0x0C3A,0x0C3A,0x0C3A,0x0C3A,0x0C3A,0x0C3A,
    0x0C3A,0x0C3A,0x0C3A,0x0C3A,0x0C3A,0x0C3A,0x0C3A,0x0C3A,0x0C3A,0x0C3A,0x0C3A,0x0C3A,
    0x0C3A,0x0C3A,0xEC31,0xEC31,0xEC31,0xEC31,0xEC31,0xEC31,0xEC31,0xEC31,0x0C3A,0x2C42,
    0x0C3A,0x0C3A,0x0C3A,0xEC31,0xEC31,0xEC31,0xEC31,0xEC31,0xEC31,0xEC31,0xEC31,0xEC31,
    0xEC31,0x0C3A,0x0C3A,0x0C3A,0xEC31,0xEC31,0xEC31,0xEC31,0xEC31,0xEC31,0xEC31,0xEC31,
    0xEC31,0xEC31,0xEC31,0xEC31,0xEC31,0xEC31,0xEC31,0xEC31,0xEC31,0xEC31,0xEC31,0xEC31,
    0xCC21,0xCC21,0xCC21,0xCC21,0xCC21,0xCC21,0xCC21,0xCC21,0xCC21,0xCC21,0xCC21,0xCC21,
    0xCC21,0xCC21,0xCC21,0xCC21,0xCC21,0xCC21,0xCC21,0xCC21,0xCC21,0xCC21,0xCC21,0xCC21,
    0xCC21,0xCC21,0xCC21,0xCC21,0xCC21,0xCC21,0xCC21,0xCC21,0xCC21,0xCC21,0xCC21,0xCC21,
    0xCC21,0xCC21,0xCC21,0xCC21,0xCC21,0xCC21,0xCC21,0xCC21,0xCC21,0xCC21,0xCC21,0xCC21,
    0xCC21,0x8C19,0x8C19,0x8C19,0x8C19,0x8C19,0x8C19,0x8C19,0x8C19,0x8C19,0x8C19,0x8C19,
    0x8C19,0x8C19,0x8C19,0x8C19,0x8C19,0x8C19,0x8C19,0x8C19,0x8B19,0x8B19,0x8B19,0x8B19,
    0x8C19,0x8C19,0x8C19,0x8C19,0x8C19,0x8C19,0x8C19,0x8C19,0x8C19,0x8C19,0x8C19,0x8C19,
    0xCC21,0xCC21,0xCC21,0xCC21,0xCC21,0xCC21,0xCC21,0xCC21,0xCC21,0x8C19,0x8C19,0xCC21,
    0xCC21,0xCC21,0xCC21,0xCC21,0xCC21,0xCC21,0xCC21,0xCC21,0xCC21,0xCC21,0xCC21,0xCC21,
    0xCC21,0xCC21,0xCC21,0xCC21,0xCC21,0xCC21,0xCC21,0xCC21,0xCC21,0xCC21,0xCC21,0xCC21,
    0xCC21,0xCC21,0xCC21,0xCC21,0xCC21,0xCC21,0xCC21,0xCC21,0xCC21,0xCC21,0xCC21,0xCC21,
    0xCC21,0xCC21,0xEC31,0xCC21,0xCC21,0xEC31,0x0C3A,0x0E32,0x0E32,0x0E32,0x0C3A,0x0E32,
    0x0E32,0x0E32,0x0C3A,0x0C3A,0x0E32,0x0E32,0x0E32,0x0E32,0x0C3A,0xEC31,0xEC31,0xEC31,
    0xEC31,0xEC31,0xEC31,0xEC31,0xEC31,0xEC31,0xEC31,0x0C3A,0x0E32,0x0C3A,0x0E32,0x0E32,
    0x0E32,0x4E42,0x0E32,0x0C3A,0x0C3A,0x0C3A,0x0C3A,0x0C3A,0x0C3A,0x0C3A,0x0C3A,0x0C3A,
    0x0C3A,0x0C3A,0x0C3A,0x0C3A,0x0C3A,0x0C3A,0x0C3A,0x0C3A,0x0C3A,0x0C3A,0x0C3A,0x0C3A,
    0x0C3A,0x0C3A,0xEC31,0xEC31,0xEC31,0xEC31,0xEC31,0xEC31,0xEC31,0xEC31,0xEC31,0x0C3A,
    0x4E42,0x0C3A,0x0C3A,0x0C3A,0xEC31,0xEC31,0xEC31,0xEC31,0xEC31,0xEC31,0xEC31,0xEC31,
    0xEC31,0x0C3A,0x0C3A,0x0C3A,0x0C3A,0xEC31,0xEC31,0xEC31,0xEC31,0xEC31,0xEC31,0xEC31,
    0xEC31,0xEC31,0xEC31,0xEC31,0xEC31,0xEC31,0xEC31,0xEC31,0xEC31,0xEC31,0xEC31,0xEC31,
    0xEC31,0xEC31,0xEC31,0xEC31,0xCC21,0xCC21,0xCC21,0xCC21,0xCC21,0xCC21,0xCC21,0xCC21,
    0xCC21,0xCC21,0xCC21,0xCC21,0xCC21,0xCC21,0xCC21,0xCC21,0xCC21,0xCC21,0xCC21,0xCC21,
    0xCC21,0xCC21,0xCC21,0xCC21,0xCC21,0xCC21,0xCC21,0xCC21,0xCC21,0xCC21,0xCC21,0xCC21,
    0xCC21,0xCC21,0xCC21,0xCC21,0xCC21,0xCC21,0xCC21,0xCC21,0xCC21,0xCC21,0xCC21,0xCC21,
    0xCC21,0xCC21,0x8C19,0x8C19,0x8C19,0x8C19,0x8C19,0x8C19,0x8C19,0x8C19,0x8C19,0x8C19,
    0x8C19,0x8C19,0x8C19,0x8C19,0x8C19,0x8C19,0x8C19,0x8C19,0x8B19,0x8B19,0x8B19,0x8B19,
    0x8C19,0x8C19,0x8C19,0x8C19,0x8C19,0x8C19,0x8C19,0x8C19,0x8C19,0x8C19,0x8C19,0x8C19,
    0xCC21,0xCC21,0xCC21,0xCC21,0xCC21,0xCC21,0xCC21,0xCC21,0x8C19,0xCC21,0xCC21,0xCC21,
    0xCC21,0xCC21,0xCC21,0xCC21,0xCC21,0xCC21,0xCC21,0xCC21,0xCC21,0xCC21,0xCC21,0xCC21,
    0xCC21,0xCC21,0xCC21,0xCC21,0xCC21,0xCC21,0xCC21,0xCC21,0xCC21,0xCC21,0xCC21,0xCC21,
    0xCC21,0xCC21,0xCC21,0xCC21,0xCC21,0xCC21,0xCC21,0xCC21,0xCC21,0xCC21,0xCC21,0xCC21,
    0xCC21,0x0C3A,0x0C3A,0xEC31,0xEC31,0xCC21,0xEC31,0x0C3A,0x0E32,0x0E32,0x0E32,0x0C3A,
    0x0E32,0x0E32,0x0C3A,0x0C3A,0x0E32,0x0E32,0x0E32,0x0C3A,0x0E32,0xEC31,0xEC31,0xEC31,
    0xEC31,0xEC31,0xEC31,0xEC31,0xEC31,0xEC31,0xEC31,0x0C3A,0x0C3A,0x0C3A,0x0E32,0x0E32,
    0x0E32,0x4E42,0x4E42,0x0E32,0x0C3A,0x0C3A,0x2C42,0x4E42,0x2C42,0x2C42,0x0C3A,0x2C42,
    0x0C3A,0x0C3A,0x2C42,0x2C42,0x0C3A,0x2C42,0x2C42,0x2C42,0x2C42,0x2C42,0x2C42,0x2C42,
    0x2C42,0x0C3A,0x0C3A,0xEC31,0xEC31,0xEC31,0xEC31,0xEC31,0xEC31,0xEC31,0xEC31,0xEC31,
    0x2C42,0x2C42,0x0C3A,0x0C3A,0x0C3A,0xEC31,0x0C3A,0x0C3A,0xEC31,0xEC31,0xEC31,0x0C3A,
    0xEC31,0xEC31,0x0C3A,0x0C3A,0x0C3A,0x0C3A,0xEC31,0xEC31,0xEC31,0xEC31,0xEC31,0xEC31,
    0xEC31,0xEC31,0xEC31,0xEC31,0xEC31,0xEC31,0xEC31,0xEC31,0xEC31,0xEC31,0xEC31,0xEC31,
    0xEC31,0xEC31,0xEC31,0xEC31,0xEC31,0xCC21,0xCC21,0xCC21,0xCC21,0xCC21,0xCC21,0xCC21,
    0xCC21,0xCC21,0xCC21,0xCC21,0xCC21,0xCC21,0xCC21,0xCC21,0xCC21,0xCC21,0xCC21,0xCC21,
    0xCC21,0xCC21,0xCC21,0xCC21,0xCC21,0xCC21,0xCC21,0xCC21,0xCC21,0xCC21,0xCC21,0xCC21,
    0xCC21,0xCC21,0xCC21,0xCC21,0xCC21,0xCC21,0xCC21,0xCC21,0xCC21,0xCC21,0xCC21,0xCC21,
    0xCC21,0xCC21,0x8C19,0x8B19,0x8C19,0x8C19,0x8C19,0x8C19,0x8C19,0x8C19,0x8C19,0x8C19,
    0x8C19,0x8C19,0x8C19,0x8C19,0x8C19,0x8C19,0x8C19,0x8C19,0x8B19,0x8B19,0x8B19,0x8B19,
    0x8C19,0x8C19,0x8C19,0x8C19,0x8C19,0x8C19,0x8C19,0x8C19,0x8C19,0x8C19,0x8C19,0x8C19,
    0x8C19,0xCC21,0xCC21,0xCC21,0xCC21,0xCC21,0xCC21,0xCC21,0xCC21,0xCC21,0xCC21,0xCC21,
    0xCC21,0xCC21,0xCC21,0xCC21,0xCC21,0xCC21,0xCC21,0xCC21,0xCC21,0xCC21,0xCC21,0xCC21,
    0xCC21,0xCC21,0xCC21,0xCC21,0xCC21,0xCC21,0xCC21,0xCC21,0xCC21,0xCC21,0xCC21,0xCC21,
    0xCC21,0xCC21,0xCC21,0xCC21,0xCC21,0xCC21,0xCC21,0xCC21,0xCC21,0xCC21,0xCC21,0xCC21,
    0xEC31,0xEC31,0xEC31,0xEC31,0xEC31,0xEC31,0xEC31,0xEC31,0x0C3A,0x0E32,0x0E32,0x0C3A,
    0x0C3A,0x0E32,0x0E32,0x0C3A,0x0C3A,0x0E32,0x0E32,0x0C3A,0x0C3A,0x0C3A,0xEC31,0xEC31,
    0xEC31,0xEC31,0xEC31,0xEC31,0xEC31,0xEC31,0xEC31,0xEC31,0x0C3A,0x0C3A,0x4E42,0x0C3A,
    0x0E32,0x2C42,0x4E42,0x4E42,0x4E42,0x2C42,0x2C42,0x2C42,0x4E42,0x4E42,0x2C42,0x2C42,
    0x2C42,0x2C42,0x2C42,0x2C42,0x2C42,0x2C42,0x2C42,0x2C42,0x2C42,0x2C42,0x2C42,0x2C42,
    0x2C42,0x2C42,0x0C3A,0x0C3A,0xEC31,0xEC31,0xEC31,0xEC31,0xEC31,0xEC31,0xEC31,0xEC31,
    0x0C3A,0x2C42,0x2C42,0x0C3A,0x0C3A,0x0C3A,0x0C3A,0x0C3A,0x0C3A,0xEC31,0xEC31,0x0C3A,
    0x0C3A,0x0C3A,0x0C3A,0x0C3A,0x0C3A,0xEC31,0xEC31,0xEC31,0xEC31,0xEC31,0xEC31,0xEC31,
    0xEC31,0xEC31,0xEC31,0xEC31,0xEC31,0xEC31,0xEC31,0xEC31,0xEC31,0xEC31,0xEC31,0xEC31,
    0xEC31,0xEC31,0xEC31,0xEC31,0xEC31,0xEC31,0xCC21,0xCC21,0xCC21,0xCC21,0xCC21,0xCC21,
    0xCC21,0xCC21,0xCC21,0xCC21,0xCC21,0xCC21,0xCC21,0xCC21,0xCC21,0xCC21,0xCC21,0xCC21,
    0xCC21,0xCC21,0xCC21,0xCC21,0xCC21,0xCC21,0xCC21,0xCC21,0xCC21,0xCC21,0xCC21,0xCC21,
    0xCC21,0xCC21,0xCC21,0xCC21,0xCC21,0xCC21,0xCC21,0xCC21,0xCC21,0xCC21,0xCC21,0xCC21,
    0xCC21,0xCC21,0x8B19,0x8B19,0x8C19,0x8C19,0x8C19,0x8C19,0x8C19,0x8C19,0x8C19,0x8C19,
    0x8C19,0x8C19,0x8C19,0xCC21,0xCC21,0x8C19,0x8C19,0x8C19,0x8B19,0x8B19,0x8B19,0x8B19,
    0x8C19,0x8C19,0x8C19,0x8C19,0x8C19,0x8C19,0x8C19,0x8C19,0x8C19,0x8C19,0x8C19,0x8C19,
    0x8C19,0x8C19,0xCC21,0xCC21,0xCC21,0xCC21,0xCC21,0xCC21,0xCC21,0xCC21,0xCC21,0xCC21,
    0xCC21,0xCC21,0xCC21,0xCC21,0xCC21,0xCC21,0xCC21,0xCC21,0xCC21,0xCC21,0xCC21,0xCC21,
    0xCC21,0xCC21,0xCC21,0xCC21,0xCC21,0xCC21,0xCC21,0xCC21,0xCC21,0xCC21,0xCC21,0xCC21,
    0xCC21,0xCC21,0xCC21,0xCC21,0xCC21,0xCC21,0xCC21,0xCC21,0xCC21,0xCC21,0xCC21,0xCC21,
    0xEC31,0xEC31,0xEC31,0xEC31,0xEC31,0xEC31,0xEC31,0xEC31,0xEC31,0x0C3A,0x0C3A,0x0E32,
    0x0C3A,0x0C3A,0x0E32,0x0E32,0x0C3A,0x0C3A,0x0E32,0x0C3A,0x0C3A,0x0C3A,0xEC31,0xEC31,
    0xEC31,0xEC31,0xEC31,0xEC31,0xEC31,0xEC31,0xEC31,0xEC31,0x0C3A,0x4E42,0x4E42,0x4E42,
    0x4E42,0x4E42,0x2C42,0x4E42,0x4E42,0x2C42,0x2C42,0x2C42,0x4E42,0x4E42,0x4E42,0x2C42,
    0x2C42,0x2C42,0x2C42,0x2C42,0x2C42,0x2C42,0x2C42,0x2C42,0x2C42,0x2C42,0x2C42,0x2C42,
    0x2C42,0x2C42,0x2C42,0x2C42,0x0C3A,0xEC31,0xEC31,0xEC31,0xEC31,0xEC31,0xEC31,0xEC31,
    0xEC31,0x2C42,0x2C42,0x2C42,0x0C3A,0x0C3A,0x0C3A,0x2C42,0x2C42,0x0C3A,0xEC31,0xEC31,
    0x0C3A,0x2C42,0x0C3A,0x0C3A,0x0C3A,0x0C3A,0xEC31,0xEC31,0xEC31,0xEC31,0xEC31,0xEC31,
    0xEC31,0xEC31,0xEC31,0xEC31,0xEC31,0xEC31,0xEC31,0xEC31,0xEC31,0xEC31,0xEC31,0xEC31,
    0xEC31,0xEC31,0xEC31,0xEC31,0xEC31,0xEC31,0xEC31,0xEC31,0xEC31,0xEC31,0xEC31,0xCC21,
    0xCC21,0xCC21,0xCC21,0xCC21,0xCC21,0xCC21,0xCC21,0xCC21,0xCC21,0xCC21,0xCC21,0xCC21,
    0xCC21,0xCC21,0xCC21,0xCC21,0xCC21,0xCC21,0xCC21,0xCC21,0xCC21,0xCC21,0xCC21,0xCC21,
    0xCC21,0xCC21,0xCC21,0xCC21,0xCC21,0xCC21,0xCC21,0xCC21,0xCC21,0xCC21,0xCC21,0xCC21,
    0xCC21,0xCC21,0x8B19,0x8B19,0x8B19,0x8C19,0x8C19,0x8C19,0x8C19,0x8C19,0x8C19,0x8C19,
    0x8C19,0x8C19,0x8C19,0xCC21,0xCC21,0x8C19,0x8C19,0x8C19,0x8B19,0x8B19,0x8B19,0x8B19,
    0x8C19,0x8C19,0x8C19,0x8C19,0x8C19,0x8C19,0x8C19,0x8C19,0x8C19,0x8C19,0x8C19,0x8C19,
    0x8C19,0x8C19,0x8C19,0xCC21,0xCC21,0xCC21,0xCC21,0xCC21,0xCC21,0xCC21,0xCC21,0xCC21,
    0xCC21,0xCC21,0xCC21,0xCC21,0xCC21,0xCC21,0xCC21,0xCC21,0xCC21,0xCC21,0xCC21,0xCC21,
    0xCC21,0xCC21,0xCC21,0xCC21,0xCC21,0xCC21,0xCC21,0xCC21,0xCC21,0xCC21,0xCC21,0xCC21,
    0xCC21,0xCC21,0xCC21,0xCC21,0xCC21,0xCC21,0xCC21,0xCC21,0xCC21,0xCC21,0xCC21,0xCC21,
    0xCC21,0xEC31,0xEC31,0xEC31,0xEC31,0xEC31,0xEC31,0xEC31,0xEC31,0x0C3A,0x0C3A,0x0C3A,
    0x0C3A,0x0C3A,0x0C3A,0x0E32,0x0E32,0x0C3A,0x0C3A,0x0C3A,0x0C3A,0x0C3A,0x0C3A,0xEC31,
    0xEC31,0xEC31,0xEC31,0xEC31,0xEC31,0xEC31,0xEC31,0xEC31,0x0C3A,0x4E42,0x4E42,0x4E42,
    0x4E42,0x4E42,0x2C42,0x4E42,0x4E42,0x4E42,0x2C42,0x2C42,0x4E42,0x4E42,0x4E42,0x4E42,
    0x2C42,0x2C42,0x2C42,0x2C42,0x2C42,0x2C42,0x2C42,0x2C42,0x2C42,0x2C42,0x2C42,0x2C42,
    0x2C42,0x2C42,0x2C42,0x2C42,0x2C42,0x0C3A,0xEC31,0xEC31,0xEC31,0xEC31,0xEC31,0xEC31,
    0xEC31,0x0C3A,0x2C42,0x4E42,0x2C42,0x0C3A,0x2C42,0x0C3A,0x2C42,0x2C42,0x0C3A,0xEC31,
    0xEC31,0x2C42,0x2C42,0x0C3A,0x0C3A,0x0C3A,0x0C3A,0xEC31,0xEC31,0xEC31,0xEC31,0xEC31,
    0xEC31,0xEC31,0xEC31,0xEC31,0xEC31,0xEC31,0xEC31,0xEC31,0xEC31,0xEC31,0xEC31,0xEC31,
    0xEC31,0xEC31,0xEC31,0xEC31,0xEC31,0xEC31,0xEC31,0xEC31,0xEC31,0xEC31,0xEC31,0xEC31,
    0xEC31,0xCC21,0xCC21,0xCC21,0xCC21,0xCC21,0xCC21,0xCC21,0xCC21,0xCC21,0xCC21,0xCC21,
    0xCC21,0xCC21,0xCC21,0xCC21,0xCC21,0xCC21,0xCC21,0xCC21,0xCC21,0xCC21,0xCC21,0xCC21,
    0xCC21,0xCC21,0xCC21,0xCC21,0xCC21,0xCC21,0xCC21,0xCC21,0xCC21,0xCC21,0xCC21,0xCC21,
    0xCC21,0xAB29,0xAB29,0xAB29,0x8B19,0x8B19,0x8B19,0x8C19,0x8C19,0x8C19,0x8C19,0xCC21,
    0xCC21,0x8C19,0x8C19,0x8C19,0x8C19,0xCC21,0x8C19,0x8C19,0x8C19,0x8B19,0x8B19,0x8B19,
    0x8C19,0x8C19,0x8C19,0x8C19,0x8C19,0x8C19,0x8C19,0x8C19,0x8C19,0x8C19,0x8C19,0x8C19,
    0x8C19,0x8C19,0x8C19,0x8C19,0x8C19,0x8C19,0x8C19,0xCC21,0x8C19,0xCC21,0xCC21,0xCC21,
    0xCC21,0xCC21,0xCC21,0xCC21,0xCC21,0xCC21,0xCC21,0xCC21,0xCC21,0xCC21,0xCC21,0xCC21,
    0xCC21,0xCC21,0xCC21,0xCC21,0xCC21,0xCC21,0xCC21,0xCC21,0xCC21,0xCC21,0xCC21,0xCC21,
    0xCC21,0xCC21,0xCC21,0xCC21,0xCC21,0xCC21,0xCC21,0xCC21,0xCC21,0xCC21,0xCC21,0xCC21,
    0xCC21,0xCC21,0xEC31,0xEC31,0xEC31,0xEC31,0xEC31,0x0C3A,0x0C3A,0x0C3A,0x0C3A,0x0C3A,
    0x0C3A,0x0E32,0x0E32,0x0C3A,0x0E32,0x0C3A,0x0C3A,0x0C3A,0x0E32,0x0C3A,0x0C3A,0x0C3A,
    0xEC31,0xEC31,0xEC31,0xEC31,0xEC31,0xEC31,0xEC31,0xEC31,0xEC31,0x2C42,0x4E42,0x4E42,
    0x2C42,0x4E42,0x4E42,0x4E42,0x4E42,0x4E42,0x4E42,0x4E42,0x2C42,0x2C42,0x2C42,0x2C42,
    0x4E42,0x2C42,0x2C42,0x2C42,0x2C42,0x2C42,0x2C42,0x2C42,0x2C42,0x2C42,0x2C42,0x2C42,
    0x2C42,0x2C42,0x2C42,0x2C42,0x2C42,0x0C3A,0x0C3A,0x0C3A,0x0C3A,0xEC31,0x0C3A,0x0C3A,
    0x0C3A,0x0C3A,0x2C42,0x2C42,0x2C42,0x2C42,0x2C42,0x2C42,0x2C42,0x2C42,0x2C42,0x0C3A,
    0x0C3A,0x0C3A,0x2C42,0x2C42,0x2C42,0x0C3A,0x0C3A,0xEC31,0xEC31,0xEC31,0xEC31,0xEC31,
    0xEC31,0xEC31,0xEC31,0xEC31,0xEC31,0xEC31,0xEC31,0xEC31,0xEC31,0xEC31,0xEC31,0xEC31,
    0xEC31,0xEC31,0xEC31,0xEC31,0xEC31,0xEC31,0xEC31,0xEC31,0xEC31,0xEC31,0xEC31,0xEC31,
    0xEC31,0xEC31,0xCC21,0xCC21,0xCC21,0xCC21,0xCC21,0xCC21,0xCC21,0xCC21,0xCC21,0xCC21,
    0xCC21,0xCC21,0xCC21,0xCC21,0xCC21,0xCC21,0xCC21,0xCC21,0xCC21,0xCC21,0xCC21,0xCC21,
    0xCC21,0xCC21,0xCC21,0xCC21,0xCC21,0xCC21,0xCC21,0xCC21,0xCC21,0xCC21,0xCC21,0xCC21,
    0xCC21,0x8B19,0x8B19,0x8B19,0x8B19,0x8B19,0x8C19,0x8C19,0x8B19,0x8C19,0x8C19,0x8C19,
    0xCC21,0xCC21,0x8C19,0x8C19,0x8C19,0xCC21,0xCC21,0x8C19,0x8C19,0x8B19,0x8B19,0x8B19,
    0x8C19,0x8C19,0x8C19,0x8C19,0x8C19,0x8C19,0x8C19,0x8C19,0x8C19,0x8C19,0x8C19,0x8C19,
    0x8C19,0x8C19,0x8C19,0x8C19,0x8C19,0x8C19,0x8C19,0x8C19,0x8C19,0xCC21,0xCC21,0xCC21,
    0xCC21,0xCC21,0xCC21,0xCC21,0xCC21,0xCC21,0xCC21,0xCC21,0xCC21,0xCC21,0xCC21,0xCC21,
    0xCC21,0xCC21,0xCC21,0xCC21,0xCC21,0xCC21,0xCC21,0xCC21,0xCC21,0xCC21,0xCC21,0xCC21,
    0xCC21,0xCC21,0xCC21,0xCC21,0xCC21,0xCC21,0xCC21,0xCC21,0xCC21,0xCC21,0xCC21,0xCC21,
    0xCC21,0xCC21,0xEC31,0xEC31,0xEC31,0xEC31,0xEC31,0xEC31,0x0C3A,0x0C3A,0x0C3A,0x0C3A,
    0x0C3A,0x0C3A,0x0C3A,0x0C3A,0x0C3A,0x0E32,0x0C3A,0x0C3A,0x0C3A,0x4E42,0x0C3A,0x0C3A,
    0x0C3A,0x0C3A,0xEC31,0xEC31,0xEC31,0xEC31,0xEC31,0xEC31,0xEC31,0x2C42,0x4E42,0x4E42,
    0x4E42,0x4E42,0x4E42,0x4E42,0x4E42,0x4E42,0x4E42,0x2C42,0x2C42,0x2C42,0x4E42,0x2C42,
    0x2C42,0x2C42,0x4E42,0x4E42,0x2C42,0x2C42,0x2C42,0x2C42,0x2C42,0x2C42,0x2C42,0x2C42,
    0x2C42,0x2C42,0x2C42,0x2C42,0x2C42,0x2C42,0x2C42,0x2C42,0x2C42,0x2C42,0x2C42,0x0C3A,
    0x0C3A,0x0C3A,0x2C42,0x2C42,0x2C42,0x2C42,0x2C42,0x2C42,0x2C42,0x2C42,0x2C42,0x2C42,
    0x2C42,0x0C3A,0x2C42,0x2C42,0x2C42,0x2C42,0x2C42,0x0C3A,0xEC31,0xEC31,0xEC31,0xEC31,
    0xEC31,0xEC31,0xEC31,0xEC31,0xEC31,0xEC31,0xEC31,0xEC31,0xEC31,0xEC31,0xEC31,0xEC31,
    0xEC31,0xEC31,0xEC31,0xEC31,0xEC31,0xEC31,0xEC31,0xEC31,0xEC31,0xEC31,0xEC31,0xEC31,
    0xEC31,0xEC31,0xEC31,0xEC31,0xCC21,0xCC21,0xCC21,0xCC21,0xCC21,0xCC21,0xCC21,0xCC21,
    0xCC21,0xCC21,0xCC21,0xCC21,0xCC21,0xCC21,0xCC21,0xCC21,0xCC21,0xCC21,0xCC21,0xCC21,
    0xCC21,0xCC21,0xCC21,0xCC21,0xCC21,0xCC21,0xCC21,0xCC21,0xCC21,0xCC21,0xCC21,0x8B19,
    0xAB29,0xCC21,0xCC21,0x8B19,0x8B19,0x8B19,0x8C19,0x8C19,0x8C19,0x8C19,0x8C19,0x8C19,
    0x8C19,0xCC21,0xCC21,0x8C19,0x8C19,0xCC21,0xCC21,0xCC21,0xCC21,0x8C19,0x8B19,0x8B19,
    0x8C19,0x8C19,0x8C19,0x8C19,0x8C19,0x8C19,0x8C19,0x8C19,0x8C19,0x8C19,0x8C19,0x8C19,
    0x8C19,0x8C19,0x8C19,0x8C19,0x8C19,0x8C19,0x8C19,0x8C19,0x8C19,0xCC21,0xCC21,0xCC21,
    0xCC21,0xCC21,0xCC21,0xCC21,0xCC21,0xCC21,0xCC21,0xCC21,0xCC21,0xCC21,0xCC21,0xCC21,
    0xCC21,0xCC21,0xCC21,0xCC21,0xAB29,0xCC21,0xCC21,0xCC21,0xCC21,0xCC21,0x0D2A,0xCC21,
    0xCC21,0xCC21,0xCC21,0xCC21,0xEC31,0xCC21,0xCC21,0xEC31,0xCC21,0xCC21,0xEC31,0xEC31,
    0xCC21,0xCC21,0xEC31,0xEC31,0xEC31,0xEC31,0xEC31,0xEC31,0xEC31,0x0C3A,0x0C3A,0x0C3A,
    0x0C3A,0x0C3A,0x0C3A,0x0C3A,0x0C3A,0x0C3A,0x0C3A,0x0C3A,0x0C3A,0x4E42,0x4E42,0x2C42,
    0x0C3A,0x0C3A,0x0C3A,0xEC31,0xEC31,0x0C3A,0xEC31,0x0C3A,0xEC31,0x0C3A,0x2C42,0x4E42,
    0x4E42,0x4E42,0x2C42,0x2C42,0x4E42,0x4E42,0x2C42,0x4E42,0x4E42,0x2C42,0x2C42,0x2C42,
    0x2C42,0x2C42,0x4E42,0x4E42,0x4E42,0x4E42,0x2C42,0x2C42,0x2C42,0x2C42,0x2C42,0x2C42,
    0x2C42,0x2C42,0x2C42,0x2C42,0x2C42,0x2C42,0x2C42,0x2C42,0x2C42,0x2C42,0x2C42,0x2C42,
    0x2C42,0x0C3A,0x2C42,0x2C42,0x2C42,0x2C42,0x2C42,0x2C42,0x2C42,0x2C42,0x2C42,0x2C42,
    0x2C42,0x2C42,0x0C3A,0x2C42,0x2C42,0x2C42,0x2C42,0x2C42,0x0C3A,0xEC31,0xEC31,0xEC31,
    0xEC31,0xEC31,0xEC31,0xEC31,0xEC31,0xEC31,0xEC31,0xEC31,0xEC31,0xEC31,0xEC31,0xEC31,
    0xEC31,0xEC31,0xEC31,0xEC31,0xEC31,0xEC31,0xEC31,0xEC31,0xEC31,0xEC31,0xEC31,0xEC31,
    0xEC31,0xEC31,0xEC31,0xEC31,0xEC31,0xCC21,0xCC21,0xCC21,0xCC21,0xCC21,0xCC21,0xCC21,
    0xCC21,0xCC21,0xCC21,0xCC21,0xCC21,0xCC21,0xCC21,0xCC21,0xCC21,0xCC21,0xCC21,0xCC21,
    0xCC21,0xCC21,0xCC21,0xCC21,0xCC21,0xCC21,0xCC21,0xCC21,0xCC21,0xCC21,0xCC21,0xCC21,
    0xCC21,0xCC21,0xCC21,0xCC21,0x8B19,0x8B19,0x8B19,0x8C19,0x8C19,0xCC21,0x8C19,0x8C19,
    0x8C19,0x8C19,0xCC21,0xCC21,0x8C19,0x8C19,0xCC21,0xCC21,0xCC21,0x8C19,0x8B19,0x8B19,
    0x8C19,0x8C19,0x8C19,0x8C19,0x8C19,0x8C19,0x8C19,0x8C19,0x8C19,0xCC21,0x8C19,0x8C19,
    0x8C19,0x8C19,0x8C19,0xCC21,0x8C19,0x8C19,0x8C19,0x8C19,0x8C19,0x8C19,0xCC21,0xCC21,
    0xCC21,0xCC21,0xCC21,0xCC21,0xCC21,0xCC21,0xCC21,0xCC21,0xCC21,0xCC21,0xCC21,0xCC21,
    0xCC21,0xCC21,0xCC21,0xCC21,0xCC21,0xCC21,0xCC21,0xCC21,0xCC21,0xCC21,0xEC31,0x0D2A,
    0xCC21,0xCC21,0xCC21,0xCC21,0xEC31,0xEC31,0xEC31,0xEC31,0xEC31,0xEC31,0xEC31,0xEC31,
    0xEC31,0xEC31,0xEC31,0xEC31,0xEC31,0xEC31,0xEC31,0xEC31,0xEC31,0xEC31,0x0C3A,0x0C3A,
    0x0C3A,0x0C3A,0x0C3A,0x0C3A,0x0C3A,0x0C3A,0x0C3A,0x0C3A,0x0C3A,0x0C3A,0x4E42,0x4E42,
    0x2C42,0x0C3A,0x0C3A,0xEC31,0x0C3A,0x0C3A,0x0C3A,0x0C3A,0xEC31,0x0C3A,0x2C42,0x4E42,
    0x4E42,0x4E42,0x4E42,0x4E42,0x2C42,0x4E42,0x4E42,0x4E42,0x4E42,0x4E42,0x2C42,0x2C42,
    0x2C42,0x2C42,0x2C42,0x4E42,0x4E42,0x4E42,0x2C42,0x2C42,0x2C42,0x2C42,0x2C42,0x2C42,
    0x2C42,0x2C42,0x2C42,0x2C42,0x2C42,0x2C42,0x2C42,0x2C42,0x2C42,0x2C42,0x2C42,0x2C42,
    0x2C42,0x2C42,0x2C42,0x2C42,0x2C42,0x2C42,0x2C42,0x2C42,0x2C42,0x2C42,0x2C42,0x2C42,
    0x2C42,0x2C42,0x2C42,0x2C42,0x2C42,0x2C42,0x2C42,0x2C42,0x0C3A,0x0C3A,0xEC31,0xEC31,
    0xEC31,0xEC31,0xEC31,0xEC31,0xEC31,0xEC31,0xEC31,0xEC31,0x0C3A,0xEC31,0xEC31,0xEC31,
    0xEC31,0xEC31,0xEC31,0xEC31,0xEC31,0xEC31,0xEC31,0xEC31,0xEC31,0xEC31,0xEC31,0xEC31,
    0xEC31,0xEC31,0xEC31,0xEC31,0xEC31,0xEC31,0xEC31,0xCC21,0xCC21,0xCC21,0xCC21,0xCC21,
    0xCC21,0xCC21,0xCC21,0xCC21,0xCC21,0xCC21,0xCC21,0xCC21,0xCC21,0xCC21,0xCC21,0xCC21,
    0xCC21,0xCC21,0xCC21,0xCC21,0xCC21,0xAB29,0xCC21,0xCC21,0xCC21,0xCC21,0xCC21,0xCC21,
    0xCC21,0xCC21,0xCC21,0xCC21,0x8B19,0x8B19,0x8B19,0x8C19,0x8C19,0xCC21,0xCC21,0xCC21,
    0xCC21,0x8C19,0x8C19,0x8C19,0x8C19,0x8C19,0x8C19,0x8C19,0xCC21,0x8C19,0x8B19,0x8B19,
    0x8C19,0x8C19,0x8C19,0x8C19,0x8C19,0x8C19,0x8C19,0x8C19,0x8C19,0x8C19,0xCC21,0x8C19,
    0x8C19,0x8C19,0x8C19,0xCC21,0xCC21,0x8C19,0x8C19,0xCC21,0xCC21,0x8B19,0xCC21,0xCC21,
    0xCC21,0xCC21,0xCC21,0xCC21,0xCC21,0xCC21,0xCC21,0xCC21,0xCC21,0xCC21,0xCC21,0xCC21,
    0xAB29,0xCC21,0xCC21,0xCC21,0xCC21,0xCC21,0xCC21,0xCC21,0xCC21,0xCC21,0xCC21,0xEC31,
    0xEC31,0xEC31,0xCC21,0xEC31,0xEC31,0xEC31,0xEC31,0xEC31,0xEC31,0xEC31,0xEC31,0xEC31,
    0xEC31,0xEC31,0xEC31,0xEC31,0xEC31,0xEC31,0xEC31,0xEC31,0xEC31,0xEC31,0x0C3A,0x0C3A,
    0x0E32,0x0C3A,0x0C3A,0x0C3A,0x2C42,0x2C42,0x2C42,0x0C3A,0x0C3A,0x0C3A,0x4E42,0x4E42,
    0x2C42,0x2C42,0x0C3A,0x2C42,0xEC31,0x0C3A,0x2C42,0x2C42,0x0C3A,0x2C42,0x2C42,0x4E42,
    0x4E42,0x4E42,0x4E42,0x4E42,0x4E42,0x2C42,0x4E42,0x4E42,0x4E42,0x4E42,0x2C42,0x2C42,
    0x2C42,0x2C42,0x2C42,0x2C42,0x6E52,0x4E42,0x4E42,0x2C42,0x2C42,0x2C42,0x2C42,0x2C42,
    0x2C42,0x2C42,0x2C42,0x2C42,0x2C42,0x2C42,0x2C42,0x2C42,0x2C42,0x2C42,0x2C42,0x2C42,
    0x2C42,0x2C42,0x2C42,0x2C42,0x2C42,0x2C42,0x2C42,0x2C42,0x2C42,0x2C42,0x2C42,0x2C42,
    0x2C42,0x2C42,0x2C42,0x2C42,0x2C42,0x2C42,0x2C42,0x2C42,0x2C42,0x2C42,0x0C3A,0x0C3A,
    0xEC31,0xEC31,0xEC31,0x0C3A,0x0C3A,0xEC31,0xEC31,0xEC31,0x0C3A,0x0C3A,0x0C3A,0x0C3A,
    0xEC31,0xEC31,0xEC31,0xEC31,0xEC31,0xEC31,0xEC31,0xEC31,0xEC31,0xEC31,0xEC31,0xEC31,
    0xEC31,0xEC31,0xEC31,0xEC31,0xEC31,0xEC31,0xEC31,0xEC31,0xEC31,0xCC21,0xCC21,0xCC21,
    0xCC21,0xCC21,0xCC21,0xCC21,0xCC21,0xCC21,0xCC21,0xCC21,0xCC21,0xCC21,0xCC21,0xCC21,
    0xCC21,0xCC21,0xCC21,0xCC21,0xCC21,0xCC21,0xCC21,0xCC21,0xCC21,0xCC21,0xAB29,0xCC21,
    0xCC21,0xCC21,0xCC21,0xCC21,0x8B19,0xCC21,0xAB29,0x8C19,0x8C19,0x8C19,0xCC21,0xCC21,
    0xCC21,0xCC21,0xCC21,0x8C19,0x8C19,0x8B19,0x8B19,0x8C19,0x8C19,0x8C19,0x8C19,0x8B19,
    0x8C19,0x8C19,0x8C19,0x8C19,0x8C19,0x8C19,0x8C19,0x8C19,0x8C19,0x8C19,0x8C19,0x8C19,
    0x8C19,0xCC21,0xCC21,0xCC21,0xCC21,0xCC21,0x8C19,0xCC21,0xCC21,0x8C19,0xCC21,0xCC21,
    0xCC21,0xCC21,0xCC21,0xCC21,0xCC21,0xCC21,0xCC21,0xCC21,0xCC21,0xCC21,0xCC21,0xCC21,
    0xCC21,0xCC21,0xCC21,0xCC21,0xCC21,0xCC21,0xCC21,0xCC21,0xCC21,0xCC21,0xCC21,0xEC31,
    0xEC31,0xEC31,0xEC31,0xEC31,0xEC31,0xEC31,0xEC31,0xEC31,0xEC31,0xEC31,0xEC31,0xEC31,
    0xEC31,0xEC31,0xEC31,0xEC31,0xEC31,0xCB31,0xEC31,0xEC31,0xEC31,0xEC31,0xEC31,0x0C3A,
    0x4E42,0x4E42,0x4E42,0x4E42,0x2C42,0x2C42,0x2C42,0x2C42,0x2C42,0x2C42,0x2C42,0x4E42,
    0x4E42,0x2C42,0x2C42,0x2C42,0x2C42,0x0C3A,0x2C42,0x2C42,0x2C42,0x2C42,0x2C42,0x2C42,
    0x8E4A,0x4E42,0x4E42,0x4E42,0x4E42,0x4E42,0x6E52,0x8E5A,0x4E42,0x2C42,0x4E42,0x2C42,
    0x2C42,0x2C42,0x2C42,0x2C42,0x2C42,0x8E5A,0x8E5A,0x6E52,0x2C42,0x2C42,0x2C42,0x2C42,
    0x2C42,0x2C42,0x2C42,0x2C42,0x2C42,0x2C42,0x2C42,0x2C42,0x2C42,0x2C42,0x2C42,0x2C42,
    0x2C42,0x2C42,0x2C42,0x2C42,0x2C42,0x2C42,0x2C42,0x2C42,0x2C42,0x2C42,0x2C42,0x2C42,
    0x2C42,0x2C42,0x2C42,0x2C42,0x2C42,0x2C42,0x2C42,0x2C42,0x2C42,0x2C42,0x0C3A,0x0C3A,
    0x0C3A,0x0C3A,0x0C3A,0x0C3A,0x0C3A,0x0C3A,0xEC31,0xEC31,0x0C3A,0x0C3A,0x0C3A,0x0C3A,
    0x0C3A,0xEC31,0xEC31,0x0C3A,0x0C3A,0xEC31,0xEC31,0xEC31,0xEC31,0xEC31,0xEC31,0xEC31,
    0xEC31,0xEC31,0xEC31,0xEC31,0xEC31,0xEC31,0xEC31,0xEC31,0xEC31,0xEC31,0xEC31,0xCC21,
    0xCC21,0xCC21,0xCC21,0xCC21,0xCC21,0xCC21,0xCC21,0xCC21,0xCC21,0xCC21,0xCC21,0xCC21,
    0xCC21,0xCC21,0xCC21,0xCC21,0xCC21,0xCC21,0xCC21,0xCC21,0xCC21,0xCC21,0xCC21,0xAB29,
    0xCC21,0xCC21,0xCC21,0xCC21,0xCC21,0xCC21,0xCC21,0xCC21,0xCC21,0xCC21,0xCC21,0xCC21,
    0xCC21,0x8C19,0x8C19,0x8C19,0x8B19,0x8B19,0x8B19,0x8B19,0x8C19,0x8C19,0x8C19,0x8C19,
    0x8C19,0x8C19,0x8C19,0x8C19,0x8C19,0x8C19,0x8C19,0x8C19,0x8C19,0x8C19,0x8C19,0x8C19,
    0x8C19,0x8C19,0xCC21,0xCC21,0x8C19,0xCC21,0xCC21,0xCC21,0xCC21,0xCC21,0xCC21,0xCC21,
    0xCC21,0xCC21,0xCC21,0xCC21,0xCC21,0xCC21,0xCC21,0xCC21,0xCC21,0xCC21,0xCC21,0xCC21,
    0xCC21,0xCC21,0xCC21,0xCC21,0xCC21,0xCC21,0xCC21,0xCC21,0xCC21,0xCC21,0xEC31,0xEC31,
    0xEC31,0x0C3A,0xEC31,0xEC31,0xEC31,0xEC31,0xEC31,0xEC31,0xEC31,0xEC31,0xEC31,0xEC31,
    0xEC31,0xEC31,0xEC31,0xEC31,0xEC31,0xEC31,0xEC31,0xEC31,0xEC31,0xEC31,0xEC31,0xEC31,
    0x0C3A,0x4E42,0x4E42,0x4E42,0x2C42,0x2C42,0x2C42,0x2C42,0x2C42,0x2C42,0x2C42,0x2C42,
    0x4E42,0x4E42,0x2C42,0x2C42,0x2C42,0x2C42,0x2C42,0x2C42,0x2C42,0x2C42,0x2C42,0x2C42,
    0x6E52,0x6E52,0x6E52,0x4E42,0x6E52,0x6E52,0x6E52,0x8E5A,0x8E5A,0x6D52,0x4E42,0x4E42,
    0x2C42,0x2C42,0x2C42,0x2C42,0x2C42,0x2C42,0x8E5A,0x8E5A,0x8D5A,0x6D52,0x6D52,0x2C42,
    0x2C42,0x2C42,0x6D52,0x6D52,0x2C42,0x2C42,0x2C42,0x2C42,0x2C42,0x2C42,0x2C42,0x2C42,
    0x2C42,0x2C42,0x2C42,0x2C42,0x2C42,0x2C42,0x2C42,0x2C42,0x2C42,0x2C42,0x2C42,0x2C42,
    0x2C42,0x2C42,0x2C42,0x2C42,0x2C42,0x2C42,0x2C42,0x2C42,0x2C42,0x2C42,0x2C42,0x2C42,
    0x0C3A,0x0C3A,0x0C3A,0x0C3A,0x0C3A,0x0C3A,0x0C3A,0x0C3A,0x0C3A,0x0C3A,0x0C3A,0x0C3A,
    0x0C3A,0x0C3A,0x0C3A,0x0C3A,0x0C3A,0x0C3A,0xEC31,0xEC31,0xEC31,0xEC31,0xEC31,0xEC31,
    0xEC31,0xEC31,0xEC31,0xEC31,0xEC31,0xEC31,0xEC31,0xEC31,0xEC31,0xEC31,0xEC31,0xEC31,
    0xEC31,0xCC21,0xCC21,0xCC21,0xCC21,0xCC21,0xCC21,0xCC21,0xCC21,0xCC21,0xCC21,0xCC21,
    0xCC21,0xCC21,0xCC21,0xCC21,0xCC21,0xCC21,0xCC21,0xAB29,0xCC21,0xCC21,0xCC21,0xCC21,
    0xAB29,0xCC21,0xCC21,0xCC21,0xCC21,0xCC21,0xCC21,0xCC21,0xCC21,0xCC21,0xCC21,0xCC21,
    0xCC21,0xCC21,0x8C19,0x8C19,0x8C19,0x8B19,0x8B19,0x8B19,0x8B19,0x8C19,0x8C19,0x8C19,
    0x8C19,0x8C19,0x8C19,0x8C19,0x8C19,0x8C19,0x8C19,0x8C19,0x8C19,0x8C19,0xCC21,0x8C19,
    0x8C19,0x8C19,0xCC21,0x8C19,0xCC21,0xCC21,0xCC21,0xCC21,0xCC21,0xCC21,0xCC21,0xCC21,
    0xCC21,0xCC21,0xCC21,0xCC21,0xCC21,0xCC21,0xCC21,0xCC21,0xCC21,0xCC21,0xCC21,0xCC21,
    0xCC21,0xCC21,0xCC21,0xCC21,0xCC21,0xCC21,0xCC21,0xCC21,0xCC21,0xCC21,0x0C3A,0xEC31,
    0xEC31,0x0C3A,0xEC31,0xEC31,0xEC31,0xEC31,0xEC31,0xEC31,0xEC31,0xEC31,0xEC31,0xEC31,
    0xEC31,0xEC31,0xEC31,0xEC31,0xEC31,0xEC31,0xEC31,0xEC31,0xEC31,0xEC31,0xEC31,0xEC31,
    0xEC31,0x0C3A,0x4E42,0x4E42,0x4E42,0x2C42,0x2C42,0x2C42,0x2C42,0x2C42,0x2C42,0x2C42,
    0x4E42,0x4E42,0x2C42,0x2C42,0x2C42,0x2C42,0x2C42,0x2C42,0x2C42,0x2C42,0x2C42,0x2C42,
    0x6E52,0x8E5A,0x8E5A,0x8E5A,0x6E52,0x8E5A,0x8E5A,0x8E5A,0x8E5A,0x8E5A,0x6D52,0x2C42,
    0x2C42,0x2C42,0x2C42,0x2C42,0x2C42,0x2C42,0x6D52,0x8E5A,0x8E5A,0x6D52,0x6D52,0x6D52,
    0x6D52,0x6D52,0x6D52,0x6D52,0x6D52,0x2C42,0x2C42,0x2C42,0x2C42,0x2C42,0x2C42,0x2C42,
    0x2C42,0x2C42,0x2C42,0x2C42,0x2C42,0x2C42,0x2C42,0x2C42,0x2C42,0x2C42,0x2C42,0x2C42,
    0x2C42,0x2C42,0x2C42,0x2C42,0x2C42,0x2C42,0x2C42,0x2C42,0x2C42,0x2C42,0x2C42,0x2C42,
    0x2C42,0x2C42,0x0C3A,0x2C42,0x2C42,0x2C42,0x2C42,0x0C3A,0x0C3A,0x0C3A,0x0C3A,0x0C3A,
    0x0C3A,0x0C3A,0x0C3A,0x0C3A,0x0C3A,0x0C3A,0x0C3A,0xEC31,0xEC31,0xEC31,0xEC31,0xEC31,
    0xEC31,0xEC31,0xEC31,0xEC31,0xEC31,0xEC31,0xEC31,0xEC31,0xEC31,0xEC31,0xEC31,0xEC31,
    0xEC31,0xEC31,0xEC31,0xCC21,0xCC21,0xCC21,0xCC21,0xCC21,0xCC21,0xCC21,0xCC21,0xCC21,
    0xCC21,0xCC21,0xCC21,0xCC21,0xCC21,0xCC21,0xCC21,0xCC21,0xCC21,0xCC21,0xCC21,0xCC21,
    0xCC21,0xCC21,0xCC21,0xCC21,0xCC21,0xAB29,0xCC21,0xCC21,0xCC21,0xCC21,0xCC21,0xCC21,
    0xCC21,0xCC21,0xCC21,0x8C19,0x8C19,0x8C19,0x8B19,0x8B19,0x8B19,0x8B19,0x8C19,0x8C19,
    0x8C19,0x8C19,0x8C19,0x8C19,0x8C19,0x8C19,0x8C19,0x8C19,0x8C19,0xCC21,0xCC21,0xCC21,
    0xCC21,0xCC21,0xCC21,0x8C19,0xCC21,0xCC21,0xCC21,0xCC21,0xCC21,0xCC21,0xCC21,0xCC21,
    0xCC21,0xCC21,0xCC21,0xCC21,0xCC21,0xCC21,0xCC21,0xCC21,0xCC21,0xCC21,0xCC21,0xCC21,
    0xCC21,0xCC21,0xCC21,0xCC21,0xCC21,0xCC21,0xCC21,0xAB29,0xCC21,0xCC21,0xEC31,0x0C3A,
    0xEC31,0x0C3A,0x0C3A,0xEC31,0xEC31,0xEC31,0xEC31,0xEC31,0xEC31,0xEC31,0xEC31,0xEC31,
    0xEC31,0xEC31,0xEC31,0xEC31,0xEC31,0xEC31,0xEC31,0xEC31,0xEC31,0xEC31,0xEC31,0xEC31,
    0xEC31,0x0C3A,0x2C42,0x2C42,0x4E42,0x4E42,0x4E42,0x2C42,0x2C42,0x2C42,0x2C42,0x2C42,
    0x2C42,0x4E42,0x4E42,0x2C42,0x2C42,0x2C42,0x2C42,0x2C42,0x2C42,0x2C42,0x2C42,0x2C42,
    0x8E5A,0x8E5A,0x8E5A,0x8E5A,0x8E5A,0x8E5A,0x8E5A,0x8E5A,0x8E5A,0x8E5A,0x8E5A,0x6D52,
    0x6E52,0x2C42,0x2C42,0x2C42,0x2C42,0x2C42,0x2C42,0x8E5A,0x8E5A,0x8E5A,0x6D52,0x6D52,
    0x6D52,0x6D52,0x6D52,0x6D52,0x6D52,0x6D52,0x2C42,0x2C42,0x2C42,0x2C42,0x2C42,0x2C42,
    0x2C42,0x2C42,0x2C42,0x2C42,0x2C42,0x2C42,0x2C42,0x2C42,0x2C42,0x2C42,0x2C42,0x2C42,
    0x6D52,0x2C42,0x2C42,0x2C42,0x2C42,0x2C42,0x2C42,0x2C42,0x2C42,0x2C42,0x2C42,0x2C42,
    0x2C42,0x2C42,0x2C42,0x2C42,0x2C42,0x2C42,0x2C42,0x2C42,0x2C42,0x0C3A,0x2C42,0x0C3A,
    0x2C42,0x2C42,0x0C3A,0x0C3A,0x0C3A,0x0C3A,0x0C3A,0x0C3A,0xEC31,0xEC31,0xEC31,0xEC31,
    0xEC31,0xEC31,0xEC31,0xEC31,0xEC31,0xEC31,0xEC31,0xEC31,0xEC31,0xEC31,0xEC31,0xEC31,
    0xEC31,0xCC21,0xEC31,0xEC31,0xCC21,0xCC21,0xCC21,0xCC21,0xCC21,0xCC21,0xCC21,0xCC21,
    0xCC21,0xCC21,0xCC21,0xCC21,0xCC21,0xCC21,0xCC21,0xCC21,0xCC21,0xCC21,0xCC21,0xCC21,
    0xCC21,0xCC21,0xCC21,0xCC21,0xCC21,0xCC21,0xCC21,0xCC21,0xCC21,0xCC21,0xCC21,0xCC21,
    0xCC21,0xCC21,0xCC21,0xCC21,0x8C19,0x8C19,0x8C19,0x8B19,0x8B19,0x8B19,0x8C19,0x8C19,
    0x8C19,0x8C19,0x8C19,0x8C19,0x8C19,0x8C19,0x8C19,0x8C19,0x8C19,0xCC21,0x8C19,0xCC21,
    0xCC21,0xCC21,0xCC21,0xCC21,0xCC21,0xCC21,0xCC21,0xCC21,0xCC21,0xCC21,0xCC21,0xCC21,
    0xCC21,0xCC21,0xCC21,0xCC21,0xCC21,0xCC21,0xCC21,0xCC21,0xCC21,0xCC21,0xCC21,0xCC21,
    0xCC21,0xCC21,0xCC21,0xCC21,0xCC21,0xAB29,0xAB29,0xCC21,0xCC21,0xCC21,0xEC31,0x0E32,
    0xEC31,0x0C3A,0x0E32,0x0C3A,0xEC31,0x0C3A,0x0C3A,0xEC31,0xEC31,0xEC31,0xEC31,0xEC31,
    0xEC31,0xEC31,0xEC31,0xEC31,0xEC31,0xEC31,0xEC31,0xEC31,0xEC31,0xEC31,0xEC31,0xEC31,
    0xEC31,0x0C3A,0x2C42,0x2C42,0x2C42,0x4E42,0x2C42,0x2C42,0x2C42,0x2C42,0x2C42,0x2C42,
    0x2C42,0x2C42,0x4E42,0x4E42,0x2C42,0x2C42,0x2C42,0x2C42,0x2C42,0x2C42,0x2C42,0x6D52,
    0x8E5A,0x8E5A,0x8E5A,0x8E5A,0x8E5A,0x8E5A,0x8E5A,0x8E5A,0x8E5A,0x8E5A,0x8E5A,0x8E5A,
    0x6E52,0x6D52,0x2C42,0x2C42,0x2C42,0x2C42,0x2C42,0x6D52,0x8E5A,0x8E5A,0x8E5A,0x8D5A,
    0x6D52,0x6D52,0x6D52,0x6D52,0x6D52,0x6D52,0x6D52,0x2C42,0x2C42,0x2C42,0x2C42,0x2C42,
    0x2C42,0x2C42,0x2C42,0x2C42,0x2C42,0x2C42,0x2C42,0x2C42,0x2C42,0x2C42,0x2C42,0x2C42,
    0x2C42,0x6D52,0x2C42,0x2C42,0x2C42,0x2C42,0x2C42,0x2C42,0x2C42,0x2C42,0x2C42,0x2C42,
    0x2C42,0x2C42,0x2C42,0x2C42,0x2C42,0x2C42,0x2C42,0x2C42,0x2C42,0x2C42,0x2C42,0x2C42,
    0x2C42,0x2C42,0x2C42,0x0C3A,0x0C3A,0x0C3A,0x0C3A,0x0C3A,0x0C3A,0xEC31,0xEC31,0x0C3A,
    0xEC31,0xEC31,0xEC31,0xEC31,0xEC31,0xEC31,0xEC31,0xEC31,0xEC31,0xEC31,0xEC31,0xEC31,
    0xEC31,0xEC31,0xEC31,0xEC31,0xCC21,0xCC21,0xCC21,0xCC21,0xCC21,0xCC21,0xCC21,0xCC21,
    0xCC21,0xCC21,0xCC21,0xCC21,0xCC21,0xCC21,0xCC21,0xCC21,0xCC21,0xCC21,0xCC21,0xCC21,
    0xCC21,0xCC21,0xCC21,0xCC21,0xCC21,0xCC21,0x8C19,0x8C19,0xCC21,0xCC21,0xCC21,0xCC21,
    0xCC21,0xCC21,0xCC21,0xCC21,0x8C19,0x8B19,0x8C19,0x8B19,0x8B19,0x8B19,0x8C19,0x8C19,
    0x8C19,0x8C19,0x8C19,0x8C19,0x8C19,0x8C19,0x8C19,0x8C19,0xCC21,0xCC21,0xCC21,0x8C19,
    0xCC21,0xCC21,0xCC21,0xCC21,0xCC21,0xCC21,0xCC21,0xCC21,0xCC21,0xCC21,0xCC21,0xCC21,
    0xCC21,0xCC21,0xCC21,0xCC21,0xCC21,0xCC21,0xCC21,0xCC21,0xCC21,0xCC21,0xCC21,0xCC21,
    0xEC31,0xCC21,0xCC21,0xCC21,0xCC21,0xCC21,0xCC21,0xCC21,0xCC21,0xEC31,0xEC31,0x0C3A,
    0x0E32,0x0C3A,0x0C3A,0x0E32,0x0C3A,0x0C3A,0x0C3A,0x0C3A,0xEC31,0xEC31,0xEC31,0xEC31,
    0xEC31,0xEC31,0xEC31,0xEC31,0xEC31,0xEC31,0xEC31,0xEC31,0xEC31,0x0C3A,0x0C3A,0x0C3A,
    0x0C3A,0x0C3A,0x2C42,0x2C42,0x2C42,0x2C42,0x2C42,0x2C42,0x2C42,0x2C42,0x2C42,0x2C42,
    0x2C42,0x2C42,0x2C42,0x4E42,0x2C42,0x2C42,0x2C42,0x2C42,0x2C42,0x2C42,0x2C42,0x2C42,
    0x8E5A,0x8E5A,0x8E5A,0x8E5A,0x8E5A,0x8E5A,0x8E5A,0x8E5A,0x8E5A,0x8E5A,0x8E5A,0x8E5A,
    0x8E5A,0x6D52,0x6D52,0x2C42,0x2C42,0x2C42,0x2C42,0x6D52,0x8E5A,0x8E5A,0x8E5A,0x8E5A,
    0x8D5A,0x8D5A,0x8D5A,0x8D5A,0x6D52,0x6D52,0x6D52,0x6D52,0x6D52,0x2C42,0x2C42,0x2C42,
    0x2C42,0x2C42,0x2C42,0x2C42,0x2C42,0x2C42,0x6D52,0x6D52,0x2C42,0x2C42,0x6D52,0x2C42,
    0x2C42,0x6D52,0x6D52,0x6D52,0x2C42,0x2C42,0x2C42,0x2C42,0x2C42,0x2C42,0x2C42,0x2C42,
    0x2C42,0x2C42,0x2C42,0x2C42,0x2C42,0x2C42,0x2C42,0x2C42,0x2C42,0x2C42,0x2C42,0x2C42,
    0x2C42,0x2C42,0x2C42,0x2C42,0x2C42,0x0C3A,0x0C3A,0xEC31,0x0C3A,0xEC31,0xEC31,0xEC31,
    0xEC31,0xEC31,0xEC31,0xEC31,0xEC31,0xEC31,0xEC31,0xEC31,0xEC31,0xEC31,0xEC31,0xEC31,
    0xEC31,0xEC31,0xEC31,0xEC31,0xEC31,0xEC31,0xCC21,0xCC21,0xCC21,0xCC21,0xCC21,0xCC21,
    0xCC21,0xCC21,0xCC21,0xCC21,0xCC21,0xCC21,0xCC21,0xCC21,0xCC21,0xCC21,0xCC21,0xCC21,
    0xCC21,0xCC21,0xCC21,0xCC21,0xCC21,0xCC21,0xCC21,0xCC21,0x8B19,0xCC21,0xCC21,0xCC21,
    0xCC21,0xCC21,0xCC21,0xCC21,0x8C19,0x8C19,0x8B19,0x8C19,0x8C19,0x8B19,0x8C19,0x8C19,
    0x8C19,0x8C19,0x8C19,0x8C19,0xCC21,0x8C19,0xCC21,0xCC21,0xCC21,0xCC21,0xCC21,0xCC21,
    0xCC21,0xCC21,0xCC21,0xCC21,0xCC21,0xCC21,0xCC21,0xCC21,0xCC21,0xCC21,0xCC21,0xCC21,
    0xCC21,0xCC21,0xCC21,0xCC21,0xCC21,0xCC21,0xCC21,0xCC21,0xCC21,0xCC21,0xCC21,0xCC21,
    0xEC31,0x0C3A,0xCC21,0xCC21,0xCC21,0xCC21,0xCC21,0xCC21,0xEC31,0xEC31,0xEC31,0x0C3A,
    0x0C3A,0x0C3A,0x0C3A,0x0C3A,0x0C3A,0x0C3A,0x0C3A,0x0C3A,0x0C3A,0xEC31,0xEC31,0xEC31,
    0xEC31,0xEC31,0xEC31,0xEC31,0xEC31,0xEC31,0xEC31,0xEC31,0xEC31,0x0C3A,0x0C3A,0x0C3A,
    0x2C42,0x2C42,0x2C42,0x2C42,0x2C42,0x2C42,0x2C42,0x2C42,0x2C42,0x2C42,0x2C42,0x2C42,
    0x2C42,0x2C42,0x2C42,0x6D52,0x6D52,0x6D52,0x6D52,0x6D52,0x2C42,0x2C42,0x6D52,0x2C42,
    0x6D52,0x8E5A,0x8E5A,0x8E5A,0x8E5A,0x8E5A,0x8E5A,0x8E5A,0x8E5A,0x8E5A,0x8E5A,0x8E5A,
    0x8E5A,0x6D52,0x6D52,0x6D52,0x6D52,0x2C42,0x2C42,0x2C42,0x8E5A,0x8E5A,0x8E5A,0x8E5A,
    0x8E5A,0x8E5A,0x8D5A,0x8E5A,0x8E5A,0x8D5A,0x8D5A,0x6D52,0x6D52,0x6D52,0x6D52,0x6D52,
    0x6D52,0x6D52,0x2C42,0x2C42,0x2C42,0x2C42,0x6D52,0x6D52,0x6D52,0x2C42,0x6D52,0x6D52,
    0x2C42,0x6D52,0x6D52,0x6D52,0x6D52,0x2C42,0x2C42,0x2C42,0x2C42,0x2C42,0x2C42,0x2C42,
    0x2C42,0x2C42,0x2C42,0x2C42,0x2C42,0x2C42,0x2C42,0x2C42,0x2C42,0x2C42,0x2C42,0x2C42,
    0x2C42,0x2C42,0x2C42,0x2C42,0x2C42,0x2C42,0x0C3A,0x0C3A,0x0C3A,0xEC31,0x0C3A,0x0C3A,
    0x0C3A,0xEC31,0xEC31,0xEC31,0xEC31,0xEC31,0xEC31,0xEC31,0xEC31,0xEC31,0xEC31,0xEC31,
    0xEC31,0xEC31,0xEC31,0xEC31,0xEC31,0xEC31,0xEC31,0xCC21,0xCC21,0xCC21,0xCC21,0xCC21,
    0xCC21,0xCC21,0xCC21,0xCC21,0xCC21,0xCC21,0xCC21,0xCC21,0xCC21,0xCC21,0xCC21,0xCC21,
    0xCC21,0xCC21,0xAB29,0xCC21,0xCC21,0xCC21,0xCC21,0xCC21,0xAB29,0xCC21,0xCC21,0xCC21,
    0xCC21,0xCC21,0xCC21,0xCC21,0xCC21,0x8C19,0x8C19,0x8C19,0x8C19,0x8B19,0x8C19,0x8C19,
    0x8C19,0x8C19,0x8C19,0x8C19,0x8C19,0x8C19,0xCC21,0xCC21,0xCC21,0xCC21,0xCC21,0xCC21,
    0xCC21,0xCC21,0xCC21,0xCC21,0xCC21,0xCC21,0xCC21,0xCC21,0xCC21,0xCC21,0xCC21,0xCC21,
    0xCC21,0xCC21,0xCC21,0xCC21,0xCC21,0xCC21,0xCC21,0xCC21,0xCC21,0xCC21,0xCC21,0xCC21,
    0xEC31,0xEC31,0x0C3A,0xEC31,0xEC31,0xCC21,0xCC21,0xEC31,0xEC31,0xEC31,0xEC31,0x0C3A,
    0x0C3A,0x0C3A,0x0C3A,0x0C3A,0x0C3A,0x0C3A,0x0C3A,0x0C3A,0x0C3A,0xEC31,0xEC31,0xEC31,
    0xEC31,0xEC31,0xEC31,0xEC31,0xEC31,0x0C3A,0x0C3A,0x0C3A,0xEC31,0x2C42,0x2C42,0x2C42,
    0x2C42,0x2C42,0x2C42,0x2C42,0x2C42,0x4E42,0x2C42,0x2C42,0x2C42,0x2C42,0x2C42,0x2C42,
    0x2C42,0x2C42,0x2C42,0x2C42,0x6D52,0x6D52,0x6D52,0x6D52,0x6D52,0x6D52,0x6D52,0x6D52,
    0x6D52,0x8D5A,0x8E5A,0x8E5A,0x8E5A,0x8E5A,0x8E5A,0x8E5A,0x8E5A,0x8E5A,0xCE6A,0x8E5A,
    0x8E5A,0x8E5A,0x6D52,0x6D52,0x6D52,0x2C42,0x6D52,0x2C42,0x6D52,0xCE6A,0x8E5A,0x8E5A,
    0x8E5A,0x8E5A,0x8D5A,0x8E5A,0x8E5A,0x8E5A,0x8D5A,0x8D5A,0x6D52,0x6D52,0x6D52,0x6D52,
    0x6D52,0x6D52,0x6D52,0x6D52,0x6D52,0x6D52,0x6D52,0x6D52,0x6D52,0x6D52,0x6D52,0x6D52,
    0x6D52,0x6D52,0x6D52,0x6D52,0x6D52,0x6D52,0x2C42,0x2C42,0x2C42,0x2C42,0x2C42,0x2C42,
    0x2C42,0x2C42,0x2C42,0x2C42,0x2C42,0x2C42,0x2C42,0x2C42,0x2C42,0x2C42,0x2C42,0x2C42,
    0x2C42,0x2C42,0x2C42,0x2C42,0x2C42,0x2C42,0x2C42,0x2C42,0x0C3A,0xEC31,0x0C3A,0x0C3A,
    0x0C3A,0x0C3A,0xEC31,0xEC31,0xEC31,0xEC31,0xEC31,0xEC31,0xEC31,0xEC31,0xEC31,0xEC31,
    0xEC31,0xEC31,0xEC31,0xEC31,0xEC31,0xEC31,0xEC31,0xEC31,0xCC21,0xCC21,0xCC21,0xCC21,
    0xCC21,0xCC21,0xCC21,0xCC21,0xCC21,0xCC21,0xCC21,0xCC21,0xCC21,0xCC21,0xCC21,0xCC21,
    0xCC21,0xCC21,0xCC21,0xCC21,0xCC21,0xCC21,0xCC21,0xCC21,0xCC21,0xCC21,0xCC21,0xCC21,
    0xCC21,0xCC21,0xCC21,0xCC21,0xCC21,0x8C19,0x8C19,0x8C19,0x8C19,0x8C19,0x8B19,0x8C19,
    0x8C19,0x8C19,0x8C19,0x8C19,0x8C19,0xCC21,0x8C19,0xCC21,0xCC21,0xCC21,0xCC21,0xCC21,
    0xCC21,0xCC21,0xCC21,0xCC21,0xCC21,0xCC21,0xCC21,0xCC21,0xCC21,0xCC21,0xCC21,0xCC21,
    0xCC21,0xCC21,0xCC21,0xCC21,0xCC21,0xCC21,0xCC21,0xCC21,0xCC21,0xCC21,0xCC21,0xCC21,
    0xEC31,0xEC31,0xEC31,0x0C3A,0xEC31,0xEC31,0xEC31,0xEC31,0xEC31,0xEC31,0xEC31,0x0C3A,
    0x0C3A,0x0C3A,0x0C3A,0x0C3A,0x0C3A,0x0C3A,0x0C3A,0x0C3A,0x0C3A,0x0C3A,0xEC31,0xEC31,
    0xEC31,0xEC31,0xEC31,0xEC31,0xEC31,0x0C3A,0x2C42,0x2C42,0x0C3A,0x2C42,0x2C42,0x2C42,
    0x2C42,0x2C42,0x2C42,0x2C42,0x2C42,0x4E42,0x6E52,0x2C42,0x2C42,0x2C42,0x2C42,0x2C42,
    0x2C42,0x2C42,0x2C42,0x2C42,0x6D52,0x6D52,0x6D52,0x6D52,0x8D5A,0x8D5A,0x6D52,0x6D52,
    0x6D52,0x8D5A,0x8D5A,0x8E5A,0x8E5A,0x8E5A,0x8E5A,0x8E5A,0x8E5A,0x8D5A,0xCE6A,0xCE6A,
    0x8E5A,0x8E5A,0x6D52,0x6D52,0x6D52,0x6D52,0x6D52,0x6D52,0x6D52,0x8D5A,0xCE6A,0x8D5A,
    0x8E5A,0x8D5A,0x8D5A,0x8D5A,0x8E5A,0xCE6A,0x8D5A,0x8D5A,0x8D5A,0x6D52,0x6D52,0x6D52,
    0x6D52,0x6D52,0x6D52,0x6D52,0x6D52,0x6D52,0x6D52,0x6D52,0x6D52,0x6D52,0x6D52,0x6D52,
    0x6D52,0x6D52,0x6D52,0x6D52,0x6D52,0x6D52,0x6D52,0x6D52,0x6D52,0x2C42,0x6D52,0x2C42,
    0x2C42,0x2C42,0x2C42,0x2C42,0x2C42,0x2C42,0x2C42,0x2C42,0x2C42,0x2C42,0x2C42,0x2C42,
    0x2C42,0x2C42,0x2C42,0x2C42,0x2C42,0x2C42,0x2C42,0x2C42,0x2C42,0x0C3A,0x0C3A,0xEC31,
    0xEC31,0xEC31,0x0C3A,0x0C3A,0xEC31,0xEC31,0xEC31,0xEC31,0xEC31,0xEC31,0xEC31,0xEC31,
    0xEC31,0xEC31,0xEC31,0xEC31,0xEC31,0xEC31,0xEC31,0xEC31,0xCC21,0xCC21,0xCC21,0xCC21,
    0xCC21,0xEC31,0xCC21,0xCC21,0xCC21,0xCC21,0xCC21,0xCC21,0xCC21,0xCC21,0xCC21,0xCC21,
    0xCC21,0xCC21,0xCC21,0xCC21,0xCC21,0xCC21,0xCC21,0xCC21,0xCC21,0xCC21,0xAB29,0xAB29,
    0xCC21,0xCC21,0xCC21,0xCC21,0x8C19,0x8C19,0x8C19,0x8C19,0x8C19,0x8C19,0x8B19,0x8B19,
    0x8C19,0x8C19,0x8C19,0x8C19,0xCC21,0xCC21,0xCC21,0xCC21,0xCC21,0xCC21,0xCC21,0xCC21,
    0xCC21,0xCC21,0xCC21,0xCC21,0xCC21,0xCC21,0xCC21,0xCC21,0xCC21,0xCC21,0xCC21,0xCC21,
    0xCC21,0xCC21,0xCC21,0xCC21,0xCC21,0xCC21,0xCC21,0xCC21,0xCC21,0xCC21,0xCC21,0xCC21,
    0xEC31,0xEC31,0xEC31,0xEC31,0x0C3A,0xEC31,0xEC31,0xEC31,0xEC31,0xEC31,0x0C3A,0x0C3A,
    0x0C3A,0x0C3A,0x0C3A,0x0C3A,0x0C3A,0x0C3A,0x0C3A,0x0C3A,0x0C3A,0x0C3A,0x0C3A,0xEC31,
    0xEC31,0xEC31,0x0C3A,0x0C3A,0x0C3A,0x0C3A,0x2C42,0x2C42,0x2C42,0x2C42,0x2C42,0x2C42,
    0x2C42,0x2C42,0x2C42,0x2C42,0x2C42,0x6E52,0x8E5A,0x8E5A,0x6D52,0x2C42,0x2C42,0x2C42,
    0x6D52,0x6D52,0x6D52,0x2C42,0x2C42,0x2C42,0x6D52,0x6D52,0x8D5A,0x8D5A,0x8E5A,0x6D52,
    0x6D52,0x8D5A,0x8D5A,0x8E5A,0x8E5A,0x8E5A,0x8D5A,0x8E5A,0xCE6A,0x8D5A,0x8D5A,0xCE6A,
    0xCE6A,0x8E5A,0x8D5A,0x6D52,0x6D52,0x6D52,0x6D52,0x6D52,0x6D52,0x6D52,0xAD62,0xCE6A,
    0xCE6A,0xAD62,0x8D5A,0xCE6A,0x8D5A,0xCE6A,0xCE6A,0x8D5A,0x8D5A,0x8D5A,0x6D52,0x6D52,
    0x6D52,0x6D52,0x6D52,0x6D52,0x6D52,0x6D52,0x6D52,0x6D52,0x6D52,0x6D52,0x6D52,0x6D52,
    0x8D5A,0x6D52,0x6D52,0x6D52,0x6D52,0x6D52,0x6D52,0x6D52,0x6D52,0x6D52,0x6D52,0x6D52,
    0x2C42,0x2C42,0x2C42,0x2C42,0x2C42,0x2C42,0x2C42,0x2C42,0x2C42,0x2C42,0x2C42,0x2C42,
    0x2C42,0x2C42,0x2C42,0x2C42,0x2C42,0x2C42,0x2C42,0x2C42,0x2C42,0x0C3A,0x0C3A,0xEC31,
    0x0C3A,0x0C3A,0x0C3A,0x0C3A,0x0C3A,0xEC31,0xEC31,0xEC31,0xEC31,0xEC31,0xEC31,0xEC31,
    0xEC31,0xEC31,0xEC31,0xEC31,0xEC31,0xEC31,0xEC31,0xEC31,0xEC31,0xEC31,0xCC21,0xCC21,
    0xCC21,0xCC21,0xCC21,0xCC21,0xCC21,0xCC21,0xCC21,0xCC21,0xCC21,0xCC21,0xCC21,0xCC21,
    0xCC21,0xCC21,0xCC21,0xCC21,0xCC21,0xCC21,0xCC21,0xCC21,0xCC21,0xCC21,0xCC21,0xCC21,
    0xCC21,0xCC21,0xCC21,0xCC21,0xAB29,0x8B19,0x8B19,0x8C19,0x8C19,0x8C19,0x8B19,0x8B19,
    0x8C19,0x8C19,0x8C19,0xCC21,0xCC21,0xCC21,0xCC21,0xCC21,0xCC21,0xCC21,0xCC21,0xCC21,
    0xCC21,0xCC21,0xCC21,0xCC21,0xCC21,0xCC21,0xCC21,0xCC21,0xCC21,0xCC21,0xCC21,0xCC21,
    0xCC21,0xCC21,0xCC21,0xCC21,0xCC21,0xCC21,0xCC21,0xCC21,0xCC21,0xCC21,0xCC21,0xCC21,
    0xEC31,0xEC31,0xEC31,0x0C3A,0x0C3A,0x0C3A,0xEC31,0xEC31,0xEC31,0xEC31,0xEC31,0x0E32,
    0x0C3A,0x0C3A,0x0C3A,0x0C3A,0x0C3A,0x0C3A,0x0C3A,0x0C3A,0x0C3A,0x0C3A,0x0C3A,0x0C3A,
    0x0C3A,0xEC31,0x2C42,0x0C3A,0x0C3A,0x2C42,0x2C42,0x2C42,0x2C42,0x2C42,0x2C42,0x2C42,
    0x2C42,0x2C42,0x2C42,0x2C42,0x2C42,0x6D52,0x8E5A,0x8E5A,0x8E5A,0x6D52,0x6D52,0x6D52,
    0x6D52,0x6D52,0x6D52,0x6D52,0x2C42,0x6D52,0x6D52,0x6D52,0x8D5A,0x6D52,0x8E5A,0x8D5A,
    0x8D5A,0x8D5A,0x8D5A,0x8E5A,0x8E5A,0x8E5A,0x8D5A,0x8D5A,0xCE6A,0xCE6A,0x8D5A,0x8D5A,
    0xCE6A,0xCE6A,0x8D5A,0x8D5A,0x6D52,0x6D52,0x6D52,0x6D52,0x6D52,0x6D52,0x8D5A,0xCE6A,
    0xCE6A,0xAD62,0xAD62,0xAD62,0xCE6A,0x8D5A,0xCE6A,0xCE6A,0x8D5A,0x8D5A,0x8D5A,0x6D52,
    0x6D52,0x6D52,0x6D52,0x6D52,0x6D52,0x6D52,0x6D52,0x6D52,0x6D52,0x6D52,0x6D52,0x6D52,
    0x6D52,0x8D5A,0x6D52,0x6D52,0x6D52,0x6D52,0x6D52,0x6D52,0x6D52,0x6D52,0x6D52,0x6D52,
    0x6D52,0x2C42,0x2C42,0x2C42,0x2C42,0x2C42,0x2C42,0x2C42,0x2C42,0x2C42,0x2C42,0x2C42,
    0x2C42,0x2C42,0x2C42,0x2C42,0x2C42,0x2C42,0x2C42,0x2C42,0x2C42,0x2C42,0x0C3A,0x0C3A,
    0x0C3A,0x0C3A,0x0C3A,0x0C3A,0x0C3A,0x0C3A,0x0C3A,0x0C3A,0xEC31,0xEC31,0xEC31,0xEC31,
    0xEC31,0xEC31,0xEC31,0xEC31,0xEC31,0xEC31,0xEC31,0xEC31,0xEC31,0xEC31,0xEC31,0xCC21,
    0xCC21,0xCC21,0xCC21,0xCC21,0xCC21,0xCC21,0xCC21,0xCC21,0xCC21,0xCC21,0xCC21,0xCC21,
    0xCC21,0xCC21,0xCC21,0xCC21,0xCC21,0xCC21,0xCC21,0xCC21,0xCC21,0xCC21,0xCC21,0xCC21,
    0xCC21,0xCC21,0xCC21,0xCC21,0xCC21,0x8B19,0x8B19,0x8B19,0x8B19,0x8C19,0x8C19,0x8B19,
    0x8C19,0x8C19,0xCC21,0xCC21,0xCC21,0xCC21,0xCC21,0xCC21,0xCC21,0xCC21,0xCC21,0xCC21,
    0xCC21,0xCC21,0xCC21,0xCC21,0xCC21,0xCC21,0xCC21,0xCC21,0xCC21,0xCC21,0xCC21,0xCC21,
    0xCC21,0xCC21,0xCC21,0xCC21,0xCC21,0xCC21,0xCC21,0xCC21,0xCC21,0xCC21,0xCC21,0xCC21,
    0xCC21,0xEC31,0xEC31,0xEC31,0xEC31,0x0C3A,0x0C3A,0xEC31,0xEC31,0xEC31,0xEC31,0x0C3A,
    0x0E32,0x0C3A,0x0C3A,0x0C3A,0x0C3A,0x0C3A,0x0C3A,0x0C3A,0x0C3A,0x0C3A,0x0C3A,0x0C3A,
    0x0C3A,0x0C3A,0x0C3A,0x2C42,0x2C42,0x2C42,0x2C42,0x2C42,0x2C42,0x2C42,0x4E42,0x6E52,
    0x2C42,0x2C42,0x2C42,0x6D52,0x6D52,0x6E52,0x8E5A,0x8E5A,0x8E5A,0x8D5A,0x6D52,0x6D52,
    0x6D52,0x6D52,0x6D52,0x6D52,0x6D52,0x6D52,0x6D52,0x6D52,0x6D52,0x8D5A,0x6D52,0x8D5A,
    0x8E5A,0x8D5A,0x8D5A,0xCE6A,0xCE6A,0xCE6A,0x8E5A,0x8D5A,0xAD62,0xCE6A,0xCE6A,0x8D5A,
    0x8D5A,0xCE6A,0xCE6A,0x8D5A,0x6D52,0x6D52,0x6D52,0x6D52,0x6D52,0x6D52,0x6D52,0xAD62,
    0xCE6A,0xCE6A,0xCE6A,0xCE6A,0xAD62,0xAD62,0xAD62,0xCE6A,0xAD62,0xAD62,0x8D5A,0x8D5A,
    0x6D52,0x6D52,0x6D52,0x6D52,0x6D52,0x6D52,0x6D52,0x6D52,0x6D52,0x8D5A,0x8D5A,0x8D5A,
    0x6D52,0x6D52,0x8D5A,0x6D52,0x6D52,0x6D52,0x6D52,0x6D52,0x6D52,0x6D52,0x6D52,0x6D52,
    0x6D52,0x6D52,0x6D52,0x2C42,0x2C42,0x2C42,0x2C42,0x2C42,0x2C42,0x6D52,0x2C42,0x2C42,
    0x2C42,0x2C42,0x2C42,0x2C42,0x2C42,0x2C42,0x2C42,0x2C42,0x2C42,0x2C42,0x2C42,0x2C42,
    0x0C3A,0x0C3A,0x2C42,0x0C3A,0x0C3A,0x0C3A,0xEC31,0x0C3A,0x0C3A,0xEC31,0xEC31,0xEC31,
    0xEC31,0xEC31,0xEC31,0xEC31,0xEC31,0xEC31,0xEC31,0xEC31,0xEC31,0xEC31,0xEC31,0xEC31,
    0xCC21,0xCC21,0xCC21,0xCC21,0xCC21,0xCC21,0xCC21,0xCC21,0xCC21,0xCC21,0xCC21,0xCC21,
    0xCC21,0xCC21,0xCC21,0xCC21,0xCC21,0xCC21,0xCC21,0xCC21,0xCC21,0xCC21,0xCC21,0xCC21,
    0xCC21,0xCC21,0xCC21,0xCC21,0xCC21,0xAB29,0x8C19,0x8B19,0x8B19,0x8B19,0x8B19,0x8B19,
    0xCC21,0x8C19,0xCC21,0xCC21,0xCC21,0xCC21,0xCC21,0xCC21,0xCC21,0xCC21,0xCC21,0xCC21,
    0xCC21,0xCC21,0xCC21,0xCC21,0xCC21,0xCC21,0xCC21,0xCC21,0xCC21,0xCC21,0xCC21,0xCC21,
    0xCC21,0xCC21,0xCC21,0xCC21,0xCC21,0xCC21,0xCC21,0xCC21,0xCC21,0xCC21,0xCC21,0xCC21,
    0xEC31,0xEC31,0xEC31,0xEC31,0xEC31,0x0C3A,0x0C3A,0xEC31,0xEC31,0xEC31,0xEC31,0x0C3A,
    0x0C3A,0x0C3A,0x0C3A,0x0C3A,0x0C3A,0x0C3A,0x2C42,0x2C42,0x2C42,0x2C42,0x0C3A,0x0C3A,
    0x0C3A,0x2C42,0x0C3A,0x2C42,0x2C42,0x2C42,0x2C42,0x2C42,0x4E42,0x2C42,0x6E52,0x8E5A,
    0x8E5A,0x6E52,0x2C42,0x6D52,0x8E5A,0x8E5A,0x8E5A,0x8E5A,0x8E5A,0x8E5A,0x8E5A,0x8D5A,
    0x8D5A,0x6D52,0x6D52,0x6D52,0x6D52,0x6D52,0x6D52,0x6D52,0x8D5A,0x8D5A,0x8D5A,0x8D5A,
    0x8D5A,0x8D5A,0x8D5A,0x8D5A,0xCE6A,0xCE6A,0xCE6A,0x8E5A,0xAD62,0xAD62,0xCE6A,0xCE6A,
    0x8D5A,0xAD62,0xCE6A,0xAD62,0x8D5A,0x8D5A,0x6D52,0x6D52,0x6D52,0x6D52,0x6D52,0xAD62,
    0xCE6A,0xCE6A,0xCE6A,0xCE6A,0xCE6A,0xCE6A,0xAD62,0xAD62,0xAD62,0xAD62,0xAD62,0xAD62,
    0x8D5A,0x6D52,0x6D52,0x6D52,0x6D52,0x6D52,0x6D52,0x8D5A,0x8D5A,0x8D5A,0x8D5A,0x8D5A,
    0x8D5A,0x6D52,0x8D5A,0x8D5A,0x6D52,0x6D52,0x6D52,0x6D52,0x6D52,0x6D52,0x6D52,0x6D52,
    0x6D52,0x6D52,0x6D52,0x6D52,0x6D52,0x6D52,0x6D52,0x2C42,0x2C42,0x2C42,0x6D52,0x2C42,
    0x2C42,0x2C42,0x2C42,0x2C42,0x2C42,0x2C42,0x2C42,0x2C42,0x2C42,0x2C42,0x2C42,0x2C42,
    0x2C42,0x2C42,0x2C42,0x2C42,0x0C3A,0x0C3A,0x0C3A,0xEC31,0x0C3A,0xEC31,0xEC31,0xEC31,
    0xEC31,0xEC31,0xEC31,0xEC31,0xEC31,0xEC31,0xEC31,0xEC31,0xEC31,0xEC31,0xEC31,0xEC31,
    0xEC31,0xCC21,0xEC31,0xEC31,0xCC21,0xEC31,0xCC21,0xCC21,0xCC21,0xCC21,0xCC21,0xCC21,
    0xCC21,0xCC21,0xCC21,0xCC21,0xCC21,0xCC21,0xCC21,0xCC21,0xCC21,0xCC21,0xCC21,0xCC21,
    0xCC21,0xCC21,0xCC21,0xCC21,0xCC21,0xCC21,0xCC21,0x8B19,0x8B19,0x8B19,0x8B19,0x8B19,
    0xCC21,0xCC21,0xCC21,0xCC21,0xCC21,0xCC21,0xCC21,0xCC21,0xCC21,0xCC21,0xCC21,0xCC21,
    0xCC21,0xCC21,0xCC21,0xCC21,0xCC21,0xCC21,0xCC21,0xCC21,0xCC21,0xCC21,0xCC21,0xCC21,
    0xCC21,0xCC21,0xCC21,0xCC21,0xCC21,0xCC21,0xCC21,0xCC21,0xCC21,0xCC21,0xCC21,0xCC21,
    0xEC31,0xEC31,0xEC31,0xEC31,0xEC31,0x0C3A,0x0C3A,0x0C3A,0xEC31,0xEC31,0xEC31,0x0C3A,
    0x0C3A,0x0C3A,0x0C3A,0x0C3A,0x0C3A,0x0C3A,0x2C42,0x2C42,0x2C42,0x2C42,0x2C42,0x2C42,
    0x2C42,0x2C42,0x2C42,0x2C42,0x2C42,0x2C42,0x2C42,0x2C42,0x6E52,0x6E52,0x8E5A,0x8E5A,
    0x8E5A,0x8E5A,0x6D52,0x6D52,0x8E5A,0x8E5A,0x8E5A,0x8E5A,0x8E5A,0x8E5A,0x8E5A,0x8E5A,
    0x8E5A,0x8E5A,0x8D5A,0x6D52,0x8D5A,0x6D52,0x6D52,0x8D5A,0x8D5A,0x6D52,0x8D5A,0x8D5A,
    0x8D5A,0xAD62,0xCE6A,0x8D5A,0xCE6A,0xCE6A,0xCE6A,0xCE6A,0xCE6A,0xAD62,0xAD62,0xCE6A,
    0xAD62,0xAD62,0xAD62,0xCE6A,0xAD62,0x8D5A,0x6D52,0x6D52,0x6D52,0x6D52,0x6D52,0x8D5A,
    0xCE6A,0xAD62,0xCE6A,0xCE6A,0xCE6A,0xCE6A,0xCE6A,0xAD62,0xAD62,0xAD62,0xAD62,0xAD62,
    0xAD62,0x6D52,0x6D52,0x8D5A,0x8D5A,0x6D52,0x6D52,0x8D5A,0x8D5A,0x8D5A,0x8D5A,0x8D5A,
    0x8D5A,0x6D52,0x8D5A,0x8D5A,0x6D52,0x8D5A,0x8D5A,0x8D5A,0x6D52,0x6D52,0x6D52,0x6D52,
    0x6D52,0x6D52,0x6D52,0x6D52,0x6D52,0x6D52,0x6D52,0x6D52,0x2C42,0x2C42,0x6D52,0x6D52,
    0x6D52,0x2C42,0x2C42,0x2C42,0x2C42,0x2C42,0x2C42,0x2C42,0x2C42,0x2C42,0x2C42,0x2C42,
    0x2C42,0x2C42,0x2C42,0x2C42,0x2C42,0x2C42,0x0C3A,0x0C3A,0x0C3A,0x0C3A,0x0C3A,0xEC31,
    0xEC31,0xEC31,0xEC31,0xEC31,0xEC31,0xEC31,0xEC31,0xEC31,0xEC31,0xEC31,0xEC31,0xEC31,
    0xEC31,0xEC31,0xCC21,0xCC21,0xEC31,0xCC21,0xCC21,0xCC21,0xCC21,0xCC21,0xCC21,0xCC21,
    0xCC21,0xCC21,0xCC21,0xCC21,0xCC21,0xCC21,0xCC21,0xCC21,0xCC21,0xCC21,0xCC21,0xCC21,
    0xCC21,0xCC21,0xCC21,0xCC21,0xCC21,0xCC21,0xCC21,0xAB29,0x8B19,0x8B19,0x8B19,0x8B19,
    0xCC21,0xCC21,0xCC21,0xCC21,0xCC21,0xCC21,0xCC21,0xCC21,0xCC21,0xCC21,0xCC21,0xCC21,
    0xCC21,0xCC21,0xCC21,0xCC21,0xCC21,0xCC21,0xCC21,0xCC21,0xCC21,0xCC21,0xCC21,0xCC21,
    0xCC21,0xCC21,0xCC21,0xCC21,0xCC21,0xCC21,0xCC21,0xCC21,0xCC21,0xCC21,0xCC21,0xEC31,
    0xEC31,0xEC31,0xEC31,0xEC31,0xEC31,0xEC31,0x0C3A,0x0C3A,0x0C3A,0xEC31,0xEC31,0x0C3A,
    0x0C3A,0x0C3A,0x2C42,0x0C3A,0x0C3A,0x0C3A,0x2C42,0x2C42,0x2C42,0x2C42,0x2C42,0x2C42,
    0x2C42,0x2C42,0x2C42,0x2C42,0x2C42,0x2C42,0x2C42,0x2C42,0x6E52,0x8E5A,0x8E5A,0x8E5A,
    0x8E5A,0x8E5A,0x8E5A,0x6E52,0x8E5A,0x8E5A,0x8E5A,0x8E5A,0x8E5A,0x8E5A,0x8E5A,0x8E5A,
    0x8E5A,0x8E5A,0xAD62,0x8D5A,0x8D5A,0x8D5A,0x8D5A,0x8D5A,0x8D5A,0x8D5A,0x8D5A,0x8D5A,
    0x8D5A,0xAD62,0xCE6A,0xCE6A,0xCE6A,0xCE6A,0xCE6A,0xCE6A,0xCE6A,0xCE6A,0xAD62,0xAD62,
    0xAD62,0xAD62,0xAD62,0xCE6A,0xCE6A,0xAD62,0x8D5A,0x6D52,0x6D52,0x6D52,0x6D52,0x6D52,
    0xAD62,0xAD62,0xAD62,0xAD62,0xAD62,0xAD62,0xCE6A,0xCE6A,0xAD62,0xAD62,0xAD62,0xAD62,
    0xAD62,0xAD62,0xAD62,0xAD62,0xAD62,0xAD62,0xAD62,0xAD62,0xAD62,0xAD62,0xAD62,0xAD62,
    0x8D5A,0x8D5A,0x8D5A,0x8D5A,0x8D5A,0x8D5A,0x8D5A,0x6D52,0x6D52,0x6D52,0x6D52,0x6D52,
    0x6D52,0x6D52,0x6D52,0x6D52,0x6D52,0x6D52,0x6D52,0x6D52,0x6D52,0x2C42,0x6D52,0x6D52,
    0x6D52,0x2C42,0x2C42,0x6D52,0x2C42,0x2C42,0x2C42,0x2C42,0x2C42,0x2C42,0x2C42,0x2C42,
    0x2C42,0x2C42,0x2C42,0x2C42,0x2C42,0x2C42,0x2C42,0x0C3A,0x0C3A,0x0C3A,0x0C3A,0x0C3A,
    0xEC31,0xEC31,0xEC31,0xEC31,0xEC31,0xEC31,0xEC31,0xEC31,0xEC31,0xEC31,0xEC31,0xEC31,
    0xEC31,0xEC31,0xEC31,0xEC31,0xEC31,0xEC31,0xCC21,0xCC21,0xCC21,0xCC21,0xCC21,0xCC21,
    0xCC21,0xCC21,0xCC21,0xCC21,0xCC21,0xCC21,0xCC21,0xCC21,0xCC21,0xCC21,0xCC21,0xCC21,
    0xCC21,0xCC21,0xCC21,0xCC21,0xCC21,0xCC21,0xCC21,0xCC21,0xCC21,0x8B19,0x8B19,0x8B19,
    0xCC21,0xCC21,0xCC21,0xCC21,0xCC21,0xCC21,0xCC21,0xCC21,0xCC21,0xCC21,0xCC21,0xCC21,
    0xCC21,0xCC21,0xCC21,0xCC21,0xCC21,0xCC21,0xCC21,0xCC21,0xCC21,0xCC21,0xCC21,0xCC21,
    0xCC21,0xCC21,0xCC21,0xCC21,0xCC21,0xCC21,0xCC21,0xCC21,0xCC21,0xCC21,0xEC31,0xEC31,
    0xEC31,0xEC31,0xEC31,0xEC31,0xEC31,0xEC31,0xEC31,0x0C3A,0x0E32,0x0C3A,0xEC31,0x0C3A,
    0x2C42,0x2C42,0x2C42,0x2C42,0x2C42,0x2C42,0x2C42,0x2C42,0x2C42,0x2C42,0x2C42,0x2C42,
    0x2C42,0x2C42,0x2C42,0x2C42,0x2C42,0x2C42,0x2C42,0x6D52,0x6D52,0x8E5A,0x8E5A,0x8E5A,
    0x8E5A,0x8E5A,0x8E5A,0x8E5A,0x8E5A,0x8E5A,0xCE6A,0xCE6A,0xCE6A,0x8E5A,0x8E5A,0x8E5A,
    0x8D5A,0x8E5A,0xCE6A,0xAD62,0x8D5A,0x8D5A,0x8D5A,0x8D5A,0x8D5A,0x8D5A,0x8D5A,0x8D5A,
    0x8D5A,0xAD62,0xCE6A,0xCE6A,0xCE6A,0xCE6A,0xCE6A,0xCE6A,0xCE6A,0x0E7B,0xCE6A,0xAD62,
    0xAD62,0xAD62,0xAD62,0xAD62,0xCE6A,0xAD62,0xAD62,0xAD62,0xAD62,0xAD62,0xAD62,0xAD62,
    0xAD62,0xCE6A,0xCE6A,0xCE6A,0xAD62,0xCE6A,0xCE6A,0xEE72,0xCE6A,0xAD62,0xAD62,0xAD62,
    0xAD62,0xAD62,0xAD62,0xAD62,0xAD62,0xAD62,0xAD62,0xAD62,0xAD62,0xAD62,0xAD62,0xAD62,
    0xAD62,0xAD62,0x8D5A,0x8D5A,0xAD62,0x8D5A,0x8D5A,0x8D5A,0x8D5A,0x8D5A,0x6D52,0x8D5A,
    0x6D52,0x6D52,0x6D52,0x6D52,0x6D52,0x6D52,0x6D52,0x6D52,0x6D52,0x6D52,0x6D52,0x6D52,
    0x6D52,0x6D52,0x2C42,0x6D52,0x6D52,0x6D52,0x2C42,0x2C42,0x2C42,0x2C42,0x2C42,0x2C42,
    0x2C42,0x2C42,0x2C42,0x2C42,0x2C42,0x2C42,0x2C42,0x2C42,0x2C42,0x0C3A,0x0C3A,0x0C3A,
    0x0C3A,0xEC31,0xEC31,0xEC31,0xEC31,0xEC31,0xEC31,0xEC31,0xEC31,0xEC31,0xEC31,0xEC31,
    0xEC31,0xEC31,0xEC31,0xEC31,0xEC31,0xEC31,0xCC21,0xCC21,0xCC21,0xCC21,0xCC21,0xCC21,
    0xCC21,0xCC21,0xCC21,0xCC21,0xCC21,0xCC21,0xCC21,0xCC21,0xCC21,0xCC21,0xCC21,0xCC21,
    0xCC21,0xCC21,0xCC21,0xCC21,0xCC21,0xCC21,0x8C19,0xCC21,0xCC21,0xCC21,0xAB29,0x8B19,
    0xCC21,0xCC21,0xCC21,0xCC21,0xCC21,0xCC21,0xCC21,0xCC21,0xCC21,0xCC21,0xCC21,0xCC21,
    0xCC21,0xCC21,0xCC21,0xCC21,0xCC21,0xCC21,0xCC21,0xCC21,0xCC21,0xCC21,0xCC21,0xCC21,
    0xCC21,0xCC21,0xCC21,0xCC21,0xCC21,0xCC21,0xCC21,0xCC21,0xEC31,0xEC31,0xEC31,0xEC31,
    0xEC31,0xEC31,0xEC31,0xEC31,0xEC31,0xEC31,0xEC31,0xEC31,0x0C3A,0x0E32,0x0C3A,0x2C42,
    0x2C42,0x2C42,0x2C42,0x2C42,0x2C42,0x2C42,0x2C42,0x2C42,0x2C42,0x2C42,0x2C42,0x2C42,
    0x2C42,0x2C42,0x2C42,0x2C42,0x2C42,0x2C42,0x6D52,0x6D52,0x8D5A,0x8E5A,0x8E5A,0x8E5A,
    0x8E5A,0x8E5A,0x8E5A,0x8E5A,0x8E5A,0xCE6A,0xCE6A,0xCE6A,0xCE6A,0xCE6A,0xCE6A,0x8E5A,
    0xCE6A,0xCE6A,0xCE6A,0xCE6A,0xCE6A,0xAD62,0x8D5A,0x8D5A,0xAD62,0xAD62,0xAD62,0xAD62,
    0xAD62,0xAD62,0xAD62,0xAD62,0xCE6A,0xCE6A,0xCE6A,0xCE6A,0xCE6A,0x0E7B,0x0E7B,0xCE6A,
    0xAD62,0xAD62,0xAD62,0xAD62,0xAD62,0xAD62,0xAD62,0xAD62,0xAD62,0xAD62,0xAD62,0xAD62,
    0xAD62,0xCE6A,0xCE6A,0xCE6A,0xCE6A,0xCE6A,0xEE72,0xCE6A,0xCE6A,0xCE6A,0xAD62,0xAD62,
    0xAD62,0xAD62,0xAD62,0xAD62,0xAD62,0xAD62,0xAD62,0xAD62,0xAD62,0xAD62,0xAD62,0xAD62,
    0xAD62,0xAD62,0xAD62,0xAD62,0xAD62,0xAD62,0x8D5A,0x8D5A,0x8D5A,0x8D5A,0xAD62,0x8D5A,
    0x6D52,0x6D52,0x6D52,0x6D52,0x6D52,0x6D52,0x6D52,0x8D5A,0x6D52,0x6D52,0x6D52,0x6D52,
    0x6D52,0x6D52,0x6D52,0x6D52,0x6D52,0x6D52,0x6D52,0x2C42,0x2C42,0x2C42,0x2C42,0x2C42,
    0x2C42,0x2C42,0x2C42,0x2C42,0x2C42,0x2C42,0x2C42,0x2C42,0x2C42,0x0C3A,0x0C3A,0x0C3A,
    0x0C3A,0xEC31,0xEC31,0xEC31,0xEC31,0xEC31,0xEC31,0xEC31,0xEC31,0xEC31,0xEC31,0xEC31,
    0xEC31,0xEC31,0xEC31,0xEC31,0xEC31,0xEC31,0xEC31,0xEC31,0xCC21,0xCC21,0xCC21,0xCC21,
    0xCC21,0xCC21,0xCC21,0xCC21,0xCC21,0xCC21,0xCC21,0xCC21,0xCC21,0xCC21,0xCC21,0xCC21,
    0xCC21,0xCC21,0xCC21,0xCC21,0xCC21,0xCC21,0x8C19,0xCC21,0xCC21,0xCC21,0xAB29,0x8B19,
    0xCC21,0xCC21,0xCC21,0xCC21,0xCC21,0xCC21,0xCC21,0xCC21,0xCC21,0xCC21,0xCC21,0xCC21,
    0xCC21,0xCC21,0xCC21,0xCC21,0xCC21,0xCC21,0xCC21,0xCC21,0xCC21,0xCC21,0xCC21,0xCC21,
    0xCC21,0xCC21,0xCC21,0xCC21,0xCC21,0xCC21,0xCC21,0xCC21,0xCC21,0xEC31,0xEC31,0xEC31,
    0xEC31,0xEC31,0xEC31,0xEC31,0xEC31,0xEC31,0xEC31,0xEC31,0xEC31,0x2C42,0x4E42,0x2C42,
    0x2C42,0x2C42,0x2C42,0x2C42,0x2C42,0x2C42,0x2C42,0x2C42,0x2C42,0x2C42,0x2C42,0x2C42,
    0x2C42,0x2C42,0x2C42,0x2C42,0x2C42,0x2C42,0x6D52,0x6D52,0x8E5A,0x8E5A,0x8E5A,0x8E5A,
    0x8E5A,0x8E5A,0x8E5A,0x8E5A,0xCE6A,0xCE6A,0xCE6A,0xCE6A,0xCE6A,0xCE6A,0xCE6A,0xCE6A,
    0xCE6A,0xCE6A,0xCE6A,0xCE6A,0xCE6A,0xCE6A,0xAD62,0xAD62,0xAD62,0xAD62,0xAD62,0xAD62,
    0xAD62,0xAD62,0xAD62,0xAD62,0xCE6A,0xEE72,0xEE72,0xEE72,0xCE6A,0xEE72,0x0E7B,0x0E7B,
    0xEE72,0xAD62,0xAD62,0xAD62,0xAD62,0xAD62,0xAD62,0xAD62,0xAD62,0xAD62,0xAD62,0xAD62,
    0xAD62,0xAD62,0xEE72,0xEE72,0xEE72,0xCE6A,0xEE72,0xEE72,0xCE6A,0xEE72,0xCE6A,0xAD62,
    0xAD62,0xAD62,0xAD62,0xAD62,0xAD62,0xAD62,0xCE6A,0xAD62,0xAD62,0xAD62,0xAD62,0xAD62,
    0xAD62,0xAD62,0xAD62,0xAD62,0xAD62,0xAD62,0xAD62,0xAD62,0xAD62,0x8D5A,0xAD62,0xAD62,
    0xAD62,0x8D5A,0x6D52,0x6D52,0x6D52,0x8D5A,0x8D5A,0x6D52,0x8D5A,0x6D52,0x6D52,0x6D52,
    0x8D5A,0x8D5A,0x6D52,0x6D52,0x6D52,0x6D52,0x6D52,0x2C42,0x2C42,0x2C42,0x2C42,0x2C42,
    0x2C42,0x2C42,0x2C42,0x2C42,0x2C42,0x2C42,0x2C42,0x2C42,0x2C42,0x2C42,0x0C3A,0x0C3A,
    0x0C3A,0x0C3A,0xEC31,0xEC31,0xEC31,0xEC31,0xEC31,0xEC31,0xEC31,0xEC31,0xEC31,0xEC31,
    0xEC31,0xEC31,0xEC31,0xEC31,0xEC31,0xEC31,0xEC31,0xEC31,0xCC21,0xCC21,0xCC21,0xCC21,
    0xCC21,0xCC21,0xCC21,0xCC21,0xCC21,0xCC21,0xCC21,0xCC21,0xCC21,0xCC21,0xCC21,0xCC21,
    0xCC21,0xCC21,0xCC21,0xCC21,0xCC21,0xCC21,0xCC21,0xCC21,0xCC21,0xCC21,0xCC21,0x8B19,
    0xCC21,0xCC21,0xCC21,0xCC21,0xCC21,0xCC21,0xCC21,0xCC21,0xCC21,0xCC21,0xCC21,0xCC21,
    0xCC21,0xCC21,0xCC21,0xCC21,0xCC21,0xCC21,0xCC21,0xCC21,0xCC21,0xCC21,0xCC21,0xCC21,
    0xCC21,0xCC21,0xCC21,0xCC21,0xCC21,0xCC21,0xEC31,0xCC21,0xEC31,0xEC31,0xEC31,0xEC31,
    0xEC31,0xEC31,0xEC31,0xEC31,0xEC31,0xEC31,0xEC31,0xEC31,0xEC31,0x0C3A,0x4E42,0x4E42,
    0x2C42,0x2C42,0x2C42,0x2C42,0x2C42,0x2C42,0x2C42,0x2C42,0x2C42,0x2C42,0x2C42,0x2C42,
    0x2C42,0x2C42,0x6D52,0x2C42,0x2C42,0x2C42,0x6D52,0x8E5A,0x8E5A,0x8E5A,0x8E5A,0x8E5A,
    0x8E5A,0x8E5A,0x8E5A,0x8E5A,0xCE6A,0xCE6A,0xCE6A,0xCE6A,0xCE6A,0xCE6A,0xCE6A,0xCE6A,
    0xCE6A,0xCE6A,0xCE6A,0xCE6A,0xCE6A,0xCE6A,0xAD62,0xAD62,0xAD62,0xAD62,0xAD62,0xAD62,
    0xAD62,0xAD62,0xAD62,0xAD62,0xCE6A,0xEE72,0xEE72,0xEE72,0x0E7B,0xEE72,0x0E7B,0x0E7B,
    0x0E7B,0xEE72,0xAD62,0xAD62,0xCD72,0xCD72,0xAD62,0xAD62,0xAD62,0xAD62,0xAD62,0xAD62,
    0xAD62,0xAD62,0xEE72,0xEE72,0xEE72,0xEE72,0xEE72,0x0E7B,0xEE72,0xEE72,0xEE72,0xEE72,
    0xAD62,0xAD62,0xAD62,0xAD62,0xAD62,0xAD62,0xAD62,0xCE6A,0xAD62,0xAD62,0xAD62,0xCE6A,
    0xAD62,0xAD62,0xAD62,0xAD62,0xAD62,0xAD62,0xAD62,0xAD62,0xAD62,0xAD62,0xAD62,0xAD62,
    0xAD62,0xAD62,0x8D5A,0x8D5A,0x8D5A,0x8D5A,0x8D5A,0x8D5A,0x8D5A,0x6D52,0x6D52,0x6D52,
    0x6D52,0x6D52,0x8D5A,0x6D52,0x6D52,0x6D52,0x6D52,0x6D52,0x6D52,0x2C42,0x2C42,0x2C42,
    0x2C42,0x2C42,0x2C42,0x2C42,0x2C42,0x2C42,0x2C42,0x2C42,0x2C42,0x2C42,0x2C42,0x0C3A,
    0x0C3A,0x0C3A,0xEC31,0xEC31,0xEC31,0xEC31,0xEC31,0xEC31,0xEC31,0xEC31,0xEC31,0xEC31,
    0xEC31,0xEC31,0xEC31,0xEC31,0xEC31,0xEC31,0xEC31,0xEC31,0xEC31,0xEC31,0xCC21,0xCC21,
    0xCC21,0xCC21,0xCC21,0xCC21,0xCC21,0xCC21,0xCC21,0xCC21,0xCC21,0xCC21,0xCC21,0xCC21,
    0xCC21,0xCC21,0xCC21,0xCC21,0xCC21,0xCC21,0xCC21,0xCC21,0xCC21,0xCC21,0xCC21,0xCC21,
    0xCC21,0xCC21,0xCC21,0xCC21,0xCC21,0xCC21,0xCC21,0xCC21,0xCC21,0xCC21,0xCC21,0xCC21,
    0xCC21,0xCC21,0xCC21,0xCC21,0xCC21,0xCC21,0xCC21,0xCC21,0xCC21,0xCC21,0xCC21,0xCC21,
    0xCC21,0xCC21,0xCC21,0xCC21,0xCC21,0xEC31,0xCC21,0xEC31,0xEC31,0xEC31,0xEC31,0xEC31,
    0xEC31,0xEC31,0xEC31,0xEC31,0xEC31,0xEC31,0xEC31,0xEC31,0x0C3A,0xEC31,0x2C42,0x4E42,
    0x4E42,0x2C42,0x2C42,0x2C42,0x2C42,0x2C42,0x2C42,0x2C42,0x2C42,0x2C42,0x2C42,0x6D52,
    0x2C42,0x2C42,0x6D52,0x6D52,0x6D52,0x2C42,0x2C42,0x8E5A,0x8E5A,0x8E5A,0x8E5A,0xCE6A,
    0xCE6A,0xCE6A,0xCE6A,0xCE6A,0xCE6A,0xCE6A,0xCE6A,0xCE6A,0xCE6A,0xCE6A,0xCE6A,0xCE6A,
    0xCE6A,0xCE6A,0xCE6A,0xCE6A,0xCE6A,0xCE6A,0xCE6A,0xAD62,0xAD62,0xAD62,0xAD62,0xAD62,
    0xAD62,0xAD62,0xAD62,0xAD62,0xCE6A,0xCD72,0xEE72,0xEE72,0x0E7B,0x0E7B,0x0E7B,0x0E7B,
    0x0E7B,0x0E7B,0xEE72,0xCD72,0xCD72,0xCD72,0xCD72,0xAD62,0xAD62,0xAD62,0xAD62,0xAD62,
    0xAD62,0xAD62,0xCD72,0xEE72,0xEE72,0xEE72,0xEE72,0x0E7B,0x0E7B,0x0E7B,0xEE72,0xCD72,
    0xCD72,0xAD62,0xAD62,0xAD62,0xCD72,0xEE72,0xAD62,0xAD62,0xAD62,0xAD62,0xAD62,0xAD62,
    0xAD62,0xAD62,0xAD62,0xAD62,0xAD62,0xAD62,0xAD62,0xAD62,0xAD62,0xAD62,0xAD62,0xAD62,
    0xAD62,0xAD62,0xAD62,0x8D5A,0x8D5A,0x8D5A,0x8D5A,0x8D5A,0x8D5A,0x8D5A,0x8D5A,0x6D52,
    0x6D52,0x8D5A,0x8D5A,0x8D5A,0x6D52,0x6D52,0x6D52,0x6D52,0x6D52,0x6D52,0x2C42,0x2C42,
    0x2C42,0x2C42,0x2C42,0x2C42,0x2C42,0x2C42,0x2C42,0x2C42,0x2C42,0x2C42,0x2C42,0x2C42,
    0x0C3A,0x0C3A,0x0C3A,0xEC31,0xEC31,0xEC31,0xEC31,0xEC31,0xEC31,0xEC31,0xEC31,0xEC31,
    0xEC31,0xEC31,0xEC31,0xEC31,0xEC31,0xEC31,0xEC31,0xEC31,0xEC31,0xEC31,0xCC21,0xCC21,
    0xCC21,0xCC21,0xCC21,0xCC21,0xCC21,0xCC21,0xCC21,0xCC21,0xCC21,0xCC21,0xCC21,0xCC21,
    0xCC21,0xCC21,0xCC21,0xCC21,0xCC21,0xCC21,0xCC21,0xCC21,0xCC21,0xCC21,0xCC21,0xCC21,
    0xCC21,0xCC21,0xCC21,0xCC21,0xCC21,0xCC21,0xCC21,0xCC21,0xCC21,0xCC21,0xCC21,0xCC21,
    0xCC21,0xCC21,0xCC21,0xCC21,0xCC21,0xCC21,0xCC21,0xCC21,0xCC21,0xCC21,0xCC21,0xCC21,
    0xCC21,0xCC21,0xCC21,0xCC21,0xCC21,0xCC21,0xCC21,0xEC31,0xEC31,0xEC31,0xEC31,0xEC31,
    0xEC31,0xEC31,0xEC31,0xEC31,0xEC31,0xEC31,0xEC31,0xEC31,0x0C3A,0x0C3A,0xEC31,0x2C42,
    0x4E42,0x4E42,0x2C42,0x2C42,0x2C42,0x2C42,0x2C42,0x2C42,0x2C42,0x2C42,0x2C42,0x6D52,
    0x6D52,0x6D52,0x8D5A,0x8E5A,0x6D52,0x6D52,0x6D52,0x8E5A,0x8E5A,0x8E5A,0x8E5A,0xCE6A,
    0xCE6A,0xCE6A,0xCE6A,0xCE6A,0xCE6A,0xCE6A,0xCE6A,0xCE6A,0xCE6A,0xCE6A,0xCE6A,0xCE6A,
    0xCE6A,0xCE6A,0xCE6A,0xCE6A,0xEE72,0xEE72,0xCE6A,0xAD62,0xAD62,0xAD62,0xAD62,0xAD62,
    0xAD62,0xAD62,0xAD62,0xAD62,0xEE72,0xEE72,0xEE72,0xEE72,0x0E7B,0x0E7B,0x0E7B,0x0E7B,
    0x0E7B,0x0E7B,0x0E7B,0xEE72,0xEE72,0xCD72,0xCD72,0xCD72,0xAD62,0xAD62,0xAD62,0xAD62,
    0xAD62,0xAD62,0xAD62,0x0E7B,0x0E7B,0x0E7B,0xEE72,0x0E7B,0x0E7B,0x0E7B,0xEE72,0xCD72,
    0xCD72,0xCD72,0xCD72,0xAD62,0xCD72,0xEE72,0xEE72,0xCD72,0xCD72,0xCD72,0xCD72,0xAD62,
    0xAD62,0xAD62,0xAD62,0xAD62,0xAD62,0xAD62,0xAD62,0xAD62,0xAD62,0xAD62,0xAD62,0xAD62,
    0xAD62,0xAD62,0xAD62,0xAD62,0xAD62,0xAD62,0xAD62,0x8D5A,0x8D5A,0x8D5A,0x8D5A,0x8D5A,
    0x8D5A,0x8D5A,0x8D5A,0x6D52,0x8D5A,0x6D52,0x6D52,0x6D52,0x6D52,0x6D52,0x6D52,0x2C42,
    0x2C42,0x2C42,0x2C42,0x2C42,0x2C42,0x2C42,0x2C42,0x2C42,0x2C42,0x2C42,0x2C42,0x2C42,
    0x2C42,0x0C3A,0x0C3A,0x0C3A,0xEC31,0xEC31,0xEC31,0xEC31,0xEC31,0xEC31,0xEC31,0xEC31,
    0xEC31,0xEC31,0xEC31,0xEC31,0xEC31,0xEC31,0xEC31,0xEC31,0xEC31,0xEC31,0xCC21,0xCC21,
    0xCC21,0xCC21,0xCC21,0xCC21,0xCC21,0xCC21,0xCC21,0xCC21,0xCC21,0xCC21,0xCC21,0xCC21,
    0xCC21,0xCC21,0xCC21,0xCC21,0xCC21,0xCC21,0xCC21,0xCC21,0xCC21,0xCC21,0xCC21,0xCC21,
    0xCC21,0xCC21,0xCC21,0xCC21,0xCC21,0xCC21,0xCC21,0xCC21,0xCC21,0xCC21,0xCC21,0xCC21,
    0xCC21,0xCC21,0xCC21,0xCC21,0xCC21,0xCC21,0xCC21,0xCC21,0xCC21,0xCC21,0xCC21,0xCC21,
    0xCC21,0xCC21,0xCC21,0xEC31,0xEC31,0xCC21,0xEC31,0xEC31,0xEC31,0xEC31,0xEC31,0xEC31,
    0xEC31,0xEC31,0xEC31,0xEC31,0xEC31,0xEC31,0xEC31,0xEC31,0x0C3A,0x0C3A,0x0C3A,0x0C3A,
    0x2C42,0x4E42,0x2C42,0x2C42,0x2C42,0x2C42,0x2C42,0x2C42,0x2C42,0x2C42,0x2C42,0x6D52,
    0x6D52,0x6D52,0x6D52,0x8E5A,0x8E5A,0x8D5A,0x6D52,0x8E5A,0xCE6A,0xCE6A,0xCE6A,0xCE6A,
    0xCE6A,0xCE6A,0xCE6A,0xCE6A,0xCE6A,0xCE6A,0xCE6A,0xCE6A,0xCE6A,0xCE6A,0xCE6A,0xCE6A,
    0xCE6A,0xCE6A,0xCE6A,0xEE72,0xEE72,0x0E7B,0xEE72,0xCE6A,0xCE6A,0xAD62,0xAD62,0xCE6A,
    0xAD62,0xAD62,0xAD62,0xAD62,0xEE72,0xEE72,0xEE72,0xEE72,0xEE72,0x0E7B,0x0E7B,0x0E7B,
    0x0E7B,0x0E7B,0x0E7B,0x0E7B,0xEE72,0xEE72,0xEE72,0xCD72,0xCD72,0xAD62,0xAD62,0xAD62,
    0xAD62,0xAD62,0xAD62,0xEE72,0x0E7B,0x0E7B,0x0E7B,0x0E7B,0x2E83,0x0E7B,0x0E7B,0xEE72,
    0xCD72,0xCD72,0xCD72,0xCD72,0xAD62,0xEE72,0xEE72,0xCD72,0xCD72,0xCD72,0xCD72,0xCD72,
    0xAD62,0xCD72,0xCD72,0xAD62,0xAD62,0xAD62,0xAD62,0xAD62,0xAD62,0xAD62,0xAD62,0xAD62,
    0xAD62,0xAD62,0xAD62,0xAD62,0xAD62,0xAD62,0xAD62,0xAD62,0xAD62,0xAD62,0xAD62,0x8D5A,
    0x8D5A,0x8D5A,0x8D5A,0x8D5A,0x8D5A,0x6D52,0x6D52,0x6D52,0x6D52,0x6D52,0x6D52,0x6D52,
    0x2C42,0x2C42,0x2C42,0x2C42,0x2C42,0x2C42,0x2C42,0x2C42,0x2C42,0x2C42,0x2C42,0x2C42,
    0x2C42,0x2C42,0x0C3A,0x0C3A,0x0C3A,0xEC31,0xEC31,0xEC31,0xEC31,0xEC31,0xEC31,0xEC31,
    0xEC31,0xEC31,0xEC31,0xEC31,0xEC31,0xEC31,0xEC31,0xEC31,0xEC31,0xEC31,0xEC31,0xCC21,
    0xCC21,0xCC21,0xCC21,0xCC21,0xCC21,0xCC21,0xCC21,0xCC21,0xCC21,0xCC21,0xCC21,0xCC21,
    0xCC21,0xCC21,0xCC21,0xCC21,0xCC21,0xCC21,0xCC21,0xCC21,0xCC21,0xCC21,0xCC21,0xCC21,
    0xCC21,0xCC21,0xCC21,0xCC21,0xCC21,0xCC21,0xCC21,0xCC21,0xCC21,0xCC21,0xCC21,0xCC21,
    0xCC21,0xCC21,0xCC21,0xCC21,0xCC21,0xCC21,0xCC21,0xCC21,0xCC21,0xCC21,0xCC21,0xCC21,
    0xCC21,0xCC21,0xEC31,0xCC21,0xCC21,0xEC31,0xEC31,0xEC31,0xEC31,0xEC31,0xEC31,0xEC31,
    0xEC31,0xEC31,0x0C3A,0xEC31,0xEC31,0xEC31,0xEC31,0xEC31,0xEC31,0x0C3A,0x2C42,0x2C42,
    0x2C42,0x2C42,0x2C42,0x2C42,0x2C42,0x2C42,0x2C42,0x2C42,0x2C42,0x2C42,0x2C42,0x2C42,
    0x6D52,0x8E5A,0x8E5A,0x8E5A,0x8E5A,0x8E5A,0x6D52,0x8D5A,0xCE6A,0xCE6A,0xCE6A,0xCE6A,
    0xCE6A,0xCE6A,0xCE6A,0xCE6A,0xCE6A,0xCE6A,0xCE6A,0xCE6A,0xCE6A,0xCE6A,0xCE6A,0xCE6A,
    0xAD62,0xCE6A,0xCE6A,0xEE72,0x0E7B,0x0E7B,0x0E7B,0xEE72,0xEE72,0xCE6A,0xAD62,0xCD72,
    0xCD72,0xAD62,0xEE72,0xAD62,0xCD72,0xEE72,0xEE72,0xEE72,0xEE72,0x0E7B,0x0E7B,0x2E83,
    0x0E7B,0x0E7B,0x2E83,0x2E83,0x0E7B,0x0E7B,0xEE72,0xEE72,0xCD72,0xCD72,0xAD62,0xAD62,
    0xAD62,0xAD62,0xAD62,0xCD72,0x0E7B,0x0E7B,0x0E7B,0x0E7B,0x2E83,0x2E83,0x0E7B,0x0E7B,
    0xEE72,0xCD72,0xCD72,0xCD72,0xAD62,0xCD72,0xEE72,0xCD72,0xCD72,0xCD72,0xCD72,0xCD72,
    0xCD72,0xEE72,0xEE72,0xEE72,0xAD62,0xAD62,0xAD62,0xAD62,0xAD62,0xAD62,0xCE6A,0xAD62,
    0xCE6A,0xCE6A,0xAD62,0xAD62,0xAD62,0xAD62,0xAD62,0xAD62,0xAD62,0xAD62,0xAD62,0xAD62,
    0x8D5A,0x8D5A,0xAD62,0x8E5A,0x8D5A,0x8D5A,0x8D5A,0x8D5A,0x6D52,0x6D52,0x6D52,0x6D52,
    0x6D52,0x2C42,0x2C42,0x2C42,0x2C42,0x2C42,0x2C42,0x2C42,0x2C42,0x2C42,0x2C42,0x2C42,
    0x2C42,0x2C42,0x2C42,0x0C3A,0x0C3A,0x0C3A,0xEC31,0xEC31,0xEC31,0xEC31,0xEC31,0xEC31,
    0xEC31,0xEC31,0xEC31,0xEC31,0xEC31,0xEC31,0xEC31,0xEC31,0xEC31,0xEC31,0xEC31,0xEC31,
    0xCC21,0xCC21,0xCC21,0xCC21,0xCC21,0xCC21,0xCC21,0xCC21,0xCC21,0xCC21,0xCC21,0xCC21,
    0xCC21,0xCC21,0xCC21,0xCC21,0xCC21,0xCC21,0xCC21,0xCC21,0xCC21,0xCC21,0xCC21,0xCC21,
    0xCC21,0xCC21,0xCC21,0xCC21,0xCC21,0xCC21,0xCC21,0xCC21,0xCC21,0xCC21,0xCC21,0xCC21,
    0xCC21,0xCC21,0xCC21,0xCC21,0xCC21,0xCC21,0xCC21,0xCC21,0xCC21,0xCC21,0xCC21,0xCC21,
    0xCC21,0xCC21,0xEC31,0xEC31,0xEC31,0xEC31,0xEC31,0xEC31,0xEC31,0xEC31,0xEC31,0xEC31,
    0xEC31,0xEC31,0x0C3A,0x0C3A,0x0C3A,0x0C3A,0x0C3A,0xEC31,0xEC31,0x0C3A,0x2C42,0x2C42,
    0x2C42,0x2C42,0x2C42,0x2C42,0x2C42,0x2C42,0x2C42,0x2C42,0x2C42,0x2C42,0x2C42,0x6D52,
    0x6D52,0x6D52,0x8E5A,0x8E5A,0xCE6A,0xCE6A,0x8E5A,0x8E5A,0xCE6A,0xCE6A,0xCE6A,0xCE6A,
    0xCE6A,0xCE6A,0xCE6A,0xCE6A,0xCE6A,0xCE6A,0xCE6A,0xCE6A,0xCE6A,0xCE6A,0xCE6A,0xAD62,
    0xAD62,0xAD62,0xCE6A,0xEE72,0x0E7B,0x0E7B,0x0E7B,0x0E7B,0xEE72,0xEE72,0xEE72,0xEE72,
    0xEE72,0xCD72,0xCD72,0xCD72,0xCD72,0xEE72,0xEE72,0xEE72,0xEE72,0xEE72,0x0E7B,0x2E83,
    0x2E83,0x2E83,0x2E83,0x2E83,0x2E83,0x2E83,0x0E7B,0xEE72,0xCD72,0xCD72,0xCD72,0xCD72,
    0xCD72,0xCD72,0xAD62,0xCD72,0x0E7B,0x0E7B,0x2E83,0x0E7B,0x0E7B,0x2E83,0x2E83,0x0E7B,
    0x0E7B,0xEE72,0xCD72,0xCD72,0xCD72,0xCD72,0xCD72,0xCD72,0xCD72,0xCD72,0xCD72,0xCD72,
    0xCD72,0xCD72,0xEE72,0xEE72,0xCD72,0xCD72,0xAD62,0xAD62,0xAD62,0xAD62,0xEE72,0xCD72,
    0xEE72,0xCE6A,0xAD62,0xAD62,0xAD62,0xAD62,0xAD62,0xAD62,0xCE6A,0xCE6A,0xAD62,0xAD62,
    0x8D5A,0x8D5A,0xAD62,0xCE6A,0xAD62,0x8D5A,0x8D5A,0x8D5A,0x8D5A,0x6D52,0x6D52,0x6D52,
    0x6D52,0x6D52,0x2C42,0x2C42,0x2C42,0x2C42,0x2C42,0x2C42,0x2C42,0x2C42,0x2C42,0x2C42,
    0x2C42,0x2C42,0x2C42,0x2C42,0x0C3A,0x0C3A,0x0C3A,0xEC31,0xEC31,0xEC31,0xEC31,0xEC31,
    0xEC31,0xEC31,0xEC31,0xEC31,0xEC31,0xEC31,0xEC31,0xEC31,0xEC31,0xEC31,0xEC31,0xEC31,
    0xEC31,0xCC21,0xCC21,0xCC21,0xCC21,0xCC21,0xCC21,0xCC21,0xCC21,0xCC21,0xCC21,0xCC21,
    0xCC21,0xCC21,0xCC21,0xCC21,0xCC21,0xCC21,0xCC21,0xCC21,0xCC21,0xCC21,0xCC21,0xCC21,
    0xCC21,0xCC21,0xCC21,0xCC21,0xCC21,0xCC21,0xCC21,0xCC21,0xCC21,0xCC21,0xCC21,0xCC21,
    0xCC21,0xCC21,0xCC21,0xCC21,0xCC21,0xCC21,0xCC21,0xCC21,0xCC21,0xCC21,0xCC21,0xCC21,
    0xEC31,0xEC31,0xEC31,0xEC31,0xEC31,0xEC31,0xEC31,0x0C3A,0x0C3A,0x0C3A,0xEC31,0xEC31,
    0x0C3A,0xEC31,0xEC31,0x0C3A,0x0C3A,0x0C3A,0x0C3A,0x0C3A,0x0C3A,0x2C42,0x2C42,0x2C42,
    0x2C42,0x2C42,0x2C42,0x2C42,0x2C42,0x2C42,0x2C42,0x2C42,0x2C42,0x6D52,0x6D52,0x6D52,
    0x6D52,0x6D52,0x8D5A,0x8E5A,0xCE6A,0xCE6A,0xCE6A,0x8E5A,0xCE6A,0xCE6A,0xCE6A,0xCE6A,
    0xCE6A,0xCE6A,0xCE6A,0xCE6A,0xCE6A,0xCE6A,0xCE6A,0xCE6A,0xCE6A,0xCE6A,0xCE6A,0xAD62,
    0xAD62,0xAD62,0xAD62,0xEE72,0x0E7B,0x0E7B,0x0E7B,0x0E7B,0x0E7B,0xEE72,0xEE72,0xEE72,
    0xEE72,0xEE72,0xEE72,0xEE72,0xCD72,0xEE72,0xEE72,0xEE72,0xEE72,0x0E7B,0x0E7B,0x2E83,
    0x2E83,0x2E83,0x2E83,0x2E83,0x2E83,0x2E83,0x2E83,0x0E7B,0xCD72,0xCD72,0xCD72,0xCD72,
    0xCD72,0xCD72,0xCD72,0xCD72,0x0E7B,0x2E83,0x2E83,0x2E83,0x0E7B,0x2E83,0x2E83,0x2E83,
    0x0E7B,0x0E7B,0xCD72,0xCD72,0xCD72,0xCD72,0xCD72,0xCD72,0xCD72,0xCD72,0xCD72,0xCD72,
    0xCD72,0xCD72,0xEE72,0xEE72,0xEE72,0xCD72,0xCD72,0xAD62,0xAD62,0xAD62,0xEE72,0xEE72,
    0xEE72,0xEE72,0xCE6A,0xCE6A,0xAD62,0xAD62,0xAD62,0xAD62,0xCE6A,0xCE6A,0xCE6A,0xAD62,
    0xAD62,0x8D5A,0xAD62,0xAD62,0xCE6A,0xCE6A,0x8D5A,0x8D5A,0x8D5A,0x8D5A,0x6D52,0x6D52,
    0x6D52,0x6D52,0x6D52,0x2C42,0x2C42,0x2C42,0x2C42,0x2C42,0x2C42,0x2C42,0x2C42,0x2C42,
    0x2C42,0x2C42,0x2C42,0x2C42,0x2C42,0x0C3A,0x0C3A,0x0C3A,0xEC31,0xEC31,0xEC31,0xEC31,
    0xEC31,0xEC31,0xEC31,0xEC31,0xEC31,0xEC31,0xEC31,0xEC31,0xEC31,0xEC31,0xEC31,0xEC31,
    0xEC31,0xCC21,0xCC21,0xCC21,0xCC21,0xCC21,0xCC21,0xCC21,0xCC21,0xCC21,0xCC21,0xCC21,
    0xCC21,0xCC21,0xCC21,0xCC21,0xCC21,0xCC21,0xCC21,0xCC21,0xCC21,0xCC21,0xCC21,0xCC21,
    0xCC21,0xCC21,0xCC21,0xCC21,0xCC21,0xCC21,0xCC21,0xCC21,0xCC21,0xCC21,0xCC21,0xCC21,
    0xCC21,0xCC21,0xCC21,0xCC21,0xCC21,0xCC21,0xCC21,0xCC21,0xCC21,0xCC21,0xEC31,0xEC31,
    0xEC31,0xEC31,0xEC31,0xEC31,0xEC31,0x0C3A,0x0C3A,0x0C3A,0x0C3A,0x0C3A,0x0C3A,0x0C3A,
    0x0C3A,0x0C3A,0x0C3A,0x0C3A,0x0C3A,0x0C3A,0x0C3A,0x2C42,0x2C42,0x2C42,0x2C42,0x2C42,
    0x2C42,0x2C42,0x2C42,0x2C42,0x2C42,0x2C42,0x2C42,0x2C42,0x6D52,0x6D52,0x6D52,0x6D52,
    0x6D52,0x6D52,0x6D52,0x8D5A,0xCE6A,0xCE6A,0xCE6A,0xCE6A,0xCE6A,0xCE6A,0xCE6A,0xCE6A,
    0xCE6A,0xCE6A,0xCE6A,0xCE6A,0xCE6A,0xCE6A,0xCE6A,0xCE6A,0xCE6A,0xAD62,0xAD62,0xAD62,
    0xAD62,0xAD62,0xAD62,0xAD62,0x0E7B,0x0E7B,0x0E7B,0x0E7B,0x0E7B,0x0E7B,0x0E7B,0xEE72,
    0x0E7B,0xEE72,0xEE72,0xEE72,0xCD72,0xEE72,0x0E7B,0xEE72,0xEE72,0xEE72,0x0E7B,0x2E83,
    0x2E83,0x2E83,0x2E83,0x2E83,0x2E83,0x2E83,0x2E83,0x2E83,0x0E7B,0xCD72,0xCD72,0xCD72,
    0xCD72,0xCD72,0xCD72,0xCD72,0x0E7B,0x2E83,0x2E83,0x2E83,0x2E83,0x2E83,0x2E83,0x2E83,
    0x2E83,0x0E7B,0xEE72,0xCD72,0xCD72,0xCD72,0xCD72,0x0E7B,0xEE72,0xCD72,0xCD72,0xCD72,
    0xCD72,0xCD72,0xEE72,0xCD72,0xCD72,0xCD72,0xCD72,0xCD72,0xAD62,0xAD62,0xCD72,0xEE72,
    0xEE72,0xEE72,0xEE72,0xAD62,0xAD62,0xAD62,0xAD62,0xCE6A,0xCE6A,0xCE6A,0xCE6A,0xCE6A,
    0xAD62,0xAD62,0xAD62,0xCE6A,0xCE6A,0xCE6A,0xAD62,0xCE6A,0x8D5A,0x8D5A,0x8D5A,0x6D52,
    0x6D52,0x6D52,0x6D52,0x6D52,0x2C42,0x2C42,0x2C42,0x2C42,0x2C42,0x2C42,0x2C42,0x2C42,
    0x2C42,0x2C42,0x2C42,0x2C42,0x2C42,0x2C42,0x0C3A,0x0C3A,0x0C3A,0xEC31,0xEC31,0xEC31,
    0xEC31,0xEC31,0xEC31,0xEC31,0xEC31,0xEC31,0xEC31,0xEC31,0xEC31,0xEC31,0xEC31,0xEC31,
    0xEC31,0xEC31,0xCC21,0xCC21,0xCC21,0xCC21,0xCC21,0xCC21,0xCC21,0xCC21,0xCC21,0xCC21,
    0xCC21,0xCC21,0xCC21,0xCC21,0xCC21,0xCC21,0xCC21,0xCC21,0xCC21,0xCC21,0xCC21,0xCC21,
    0xCC21,0xCC21,0xCC21,0xCC21,0xCC21,0xCC21,0xCC21,0xCC21,0xCC21,0xCC21,0xCC21,0xCC21,
    0xCC21,0xCC21,0xCC21,0xCC21,0xCC21,0xCC21,0xCC21,0xCC21,0xCC21,0xEC31,0xEC31,0xEC31,
    0xEC31,0xEC31,0xEC31,0xEC31,0x0C3A,0x0C3A,0x0C3A,0x0C3A,0x0C3A,0x0C3A,0x0C3A,0x0C3A,
    0x0C3A,0x0C3A,0x0C3A,0x0C3A,0x0C3A,0x0C3A,0x0C3A,0x2C42,0x2C42,0x2C42,0x2C42,0x2C42,
    0x2C42,0x2C42,0x2C42,0x2C42,0x2C42,0x2C42,0x2C42,0x2C42,0x2C42,0x6D52,0x6D52,0x8D5A,
    0x6D52,0x6D52,0x6D52,0x6D52,0xAD62,0xCE6A,0xCE6A,0xCE6A,0xCE6A,0xCE6A,0xCE6A,0xCE6A,
    0xCE6A,0xCE6A,0xCE6A,0xCE6A,0xCE6A,0xCE6A,0xCE6A,0xCE6A,0xCE6A,0xAD62,0xAD62,0xAD62,
    0xAD62,0xAD62,0xAD62,0xAD62,0xEE72,0x0E7B,0x0E7B,0x0E7B,0x2E83,0x2E83,0x2E83,0x0E7B,
    0x2E83,0x0E7B,0xEE72,0xEE72,0xCD72,0xEE72,0x2E83,0x0E7B,0x0E7B,0x0E7B,0x0E7B,0x2E83,
    0x2E83,0x2E83,0x2E83,0x2E83,0x2E83,0x2E83,0x2E83,0x2E83,0x0E7B,0xCD72,0xCD72,0xCD72,
    0xCD72,0xCD72,0xCD72,0xCD72,0xCD72,0x2E83,0x2E83,0x2E83,0x2E83,0x2E83,0x2E83,0x2E83,
    0x2E83,0x2E83,0x2E83,0xCD72,0xCD72,0xCD72,0xCD72,0xEE72,0x0E7B,0xEE72,0xCD72,0xCD72,
    0xCD72,0xCD72,0xCD72,0xCD72,0xCD72,0xCD72,0xCD72,0xCD72,0xCD72,0xCD72,0xAD62,0xCD72,
    0xEE72,0xEE72,0xEE72,0xEE72,0xEE72,0xCE6A,0xCE6A,0xCE6A,0xCE6A,0xCE6A,0xCE6A,0xCE6A,
    0xAD62,0xAD62,0xAD62,0xCE6A,0xCE6A,0xAD62,0xAD62,0xCE6A,0xCE6A,0x8D5A,0x8D5A,0x8D5A,
    0x6D52,0x6D52,0x6D52,0x6D52,0x6D52,0x2C42,0x2C42,0x2C42,0x2C42,0x2C42,0x2C42,0x2C42,
    0x2C42,0x2C42,0x2C42,0x2C42,0x2C42,0x2C42,0x2C42,0x0C3A,0x0C3A,0x0C3A,0xEC31,0xEC31,
    0xEC31,0xEC31,0xEC31,0xEC31,0xEC31,0xEC31,0xEC31,0xEC31,0xEC31,0xEC31,0xEC31,0xEC31,
    0xEC31,0xEC31,0xEC31,0xCC21,0xCC21,0xCC21,0xCC21,0xCC21,0xCC21,0xCC21,0xCC21,0xCC21,
    0xCC21,0xCC21,0xCC21,0xCC21,0xCC21,0xCC21,0xCC21,0xCC21,0xCC21,0xCC21,0xCC21,0xCC21,
    0xCC21,0xCC21,0xCC21,0xCC21,0xCC21,0xCC21,0xCC21,0xCC21,0xCC21,0xCC21,0xCC21,0xCC21,
    0xCC21,0xCC21,0xCC21,0xCC21,0xCC21,0xCC21,0xCC21,0xCC21,0xCC21,0xEC31,0xEC31,0xEC31,
    0xEC31,0xEC31,0xEC31,0xEC31,0xEC31,0x0C3A,0x0C3A,0x0C3A,0x0C3A,0x0C3A,0x2C42,0x2C42,
    0x2C42,0x2C42,0x2C42,0x0C3A,0x0C3A,0x2C42,0x2C42,0x2C42,0x2C42,0x2C42,0x2C42,0x2C42,
    0x2C42,0x2C42,0x2C42,0x2C42,0x2C42,0x2C42,0x2C42,0x2C42,0x6D52,0x6D52,0x6D52,0x8D5A,
    0x8D5A,0x6D52,0x6D52,0x8D5A,0xAD62,0xAD62,0xCE6A,0xCE6A,0xCE6A,0xCE6A,0xCE6A,0xCE6A,
    0xCE6A,0xEE72,0xCE6A,0xCE6A,0xCE6A,0xCE6A,0xCE6A,0xCE6A,0xAD62,0xAD62,0xAD62,0xAD62,
    0xAD62,0xAD62,0xAD62,0xAD62,0xEE72,0x0E7B,0x2E83,0x0E7B,0x0E7B,0x2E83,0x2E83,0x2E83,
    0x2E83,0x2E83,0x2E83,0x0E7B,0xCD72,0xEE72,0x2E83,0x2E83,0x2E83,0x2E83,0x2E83,0x2E83,
    0x2E83,0x2E83,0x2E83,0x2E83,0x2E83,0x2E83,0x2E83,0x2E83,0x2E83,0x0E7B,0xCD72,0xCD72,
    0xCD72,0xCD72,0xCD72,0xCD72,0xCD72,0x2E83,0x2E83,0x2E83,0x2E83,0x2E83,0x2E83,0x2E83,
    0x2E83,0x2E83,0x2E83,0x2E83,0xCD72,0xCD72,0xCD72,0x0E7B,0xEE72,0x0E7B,0xEE72,0xEE72,
    0xCD72,0xCD72,0xCD72,0xEE72,0xEE72,0xCD72,0xCD72,0xCD72,0xCD72,0xCD72,0xCD72,0xCD72,
    0xCD72,0xEE72,0xEE72,0xEE72,0xEE72,0xEE72,0xEE72,0xCE6A,0xEE72,0xCE6A,0xCE6A,0xCE6A,
    0xCE6A,0xAD62,0xAD62,0xAD62,0xCE6A,0xCE6A,0xCE6A,0xCE6A,0xAD62,0xAD62,0x8D5A,0x8D5A,
    0x8D5A,0x6D52,0x6D52,0x6D52,0x6D52,0x6D52,0x6D52,0x6D52,0x2C42,0x2C42,0x2C42,0x2C42,
    0x2C42,0x2C42,0x2C42,0x2C42,0x2C42,0x2C42,0x2C42,0x2C42,0x2C42,0x0C3A,0x0C3A,0xEC31,
    0xEC31,0xEC31,0xEC31,0xEC31,0xEC31,0xEC31,0xEC31,0xEC31,0xEC31,0xEC31,0xEC31,0xEC31,
    0xEC31,0xEC31,0xEC31,0xEC31,0xCC21,0xCC21,0xCC21,0xCC21,0xCC21,0xCC21,0xCC21,0xCC21,
    0xCC21,0xCC21,0xCC21,0xCC21,0xCC21,0xCC21,0xCC21,0xCC21,0xCC21,0xCC21,0xCC21,0xCC21,
    0xCC21,0xCC21,0xCC21,0xCC21,0xCC21,0xCC21,0xCC21,0xCC21,0xCC21,0xCC21,0xCC21,0xCC21,
    0xCC21,0xCC21,0xCC21,0xCC21,0xCC21,0xCC21,0xCC21,0xCC21,0xCC21,0xEC31,0xEC31,0xEC31,
    0xEC31,0xEC31,0xEC31,0x0C3A,0xEC31,0x0C3A,0x0C3A,0x0C3A,0x0C3A,0x0C3A,0x2C42,0x2C42,
    0x2C42,0x2C42,0x2C42,0x2C42,0x2C42,0x2C42,0x2C42,0x2C42,0x2C42,0x2C42,0x2C42,0x2C42,
    0x2C42,0x2C42,0x2C42,0x2C42,0x2C42,0x2C42,0x6D52,0x6D52,0x6D52,0x6D52,0x6D52,0x8D5A,
    0xCE6A,0x8E5A,0x8E5A,0x8D5A,0xAD62,0xAD62,0xCE6A,0xCE6A,0xCE6A,0xCE6A,0xCE6A,0xCE6A,
    0xCE6A,0xEE72,0x0E7B,0xEE72,0xCE6A,0xCE6A,0xCE6A,0xCD72,0xCD72,0xCD72,0xCD72,0xAD62,
    0xAD62,0xAD62,0xAD62,0xAD62,0xCD72,0x2E83,0x2E83,0x2E83,0x2E83,0x0E7B,0x2E83,0x2E83,
    0x2E83,0x2E83,0x2E83,0x2E83,0x0E7B,0x0E7B,0x2E83,0x2E83,0x2E83,0x2E83,0x2E83,0x2E83,
    0x2E83,0x2E83,0x2E83,0x4E93,0x2E83,0x2E83,0x2E83,0x2E83,0x2E83,0x2E83,0x0D83,0xCD72,
    0xCD72,0xCD72,0xCD72,0xCD72,0xCD72,0x2E83,0x2E83,0x2E83,0x2E83,0x2E83,0x2E83,0x2E83,
    0x2E83,0x2E83,0x2E83,0x2E83,0x2E83,0xCD72,0xEE72,0x2E83,0x2E83,0x0E7B,0x0E7B,0xEE72,
    0xEE72,0xCD72,0xCD72,0xCD72,0xCD72,0xCD72,0xCD72,0xCD72,0xCD72,0xCD72,0xCD72,0xCD72,
    0xCD72,0xEE72,0xEE72,0xEE72,0xEE72,0xEE72,0xEE72,0xEE72,0xEE72,0xEE72,0xEE72,0xEE72,
    0xCE6A,0xAD62,0xAD62,0xAD62,0xCE6A,0xCE6A,0xCE6A,0xCE6A,0xCE6A,0xCE6A,0xAD62,0x8D5A,
    0x8D5A,0x8D5A,0x6D52,0x6D52,0x6D52,0x6D52,0x6D52,0x6D52,0x2C42,0x2C42,0x2C42,0x2C42,
    0x2C42,0x2C42,0x2C42,0x2C42,0x2C42,0x2C42,0x2C42,0x2C42,0x2C42,0x2C42,0x0C3A,0x0C3A,
    0xEC31,0xEC31,0xEC31,0xEC31,0xEC31,0xEC31,0xEC31,0xEC31,0xEC31,0xEC31,0xEC31,0xEC31,
    0xEC31,0xEC31,0xEC31,0xEC31,0xEC31,0xCC21,0xCC21,0xCC21,0xCC21,0xCC21,0xCC21,0xAB29,
    0xCC21,0xCC21,0xCC21,0xAB29,0xCC21,0xCC21,0xCC21,0xCC21,0xCC21,0xCC21,0xCC21,0xCC21,
    0xCC21,0xCC21,0xCC21,0xCC21,0xCC21,0xCC21,0xCC21,0xCC21,0xCC21,0xCC21,0xCC21,0xCC21,
    0xCC21,0xCC21,0xCC21,0xCC21,0xCC21,0xCC21,0xCC21,0xCC21,0xEC31,0xEC31,0xEC31,0xEC31,
    0xEC31,0xEC31,0xEC31,0x0C3A,0x0C3A,0x0C3A,0x0C3A,0x0C3A,0x0C3A,0x2C42,0x2C42,0x2C42,
    0x2C42,0x4E42,0x2C42,0x2C42,0x2C42,0x2C42,0x2C42,0x2C42,0x2C42,0x2C42,0x2C42,0x2C42,
    0x2C42,0x2C42,0x2C42,0x2C42,0x2C42,0x6D52,0x6D52,0x6D52,0x6D52,0x6D52,0x6D52,0x6D52,
    0x8D5A,0xCE6A,0xCE6A,0xAD62,0xAD62,0xAD62,0xCE6A,0xCE6A,0xCE6A,0xEE72,0xCE6A,0xCE6A,
    0x0E7B,0x0E7B,0x0E7B,0x0E7B,0xEE72,0xEE72,0xCD72,0xCD72,0xCD72,0xCD72,0xCD72,0xCD72,
    0xAD62,0xCD72,0xCD72,0xCD72,0xCD72,0x2E83,0x2E83,0x2E83,0x2E83,0x2E83,0x2E83,0x2E83,
    0x2E83,0x2E83,0x2E83,0x2E83,0x2E83,0x2E83,0x2E83,0x2E83,0x2E83,0x2E83,0x2E83,0x2E83,
    0x2E83,0x2E83,0x4E93,0x4E93,0x4E93,0x2E83,0x2E83,0x2E83,0x2E83,0x2E83,0x2E83,0x0D83,
    0xCD72,0xCD72,0xCD72,0xCD72,0xCD72,0x2E83,0x2E83,0x2E83,0x2E83,0x4E93,0x4E93,0x2E83,
    0x2E83,0x2E83,0x2E83,0x2E83,0x2E83,0x2E83,0xEE72,0x2E83,0x2E83,0x2E83,0x0E7B,0x0E7B,
    0x0E7B,0x0E7B,0xCD72,0x0E7B,0xEE72,0xCD72,0xCD72,0xCD72,0xCD72,0xCD72,0xCD72,0xCD72,
    0xCD72,0xCD72,0xEE72,0xEE72,0xEE72,0xEE72,0xEE72,0xEE72,0xEE72,0xEE72,0xEE72,0xEE72,
    0xCE6A,0xCE6A,0xAD62,0xAD62,0xAD62,0xCE6A,0xCE6A,0xCE6A,0xCE6A,0xCE6A,0xCE6A,0xAD62,
    0x8D5A,0x8D5A,0x6D52,0x6D52,0x6D52,0x6D52,0x6D52,0x6D52,0x6D52,0x6D52,0x2C42,0x2C42,
    0x2C42,0x2C42,0x2C42,0x2C42,0x2C42,0x2C42,0x2C42,0x2C42,0x2C42,0x2C42,0x2C42,0x0C3A,
    0x0C3A,0xEC31,0xEC31,0xEC31,0xEC31,0xEC31,0xEC31,0xEC31,0xEC31,0xEC31,0xEC31,0xEC31,
    0xEC31,0xEC31,0xEC31,0xEC31,0xEC31,0xCC21,0xCC21,0xCC21,0xCC21,0xCC21,0xCC21,0xAB29,
    0xCC21,0xCC21,0xCC21,0xCC21,0xAB29,0xCC21,0xCC21,0xCC21,0xCC21,0xCC21,0xCC21,0xCC21,
    0xCC21,0xCC21,0xCC21,0xCC21,0xCC21,0xCC21,0xCC21,0xCC21,0xCC21,0xCC21,0xCC21,0xCC21,
    0xCC21,0xCC21,0xCC21,0xCC21,0xCC21,0xCC21,0xCC21,0xEC31,0xCC21,0xEC31,0xEC31,0xEC31,
    0xEC31,0xEC31,0xEC31,0xEC31,0x0C3A,0x0C3A,0x0C3A,0x0C3A,0x0C3A,0x2C42,0x2C42,0x2C42,
    0x2C42,0x2C42,0x2C42,0x2C42,0x2C42,0x2C42,0x2C42,0x2C42,0x2C42,0x2C42,0x2C42,0x2C42,
    0x2C42,0x2C42,0x2C42,0x2C42,0x6D52,0x6D52,0x6D52,0x6D52,0x6D52,0x6D52,0x8D5A,0x8D5A,
    0x8D5A,0xAD62,0xCE6A,0xCE6A,0xCE6A,0xAD62,0xCE6A,0xCE6A,0xCE6A,0xEE72,0xEE72,0xEE72,
    0x0E7B,0x0E7B,0x0E7B,0x0E7B,0x0E7B,0xEE72,0xEE72,0xCD72,0xCD72,0xCD72,0xCD72,0xCD72,
    0xCD72,0xCD72,0xCD72,0xCD72,0xCD72,0xEE72,0x2E83,0x2E83,0x2E83,0x2E83,0x2E83,0x2E83,
    0x2E83,0x2E83,0x2E83,0x2E83,0x2E83,0x2E83,0x2E83,0x2E83,0x2E83,0x2E83,0x2E83,0x2E83,
    0x2E83,0x2E83,0xB09B,0x8F9B,0x8F9B,0x4E93,0x2E83,0x2E83,0x2E83,0x2E83,0x2E83,0x0D83,
    0x0D83,0xCD72,0xCD72,0xCD72,0xCD72,0x2E83,0x2E83,0x2E83,0x2E83,0x2E83,0xB09B,0x4E93,
    0x2E83,0x2E83,0x708B,0x2E83,0x2E83,0x2E83,0x2E83,0x2E83,0x2E83,0x2E83,0x2E83,0x2E83,
    0x2E83,0x0E7B,0x0E7B,0x0E7B,0x0E7B,0xCD72,0xCD72,0xCD72,0xCD72,0xCD72,0xCD72,0xCD72,
    0xCD72,0xCD72,0xEE72,0x0E7B,0x0E7B,0xEE72,0x0E7B,0xEE72,0xEE72,0xEE72,0xEE72,0xEE72,
    0xEE72,0xCE6A,0xCE6A,0xAD62,0xAD62,0xAD62,0xCE6A,0xCE6A,0xCE6A,0xCE6A,0xCE6A,0xAD62,
    0xAD62,0x8D5A,0x8D5A,0x6D52,0x6D52,0x6D52,0x6D52,0x6D52,0x6D52,0x6D52,0x6D52,0x2C42,
    0x2C42,0x2C42,0x2C42,0x2C42,0x2C42,0x2C42,0x2C42,0x2C42,0x2C42,0x2C42,0x2C42,0x2C42,
    0x0C3A,0x0C3A,0xEC31,0xEC31,0xEC31,0xEC31,0xEC31,0xEC31,0xEC31,0xEC31,0xEC31,0xEC31,
    0xEC31,0xEC31,0xEC31,0xEC31,0xEC31,0xEC31,0xEC31,0xCC21,0xCC21,0xCC21,0xCC21,0xCC21,
    0xAB29,0xCC21,0xCC21,0xCC21,0xCC21,0xCC21,0xCC21,0xCC21,0xCC21,0xCC21,0xCC21,0xCC21,
    0xCC21,0xCC21,0xCC21,0xCC21,0xCC21,0xCC21,0xCC21,0xCC21,0xCC21,0xCC21,0xCC21,0xCC21,
    0xCC21,0xCC21,0xCC21,0xCC21,0xCC21,0xCC21,0xEC31,0xEC31,0xCC21,0xEC31,0xEC31,0xEC31,
    0xEC31,0xEC31,0xEC31,0xEC31,0x0C3A,0x0C3A,0x0C3A,0x0C3A,0x0C3A,0x0C3A,0x2C42,0x2C42,
    0x2C42,0x2C42,0x2C42,0x2C42,0x2C42,0x2C42,0x2C42,0x2C42,0x2C42,0x2C42,0x2C42,0x2C42,
    0x2C42,0x2C42,0x2C42,0x6D52,0x6D52,0x6D52,0x6D52,0x6D52,0x6D52,0x8D5A,0x8D5A,0x8D5A,
    0x8D5A,0x8D5A,0xCE6A,0xCE6A,0xCE6A,0xCE6A,0xCE6A,0xCE6A,0xCE6A,0xCE6A,0xEE72,0x0E7B,
    0x0E7B,0x0E7B,0x0E7B,0x0E7B,0x0E7B,0x0E7B,0x0E7B,0xEE72,0xCD72,0xCD72,0xCD72,0xCD72,
    0xCD72,0xCD72,0xCD72,0xCD72,0xCD72,0xCD72,0x2E83,0x2E83,0x2E83,0x2E83,0x2E83,0x2E83,
    0x2E83,0x2E83,0x2E83,0x2E83,0x2E83,0x2E83,0x2E83,0x2E83,0x2E83,0x2E83,0x2E83,0x2E83,
    0x2E83,0x2E83,0xB09B,0xB09B,0xB09B,0x4E93,0x4E93,0x2E83,0x2E83,0x2E83,0x2E83,0x2E83,
    0x2E83,0x0D83,0x0D83,0x0D83,0x0D83,0x2E83,0x4E93,0x4E93,0x4E93,0x2E83,0x4E93,0xB09B,
    0x4E93,0x2E83,0x4E93,0x4E93,0x2E83,0x2E83,0x2E83,0x2E83,0x2E83,0x2E83,0x2E83,0x2E83,
    0x2E83,0x2E83,0x2E83,0x0E7B,0x2E83,0x2E83,0xEE72,0xCD72,0xCD72,0xCD72,0xCD72,0xCD72,
    0xCD72,0xCD72,0xCD72,0x2E83,0x0E7B,0x0E7B,0x0E7B,0x0E7B,0x0E7B,0xEE72,0xEE72,0x0E7B,
    0xEE72,0xEE72,0xAD62,0xAD62,0xAD62,0xAD62,0xCE6A,0xCE6A,0xCE6A,0xCE6A,0xCE6A,0xCE6A,
    0xAD62,0xAD62,0x8D5A,0x8D5A,0x6D52,0x6D52,0x6D52,0x6D52,0x6D52,0x6D52,0x6D52,0x6D52,
    0x2C42,0x2C42,0x2C42,0x2C42,0x2C42,0x2C42,0x2C42,0x2C42,0x2C42,0x2C42,0x2C42,0x2C42,
    0x2C42,0x0C3A,0x0C3A,0xEC31,0xEC31,0xEC31,0xEC31,0xEC31,0xEC31,0xEC31,0xEC31,0xEC31,
    0xEC31,0xEC31,0xEC31,0xEC31,0xEC31,0xEC31,0xEC31,0xCC21,0xCC21,0xCC21,0xCC21,0xCC21,
    0xCC21,0xAB29,0xCC21,0xCC21,0xCC21,0xCC21,0xCC21,0xCC21,0xCC21,0xCC21,0xCC21,0xAB29,
    0xCC21,0xCC21,0xCC21,0xCC21,0xCC21,0xCC21,0xCC21,0xCC21,0xCC21,0xCC21,0xCC21,0xCC21,
    0xCC21,0xCC21,0xCC21,0xCC21,0xCC21,0xCC21,0xEC31,0xEC31,0xEC31,0xEC31,0xEC31,0x0C3A,
    0x0C3A,0xEC31,0xEC31,0x0C3A,0x0C3A,0x0C3A,0x0C3A,0x0C3A,0x0C3A,0x0C3A,0x2C42,0x2C42,
    0x2C42,0x4E42,0x2C42,0x2C42,0x4E42,0x2C42,0x2C42,0x2C42,0x2C42,0x2C42,0x2C42,0x2C42,
    0x6D52,0x6D52,0x6D52,0x6D52,0x6D52,0x6D52,0x6D52,0x6D52,0x8D5A,0x8D5A,0x8D5A,0x8D5A,
    0x8D5A,0x8D5A,0xAD62,0xEE72,0xCE6A,0xEE72,0xCE6A,0xCE6A,0x0E7B,0xEE72,0xEE72,0x0E7B,
    0x0E7B,0x0E7B,0x0E7B,0x0E7B,0x2E83,0x0E7B,0x2E83,0x0E7B,0xEE72,0xCD72,0xCD72,0xCD72,
    0xCD72,0xCD72,0xCD72,0xCD72,0xCD72,0xCD72,0x2E83,0x2E83,0x2E83,0x2E83,0x2E83,0x2E83,
    0x2E83,0x7093,0x4E93,0x2E83,0x2E83,0x2E83,0x2E83,0x2E83,0x2E83,0x2E83,0x2E83,0x2E83,
    0x2E83,0x2E83,0xB09B,0xB09B,0xB09B,0xB09B,0x4E93,0x8F9B,0x4E93,0x2E83,0x2E83,0x2E83,
    0x2E83,0x0D83,0x0D83,0x0D83,0xED82,0x0D83,0x4E93,0x4E93,0x4E93,0x4E93,0x4E93,0xB09B,
    0xB09B,0x4E93,0x4E93,0xB09B,0x8F9B,0x2E83,0x2E83,0x2E83,0x2E83,0x2E83,0x2E83,0x2E83,
    0x2E83,0x2E83,0x2E83,0x2E83,0x2E83,0x2E83,0x2E83,0xCD72,0xCD72,0xCD72,0xCD72,0xCD72,
    0xCD72,0xCD72,0xCD72,0x2E83,0x2E83,0x0E7B,0x0E7B,0x0E7B,0x0E7B,0x0E7B,0xEE72,0x0E7B,
    0x0E7B,0xEE72,0xAD62,0xAD62,0xAD62,0xCE6A,0xCE6A,0xCE6A,0xCE6A,0xCE6A,0xCE6A,0xCE6A,
    0xCE6A,0xAD62,0xAD62,0x8D5A,0x8D5A,0x6D52,0x6D52,0x6D52,0x6D52,0x6D52,0x6D52,0x6D52,
    0x6D52,0x2C42,0x2C42,0x2C42,0x2C42,0x2C42,0x2C42,0x2C42,0x2C42,0x2C42,0x2C42,0x2C42,
    0x2C42,0x2C42,0x0C3A,0x0C3A,0xEC31,0xEC31,0xEC31,0xEC31,0xEC31,0xEC31,0xEC31,0xEC31,
    0xEC31,0xEC31,0xEC31,0xEC31,0xEC31,0xEC31,0xEC31,0xEC31,0xEC31,0xCC21,0xCC21,0xCC21,
    0xCC21,0xAB29,0xAB29,0xCC21,0xCC21,0xCC21,0xAB29,0xCC21,0xCC21,0xCC21,0xAB29,0xAB29,
    0xCC21,0xCC21,0xCC21,0xCC21,0xCC21,0xCC21,0xCC21,0xCC21,0xCC21,0xCC21,0xCC21,0xCC21,
    0xCC21,0xCC21,0xCC21,0xCC21,0xCC21,0xEC31,0xEC31,0xEC31,0xEC31,0xEC31,0xEC31,0x0C3A,
    0x0C3A,0xEC31,0x0C3A,0x0C3A,0x0C3A,0x0C3A,0x0C3A,0x2C42,0x2C42,0x2C42,0x2C42,0x2C42,
    0x4E42,0x2C42,0x4E42,0x2C42,0x4E42,0x4E42,0x2C42,0x2C42,0x2C42,0x2C42,0x2C42,0x6D52,
    0x6D52,0x6D52,0x6D52,0x6D52,0x6D52,0x6D52,0x6D52,0x8D5A,0x8D5A,0x8D5A,0x8D5A,0x8D5A,
    0xAD62,0xAD62,0xAD62,0xCE6A,0x0E7B,0x0E7B,0xEE72,0xCE6A,0x0E7B,0x0E7B,0xEE72,0x0E7B,
    0x0E7B,0x0E7B,0x0E7B,0x0E7B,0x2E83,0x2E83,0x2E83,0x2E83,0x0E7B,0xCD72,0xCD72,0xCD72,
    0xCD72,0xCD72,0xCD72,0xCD72,0xCD72,0xCD72,0x0E7B,0x2E83,0x4E93,0x2E83,0x2E83,0x2E83,
    0x2E83,0xB09B,0xB09B,0x4E93,0x2E83,0x2E83,0x2E83,0x2E83,0x4E93,0x2E83,0x2E83,0x2E83,
    0x2E83,0x2E83,0x8F9B,0xB09B,0xB09B,0xB09B,0xB09B,0x8F9B,0x8F9B,0x4E93,0x2E83,0x2E83,
    0x2E83,0x2E83,0x0D83,0x0D83,0x0D83,0x0D83,0x2E83,0xB09B,0x8F9B,0x4E93,0x4E93,0x8F9B,
    0xB09B,0xB09B,0x8F9B,0xB09B,0xB09B,0x8F9B,0x2E83,0x2E83,0x2E83,0x2E83,0x2E83,0x2E83,
    0x2E83,0x2E83,0x2E83,0x2E83,0x2E83,0x2E83,0x2E83,0x2E83,0xCD72,0xCD72,0xCD72,0xCD72,
    0xCD72,0xCD72,0xCD72,0x2E83,0x2E83,0x2E83,0x0E7B,0x0E7B,0x0E7B,0x0E7B,0x0E7B,0x0E7B,
    0x0E7B,0x0E7B,0xEE72,0xAD62,0xAD62,0xAD62,0xCE6A,0xCE6A,0xEE72,0xCE6A,0xCE6A,0xCE6A,
    0xCE6A,0xCE6A,0xAD62,0xAD62,0x8D5A,0x6D52,0x6D52,0x6D52,0x6D52,0x6D52,0x6D52,0x6D52,
    0x6D52,0x6D52,0x2C42,0x2C42,0x2C42,0x2C42,0x2C42,0x2C42,0x2C42,0x2C42,0x2C42,0x2C42,
    0x2C42,0x2C42,0x2C42,0x0C3A,0x0C3A,0xEC31,0xEC31,0xEC31,0xEC31,0xEC31,0xEC31,0xEC31,
    0xEC31,0xEC31,0xEC31,0xEC31,0xEC31,0xEC31,0xEC31,0xEC31,0xEC31,0xCC21,0xCC21,0xCC21,
    0xCC21,0xCC21,0xAB29,0xCC21,0xCC21,0xCC21,0xCC21,0xCC21,0xCC21,0xCC21,0xAB29,0xAB29,
    0xCC21,0xCC21,0xCC21,0xCC21,0xCC21,0xCC21,0xCC21,0xCC21,0xCC21,0xCC21,0xCC21,0xCC21,
    0xCC21,0xCC21,0xEC31,0xEC31,0xEC31,0xEC31,0xEC31,0xEC31,0xEC31,0xEC31,0xEC31,0x0C3A,
    0x0C3A,0x0C3A,0x0C3A,0x0C3A,0x0C3A,0x0C3A,0x2C42,0x2C42,0x2C42,0x2C42,0x2C42,0x2C42,
    0x4E42,0x4E42,0x4E42,0x4E42,0x6D52,0x6E52,0x6E52,0x2C42,0x2C42,0x2C42,0x2C42,0x6D52,
    0x6D52,0x6D52,0x6D52,0x6D52,0x6D52,0x8D5A,0x8D5A,0x8D5A,0x8D5A,0x8D5A,0x8D5A,0xAD62,
    0xAD62,0xAD62,0xAD62,0xAD62,0xCE6A,0x0E7B,0x0E7B,0x0E7B,0x0E7B,0x0E7B,0x0E7B,0x0E7B,
    0x0E7B,0x0E7B,0x0E7B,0x2E83,0x2E83,0x2E83,0x2E83,0x2E83,0x2E83,0x0E7B,0xCD72,0xCD72,
    0xCD72,0xCD72,0xCD72,0xCD72,0xCD72,0xCD72,0x2E83,0x2E83,0x7093,0x7093,0x708B,0x2E83,
    0x2E83,0xB09B,0xB09B,0x4E93,0x4E93,0x2E83,0x2E83,0x2E83,0x4E93,0x4E93,0x2E83,0x2E83,
    0x2E83,0x2E83,0x8F9B,0xB09B,0xB09B,0xB09B,0xB09B,0xB09B,0x8F9B,0x4E93,0x4E93,0x4E93,
    0x4E93,0x2E83,0x2E83,0x2E83,0x2E83,0x2E83,0x2E83,0x8F9B,0x8F9B,0x8F9B,0x8F9B,0x4E93,
    0x8F9B,0xB09B,0xB09B,0xB09B,0xB09B,0xB09B,0x8F9B,0x2E83,0x2E83,0x2E83,0x2E83,0x2E83,
    0x2E83,0x2E83,0x2E83,0x2E83,0x2E83,0x2E83,0x2E83,0x2E83,0x2E83,0xCD72,0xCD72,0xCD72,
    0xCD72,0xCD72,0xCD72,0x0E7B,0x2E83,0x2E83,0x0E7B,0x2E83,0x0E7B,0x0E7B,0x0E7B,0x0E7B,
    0x0E7B,0x0E7B,0xEE72,0xCD72,0xAD62,0xAD62,0xAD62,0xEE72,0xCE6A,0xCE6A,0xCE6A,0xCE6A,
    0xCE6A,0xCE6A,0xCE6A,0xAD62,0xAD62,0x8D5A,0x6D52,0x6D52,0x6D52,0x6D52,0x6D52,0x6D52,
    0x6D52,0x6D52,0x2C42,0x2C42,0x2C42,0x2C42,0x2C42,0x2C42,0x2C42,0x2C42,0x2C42,0x2C42,
    0x2C42,0x2C42,0x2C42,0x2C42,0x0C3A,0x0C3A,0xEC31,0xEC31,0xEC31,0xEC31,0xEC31,0xEC31,
    0xEC31,0xEC31,0xEC31,0xEC31,0xEC31,0xEC31,0xEC31,0xEC31,0xEC31,0xEC31,0xCC21,0xCC21,
    0xCC21,0xCC21,0xAB29,0xAB29,0xCC21,0xCC21,0xCC21,0xCC21,0xCC21,0xCC21,0xCC21,0xAB29,
    0xCC21,0xCC21,0xCC21,0xCC21,0xCC21,0xCC21,0xCC21,0xCC21,0xCC21,0xCC21,0xCC21,0xCC21,
    0xCC21,0xEC31,0xEC31,0xEC31,0xEC31,0xEC31,0xEC31,0xEC31,0xEC31,0xEC31,0x0C3A,0x0C3A,
    0x0C3A,0x0C3A,0x0C3A,0x0C3A,0x0C3A,0x2C42,0x2C42,0x2C42,0x2C42,0x2C42,0x2C42,0x2C42,
    0x2C42,0x4E42,0x4E42,0x4E42,0x6E52,0x6D52,0x6D52,0x6D52,0x2C42,0x2C42,0x2C42,0x6D52,
    0x6D52,0x6D52,0x6D52,0x8D5A,0x8D5A,0x8D5A,0x8D5A,0x8D5A,0x8D5A,0x8D5A,0xAD62,0xAD62,
    0xAD62,0xAD62,0xAD62,0xAD62,0xAD62,0xEE72,0x0E7B,0x0E7B,0x0E7B,0x0E7B,0x0E7B,0x0E7B,
    0x2E83,0x2E83,0x2E83,0x2E83,0x2E83,0x2E83,0x2E83,0x2E83,0x2E83,0x2E83,0x0D7B,0xCD72,
    0xCD72,0xCD72,0xCD72,0xCD72,0xCD72,0xEE82,0x2E83,0x2E83,0xB09B,0x7093,0x4E93,0x4E93,
    0x2E83,0xB09B,0xB09B,0xB09B,0x4E93,0x4E93,0x4E93,0x2E83,0x4E93,0x4E93,0x4E93,0x4E93,
    0x4E93,0x2E83,0x4E93,0xB09B,0xB09B,0xB09B,0xB09B,0xB09B,0xB09B,0x8F9B,0x4E93,0x4E93,
    0x4E93,0x4E93,0x2E83,0x0D83,0x0D83,0x0D83,0x2E83,0x8F9B,0x8F9B,0x8F9B,0x8F9B,0x4E93,
    0x4E93,0x8F9B,0xB09B,0xB09B,0xB09B,0xB09B,0xB09B,0x8F9B,0x2E83,0x2E83,0x2E83,0x2E83,
    0x2E83,0x2E83,0x2E83,0x2E83,0x2E83,0x2E83,0x2E83,0x2E83,0x2E83,0x2E83,0xCD72,0xCD72,
    0xCD72,0xCD72,0xCD72,0xCD72,0x2E83,0x2E83,0x2E83,0x2E83,0x2E83,0x2E83,0x0E7B,0x0E7B,
    0x0E7B,0x0E7B,0xEE72,0xCD72,0xCD72,0xAD62,0xAD62,0xEE72,0xEE72,0xEE72,0xCE6A,0xCE6A,
    0xCE6A,0xCE6A,0xCE6A,0xAD62,0xAD62,0xAD62,0x8D5A,0x8D5A,0x6D52,0x6D52,0x6D52,0x6D52,
    0x6D52,0x6D52,0x6D52,0x6D52,0x2C42,0x2C42,0x2C42,0x2C42,0x2C42,0x2C42,0x2C42,0x2C42,
    0x2C42,0x2C42,0x2C42,0x2C42,0x0C3A,0x0C3A,0x0C3A,0x0C3A,0xEC31,0xEC31,0xEC31,0xEC31,
    0xEC31,0xEC31,0xEC31,0xEC31,0xEC31,0xEC31,0xEC31,0xEC31,0xEC31,0xEC31,0xCC21,0xCC21,
    0xCC21,0xCC21,0xCC21,0xAB29,0xCC21,0xCC21,0xCC21,0xCC21,0xCC21,0xCC21,0xCC21,0xCC21,
    0xCC21,0xCC21,0xCC21,0xCC21,0xCC21,0xCC21,0xCC21,0xCC21,0xCC21,0xCC21,0xCC21,0xCC21,
    0xEC31,0xEC31,0xEC31,0x0C3A,0xEC31,0xEC31,0xEC31,0xEC31,0xEC31,0xEC31,0x0C3A,0x0C3A,
    0x0C3A,0x0C3A,0x0C3A,0x0C3A,0x0C3A,0x2C42,0x2C42,0x2C42,0x2C42,0x2C42,0x2C42,0x2C42,
    0x2C42,0x2C42,0x6D52,0x4E42,0x4E42,0x6E52,0x6D52,0x6D52,0x6D52,0x6D52,0x6D52,0x6D52,
    0x6D52,0x8D5A,0x8D5A,0x8D5A,0x8D5A,0x8D5A,0x8D5A,0x8D5A,0xAD62,0xAD62,0xAD62,0xAD62,
    0xAD62,0xAD62,0xAD62,0xAD62,0xAD62,0xAD62,0xEE72,0x0E7B,0x0E7B,0x0E7B,0x0E7B,0x2E83,
    0x2E83,0x2E83,0x2E83,0x2E83,0x2E83,0x2E83,0x2E83,0x2E83,0x2E83,0x2E83,0x2E83,0x0D7B,
    0xCD72,0xCD72,0xCD72,0xCD72,0xCD72,0x0D7B,0x2E83,0x2E83,0xB09B,0xB09B,0xB09B,0x4E93,
    0x4E93,0xB09B,0xB09B,0xB09B,0xB09B,0x4E93,0x4E93,0x2E83,0x4E93,0x8F9B,0x8F9B,0x4E93,
    0x4E93,0x4E93,0x4E93,0x8F9B,0xB09B,0xB09B,0xB09B,0xB09B,0xB09B,0xB09B,0x8F9B,0x4E93,
    0x4E93,0x4E93,0x4E93,0x2E83,0x0D83,0x0D83,0x2E83,0x8F9B,0x8F9B,0x8F9B,0x8F9B,0x8F9B,
    0x8F9B,0x4E93,0x8F9B,0xB09B,0xB09B,0xB09B,0xB09B,0xB09B,0x4E93,0x2E83,0x2E83,0x2E83,
    0x2E83,0x2E83,0x2E83,0x2E83,0x2E83,0x2E83,0x2E83,0x2E83,0x2E83,0x2E83,0x2E83,0x0D7B,
    0xCD72,0xCD72,0xCD72,0xCD72,0x2E83,0x2E83,0x2E83,0x2E83,0x2E83,0x2E83,0x0E7B,0x0E7B,
    0x0E7B,0x0E7B,0xEE72,0xCD72,0xCD72,0xCD72,0xCD72,0xEE72,0xEE72,0xEE72,0xCE6A,0xCE6A,
    0xCE6A,0xCE6A,0xAD62,0xAD62,0xAD62,0xAD62,0xAD62,0x8D5A,0x6D52,0x6D52,0x6D52,0x6D52,
    0x6D52,0x6D52,0x6D52,0x6D52,0x6D52,0x2C42,0x2C42,0x2C42,0x2C42,0x2C42,0x2C42,0x2C42,
    0x2C42,0x2C42,0x2C42,0x2C42,0x2C42,0x0C3A,0x0C3A,0x0C3A,0xEC31,0xEC31,0xEC31,0xEC31,
    0xEC31,0xEC31,0xEC31,0xEC31,0xEC31,0xEC31,0xEC31,0xEC31,0xEC31,0xEC31,0xEC31,0xCC21,
    0xCC21,0xCC21,0xCC21,0xCC21,0xCC21,0xCC21,0xAB29,0xCC21,0xAB29,0xAB29,0xCC21,0xCC21,
    0xCC21,0xCC21,0xCC21,0xCC21,0xCC21,0xCC21,0xCC21,0xCC21,0xCC21,0xCC21,0xCC21,0xEC31,
    0xEC31,0xEC31,0xEC31,0x0C3A,0x0C3A,0xEC31,0xEC31,0xEC31,0xEC31,0xEC31,0x0C3A,0x0C3A,
    0x0C3A,0x0C3A,0x0C3A,0x0C3A,0x0C3A,0x2C42,0x2C42,0x2C42,0x2C42,0x2C42,0x2C42,0x2C42,
    0x2C42,0x2C42,0x4E42,0x6E52,0x6E52,0x8D5A,0x8D5A,0x6D52,0x6D52,0x6D52,0x6D52,0x6D52,
    0x8D5A,0x8D5A,0x8D5A,0x8D5A,0x8D5A,0x8D5A,0x8D5A,0x8D5A,0xAD62,0xAD62,0xAD62,0xAD62,
    0xAD62,0xAD62,0xAD62,0xAD62,0xAD62,0xAD62,0xAD62,0xEE72,0x0E7B,0x0E7B,0x0E7B,0x2E83,
    0x2E83,0x2E83,0x2E83,0x2E83,0x2E83,0x2E83,0x2E83,0x2E83,0x2E83,0x2E83,0x2E83,0x2E83,
    0x0D7B,0xCD72,0xCD72,0xCD72,0x0D83,0x0D83,0x2E83,0x2E83,0x4E93,0xB09B,0xB09B,0x8F9B,
    0x4E93,0xB09B,0xB09B,0xB09B,0xB09B,0x8F9B,0x4E93,0x4E93,0x4E93,0xD0A3,0xB09B,0x8F9B,
    0x4E93,0x4E93,0x4E93,0xB09B,0xD0A3,0xB09B,0xB09B,0xB09B,0xB09B,0xB09B,0xB09B,0x8F9B,
    0x4E93,0x4E93,0x4E93,0x4E93,0x2E83,0x4E93,0x4E93,0x8F9B,0x8F9B,0x8F9B,0x8F9B,0x8F9B,
    0x8F9B,0x8F9B,0x4E93,0x8F9B,0x8F9B,0x8F9B,0xB09B,0xB09B,0x8F9B,0x4E93,0x4E93,0x2E83,
    0x2E83,0x2E83,0x2E83,0x2E83,0x2E83,0x2E83,0x4E93,0x2E83,0x2E83,0x2E83,0x2E83,0x0D83,
    0x0D7B,0x0D7B,0xED82,0xEE72,0x2E83,0x2E83,0x2E83,0x2E83,0x2E83,0x2E83,0x2E83,0x2E83,
    0x0E7B,0x0E7B,0xEE72,0xCD72,0xCD72,0xCD72,0xCD72,0xEE72,0xEE72,0xEE72,0xEE72,0xEE72,
    0xCE6A,0xCE6A,0xCE6A,0xAD62,0xAD62,0xAD62,0xAD62,0xAD62,0x8D5A,0x8D5A,0x6D52,0x6D52,
    0x6D52,0x6D52,0x6D52,0x6D52,0x6D52,0x6D52,0x2C42,0x2C42,0x2C42,0x2C42,0x2C42,0x2C42,
    0x2C42,0x2C42,0x2C42,0x2C42,0x2C42,0x2C42,0x0C3A,0x0C3A,0xEC31,0xEC31,0xEC31,0xEC31,
    0xEC31,0xEC31,0xEC31,0xEC31,0xEC31,0xEC31,0xEC31,0xEC31,0xEC31,0xEC31,0xEC31,0xEC31,
    0xCC21,0xCC21,0xCC21,0xCC21,0xCC21,0xCC21,0xAB29,0xAB29,0xCC21,0xCC21,0xCC21,0xCC21,
    0xCC21,0xCC21,0xCC21,0xCC21,0xCC21,0xCC21,0xCC21,0xCC21,0xCC21,0xCC21,0xEC31,0xEC31,
    0xEC31,0xEC31,0xEC31,0xEC31,0x0C3A,0x0C3A,0xEC31,0xEC31,0xEC31,0xEC31,0x0C3A,0x0C3A,
    0x0C3A,0x0C3A,0x0C3A,0x0C3A,0x2C42,0x0C3A,0x2C42,0x2C42,0x2C42,0x2C42,0x2C42,0x2C42,
    0x2C42,0x2C42,0x6D52,0x6D52,0x6E52,0x8E5A,0x8D5A,0x8D5A,0x8D5A,0x6D52,0x6D52,0x6D52,
    0x8D5A,0x8D5A,0x8D5A,0x8D5A,0x8D5A,0x8D5A,0xAD62,0xAD62,0xAD62,0xAD62,0xAD62,0xAD62,
    0xAD62,0xAD62,0xAD62,0xAD62,0xAD62,0xAD62,0xCD72,0xAD62,0x0E7B,0x0E7B,0x0E7B,0x2E83,
    0x2E83,0x2E83,0x2E83,0x2E83,0x2E83,0x2E83,0x2E83,0x2E83,0x2E83,0x2E83,0x2E83,0x2E83,
    0x2E83,0x0D7B,0x0D7B,0x0D7B,0x0D83,0x0D83,0x2E83,0x2E83,0x2E83,0xB09B,0xB09B,0xB09B,
    0xB09B,0xB09B,0xB09B,0xB09B,0xB09B,0xB09B,0x8F9B,0x4E93,0x4E93,0xB09B,0xD0A3,0xB09B,
    0x8F9B,0x8F9B,0x4E93,0xD0A3,0xD0A3,0xD0A3,0xB09B,0xD0A3,0xB09B,0xD0A3,0xD0A3,0x8F9B,
    0x8F9B,0x4E93,0x4E93,0x4E93,0x4E93,0x4E93,0x4E93,0x8F9B,0xAFA3,0x8F9B,0x8F9B,0x8F9B,
    0x8F9B,0x8F9B,0x8F9B,0x8F9B,0x8F9B,0x8F9B,0x8F9B,0xB09B,0xB09B,0x4E93,0x4E93,0x4E93,
    0x4E93,0x2E83,0x2E83,0x2E83,0x2E83,0x4E93,0x4E93,0x4E93,0x2E83,0x2E83,0x2E83,0x2E83,
    0x2E83,0x0D83,0x2E83,0x2E83,0x2E83,0x2E83,0x2E83,0x2E83,0x2E83,0x2E83,0x2E83,0x2E83,
    0x2E83,0x0E7B,0xCD72,0xCD72,0xEE72,0xCD72,0xCD72,0x0E7B,0xEE72,0xEE72,0xEE72,0xEE72,
    0xCE6A,0xCE6A,0xCE6A,0xAD62,0xAD62,0xAD62,0xAD62,0xAD62,0xAD62,0x6D52,0x8D5A,0x6D52,
    0x6D52,0x6D52,0x6D52,0x6D52,0x6D52,0x6D52,0x6D52,0x2C42,0x2C42,0x2C42,0x2C42,0x2C42,
    0x2C42,0x2C42,0x2C42,0x2C42,0x2C42,0x2C42,0x2C42,0x0C3A,0x0C3A,0xEC31,0xEC31,0xEC31,
    0xEC31,0xEC31,0xEC31,0xEC31,0xEC31,0xEC31,0xEC31,0xEC31,0xEC31,0xEC31,0xEC31,0xEC31,
    0xEC31,0xCC21,0xCC21,0xCC21,0xCC21,0xAB29,0xAB29,0xAB29,0xAB29,0xCC21,0xCC21,0xCC21,
    0xCC21,0xAB29,0xCC21,0xCC21,0xCC21,0xCC21,0xCC21,0xEC31,0xEC31,0xCC21,0xEC31,0xEC31,
    0xEC31,0xEC31,0xEC31,0xEC31,0x0C3A,0x0C3A,0x0C3A,0xEC31,0xEC31,0xEC31,0x0C3A,0x0C3A,
    0x2C42,0x2C42,0x2C42,0x2C42,0x2C42,0x2C42,0x2C42,0x2C42,0x2C42,0x2C42,0x2C42,0x2C42,
    0x2C42,0x2C42,0x6E52,0x8E5A,0x8D5A,0x8D5A,0x8D5A,0x8D5A,0x8D5A,0x8D5A,0x6D52,0x6D52,
    0x8D5A,0xAD62,0xAD62,0xAD62,0x8D5A,0x8D5A,0xAD62,0xAD62,0xAD62,0xAD62,0xAD62,0xAD62,
    0xAD62,0xAD62,0xAD62,0xAD62,0xCD72,0xCD72,0xCD72,0xCD72,0xCD72,0x2E83,0x2E83,0x2E83,
    0x2E83,0x2E83,0x2E83,0x2E83,0x2E83,0x2E83,0x2E83,0x2E83,0x2E83,0x2E83,0x2E83,0x2E83,
    0x2E83,0x2E83,0x0D83,0x0D83,0x0D83,0x2E83,0x2E83,0x2E83,0x2E83,0x8F9B,0xB09B,0xB09B,
    0xB09B,0xB09B,0xB09B,0xD0A3,0xD0A3,0xB09B,0xB09B,0x8F9B,0x4E93,0x8F9B,0xD0A3,0xD0A3,
    0xB09B,0x8F9B,0x8F9B,0xD0A3,0xD0A3,0xD0A3,0xD0A3,0xD0A3,0xD0A3,0xD0A3,0xD0A3,0xD0A3,
    0xB09B,0x8F9B,0x4E93,0x4E93,0x4E93,0x4E93,0x4E93,0x8F9B,0xD0A3,0x8F9B,0x8F9B,0x8F9B,
    0x8F9B,0x8F9B,0x8F9B,0x8F9B,0x8F9B,0x8F9B,0x4E93,0x8F9B,0xB09B,0x8F9B,0x4E93,0x4E93,
    0x4E93,0x4E93,0x2E83,0x2E83,0x2E83,0x4E93,0x4E93,0x4E93,0x4E93,0x2E83,0x2E83,0x2E83,
    0x2E83,0x2E83,0x2E83,0x2E83,0x2E83,0x2E83,0x2E83,0x2E83,0x2E83,0x2E83,0x2E83,0x2E83,
    0x2E83,0x2E83,0xCD72,0xCD72,0x0E7B,0xCD72,0xCD72,0x0E7B,0x0E7B,0x0E7B,0xEE72,0xEE72,
    0xEE72,0xEE72,0xCE6A,0xCE6A,0xCE6A,0xAD62,0xAD62,0xAD62,0xAD62,0xAD62,0x8D5A,0x6D52,
    0x6D52,0x6D52,0x6D52,0x6D52,0x6D52,0x6D52,0x6D52,0x2C42,0x2C42,0x2C42,0x2C42,0x2C42,
    0x2C42,0x2C42,0x2C42,0x2C42,0x2C42,0x2C42,0x2C42,0x0C3A,0x0C3A,0xEC31,0xEC31,0xEC31,
    0xEC31,0xEC31,0xEC31,0xEC31,0xEC31,0xEC31,0xEC31,0xEC31,0xEC31,0xEC31,0xEC31,0xEC31,
    0xEC31,0xEC31,0xCC21,0xCC21,0xCC21,0xAB29,0xAB29,0xAB29,0xCC21,0xAB29,0xAB29,0xCC21,
    0xCC21,0xCC21,0xCC21,0xCC21,0xCC21,0xCC21,0xCC21,0xCC21,0xCC21,0xEC31,0xCC21,0xEC31,
    0xEC31,0xEC31,0xEC31,0xEC31,0xEC31,0x0C3A,0x0C3A,0x0C3A,0x0C3A,0x0C3A,0x0C3A,0x0C3A,
    0x2C42,0x2C42,0x2C42,0x2C42,0x2C42,0x2C42,0x2C42,0x2C42,0x2C42,0x2C42,0x2C42,0x2C42,
    0x2C42,0x6D52,0x8D5A,0x8E5A,0x8E5A,0x8D5A,0x8D5A,0x8E5A,0x8D5A,0x8D5A,0x6D52,0x6D52,
    0x8D5A,0xAD62,0xAD62,0xAD62,0xAD62,0xAD62,0xAD62,0xAD62,0xAD62,0xAD62,0xAD62,0xAD62,
    0xAD62,0xAD62,0xAD62,0xCD72,0xCD72,0xCD72,0xCD72,0xEE72,0xCD72,0x0E7B,0x2E83,0x2E83,
    0x2E83,0x2E83,0x2E83,0x2E83,0x4E93,0x4E93,0x4E93,0x708B,0x2E83,0x2E83,0x2E83,0x2E83,
    0x2E83,0x2E83,0x0D83,0x2E83,0x0D83,0x2E83,0x2E83,0x2E83,0x2E83,0x4E93,0xD0A3,0xD0A3,
    0xB09B,0xB09B,0xB09B,0xD0A3,0xD0A3,0xD0A3,0xD0A3,0xB09B,0x8F9B,0x8F9B,0xD0A3,0xD0A3,
    0xD0A3,0xD0A3,0x8F9B,0xD0A3,0xD0A3,0xD0A3,0xD0A3,0xD0A3,0xD0A3,0xD0A3,0xD0A3,0xD0A3,
    0xD0A3,0xD0A3,0x8F9B,0x4E93,0x4E93,0x4E93,0x4E93,0x8F9B,0xD0A3,0xD0A3,0xD0A3,0xAFA3,
    0x8F9B,0x8F9B,0x8F9B,0x8F9B,0x8F9B,0x8F9B,0x8F9B,0x4E93,0x8F9B,0x8F9B,0x4E93,0x4E93,
    0x4E93,0x4E93,0x4E93,0x4E93,0x2E83,0x4E93,0x4E93,0x4E93,0x4E93,0x2E83,0x2E83,0x2E83,
    0x2E83,0x2E83,0x2E83,0x2E83,0x2E83,0x2E83,0x2E83,0x2E83,0x2E83,0x2E83,0x2E83,0x2E83,
    0x2E83,0x2E83,0x0E7B,0xCD72,0x0E7B,0xCD72,0xCD72,0x0E7B,0x0E7B,0x0E7B,0xEE72,0xEE72,
    0xEE72,0xEE72,0xEE72,0xCE6A,0xCE6A,0xCE6A,0xAD62,0xAD62,0xAD62,0xAD62,0xAD62,0x6D52,
    0x6D52,0x6D52,0x6D52,0x6D52,0x6D52,0x6D52,0x6D52,0x6D52,0x2C42,0x2C42,0x2C42,0x2C42,
    0x2C42,0x2C42,0x2C42,0x2C42,0x2C42,0x2C42,0x2C42,0x2C42,0x0C3A,0x0C3A,0xEC31,0xEC31,
    0xEC31,0xEC31,0xEC31,0xEC31,0xEC31,0xEC31,0xEC31,0xEC31,0xEC31,0xEC31,0xEC31,0xEC31,
    0xEC31,0xEC31,0xEC31,0xCC21,0xCC21,0xAB29,0xAB29,0xAB29,0xAB29,0xAB29,0xCC21,0xCC21,
    0xCC21,0xCC21,0xCC21,0xCC21,0xCC21,0xCC21,0xCC21,0xCC21,0xCC21,0xEC31,0xEC31,0xEC31,
    0xEC31,0xEC31,0xEC31,0xEC31,0x0C3A,0xEC31,0x0C3A,0x0C3A,0x0C3A,0x0C3A,0x0C3A,0x2C42,
    0x2C42,0x2C42,0x2C42,0x2C42,0x2C42,0x2C42,0x2C42,0x2C42,0x2C42,0x2C42,0x2C42,0x2C42,
    0x2C42,0x6D52,0x8E5A,0x8E5A,0x8E5A,0x8E5A,0x8D5A,0x8E5A,0x8D5A,0x8D5A,0x8D5A,0x6D52,
    0x8D5A,0xAD62,0xAD62,0xAD62,0xAD62,0xAD62,0xAD62,0xAD62,0xAD62,0xAD62,0xAD62,0xAD62,
    0xAD62,0xAD62,0xCD72,0xCD72,0xCD72,0xCD72,0xCD72,0xCD72,0x0E7B,0xCD72,0x0E7B,0x2E83,
    0x2E83,0x2E83,0x2E83,0x2E83,0x4E93,0x7093,0x4E93,0x7093,0x7093,0x2E83,0x2E83,0x2E83,
    0x2E83,0x2E83,0x2E83,0x2E83,0x2E83,0x0D83,0x2E83,0x4E93,0x4E93,0x4E93,0xB09B,0xD0A3,
    0xD0A3,0xD0A3,0xD0A3,0xD0A3,0xD0A3,0xD0A3,0xD0A3,0xD0A3,0xB09B,0x8F9B,0x8F9B,0xD0A3,
    0xD0A3,0xD0A3,0xD0A3,0xD0A3,0xD0A3,0xD0A3,0xD0A3,0xD0A3,0xD0A3,0xD0A3,0xD0A3,0xD0A3,
    0xD0A3,0xD0A3,0xAFA3,0x8F9B,0x8F9B,0x4E93,0x4E93,0x8F9B,0xD0A3,0xD0A3,0xAFA3,0xD0A3,
    0xAFA3,0xAFA3,0x8F9B,0x8F9B,0x8F9B,0x8F9B,0x8F9B,0x8F9B,0x4E93,0x8F9B,0x4E93,0x4E93,
    0x4E93,0x4E93,0x4E93,0x4E93,0x4E93,0x4E93,0x4E93,0x4E93,0x4E93,0x4E93,0x2E83,0x2E83,
    0x2E83,0x2E83,0x2E83,0x2E83,0x2E83,0x2E83,0x2E83,0x2E83,0x2E83,0x2E83,0x2E83,0x2E83,
    0x2E83,0x2E83,0x2E83,0xCD72,0xCD72,0x0E7B,0x0E7B,0xEE72,0x0E7B,0x0E7B,0x0E7B,0x0E7B,
    0xEE72,0xEE72,0xCD72,0xCD72,0xEE72,0xCE6A,0xCE6A,0xAD62,0xAD62,0xAD62,0xAD62,0x6C62,
    0x6D52,0x6D52,0x6D52,0x6D52,0x6D52,0x6D52,0x6D52,0x6D52,0x6D52,0x2C42,0x2C42,0x2C42,
    0x2C42,0x2C42,0x2C42,0x2C42,0x2C42,0x2C42,0x2C42,0x2C42,0x2C42,0x0C3A,0x0C3A,0xEC31,
    0xEC31,0xEC31,0xEC31,0xEC31,0xEC31,0xEC31,0xEC31,0xEC31,0xEC31,0xEC31,0xEC31,0xEC31,
    0xEC31,0xEC31,0xEC31,0xEC31,0xCC21,0xCC21,0xAB29,0xAB29,0xAB29,0xAB29,0xAB29,0xCC21,
    0xCC21,0xCC21,0xCC21,0xCC21,0xCC21,0xCC21,0xCC21,0xCC21,0xCC21,0xEC31,0xEC31,0xEC31,
    0xEC31,0xEC31,0xEC31,0xEC31,0x0C3A,0x0C3A,0x0C3A,0x0C3A,0x0C3A,0x0C3A,0x0C3A,0x2C42,
    0x2C42,0x2C42,0x2C42,0x2C42,0x2C42,0x2C42,0x2C42,0x2C42,0x2C42,0x2C42,0x2C42,0x2C42,
    0x6D52,0x6D52,0x8E5A,0x8E5A,0x8E5A,0x8E5A,0x8E5A,0x8E5A,0x8D5A,0x8D5A,0x8D5A,0x8D5A,
    0x8D5A,0xAD62,0xCE6A,0xAD62,0xAD62,0xAD62,0xAD62,0xAD62,0xAD62,0xAD62,0xAD62,0xAD62,
    0xCD72,0xCD72,0xCD72,0xCD72,0xCD72,0xCD72,0xCD72,0xCD72,0x0E7B,0x0E7B,0x0E7B,0x2E83,
    0x2E83,0x2E83,0x2E83,0x2E83,0x2E83,0x7093,0x7093,0x4E93,0xB09B,0x8F9B,0x4E93,0x2E83,
    0x2E83,0x2E83,0x2E83,0x2E83,0x2E83,0x0D83,0x2E83,0x4E93,0x4E93,0x4E93,0x8F9B,0xD0A3,
    0xD0A3,0xD0A3,0xD0A3,0xD0A3,0xD0A3,0xD0A3,0xD0A3,0xD0A3,0xD0A3,0xD0A3,0xD0A3,0xD0A3,
    0xD0A3,0x11AC,0xD0A3,0xD0A3,0xD0A3,0xD0A3,0xD0A3,0xD0A3,0xD0A3,0xD0A3,0xD0A3,0xD0A3,
    0xD0A3,0xD0A3,0xD0A3,0xAFA3,0x8F9B,0x8F9B,0x4E93,0x8F9B,0xD0A3,0xD0A3,0xD0A3,0xD0A3,
    0xD0A3,0xAFA3,0xAFA3,0x8F9B,0x8F9B,0x8F9B,0x8F9B,0x8F9B,0x8F9B,0x8F9B,0x8F9B,0x4E93,
    0x4E93,0x4E93,0x4E93,0x4E93,0x4E93,0x4E93,0x8F9B,0x8F9B,0x4E93,0x4E93,0x4E93,0x2E83,
    0x2E83,0x2E83,0x2E83,0x2E83,0x2E83,0x2E83,0x2E83,0x2E83,0x2E83,0x2E83,0x2E83,0x2E83,
    0x2E83,0x2E83,0x2E83,0x0E7B,0xCD72,0xCD72,0x0E7B,0x0E7B,0x0E7B,0x2E83,0x0E7B,0x0E7B,
    0x0E7B,0xEE72,0xEE72,0xEE72,0xEE72,0xEE72,0xCE6A,0xAD62,0xAD62,0xAD62,0xAD62,0xAD62,
    0x6D52,0x6D52,0x6D52,0x6D52,0x6D52,0x6D52,0x6D52,0x6D52,0x6D52,0x6D52,0x2C42,0x2C42,
    0x2C42,0x2C42,0x2C42,0x2C42,0x2C42,0x2C42,0x2C42,0x2C42,0x2C42,0x2C42,0x0C3A,0x0C3A,
    0x0C3A,0xEC31,0xEC31,0xEC31,0xEC31,0xEC31,0xEC31,0xEC31,0xEC31,0xEC31,0xEC31,0xEC31,
    0xEC31,0xEC31,0xEC31,0xCC21,0xCC21,0xCC21,0xCC21,0xAB29,0xAB29,0xAB29,0xAB29,0xAB29,
    0xCC21,0xCC21,0xCC21,0xCC21,0xCC21,0xCC21,0xCC21,0xCC21,0xCC21,0xEC31,0xEC31,0xEC31,
    0xEC31,0xEC31,0xEC31,0xEC31,0xEC31,0x0C3A,0x0C3A,0x0C3A,0x0C3A,0x0C3A,0x0C3A,0x2C42,
    0x2C42,0x2C42,0x2C42,0x2C42,0x2C42,0x2C42,0x2C42,0x2C42,0x2C42,0x2C42,0x6D52,0x6D52,
    0x6D52,0x6D52,0x8D5A,0x8E5A,0x8E5A,0x8E5A,0x8E5A,0x8D5A,0x8D5A,0x8D5A,0x8D5A,0x8D5A,
    0x8D5A,0xAD62,0xAD62,0xAD62,0xAD62,0xAD62,0xAD62,0xAD62,0xAD62,0xAD62,0xAD62,0xCE6A,
    0xCD72,0xCD72,0xCD72,0xCD72,0xCD72,0xCD72,0xCD72,0xCD72,0x0E7B,0x2E83,0x0E7B,0x2E83,
    0x2E83,0x2E83,0x2E83,0x2E83,0x2E83,0x2E83,0xB09B,0x4E93,0x7093,0xB09B,0x8F9B,0x8F9B,
    0x4E93,0x4E93,0x4E93,0x2E83,0x2E83,0x2E83,0x4E93,0x4E93,0x4E93,0x4E93,0x8F9B,0xD0A3,
    0xD0A3,0xD0A3,0xD0A3,0xD0A3,0xD0A3,0xD0A3,0xD0A3,0xD0A3,0xD0A3,0xD0A3,0xD0A3,0xD0A3,
    0xD0A3,0x11AC,0x11AC,0xD0A3,0xD0A3,0xD0A3,0xD0A3,0xD0A3,0xD0A3,0xD0A3,0xD0A3,0xD0A3,
    0xD0A3,0xD0A3,0xD0A3,0xD0A3,0xAFA3,0x8F9B,0x8F9B,0xAFA3,0xD0A3,0xD0A3,0xD0A3,0xD0A3,
    0xD0A3,0xD0A3,0xAFA3,0xAFA3,0xAFA3,0x8F9B,0x8F9B,0x8F9B,0x8F9B,0x8F9B,0x8F9B,0x8F9B,
    0x4E93,0x4E93,0x4E93,0x4E93,0x4E93,0x4E93,0x8F9B,0x8F9B,0x8F9B,0x4E93,0x4E93,0x2E83,
    0x2E83,0x2E83,0x2E83,0x2E83,0x2E83,0x2E83,0x2E83,0x2E83,0x2E83,0x2E83,0x2E83,0x2E83,
    0x2E83,0x2E83,0xCD72,0xEE72,0xCD72,0xCD72,0xCD72,0x2E83,0x2E83,0x2E83,0x2E83,0x0E7B,
    0x0E7B,0x0E7B,0xEE72,0xEE72,0xEE72,0xEE72,0xEE72,0xCE6A,0xAD62,0xAD62,0xAD62,0xAD62,
    0x6C62,0x6D52,0x8D5A,0x6D52,0x6D52,0x6D52,0x6D52,0x6D52,0x6D52,0x6D52,0x6D52,0x2C42,
    0x2C42,0x2C42,0x2C42,0x2C42,0x2C42,0x2C42,0x2C42,0x2C42,0x2C42,0x2C42,0x2C42,0x0C3A,
    0x0C3A,0x0C3A,0x0C3A,0xEC31,0xEC31,0xEC31,0xEC31,0xEC31,0xEC31,0xEC31,0xEC31,0xEC31,
    0xEC31,0xEC31,0xEC31,0xEC31,0xCC21,0xCC21,0xCC21,0xCC21,0xAB29,0xAB29,0xAB29,0xCC21,
    0xCC21,0xCC21,0xCC21,0xCC21,0xCC21,0xCC21,0xCC21,0xAB29,0xCC21,0xEC31,0xEC31,0xEC31,
    0xEC31,0xEC31,0xEC31,0xEC31,0xEC31,0xEC31,0x0C3A,0xEC31,0x0C3A,0x0C3A,0x0C3A,0x2C42,
    0x4E42,0x2C42,0x4E42,0x2C42,0x2C42,0x2C42,0x2C42,0x2C42,0x2C42,0x2C42,0x6D52,0x6D52,
    0x6D52,0x6D52,0x8D5A,0x8E5A,0x8E5A,0x8E5A,0x8E5A,0x8D5A,0x8D5A,0x8D5A,0x8D5A,0x8D5A,
    0x8D5A,0xAD62,0xAD62,0xAD62,0xAD62,0xAD62,0xAD62,0xAD62,0xAD62,0xAD62,0xEE72,0xEE72,
    0xCD72,0xCD72,0xCD72,0xCD72,0xCD72,0xCD72,0xEE72,0xEE72,0x0E7B,0x2E83,0x2E83,0x2E83,
    0x2E83,0x2E83,0x2E83,0x2E83,0x4E93,0x2E83,0x7093,0xB09B,0x4E93,0xB09B,0xB09B,0xB09B,
    0x8F9B,0x4E93,0x4E93,0x4E93,0x4E93,0x4E93,0x4E93,0x4E93,0x4E93,0x4E93,0x8F9B,0xD0A3,
    0xD0A3,0xD0A3,0xD0A3,0xD0A3,0xD0A3,0xD0A3,0xD0A3,0xD0A3,0xD0A3,0x11AC,0xD0A3,0xD0A3,
    0x11AC,0xD0A3,0x11AC,0x11AC,0xD0A3,0xD0A3,0xD0A3,0xD0A3,0xD0A3,0xD0A3,0xD0A3,0xD0A3,
    0xD0A3,0xD0A3,0xD0A3,0xD0A3,0xAFA3,0xAFA3,0xAFA3,0xAFA3,0xD0A3,0xD0A3,0xD0A3,0xD0A3,
    0xD0A3,0xD0A3,0xAFA3,0xD0A3,0xAFA3,0xAFA3,0x8F9B,0x8F9B,0x8F9B,0x8F9B,0x8F9B,0x8F9B,
    0x4E93,0x4E93,0x4E93,0x4E93,0x4E93,0x8F9B,0x8F9B,0x8F9B,0x8F9B,0x8F9B,0x4E93,0x4E93,
    0x2E83,0x2E83,0x2E83,0x2E83,0x2E83,0x2E83,0x2E83,0x0D83,0x2E83,0x2E83,0x2E83,0x2E83,
    0x2E83,0x2E83,0xCD72,0xCD72,0xCD72,0xCD72,0xCD72,0x2E83,0x2E83,0x2E83,0x2E83,0x2E83,
    0x0E7B,0x0E7B,0x0E7B,0x0E7B,0xEE72,0xEE72,0xEE72,0xEE72,0xAD62,0xAD62,0xAD62,0xAD62,
    0xAD62,0xAD62,0x6D52,0x6D52,0x6D52,0x6D52,0x6D52,0x6D52,0x6D52,0x6D52,0x6D52,0x6D52,
    0x2C42,0x2C42,0x2C42,0x2C42,0x2C42,0x2C42,0x2C42,0x2C42,0x2C42,0x2C42,0x2C42,0x2C42,
    0x0C3A,0x0C3A,0xEC31,0xEC31,0xEC31,0xEC31,0xEC31,0xEC31,0xEC31,0xEC31,0xEC31,0xEC31,
    0xEC31,0xEC31,0xEC31,0xEC31,0xCC21,0xEC31,0xCC21,0xCC21,0xAB29,0xAB29,0xAB29,0xAB29,
    0xCC21,0xAB29,0xCC21,0xCC21,0xCC21,0xCC21,0xCC21,0xCC21,0xCC21,0xCC21,0xEC31,0xEC31,
    0xEC31,0xEC31,0xEC31,0xEC31,0xEC31,0xEC31,0xEC31,0x0C3A,0x0C3A,0x0C3A,0x2C42,0x2C42,
    0x2C42,0x4E42,0x2C42,0x2C42,0x2C42,0x2C42,0x2C42,0x6D52,0x2C42,0x2C42,0x6D52,0x8E5A,
    0x8D5A,0x6D52,0x8D5A,0x8E5A,0x8E5A,0xCE6A,0xCE6A,0x8D5A,0xAD62,0xAD62,0xAD62,0x8D5A,
    0xAD62,0xAD62,0xAD62,0xAD62,0xAD62,0xAD62,0xAD62,0xAD62,0xAD62,0xAD62,0xEE72,0xEE72,
    0xEE72,0xEE72,0xCD72,0xCD72,0x0E7B,0x0E7B,0x0E7B,0x0E7B,0x0E7B,0x2E83,0x2E83,0x2E83,
    0x2E83,0x2E83,0x2E83,0x2E83,0x4E93,0x4E93,0x4E93,0xB09B,0xB09B,0x8F9B,0xB09B,0xB09B,
    0x8F9B,0x8F9B,0x4E93,0x4E93,0x4E93,0x4E93,0x4E93,0x4E93,0x4E93,0x8F9B,0x8F9B,0xAFA3,
    0xD0A3,0xD0A3,0xD0A3,0xD0A3,0xD0A3,0xD0A3,0xD0A3,0xD0A3,0xD0A3,0x11AC,0x11AC,0x11AC,
    0x11AC,0x11AC,0x11AC,0x11AC,0x11AC,0xD0A3,0xD0A3,0xD0A3,0x11AC,0x11AC,0xD0A3,0xD0A3,
    0xD0A3,0xD0A3,0xD0A3,0x11AC,0xD0A3,0xAFA3,0xAFA3,0xD0A3,0xD0A3,0xD0A3,0xD0A3,0xD0A3,
    0xD0A3,0xD0A3,0xD0A3,0xD0A3,0xAFA3,0xAFA3,0xAFA3,0xAFA3,0xAFA3,0x8F9B,0x8F9B,0x8F9B,
    0x8F9B,0x4E93,0x4E93,0x4E93,0x4E93,0x8F9B,0x8F9B,0x8F9B,0x8F9B,0x8F9B,0x4E93,0x4E93,
    0x4E93,0x4E93,0x2E83,0x4E93,0x2E83,0x2E83,0x2E83,0x2E83,0x0D83,0x2E83,0x2E83,0x2E83,
    0x2E83,0x2E83,0x0D83,0xCD72,0xCD72,0xCD72,0xCD72,0x0E7B,0x2E83,0x2E83,0x2E83,0x2E83,
    0x2E83,0x0E7B,0x0E7B,0x0E7B,0x0E7B,0xEE72,0xEE72,0xEE72,0xAD62,0xAD62,0xAD62,0xAD62,
    0xAD62,0xAD62,0xAD62,0x6D52,0x8D5A,0x6D52,0x6D52,0x6D52,0x6D52,0x6D52,0x6D52,0x6D52,
    0x6D52,0x2C42,0x2C42,0x2C42,0x2C42,0x2C42,0x2C42,0x2C42,0x2C42,0x2C42,0x2C42,0x2C42,
    0x2C42,0x0C3A,0x0C3A,0xEC31,0xEC31,0xEC31,0xEC31,0xEC31,0xEC31,0xEC31,0xEC31,0xEC31,
    0xEC31,0xEC31,0xEC31,0xEC31,0xEC31,0xEC31,0xEC31,0xCC21,0xCC21,0xAB29,0xAB29,0xAB29,
    0xCC21,0xCC21,0xCC21,0xCC21,0xAB29,0xAB29,0xCC21,0xCC21,0xCC21,0xEC31,0xEC31,0xEC31,
    0xEC31,0xEC31,0xEC31,0xEC31,0xEC31,0xEC31,0x0C3A,0x0C3A,0x0C3A,0x0C3A,0x2C42,0x2C42,
    0x2C42,0x2C42,0x2C42,0x2C42,0x2C42,0x2C42,0x2C42,0x6D52,0x6E52,0x6D52,0x6D52,0x8E5A,
    0x8E5A,0x8D5A,0x8D5A,0x8E5A,0x8E5A,0xCE6A,0xCE6A,0xCE6A,0xAD62,0xAD62,0xAD62,0xAD62,
    0xAD62,0xAD62,0xAD62,0xAD62,0xAD62,0xAD62,0xAD62,0xAD62,0xAD62,0xCD72,0xCD72,0xEE72,
    0xCD72,0xEE72,0xEE72,0x0E7B,0x0E7B,0x0E7B,0x0E7B,0x2E83,0x2E83,0x2E83,0x2E83,0x2E83,
    0x2E83,0x2E83,0x2E83,0x2E83,0x4E93,0x4E93,0x4E93,0x8F9B,0xD0A3,0xB09B,0x8F9B,0xD0A3,
    0xB09B,0xB09B,0x8F9B,0x8F9B,0x4E93,0x4E93,0x4E93,0x4E93,0x4E93,0x8F9B,0x8F9B,0x8F9B,
    0xD0A3,0xD0A3,0xD0A3,0xD0A3,0xD0A3,0xD0A3,0xD0A3,0xD0A3,0xD0A3,0x11AC,0x11AC,0x11AC,
    0x11AC,0x11AC,0x11AC,0x11AC,0x31B4,0x11AC,0x11AC,0x11AC,0x11AC,0x11AC,0xD0A3,0xD0A3,
    0x11AC,0xD0A3,0xD0A3,0xD0A3,0x11AC,0xD0A3,0xD0A3,0xAFA3,0x11AC,0xD0A3,0xD0A3,0xD0A3,
    0xD0A3,0xD0A3,0xD0A3,0xD0A3,0xD0A3,0xD0A3,0xAFA3,0xAFA3,0xAFA3,0xAFA3,0xAFA3,0xAFA3,
    0x8F9B,0x8F9B,0x8F9B,0x4E93,0x8F9B,0x8F9B,0x8F9B,0x8F9B,0x8F9B,0x8F9B,0x8F9B,0x4E93,
    0x4E93,0x4E93,0x4E93,0x4E93,0x4E93,0x2E83,0x2E83,0x2E83,0x2E83,0x0D83,0x2E83,0x2E83,
    0x2E83,0x2E83,0x0D83,0x0D7B,0xCD72,0xCD72,0xCD72,0xEE72,0x2E83,0x2E83,0x2E83,0x2E83,
    0x2E83,0x2E83,0x0E7B,0x0E7B,0x0E7B,0x0E7B,0x0E7B,0xEE72,0xCD72,0xAD62,0xAD62,0xAD62,
    0xAD62,0xAD62,0xAD62,0xAD62,0x6D52,0x6D52,0x6D52,0x6D52,0x6D52,0x6D52,0x6D52,0x6D52,
    0x6D52,0x6D52,0x2C42,0x2C42,0x2C42,0x2C42,0x2C42,0x2C42,0x2C42,0x2C42,0x2C42,0x2C42,
    0x2C42,0x0C3A,0x0C3A,0x0C3A,0xEC31,0xEC31,0xEC31,0xEC31,0xEC31,0xEC31,0xEC31,0xEC31,
    0xEC31,0xEC31,0xEC31,0xEC31,0xEC31,0xEC31,0xEC31,0xCC21,0xCC21,0xAB29,0xAB29,0xAB29,
    0xCC21,0xCC21,0xCC21,0xCC21,0xAB29,0xAB29,0xCC21,0xCC21,0xCC21,0xEC31,0xEC31,0xEC31,
    0xEC31,0xEC31,0xEC31,0xEC31,0xEC31,0xEC31,0xEC31,0x0C3A,0x2C42,0x0C3A,0x2C42,0x2C42,
    0x2C42,0x2C42,0x4E42,0x4E42,0x2C42,0x2C42,0x4E42,0x8D5A,0x6D52,0x6D52,0x8D5A,0x8E5A,
    0x8E5A,0x8E5A,0x8D5A,0x8E5A,0x8E5A,0xCE6A,0xCE6A,0xCE6A,0xCE6A,0xAD62,0xAD62,0xAD62,
    0xAD62,0xAD62,0xAD62,0xAD62,0xAD62,0xAD62,0xAD62,0xAD62,0xAD62,0xCD72,0xCD72,0xEE72,
    0xCD72,0x0E7B,0x0E7B,0x0E7B,0x0E7B,0x2E83,0x2E83,0x2E83,0x2E83,0x2E83,0x2E83,0x2E83,
    0x2E83,0x2E83,0x2E83,0x4E93,0x4E93,0x4E93,0x4E93,0x4E93,0x8F9B,0xD0A3,0xB09B,0xD0A3,
    0xD0A3,0xD0A3,0xB09B,0x8F9B,0x8F9B,0x4E93,0x4E93,0x8F9B,0x8F9B,0x8F9B,0x8F9B,0xAFA3,
    0xD0A3,0xD0A3,0xD0A3,0xD0A3,0xD0A3,0xD0A3,0xD0A3,0xD0A3,0xD0A3,0x11AC,0x31B4,0x31B4,
    0x31B4,0x31B4,0x11AC,0x11AC,0x11AC,0x31B4,0x11AC,0x11AC,0x11AC,0x11AC,0xD0A3,0xD0A3,
    0x11AC,0x11AC,0xD0A3,0x11AC,0x11AC,0x11AC,0xD0A3,0xD0A3,0xD0A3,0x11AC,0xD0A3,0xD0A3,
    0xD0A3,0xD0A3,0xD0A3,0xD0A3,0xD0A3,0xD0A3,0xD0A3,0xAFA3,0xAFA3,0xAFA3,0xAFA3,0xAFA3,
    0xAFA3,0x8F9B,0x8F9B,0x8F9B,0x8F9B,0x8F9B,0xAFA3,0x8F9B,0xAFA3,0x8F9B,0x8F9B,0x8F9B,
    0x4E93,0x4E93,0x4E93,0x4E93,0x4E93,0x4E93,0x2E83,0x2E83,0x2E83,0x2E83,0x2E83,0x2E83,
    0x2E83,0x2E83,0x2E83,0x0D83,0x0D7B,0xCD72,0xCD72,0xCD72,0x2E83,0x2E83,0x2E83,0x2E83,
    0x2E83,0x2E83,0x2E83,0x2E83,0x0E7B,0x0E7B,0x0E7B,0xEE72,0xEE72,0xAD62,0xAD62,0xAD62,
    0xAD62,0xAD62,0xAD62,0xAD62,0x8D5A,0x8D5A,0x6D52,0x6D52,0x6D52,0x6D52,0x6D52,0x6D52,
    0x6D52,0x6D52,0x2C42,0x2C42,0x2C42,0x2C42,0x2C42,0x2C42,0x2C42,0x2C42,0x2C42,0x2C42,
    0x2C42,0x2C42,0x0C3A,0x0C3A,0xEC31,0xEC31,0xEC31,0xEC31,0xEC31,0xEC31,0xEC31,0xEC31,
    0xEC31,0xEC31,0xEC31,0xEC31,0xEC31,0xEC31,0xEC31,0xEC31,0xCC21,0xCC21,0xAB29,0xAB29,
    0xCC21,0xCC21,0xCC21,0xCC21,0xAB29,0xCC21,0xCC21,0xCC21,0xCC21,0xEC31,0xEC31,0xEC31,
    0xEC31,0xEC31,0xEC31,0xEC31,0xEC31,0xEC31,0xEC31,0x0C3A,0x0C3A,0x2C42,0x2C42,0x2C42,
    0x2C42,0x2C42,0x2C42,0x4E42,0x4E42,0x6E52,0x6D52,0x8E5A,0x8E5A,0x6D52,0x8D5A,0x8E5A,
    0x8E5A,0x8E5A,0x8E5A,0x8D5A,0x8D5A,0xCE6A,0xCE6A,0xCE6A,0xCE6A,0xAD62,0xAD62,0xAD62,
    0xAD62,0xAD62,0xAD62,0xAD62,0xAD62,0xAD62,0xCD72,0xAD62,0xCD72,0xCD72,0xCD72,0xCD72,
    0xCD72,0x0E7B,0x0E7B,0x0E7B,0x2E83,0x2E83,0x2E83,0x2E83,0x2E83,0x2E83,0x4E93,0x4E93,
    0x2E83,0x2E83,0x2E83,0x4E93,0x4E93,0x4E93,0x4E93,0x4E93,0x4E93,0x8F9B,0xD0A3,0xD0A3,
    0xD0A3,0xD0A3,0xD0A3,0xD0A3,0xAFA3,0x8F9B,0x4E93,0x8F9B,0x8F9B,0xAFA3,0xAFA3,0xAFA3,
    0xAFA3,0xD0A3,0x11AC,0xD0A3,0xD0A3,0xD0A3,0xD0A3,0xD0A3,0xD0A3,0x11AC,0x31B4,0x31B4,
    0x31B4,0x31B4,0x31B4,0x11AC,0x11AC,0x11AC,0x31B4,0x31B4,0x11AC,0x11AC,0xD0A3,0xD0A3,
    0x11AC,0x11AC,0x31B4,0x31B4,0x11AC,0x31B4,0x31B4,0x11AC,0xD0A3,0xD0A3,0xF0B3,0x11AC,
    0xD0A3,0xD0A3,0xD0A3,0xD0A3,0xD0A3,0xD0A3,0xD0A3,0xD0A3,0xAFA3,0xAFA3,0xAFA3,0xAFA3,
    0xAFA3,0xAFA3,0x8F9B,0x8F9B,0x8F9B,0xD0A3,0xAFA3,0xAFA3,0x8F9B,0xAFA3,0x8F9B,0x8F9B,
    0x8F9B,0x4E93,0x4E93,0x4E93,0x4E93,0x4E93,0x4E93,0x2E83,0x0D83,0x2E83,0x2E83,0x2E83,
    0x0D83,0x0D83,0x2E83,0x0D83,0x0D7B,0x0D7B,0xCD72,0xCD72,0xEE72,0x2E83,0x2E83,0x2E83,
    0x2E83,0x2E83,0x2E83,0x0E7B,0x2E83,0x0E7B,0x0E7B,0x0E7B,0xEE72,0xAD62,0xAD62,0xAD62,
    0xAD62,0xAD62,0xAD62,0xAD62,0x8D5A,0x8D5A,0x6D52,0x6D52,0x6D52,0x6D52,0x6D52,0x6D52,
    0x6D52,0x6D52,0x6D52,0x2C42,0x2C42,0x2C42,0x2C42,0x2C42,0x2C42,0x2C42,0x2C42,0x2C42,
    0x2C42,0x2C42,0x2C42,0x0C3A,0x0C3A,0xEC31,0xEC31,0xEC31,0xEC31,0xEC31,0xEC31,0xEC31,
    0xEC31,0xEC31,0xEC31,0xEC31,0xEC31,0xEC31,0xEC31,0xCC21,0xCC21,0xCC21,0xCC21,0xAB29,
    0xCC21,0xCC21,0xCC21,0xAB29,0xCC21,0xCC21,0xCC21,0xCC21,0xCC21,0xEC31,0xEC31,0xEC31,
    0xEC31,0xEC31,0xEC31,0xEC31,0xEC31,0xEC31,0xEC31,0x0C3A,0x0C3A,0x0C3A,0x2C42,0x2C42,
    0x2C42,0x2C42,0x2C42,0x2C42,0x4E42,0x6D52,0x8E5A,0x8E5A,0x8E5A,0x8E5A,0x8E5A,0x8E5A,
    0x8D5A,0x8E5A,0x8E5A,0x8E5A,0x8D5A,0xCE6A,0xCE6A,0xCE6A,0xCE6A,0xCE6A,0xAD62,0xAD62,
    0xAD62,0xAD62,0xAD62,0xAD62,0xAD62,0xAD62,0xCD72,0xCD72,0xCD72,0xCD72,0xCD72,0xCD72,
    0x0E7B,0x0E7B,0x0E7B,0x2E83,0x2E83,0x2E83,0x2E83,0x2E83,0x2E83,0x2E83,0x4E93,0x4E93,
    0x4E93,0x2E83,0x2E83,0x4E93,0x4E93,0x4E93,0x4E93,0x8F9B,0x4E93,0x4E93,0x8F9B,0xD0A3,
    0xD0A3,0xD0A3,0xD0A3,0xD0A3,0xD0A3,0xAFA3,0x8F9B,0xAFA3,0xAFA3,0xD0A3,0xD0A3,0xAFA3,
    0xAFA3,0xD0A3,0x11AC,0x11AC,0x11AC,0xD0A3,0xD0A3,0x11AC,0x11AC,0x31B4,0x31B4,0x31B4,
    0x31B4,0x31B4,0x31B4,0x31B4,0x31B4,0x11AC,0x11AC,0x31B4,0x31B4,0x31B4,0x31B4,0xD0A3,
    0xD0A3,0x31B4,0x31B4,0x31B4,0x31B4,0x31B4,0x31B4,0x31B4,0x31B4,0xD0A3,0x31B4,0x31B4,
    0xD0A3,0xD0A3,0xD0A3,0xD0A3,0xD0A3,0xD0A3,0xD0A3,0xD0A3,0xD0A3,0xAFA3,0xAFA3,0xAFA3,
    0xAFA3,0xAFA3,0xAFA3,0x8F9B,0xAFA3,0xD0A3,0xD0A3,0xD0A3,0xAFA3,0xAFA3,0xAFA3,0x8F9B,
    0x8F9B,0x8F9B,0x8F9B,0x4E93,0x4E93,0x4E93,0x4E93,0x4E93,0x2E83,0x0D83,0x0D83,0x2E83,
    0x2E83,0x2E83,0x2E83,0x2E83,0x0D83,0x0D83,0x0D7B,0xCD72,0xCD72,0x2E83,0x2E83,0x2E83,
    0x2E83,0x2E83,0x2E83,0x2E83,0x2E83,0x2E83,0x0E7B,0x0E7B,0xEE72,0xAD62,0xAD62,0xAD62,
    0xAD62,0xAD62,0xAD62,0xAD62,0xAD62,0x8D5A,0x6D52,0x6D52,0x6D52,0x6D52,0x6D52,0x6D52,
    0x6D52,0x6D52,0x6D52,0x2C42,0x2C42,0x2C42,0x2C42,0x2C42,0x2C42,0x2C42,0x2C42,0x2C42,
    0x2C42,0x2C42,0x2C42,0x2C42,0x0C3A,0x0C3A,0xEC31,0xEC31,0xEC31,0xEC31,0xEC31,0xEC31,
    0xEC31,0xEC31,0xEC31,0xEC31,0xEC31,0xEC31,0xEC31,0xEC31,0xCC21,0xCC21,0xCC21,0xAB29,
    0xCC21,0xCC21,0xCC21,0xAB29,0xCC21,0xCC21,0xCC21,0xCC21,0xEC31,0xEC31,0xEC31,0xEC31,
    0xEC31,0xEC31,0xEC31,0xEC31,0xEC31,0xEC31,0xEC31,0x0C3A,0x0C3A,0x0C3A,0x2C42,0x2C42,
    0x2C42,0x2C42,0x2C42,0x2C42,0x4E42,0x8E5A,0x8E5A,0x8E5A,0x8E5A,0x8E5A,0x8E5A,0x8E5A,
    0x8E5A,0x8E5A,0xCE6A,0xCE6A,0xCE6A,0xCE6A,0xCE6A,0xCE6A,0xCE6A,0xCE6A,0xCE6A,0xAD62,
    0xAD62,0xAD62,0xAD62,0xAD62,0xAD62,0xCD72,0xCD72,0xCD72,0xCD72,0xCD72,0xCD72,0xCD72,
    0xEE72,0x0E7B,0x2E83,0x2E83,0x2E83,0x2E83,0x2E83,0x2E83,0x2E83,0x2E83,0x4E93,0x4E93,
    0x4E93,0x4E93,0x4E93,0x4E93,0x4E93,0x4E93,0x4E93,0x8F9B,0x8F9B,0x8F9B,0x8F9B,0x8F9B,
    0xD0A3,0xD0A3,0xD0A3,0xD0A3,0xD0A3,0xD0A3,0xAFA3,0xAFA3,0xAFA3,0xD0A3,0xD0A3,0xD0A3,
    0xAFA3,0xD0A3,0xD0A3,0x11AC,0x11AC,0x11AC,0xD0A3,0xD0A3,0x11AC,0x11AC,0x31B4,0x31B4,
    0x31B4,0x31B4,0x31B4,0x31B4,0x31B4,0x31B4,0x31B4,0x31B4,0x31B4,0x31B4,0x31B4,0x11AC,
    0xD0A3,0x31B4,0x31B4,0x31B4,0x31B4,0x31B4,0x31B4,0x31B4,0x31B4,0x31B4,0x31B4,0x31B4,
    0x31B4,0x11AC,0xD0A3,0xD0A3,0xD0A3,0xD0A3,0xD0A3,0xD0A3,0xD0A3,0xD0A3,0xAFA3,0xAFA3,
    0xAFA3,0xAFA3,0xAFA3,0xAFA3,0xAFA3,0xD0A3,0xD0A3,0xD0A3,0xAFA3,0xD0A3,0xAFA3,0xAFA3,
    0x8F9B,0x8F9B,0x8F9B,0x8F9B,0x8F9B,0x4E93,0x4E93,0x4E93,0x2E83,0x2E83,0x0D83,0x0D83,
    0x0D83,0x2E83,0x2E83,0x0D83,0x0D83,0x0D83,0x0D83,0x0D7B,0xCD72,0x2E83,0x2E83,0x2E83,
    0x2E83,0x2E83,0x2E83,0x2E83,0x2E83,0x2E83,0x0E7B,0x0E7B,0x0E7B,0xCD72,0xAD62,0xAD62,
    0xAD62,0xAD62,0xAD62,0xAD62,0xAD62,0xAD62,0x8D5A,0x6D52,0x6D52,0x6D52,0x6D52,0x6D52,
    0x6D52,0x6D52,0x6D52,0x6D52,0x6D52,0x2C42,0x2C42,0x2C42,0x2C42,0x2C42,0x2C42,0x2C42,
    0x2C42,0x2C42,0x2C42,0x2C42,0x2C42,0x0C3A,0x0C3A,0xEC31,0xEC31,0xEC31,0xEC31,0xEC31,
    0xEC31,0xEC31,0xEC31,0xEC31,0xEC31,0xEC31,0xEC31,0xEC31,0xEC31,0xCC21,0xCC21,0xCC21,
    0xCC21,0xCC21,0xCC21,0xAB29,0xCC21,0xCC21,0xCC21,0xCC21,0xEC31,0xEC31,0xEC31,0xEC31,
    0xEC31,0xEC31,0xEC31,0xEC31,0xEC31,0xEC31,0xEC31,0x0C3A,0x0C3A,0x0C3A,0x2C42,0x2C42,
    0x2C42,0x2C42,0x2C42,0x2C42,0x4E42,0x6E52,0x8E5A,0x8D5A,0x8E5A,0x8E5A,0x8E5A,0x8E5A,
    0xCE6A,0x8E5A,0x8E5A,0xCE6A,0xCE6A,0xCE6A,0xCE6A,0xCE6A,0xCE6A,0xCE6A,0xCE6A,0xCE6A,
    0xAD62,0xAD62,0xAD62,0xAD62,0xAD62,0xCD72,0xCD72,0xCD72,0xCD72,0xCD72,0xCD72,0xEE72,
    0x0E7B,0x2E83,0x2E83,0x2E83,0x2E83,0x2E83,0x2E83,0x2E83,0x2E83,0x2E83,0x4E93,0x8F9B,
    0x8F9B,0x4E93,0x4E93,0x4E93,0x4E93,0x4E93,0x8F9B,0x8F9B,0x8F9B,0x8F9B,0x8F9B,0x8F9B,
    0xD0A3,0xD0A3,0x11AC,0x11AC,0x11AC,0xD0A3,0xD0A3,0xAFA3,0xD0A3,0xD0A3,0x11AC,0xD0A3,
    0xD0A3,0xD0A3,0xD0A3,0x11AC,0x31B4,0x11AC,0x31B4,0x11AC,0x11AC,0x31B4,0x31B4,0x31B4,
    0x31B4,0x31B4,0x31B4,0x31B4,0x31B4,0x31B4,0x31B4,0x31B4,0x31B4,0x31B4,0x31B4,0x31B4,
    0x11AC,0x11AC,0x31B4,0x31B4,0x31B4,0x31B4,0x31B4,0x31B4,0x31B4,0x31B4,0x31B4,0x31B4,
    0x31B4,0x31B4,0x31B4,0xF0B3,0xD0A3,0xD0A3,0xD0A3,0xD0A3,0xD0A3,0xD0A3,0xAFA3,0xAFA3,
    0xAFA3,0xAFA3,0xAFA3,0xAFA3,0xAFA3,0xD0A3,0xD0A3,0xD0A3,0xD0A3,0xD0A3,0xAFA3,0xAFA3,
    0xAFA3,0xAFA3,0xD0A3,0xD0A3,0xAFA3,0x8F9B,0x4E93,0x4E93,0x4E93,0x2E83,0x0D83,0x0D83,
    0x0D83,0x2E83,0x2E83,0x2E83,0x0D83,0x0D83,0x0D83,0x0D83,0x0D7B,0x0D7B,0x2E83,0x2E83,
    0x2E83,0x2E83,0x2E83,0x2E83,0x2E83,0x2E83,0x2E83,0x0E7B,0x0E7B,0xCD72,0xAD62,0xAD62,
    0xAD62,0xAD62,0xAD62,0xAD62,0xAD62,0xAD62,0xAD62,0x6D52,0x6D52,0x6D52,0x6D52,0x6D52,
    0x6D52,0x6D52,0x6D52,0x6D52,0x6D52,0x2C42,0x2C42,0x2C42,0x2C42,0x2C42,0x2C42,0x2C42,
    0x2C42,0x2C42,0x2C42,0x2C42,0x2C42,0x0C3A,0x0C3A,0x0C3A,0xEC31,0xEC31,0xEC31,0xEC31,
    0xEC31,0xEC31,0xEC31,0xEC31,0xEC31,0xEC31,0xEC31,0xEC31,0xEC31,0xEC31,0xCC21,0xCC21,
    0xCC21,0xCC21,0xCC21,0xCC21,0xCC21,0xCC21,0xCC21,0xCC21,0xEC31,0xEC31,0xEC31,0xEC31,
    0xEC31,0xEC31,0xEC31,0xEC31,0xEC31,0xEC31,0xEC31,0xEC31,0x2C42,0x2C42,0x2C42,0x2C42,
    0x2C42,0x2C42,0x2C42,0x2C42,0x6D52,0x6D52,0x6E52,0x8D5A,0x8E5A,0x8E5A,0x8E5A,0x8E5A,
    0xCE6A,0xCE6A,0xCE6A,0xCE6A,0xCE6A,0xCE6A,0xCE6A,0xCE6A,0xCE6A,0xCE6A,0xCE6A,0xCE6A,
    0xCE6A,0xAD62,0xAD62,0xAD62,0xCD72,0xCD72,0xCD72,0xCD72,0xCD72,0xCD72,0xEE72,0x0E7B,
    0x0E7B,0x2E83,0x2E83,0x2E83,0x2E83,0x2E83,0x2E83,0x2E83,0x2E83,0x2E83,0x4E93,0x8F9B,
    0x8F9B,0x8F9B,0x4E93,0x4E93,0x4E93,0x4E93,0x8F9B,0x8F9B,0x8F9B,0x8F9B,0x8F9B,0xAFA3,
    0xAFA3,0xD0A3,0x11AC,0x11AC,0x11AC,0x11AC,0xD0A3,0xD0A3,0x11AC,0xD0A3,0x11AC,0x31B4,
    0xD0A3,0xD0A3,0xD0A3,0xD0A3,0x31B4,0x31B4,0x31B4,0x31B4,0x11AC,0x11AC,0x31B4,0x31B4,
    0x31B4,0x31B4,0x31B4,0x31B4,0x31B4,0x31B4,0x31B4,0x31B4,0x31B4,0x31B4,0x31B4,0x31B4,
    0x31B4,0x31B4,0x31B4,0x31B4,0x31B4,0x31B4,0x31B4,0x31B4,0x31B4,0x31B4,0x31B4,0x31B4,
    0x31B4,0x31B4,0x31B4,0x31B4,0x11AC,0xD0A3,0xD0A3,0xD0A3,0xD0A3,0xD0A3,0xD0A3,0xAFA3,
    0xAFA3,0xAFA3,0xAFA3,0xAFA3,0xAFA3,0xD0A3,0xD0A3,0xD0A3,0xD0A3,0xD0A3,0xD0A3,0xAFA3,
    0xAFA3,0xD0A3,0xD0A3,0xD0A3,0xD0A3,0xAFA3,0x8F9B,0x4E93,0x4E93,0x2E83,0x0D83,0x2E83,
    0x0D83,0x0D83,0x2E83,0x2E83,0x2E83,0x0D83,0x0D83,0x0D83,0x0D83,0x0D83,0x0D83,0x2E83,
    0x2E83,0x2E83,0x2E83,0x2E83,0x2E83,0x2E83,0x2E83,0x0E7B,0x0E7B,0xCD72,0xAD62,0xAD62,
    0xAD62,0xAD62,0xAD62,0xAD62,0xAD62,0xAD62,0xAD62,0x8D5A,0x6D52,0x6D52,0x6D52,0x6D52,
    0x6D52,0x6D52,0x6D52,0x6D52,0x6D52,0x6D52,0x2C42,0x2C42,0x2C42,0x2C42,0x2C42,0x2C42,
    0x2C42,0x2C42,0x2C42,0x2C42,0x2C42,0x2C42,0x0C3A,0xEC31,0xEC31,0xEC31,0xEC31,0xEC31,
    0xEC31,0xEC31,0xEC31,0xEC31,0xEC31,0xEC31,0xEC31,0xEC31,0xEC31,0xEC31,0xCC21,0xCC21,
    0xCC21,0xCC21,0xCC21,0xCC21,0xCC21,0xCC21,0xCC21,0xEC31,0xEC31,0xEC31,0xEC31,0xEC31,
    0xEC31,0xEC31,0xEC31,0xEC31,0xEC31,0xEC31,0xEC31,0x0C3A,0x2C42,0x2C42,0x2C42,0x2C42,
    0x2C42,0x2C42,0x2C42,0x2C42,0x2C42,0x6D52,0x6D52,0x6E52,0x8E5A,0x8D5A,0x8D5A,0x8D5A,
    0x8E5A,0xCE6A,0xCE6A,0xCE6A,0xCE6A,0xCE6A,0xCE6A,0xCE6A,0xCE6A,0xEE72,0xCE6A,0xCE6A,
    0xAD62,0xAD62,0xAD62,0xCD72,0xEE72,0xCD72,0xCD72,0xCD72,0xCD72,0xEE72,0x0E7B,0x0E7B,
    0x2E83,0x2E83,0x2E83,0x2E83,0x2E83,0x4E93,0x4E93,0x2E83,0x2E83,0x4E93,0x4E93,0x8F9B,
    0x8F9B,0x8F9B,0x8F9B,0x4E93,0x4E93,0x4E93,0x8F9B,0x8F9B,0x8F9B,0x8F9B,0xAFA3,0xD0A3,
    0xAFA3,0xD0A3,0x11AC,0x11AC,0x11AC,0x31B4,0x31B4,0x11AC,0x11AC,0x11AC,0x11AC,0x31B4,
    0x31B4,0x11AC,0xD0A3,0xD0A3,0x31B4,0x31B4,0x31B4,0x31B4,0x31B4,0x31B4,0x31B4,0x31B4,
    0x31B4,0x31B4,0x31B4,0x31B4,0x31B4,0x31B4,0x31B4,0x31B4,0x31B4,0x31B4,0x31B4,0x31B4,
    0x31B4,0x31B4,0x31B4,0x31B4,0x31B4,0x31B4,0x31B4,0x31B4,0x31B4,0x31B4,0x31B4,0x31B4,
    0x31B4,0x31B4,0x31B4,0x31B4,0x31B4,0x31B4,0x31B4,0xD0A3,0xD0A3,0xD0A3,0xD0A3,0xD0A3,
    0xAFA3,0xAFA3,0xAFA3,0xAFA3,0xAFA3,0xD0A3,0xD0A3,0xD0A3,0xD0A3,0xD0A3,0xD0A3,0xD0A3,
    0xAFA3,0xD0A3,0xD0A3,0xD0A3,0xD0A3,0xD0A3,0xAFA3,0x8F9B,0x4E93,0x4E93,0x0D83,0x0D83,
    0x2E83,0x2E83,0x2E83,0x2E83,0x2E83,0x2E83,0x0D83,0x0D83,0x0D83,0x0D83,0x0D83,0x2E83,
    0x2E83,0x2E83,0x2E83,0x2E83,0x2E83,0x2E83,0x2E83,0x0E7B,0x0E7B,0xEE72,0xCD72,0xAD62,
    0xAD62,0xAD62,0xAD62,0xAD62,0xAD62,0xAD62,0xAD62,0xAD62,0x6D52,0x6D52,0x6D52,0x6D52,
    0x6D52,0x6D52,0x6D52,0x6D52,0x6D52,0x6D52,0x6D52,0x2C42,0x2C42,0x2C42,0x2C42,0x2C42,
    0x2C42,0x2C42,0x2C42,0x2C42,0x2C42,0x2C42,0x0C3A,0x0C3A,0xEC31,0x0C3A,0xEC31,0xEC31,
    0xEC31,0xEC31,0xEC31,0xEC31,0xEC31,0xEC31,0xEC31,0xEC31,0xEC31,0xEC31,0xCC21,0xCC21,
    0xCC21,0xCC21,0xCC21,0xCC21,0xCC21,0xCC21,0xEC31,0xEC31,0xEC31,0xEC31,0xEC31,0xEC31,
    0xEC31,0xEC31,0xEC31,0xEC31,0xEC31,0x0C3A,0x0C3A,0x2C42,0x2C42,0x2C42,0x2C42,0x2C42,
    0x2C42,0x2C42,0x2C42,0x2C42,0x2C42,0x6D52,0x6D52,0x6D52,0x6D52,0x8D5A,0x6D52,0x8D5A,
    0x8D5A,0xCE6A,0xCE6A,0xCE6A,0xCE6A,0xCE6A,0xCE6A,0xCE6A,0xEE72,0xEE72,0xEE72,0xCE6A,
    0xCE6A,0xCD72,0xCD72,0xCD72,0xCD72,0xCD72,0xCD72,0xCD72,0xCD72,0x0E7B,0x0E7B,0x2E83,
    0x2E83,0x2E83,0x2E83,0x2E83,0x2E83,0x4E93,0x4E93,0x4E93,0x4E93,0x4E93,0x4E93,0x8F9B,
    0x8F9B,0x8F9B,0x8F9B,0x8F9B,0x8F9B,0x8F9B,0x8F9B,0x8F9B,0x8F9B,0xAFA3,0xAFA3,0xAFA3,
    0xD0A3,0xD0A3,0x11AC,0x11AC,0x31B4,0x31B4,0x31B4,0x31B4,0x31B4,0x31B4,0x31B4,0x31B4,
    0x31B4,0x31B4,0x31B4,0xD0A3,0x31B4,0x31B4,0x31B4,0x31B4,0x31B4,0x31B4,0x31B4,0x31B4,
    0x72BC,0x31B4,0x31B4,0x31B4,0x31B4,0x31B4,0x31B4,0x31B4,0x31B4,0x31B4,0x31B4,0x31B4,
    0x31B4,0x31B4,0x31B4,0x31B4,0x31B4,0x31B4,0x31B4,0x31B4,0x31B4,0x31B4,0x31B4,0x31B4,
    0x31B4,0x31B4,0x31B4,0x31B4,0x31B4,0x31B4,0x31B4,0x31B4,0xD0A3,0xD0A3,0xD0A3,0xD0A3,
    0xD0A3,0xAFA3,0xAFA3,0xAFA3,0xAFA3,0xD0A3,0x11AC,0x11AC,0xD0A3,0xD0A3,0xD0A3,0xD0A3,
    0xD0A3,0xD0A3,0xAFA3,0xAFA3,0xD0A3,0xD0A3,0xD0A3,0x8F9B,0x4E93,0x4E93,0x4E93,0x0D83,
    0x0D83,0x2E83,0x2E83,0x2E83,0x2E83,0x2E83,0x2E83,0x2E83,0x0D83,0x0D83,0x0D83,0x2E83,
    0x2E83,0x2E83,0x2E83,0x2E83,0x2E83,0x2E83,0x2E83,0x2E83,0x2E83,0xEE72,0xCD72,0xCD72,
    0xAD62,0xAD62,0xAD62,0xAD62,0xAD62,0xAD62,0xAD62,0xAD62,0xAD62,0x6D52,0x6D52,0x6D52,
    0x6D52,0x6D52,0x6D52,0x6D52,0x6D52,0x6D52,0x6D52,0x2C42,0x2C42,0x2C42,0x2C42,0x2C42,
    0x2C42,0x2C42,0x2C42,0x2C42,0x2C42,0x2C42,0x2C42,0x0C3A,0x0C3A,0x0C3A,0x0C3A,0xEC31,
    0xEC31,0xEC31,0xEC31,0xEC31,0xEC31,0xEC31,0xEC31,0xEC31,0xEC31,0xEC31,0xEC31,0xCC21,
    0xCC21,0xCC21,0xCC21,0xCC21,0xCC21,0xEC31,0xEC31,0xEC31,0xEC31,0xEC31,0xEC31,0xEC31,
    0xEC31,0xEC31,0xEC31,0xEC31,0xEC31,0x0C3A,0x2C42,0x2C42,0x2C42,0x2C42,0x2C42,0x2C42,
    0x2C42,0x2C42,0x2C42,0x6D52,0x6D52,0x6D52,0x6D52,0x6D52,0x6D52,0x6D52,0x8D5A,0x6D52,
    0x8D5A,0x8D5A,0xCE6A,0xCE6A,0xCE6A,0xCE6A,0xCE6A,0xEE72,0xEE72,0xEE72,0x0E7B,0xEE72,
    0xEE72,0xEE72,0xEE72,0xCD72,0xCD72,0xCD72,0xCD72,0xCD72,0x0E7B,0x0E7B,0x2E83,0x2E83,
    0x2E83,0x2E83,0x2E83,0x2E83,0x2E83,0x4E93,0x4E93,0x8F9B,0x4E93,0x4E93,0x4E93,0x8F9B,
    0x8F9B,0x8F9B,0x8F9B,0x8F9B,0x8F9B,0x8F9B,0x8F9B,0xAFA3,0xAFA3,0xAFA3,0xAFA3,0xD0A3,
    0xD0A3,0xD0A3,0x11AC,0x11AC,0x31B4,0x31B4,0x11AC,0x31B4,0x31B4,0x31B4,0x31B4,0x31B4,
    0x31B4,0x31B4,0x31B4,0x31B4,0x31B4,0x31B4,0x31B4,0x31B4,0x31B4,0x31B4,0x31B4,0x31B4,
    0x72BC,0x72BC,0x31B4,0x31B4,0x31B4,0x31B4,0x31B4,0x31B4,0x31B4,0x31B4,0x31B4,0x31B4,
    0x31B4,0x31B4,0x31B4,0x31B4,0x31B4,0x31B4,0x31B4,0x31B4,0x31B4,0x31B4,0x31B4,0x31B4,
    0x31B4,0x31B4,0x31B4,0x31B4,0x31B4,0x31B4,0x31B4,0x31B4,0x31B4,0xD0A3,0xD0A3,0xD0A3,
    0xD0A3,0xAFA3,0xAFA3,0xAFA3,0xAFA3,0xD0A3,0xD0A3,0x11AC,0x11AC,0xD0A3,0xD0A3,0xD0A3,
    0xD0A3,0xAFA3,0xD0A3,0xD0A3,0xD0A3,0xD0A3,0xD0A3,0x8F9B,0x4E93,0x4E93,0x4E93,0x4E93,
    0x0D83,0x2E83,0x2E83,0x2E83,0x2E83,0x2E83,0x2E83,0x2E83,0x0D83,0x0D83,0x0D83,0x2E83,
    0x2E83,0x2E83,0x2E83,0x2E83,0x2E83,0x2E83,0x2E83,0x2E83,0x2E83,0x0E7B,0xCD72,0xCD72,
    0xAD62,0xAD62,0xAD62,0xAD62,0xAD62,0xAD62,0xAD62,0xAD62,0xAD62,0x6D52,0x6D52,0x6D52,
    0x6D52,0x6D52,0x6D52,0x6D52,0x6D52,0x6D52,0x6D52,0x6D52,0x2C42,0x2C42,0x2C42,0x2C42,
    0x2C42,0x2C42,0x2C42,0x2C42,0x2C42,0x2C42,0x0C3A,0x2C42,0x0C3A,0x0C3A,0xEC31,0xEC31,
    0xEC31,0xEC31,0xEC31,0xEC31,0xEC31,0xEC31,0xEC31,0xEC31,0xEC31,0xEC31,0xCC21,0xCC21,
    0xAB29,0xCC21,0xCC21,0xCC21,0xCC21,0xEC31,0xEC31,0xEC31,0xEC31,0xEC31,0xEC31,0xEC31,
    0xEC31,0xEC31,0xEC31,0xEC31,0xEC31,0x0C3A,0x2C42,0x2C42,0x2C42,0x2C42,0x2C42,0x2C42,
    0x2C42,0x2C42,0x2C42,0x6D52,0x6D52,0x6D52,0x6D52,0x6D52,0x8D5A,0x6D52,0x6D52,0x6D52,
    0x6D52,0x6D52,0xAD62,0xCE6A,0xCE6A,0xCE6A,0xCE6A,0xEE72,0xEE72,0xEE72,0x0E7B,0x0E7B,
    0xEE72,0xEE72,0xCD72,0xEE72,0xCD72,0xCD72,0xCD72,0xCD72,0x0E7B,0x2E83,0x2E83,0x2E83,
    0x2E83,0x2E83,0x2E83,0x2E83,0x4E93,0x4E93,0x4E93,0x8F9B,0x4E93,0x4E93,0x8F9B,0x8F9B,
    0x8F9B,0x8F9B,0xAFA3,0x8F9B,0x8F9B,0x8F9B,0xAFA3,0xAFA3,0xAFA3,0xD0A3,0xAFA3,0xD0A3,
    0xD0A3,0xD0A3,0x11AC,0x31B4,0x31B4,0x31B4,0x31B4,0x31B4,0x31B4,0x31B4,0x31B4,0x31B4,
    0x31B4,0x31B4,0x31B4,0x31B4,0x31B4,0x31B4,0x31B4,0x31B4,0x31B4,0x31B4,0x31B4,0x31B4,
    0x72BC,0x92BC,0x72BC,0x31B4,0x31B4,0x31B4,0x72BC,0x31B4,0x31B4,0x31B4,0x31B4,0x31B4,
    0x31B4,0x31B4,0x31B4,0x31B4,0x31B4,0x31B4,0x31B4,0x31B4,0x31B4,0x31B4,0x31B4,0x31B4,
    0x31B4,0x31B4,0x31B4,0x31B4,0x31B4,0x31B4,0x31B4,0x31B4,0x31B4,0xF0B3,0xD0A3,0xD0A3,
    0xD0A3,0xD0A3,0xD0A3,0xAFA3,0xAFA3,0x31B4,0xD0A3,0x31B4,0x11AC,0x11AC,0x11AC,0xD0A3,
    0xD0A3,0xD0A3,0xAFA3,0xAFA3,0xAFA3,0xAFA3,0xD0A3,0x8F9B,0x4E93,0x4E93,0x4E93,0x4E93,
    0x4E93,0x0D83,0x0D83,0x2E83,0x2E83,0x2E83,0x2E83,0x2E83,0x2E83,0x0D83,0x0D83,0x2E83,
    0x2E83,0x2E83,0x2E83,0x2E83,0x2E83,0x2E83,0x2E83,0x2E83,0x2E83,0x0E7B,0xCD72,0xCD72,
    0xCD72,0xAD62,0xAD62,0xAD62,0xAD62,0xAD62,0xAD62,0xAD62,0xAD62,0xAD62,0x6D52,0x6D52,
    0x6D52,0x6D52,0x6D52,0x6D52,0x6D52,0x6D52,0x6D52,0x6D52,0x6D52,0x2C42,0x2C42,0x2C42,
    0x2C42,0x2C42,0x2C42,0x2C42,0x2C42,0x2C42,0x2C42,0x2C42,0x0C3A,0x0C3A,0xEC31,0xEC31,
    0xEC31,0xEC31,0xEC31,0xEC31,0xEC31,0xEC31,0xEC31,0xEC31,0xEC31,0xEC31,0xEC31,0xCC21,
    0xAB29,0xCC21,0xCC21,0xEC31,0xEC31,0xEC31,0xEC31,0xEC31,0xEC31,0xEC31,0xEC31,0xEC31,
    0xEC31,0xEC31,0xEC31,0xEC31,0xEC31,0x0C3A,0x2C42,0x2C42,0x2C42,0x2C42,0x2C42,0x2C42,
    0x2C42,0x2C42,0x2C42,0x6D52,0x8D5A,0x6D52,0x6D52,0x8D5A,0x8D5A,0x8D5A,0x6D52,0x6D52,
    0x6D52,0x8D5A,0x8D5A,0xCE6A,0xCE6A,0xCE6A,0xCE6A,0xCE6A,0xEE72,0xEE72,0xEE72,0x0E7B,
    0x0E7B,0x0E7B,0xCD72,0xEE72,0xEE72,0xEE72,0xCD72,0x0E7B,0x0E7B,0x2E83,0x2E83,0x2E83,
    0x2E83,0x2E83,0x2E83,0x2E83,0x4E93,0x8F9B,0x8F9B,0x8F9B,0x8F9B,0x8F9B,0x8F9B,0xD0A3,
    0xD0A3,0xAFA3,0xD0A3,0xAFA3,0xAFA3,0x8F9B,0xAFA3,0xD0A3,0xAFA3,0xAFA3,0xD0A3,0xD0A3,
    0x11AC,0xD0A3,0x11AC,0x31B4,0x31B4,0x31B4,0x31B4,0x31B4,0x31B4,0x31B4,0x31B4,0x31B4,
    0x31B4,0x31B4,0x31B4,0x31B4,0x31B4,0x31B4,0x31B4,0x31B4,0x31B4,0x31B4,0x31B4,0x31B4,
    0x92BC,0x92BC,0x92BC,0x72BC,0x31B4,0x31B4,0x31B4,0x31B4,0x31B4,0x31B4,0x31B4,0x31B4,
    0x31B4,0x31B4,0x31B4,0x31B4,0x31B4,0x31B4,0x31B4,0x31B4,0x31B4,0x31B4,0x31B4,0x31B4,
    0x31B4,0x31B4,0x31B4,0x31B4,0x31B4,0x31B4,0x31B4,0x31B4,0x31B4,0x31B4,0x31B4,0xD0A3,
    0xD0A3,0xD0A3,0xD0A3,0xD0A3,0xD0A3,0x31B4,0x31B4,0x11AC,0x31B4,0x31B4,0x11AC,0xD0A3,
    0xD0A3,0xD0A3,0xAFA3,0xAFA3,0xAFA3,0xAFA3,0xAFA3,0x8F9B,0x4E93,0x4E93,0x4E93,0x4E93,
    0x4E93,0x4E93,0x0D83,0x4E93,0x2E83,0x2E83,0x2E83,0x2E83,0x2E83,0x2E83,0x0D83,0x2E83,
    0x2E83,0x2E83,0x2E83,0x2E83,0x2E83,0x2E83,0x2E83,0x2E83,0x2E83,0x0E7B,0xCD72,0xCD72,
    0xCD72,0xCD72,0xAD62,0xAD62,0xAD62,0xAD62,0xAD62,0xAD62,0xAD62,0xAD62,0x6D52,0x6D52,
    0x6D52,0x6D52,0x6D52,0x6D52,0x6D52,0x6D52,0x6D52,0x6D52,0x6D52,0x6D52,0x2C42,0x2C42,
    0x2C42,0x2C42,0x2C42,0x2C42,0x2C42,0x2C42,0x2C42,0x2C42,0x0C3A,0x0C3A,0x0C3A,0x0C3A,
    0xEC31,0xEC31,0xEC31,0xEC31,0xEC31,0xEC31,0xEC31,0xEC31,0xEC31,0xEC31,0xEC31,0xCC21,
    0xCC21,0xCC21,0xCC21,0xEC31,0xEC31,0xEC31,0xEC31,0xEC31,0xEC31,0xEC31,0xEC31,0xEC31,
    0xEC31,0xEC31,0xEC31,0xEC31,0xEC31,0x0C3A,0x2C42,0x2C42,0x2C42,0x2C42,0x2C42,0x2C42,
    0x2C42,0x2C42,0x2C42,0x6D52,0x8D5A,0x8D5A,0x6D52,0x8D5A,0x8D5A,0x8D5A,0x8D5A,0x8D5A,
    0x8D5A,0x6D52,0x8D5A,0xAD62,0xCE6A,0xEE72,0xEE72,0xEE72,0xEE72,0xEE72,0xEE72,0xEE72,
    0x0E7B,0x0E7B,0x0E7B,0xEE72,0xEE72,0x0E7B,0x0E7B,0x2E83,0x2E83,0x2E83,0x2E83,0x2E83,
    0x2E83,0x2E83,0x2E83,0x2E83,0x4E93,0x4E93,0x8F9B,0x8F9B,0x8F9B,0x8F9B,0xD0A3,0xD0A3,
    0xD0A3,0xAFA3,0xD0A3,0xAFA3,0xD0A3,0xAFA3,0xAFA3,0xAFA3,0xAFA3,0xAFA3,0xD0A3,0xD0A3,
    0xD0A3,0x31B4,0xD0A3,0x31B4,0x31B4,0x31B4,0x31B4,0x31B4,0x31B4,0x31B4,0x31B4,0x72BC,
    0x72BC,0x31B4,0x31B4,0x31B4,0x31B4,0x31B4,0x31B4,0x31B4,0x31B4,0x31B4,0x31B4,0x31B4,
    0xD2CC,0xD2CC,0xD2CC,0x92BC,0x91BC,0x91BC,0x91BC,0x31B4,0x92BC,0x31B4,0x31B4,0x31B4,
    0x31B4,0x31B4,0x31B4,0x31B4,0x31B4,0x91BC,0x31B4,0x31B4,0x31B4,0x31B4,0x31B4,0x31B4,
    0x31B4,0x31B4,0x31B4,0x31B4,0x31B4,0x31B4,0x31B4,0x31B4,0x31B4,0x31B4,0x31B4,0xF0B3,
    0xF0B3,0xD0A3,0xD0A3,0xD0A3,0xD0A3,0x31B4,0x31B4,0x11AC,0x31B4,0x31B4,0x31B4,0x31B4,
    0xD0A3,0xD0A3,0xAFA3,0xAFA3,0xAFA3,0xAFA3,0xAFA3,0x8F9B,0x4E93,0x4E93,0x4E93,0x4E93,
    0x4E93,0x4E93,0x4E93,0x2D93,0x4E93,0x2E83,0x4E93,0x2E83,0x2E83,0x2E83,0x2E83,0x0D83,
    0x2E83,0x2E83,0x2E83,0x2E83,0x2E83,0x2E83,0x2E83,0x2E83,0x2E83,0x0E7B,0xCD72,0xCD72,
    0xCD72,0xCD72,0xAD62,0xAD62,0xAD62,0xAD62,0xAD62,0xAD62,0xAD62,0xAD62,0xAD62,0x6D52,
    0x6D52,0x6D52,0x6D52,0x6D52,0x6D52,0x6D52,0x6D52,0x6D52,0x6D52,0x6D52,0x2C42,0x2C42,
    0x2C42,0x2C42,0x2C42,0x2C42,0x2C42,0x2C42,0x2C42,0x0C3A,0x0C3A,0x0C3A,0x0C3A,0x0C3A,
    0x0C3A,0xEC31,0xEC31,0xEC31,0xEC31,0xEC31,0xEC31,0xEC31,0xEC31,0xEC31,0xEC31,0xCC21,
    0xCC21,0xCC21,0xCC21,0xEC31,0xEC31,0xEC31,0xEC31,0xEC31,0xEC31,0xEC31,0xEC31,0xEC31,
    0xEC31,0xEC31,0xEC31,0xEC31,0x0C3A,0x0C3A,0x2C42,0x0C3A,0x2C42,0x2C42,0x2C42,0x2C42,
    0x2C42,0x2C42,0x2C42,0x6D52,0x6D52,0x8D5A,0x8D5A,0x8D5A,0x8D5A,0x8D5A,0x8D5A,0x8D5A,
    0x8D5A,0x8D5A,0xAD62,0xAD62,0xAD62,0xCE6A,0xEE72,0xEE72,0xEE72,0xEE72,0xCD72,0xCD72,
    0xEE72,0x0E7B,0x0E7B,0x0E7B,0x0E7B,0x0E7B,0x2E83,0x2E83,0x2E83,0x2E83,0x2E83,0x2E83,
    0x2E83,0x2E83,0x2E83,0x2E83,0x8F9B,0x8F9B,0x8F9B,0x8F9B,0x8F9B,0x8F9B,0xD0A3,0xD0A3,
    0xD0A3,0xD0A3,0xD0A3,0xD0A3,0xAFA3,0xD0A3,0xAFA3,0xAFA3,0xD0A3,0xD0A3,0xD0A3,0xD0A3,
    0x11AC,0x11AC,0x31B4,0x31B4,0x31B4,0x31B4,0x31B4,0x31B4,0x31B4,0x31B4,0x72BC,0x92BC,
    0x72BC,0x72BC,0x31B4,0x31B4,0x31B4,0x31B4,0x31B4,0x31B4,0x31B4,0x31B4,0x31B4,0x31B4,
    0xD2CC,0xD2CC,0xD2CC,0xD2CC,0xD2CC,0xD2CC,0x91BC,0x91BC,0xD2CC,0xD2CC,0x72BC,0x31B4,
    0x31B4,0x31B4,0x31B4,0x31B4,0x31B4,0xD2CC,0x31B4,0x31B4,0x31B4,0x31B4,0x31B4,0x31B4,
    0x31B4,0x31B4,0x31B4,0x31B4,0x31B4,0x31B4,0x31B4,0x31B4,0x31B4,0x31B4,0x31B4,0x31B4,
    0xF0B3,0xF0B3,0xD0A3,0xD0A3,0xD0A3,0x31B4,0x31B4,0x31B4,0x31B4,0x31B4,0x31B4,0x31B4,
    0x31B4,0xD0A3,0xAFA3,0xAFA3,0xAFA3,0xAFA3,0x8F9B,0x4E93,0x4E93,0x4E93,0x4E93,0x4E93,
    0x4E93,0x4E93,0x4E93,0x4E93,0x4E93,0x4E93,0x2E83,0x4E93,0x2E83,0x2E83,0x2E83,0x2E83,
    0x2E83,0x2E83,0x2E83,0x2E83,0x2E83,0x2E83,0x2E83,0x2E83,0x2E83,0x0D7B,0xCD72,0xCD72,
    0xCD72,0xCD72,0xCD72,0xAD62,0xAD62,0xAD62,0xAD62,0xAD62,0xAD62,0xAD62,0xAD62,0xAD62,
    0x6D52,0x6D52,0x6D52,0x6D52,0x6D52,0x6D52,0x6D52,0x6D52,0x6D52,0x6D52,0x6D52,0x2C42,
    0x2C42,0x2C42,0x2C42,0x2C42,0x2C42,0x2C42,0x2C42,0x2C42,0x0C3A,0x0C3A,0x0C3A,0xEC31,
    0x0C3A,0xEC31,0xEC31,0xEC31,0xEC31,0xEC31,0xEC31,0xEC31,0xEC31,0xEC31,0xEC31,0xEC31,
    0xCC21,0xCC21,0xEC31,0xCC21,0xEC31,0xEC31,0xEC31,0xEC31,0xEC31,0xEC31,0xEC31,0xEC31,
    0xEC31,0xEC31,0xEC31,0xEC31,0xEC31,0x0C3A,0x2C42,0x2C42,0x2C42,0x2C42,0x2C42,0x2C42,
    0x2C42,0x2C42,0x2C42,0x2C42,0x6D52,0x8D5A,0x8D5A,0x8D5A,0x6D52,0x8D5A,0x8D5A,0x8D5A,
    0x8D5A,0xAD62,0xAD62,0xAD62,0xAD62,0xAD62,0xEE72,0xEE72,0xEE72,0xEE72,0xCD72,0xCD72,
    0xCD72,0xEE72,0x0E7B,0x2E83,0x0E7B,0x2E83,0x2E83,0x2E83,0x2E83,0x2E83,0x2E83,0x2E83,
    0x2E83,0x4E93,0x2E83,0x4E93,0x4E93,0x8F9B,0x8F9B,0x8F9B,0x8F9B,0x8F9B,0xD0A3,0xD0A3,
    0xD0A3,0xD0A3,0xD0A3,0xD0A3,0xAFA3,0xAFA3,0xAFA3,0xAFA3,0xD0A3,0xD0A3,0xD0A3,0xD0A3,
    0x11AC,0x31B4,0x31B4,0x31B4,0x31B4,0x31B4,0x31B4,0x31B4,0x31B4,0x31B4,0x72BC,0x72BC,
    0x92BC,0x72BC,0x31B4,0x31B4,0x31B4,0x31B4,0x31B4,0x31B4,0x31B4,0x31B4,0x31B4,0x31B4,
    0xD2CC,0xD2CC,0xD2CC,0xD2CC,0xD2CC,0xD2CC,0xD2CC,0x91C4,0xD2CC,0xD2CC,0xD2CC,0x31B4,
    0x31B4,0x31B4,0x31B4,0x31B4,0x31B4,0xD2CC,0xD2CC,0x91BC,0x31B4,0x31B4,0x31B4,0x31B4,
    0x31B4,0x31B4,0x31B4,0x31B4,0x31B4,0x31B4,0x31B4,0x31B4,0x31B4,0x31B4,0x31B4,0x31B4,
    0x31B4,0x31B4,0xF0B3,0xD0A3,0xD0A3,0x31B4,0x31B4,0x31B4,0x31B4,0x31B4,0x31B4,0x31B4,
    0x31B4,0xD0A3,0xAFA3,0xAFA3,0xAFA3,0xAFA3,0xAFA3,0x4E93,0x4E93,0x4E93,0x4E93,0x4E93,
    0x4E93,0x4E93,0x4E93,0x4E93,0x4E93,0x4E93,0x4E93,0x4E93,0x4E93,0x2E83,0x2E83,0x2E83,
    0x2E83,0x2E83,0x2E83,0x2E83,0x2E83,0x2E83,0x2E83,0x2E83,0x0E7B,0xCD72,0xCD72,0xCD72,
    0xCD72,0xCD72,0xCD72,0xCD72,0xCD72,0xAD62,0xAD62,0xAD62,0xAD62,0xAD62,0xAD62,0xAD62,
    0x8D5A,0x6D52,0x6D52,0x6D52,0x6D52,0x6D52,0x6D52,0x6D52,0x6D52,0x6D52,0x6D52,0x2C42,
    0x2C42,0x2C42,0x2C42,0x2C42,0x2C42,0x2C42,0x2C42,0x2C42,0x2C42,0x0C3A,0x0C3A,0x0C3A,
    0x0C3A,0x0C3A,0xEC31,0xEC31,0xEC31,0xEC31,0xEC31,0xEC31,0xEC31,0xEC31,0xEC31,0xEC31,
    0xCC21,0xCC21,0xEC31,0xEC31,0xEC31,0xEC31,0xEC31,0xEC31,0xEC31,0xEC31,0xEC31,0xEC31,
    0xEC31,0xEC31,0xEC31,0xEC31,0xEC31,0x2C42,0x2C42,0x2C42,0x2C42,0x2C42,0x2C42,0x2C42,
    0x2C42,0x2C42,0x2C42,0x2C42,0x6D52,0x6D52,0x8D5A,0x8D5A,0x8D5A,0x8D5A,0x8D5A,0x8D5A,
    0x8D5A,0xAD62,0xAD62,0xAD62,0xAD62,0xAD62,0xAD62,0xEE72,0xEE72,0xCD72,0xCD72,0xCD72,
    0xCD72,0xCD72,0x0E7B,0x2E83,0x2E83,0x2E83,0x2E83,0x2E83,0x2E83,0x2E83,0x2E83,0x2E83,
    0x2E83,0x4E93,0x4E93,0x4E93,0x4E93,0x8F9B,0x8F9B,0x8F9B,0x8F9B,0x8F9B,0xD0A3,0x11AC,
    0xD0A3,0xD0A3,0xD0A3,0xD0A3,0xD0A3,0xAFA3,0xD0A3,0xD0A3,0xD0A3,0xD0A3,0x31B4,0x11AC,
    0x31B4,0x31B4,0x31B4,0x31B4,0x31B4,0x31B4,0x72BC,0x31B4,0x31B4,0x31B4,0x72BC,0x92BC,
    0x92BC,0x92BC,0x31B4,0x31B4,0x31B4,0x31B4,0x31B4,0x31B4,0x71C4,0x31B4,0x31B4,0x31B4,
    0xD2CC,0xD2CC,0xD2CC,0xD2CC,0xD2CC,0xD2CC,0xD2CC,0xD2CC,0xD2CC,0xD2CC,0xD2CC,0xD2CC,
    0x31B4,0x31B4,0x31B4,0x31B4,0x31B4,0xD2CC,0xD2CC,0xD2CC,0x91BC,0x91BC,0x91BC,0x31B4,
    0x31B4,0x31B4,0x31B4,0x31B4,0x31B4,0x31B4,0x31B4,0x31B4,0x31B4,0x31B4,0x31B4,0x31B4,
    0x31B4,0x31B4,0x31B4,0xD0A3,0xF0B3,0x31B4,0x31B4,0x31B4,0x31B4,0xF0B3,0xD0A3,0xD0A3,
    0xD0A3,0xD0A3,0xAFA3,0xAFA3,0xAFA3,0xAFA3,0xAFA3,0x4E93,0x4E93,0x4E93,0x4E93,0x4E93,
    0x4E93,0x4E93,0x4E93,0x4E93,0x4E93,0x4E93,0x4E93,0x4E93,0x4E93,0x4E93,0x4E93,0x4E93,
    0x2E83,0x2E83,0x2E83,0x2E83,0x2E83,0x2E83,0x2E83,0x2E83,0xEE72,0xEE72,0xCD72,0xCD72,
    0xCD72,0xCD72,0xCD72,0xCD72,0xCD72,0xAD62,0xAD62,0xAD62,0xAD62,0xAD62,0xAD62,0xAD62,
    0xAD62,0x6D52,0x8D5A,0x6D52,0x6D52,0x6D52,0x6D52,0x6D52,0x6D52,0x6D52,0x6D52,0x6D52,
    0x2C42,0x2C42,0x2C42,0x2C42,0x2C42,0x2C42,0x2C42,0x2C42,0x2C42,0x2C42,0x0C3A,0x0C3A,
    0x0C3A,0xEC31,0xEC31,0xEC31,0xEC31,0xEC31,0xEC31,0xEC31,0xEC31,0xEC31,0xEC31,0xEC31,
    0xCC21,0xEC31,0xEC31,0xEC31,0xEC31,0xEC31,0xEC31,0xEC31,0xEC31,0xEC31,0xEC31,0xEC31,
    0xEC31,0xEC31,0xEC31,0xEC31,0x0C3A,0x2C42,0x2C42,0x2C42,0x2C42,0x2C42,0x6D52,0x2C42,
    0x2C42,0x2C42,0x2C42,0x6D52,0x6D52,0x6D52,0x6D52,0x8D5A,0x8D5A,0x8D5A,0x8D5A,0x8D5A,
    0xAD62,0xAD62,0xAD62,0xAD62,0xAD62,0xAD62,0xAD62,0xAD62,0xCD72,0xCD72,0xCD72,0xCD72,
    0xCD72,0xCD72,0xEE72,0x2E83,0x2E83,0x2E83,0x2E83,0x2E83,0x2E83,0x2E83,0x2E83,0x2E83,
    0x4E93,0x8F9B,0x8F9B,0x4E93,0x4E93,0x8F9B,0x8F9B,0x8F9B,0x8F9B,0x8F9B,0xD0A3,0x11AC,
    0xD0A3,0x11AC,0xD0A3,0xD0A3,0xD0A3,0xD0A3,0xD0A3,0xD0A3,0xD0A3,0xD0A3,0x31B4,0x31B4,
    0x31B4,0x31B4,0x31B4,0x31B4,0x31B4,0x31B4,0x31B4,0x92BC,0x72BC,0x72BC,0x31B4,0x91BC,
    0x92BC,0x92BC,0x91BC,0x31B4,0x31B4,0x31B4,0x31B4,0x31B4,0x31B4,0xD2CC,0x31B4,0x91BC,
    0xD2CC,0xD2CC,0xD2CC,0xD2CC,0xD2CC,0xD2CC,0xD2CC,0xD2CC,0xD2CC,0xD2CC,0xD2CC,0xD2CC,
    0xD2CC,0x31B4,0x31B4,0x31B4,0x31B4,0x71C4,0xD2CC,0xD2CC,0xD2CC,0xD2CC,0xD2CC,0x91BC,
    0x31B4,0x31B4,0x31B4,0x31B4,0x31B4,0x31B4,0x31B4,0x31B4,0x31B4,0x31B4,0x31B4,0x31B4,
    0x31B4,0x31B4,0x31B4,0x31B4,0xF0B3,0x31B4,0x31B4,0x31B4,0x31B4,0xD0A3,0xD0A3,0xD0A3,
    0xAFA3,0xAFA3,0xAFA3,0xAFA3,0xAFA3,0xAFA3,0xAFA3,0x8F9B,0x4E93,0x4E93,0x4E93,0x4E93,
    0x4E93,0x4E93,0x4E93,0x4E93,0x4E93,0x4E93,0x4E93,0x4E93,0x4E93,0x4E93,0x4E93,0x4E93,
    0x4E93,0x4E93,0x2E83,0x2E83,0x2E83,0x2E83,0x2E83,0x2E83,0xEE72,0xCD72,0xCD72,0xCD72,
    0xCD72,0xCD72,0xCD72,0xCD72,0xCD72,0xAD62,0xAD62,0xAD62,0xAD62,0xAD62,0xAD62,0xAD62,
    0xAD62,0x8D5A,0x8D5A,0x6D52,0x6D52,0x6D52,0x8D5A,0x6D52,0x6D52,0x6D52,0x6D52,0x6D52,
    0x6D52,0x2C42,0x2C42,0x2C42,0x2C42,0x2C42,0x2C42,0x2C42,0x2C42,0x0C3A,0x2C42,0x0C3A,
    0x0C3A,0xEC31,0xEC31,0xEC31,0xEC31,0xEC31,0xEC31,0xEC31,0xEC31,0xEC31,0xEC31,0xEC31,
    0xCC21,0xEC31,0xEC31,0xEC31,0xEC31,0xEC31,0xEC31,0xEC31,0xEC31,0xEC31,0xEC31,0xEC31,
    0xEC31,0xEC31,0xEC31,0xEC31,0x0C3A,0x0C3A,0x2C42,0x2C42,0x2C42,0x2C42,0x6D52,0x6D52,
    0x6D52,0x6D52,0x6D52,0x6D52,0x6D52,0x6D52,0x6D52,0x8D5A,0x8D5A,0x8D5A,0x8D5A,0x8D5A,
    0xAD62,0xAD62,0xAD62,0xAD62,0xAD62,0xAD62,0xAD62,0xAD62,0xAD62,0xCD72,0xCD72,0xCD72,
    0xCD72,0x0E7B,0xEE72,0x2E83,0x2E83,0x2E83,0x2E83,0x2E83,0x2E83,0x2E83,0x2E83,0x2E83,
    0x4E93,0x4E93,0x8F9B,0x8F9B,0x8F9B,0x8F9B,0x8F9B,0xAFA3,0xD0A3,0xAFA3,0xD0A3,0x11AC,
    0x11AC,0x11AC,0x11AC,0xD0A3,0xD0A3,0xD0A3,0xD0A3,0xD0A3,0xD0A3,0x31B4,0x31B4,0x31B4,
    0x31B4,0x31B4,0x31B4,0x31B4,0x31B4,0x31B4,0x31B4,0x92BC,0x92BC,0x72BC,0x31B4,0x31B4,
    0x92BC,0x92BC,0xD2CC,0xD2CC,0x31B4,0x31B4,0x31B4,0x31B4,0x31B4,0xD2CC,0xD2CC,0x91BC,
    0xD2CC,0xD2CC,0xD2CC,0xD2CC,0xD2CC,0xD2CC,0xD2CC,0xD2CC,0xD2CC,0xD2CC,0xD2CC,0xD2CC,
    0xD2CC,0xD2CC,0x71C4,0x31B4,0x31B4,0x31B4,0xD2CC,0xD2CC,0xD2CC,0xD2CC,0xD2CC,0xD2CC,
    0xD2CC,0xD2CC,0x31B4,0x31B4,0x31B4,0x31B4,0x31B4,0x31B4,0x31B4,0x31B4,0x31B4,0x31B4,
    0x31B4,0x31B4,0x31B4,0x31B4,0x31B4,0x31B4,0x31B4,0x31B4,0x31B4,0xF0B3,0xD0A3,0xAFA3,
    0xAFA3,0xAFA3,0xAFA3,0xAFA3,0xAFA3,0xAFA3,0xAFA3,0xAFA3,0xAFA3,0x4E93,0x4E93,0x4E93,
    0x4E93,0x4E93,0x4E93,0x4E93,0x4E93,0x4E93,0x4E93,0x4E93,0x4E93,0x4E93,0x4E93,0x4E93,
    0x4E93,0x4E93,0x4E93,0x2E83,0x2E83,0x2E83,0x2E83,0x2E83,0xEE72,0xEE72,0xCD72,0xCD72,
    0xCD72,0xCD72,0xCD72,0xCD72,0xCD72,0xCD72,0xAD62,0xAD62,0xAD62,0xAD62,0xAD62,0xAD62,
    0xAD62,0xAD62,0x8D5A,0x6D52,0x6D52,0x8D5A,0x6D52,0x6D52,0x6D52,0x6D52,0x6D52,0x6D52,
    0x6D52,0x2C42,0x2C42,0x2C42,0x2C42,0x2C42,0x2C42,0x2C42,0x2C42,0x2C42,0x2C42,0x0C3A,
    0xEC31,0xEC31,0xEC31,0xEC31,0xEC31,0xEC31,0xEC31,0xEC31,0xEC31,0xEC31,0xEC31,0xEC31,
    0xCC21,0xEC31,0xEC31,0xEC31,0xEC31,0xEC31,0xEC31,0xEC31,0xEC31,0xEC31,0xEC31,0xEC31,
    0xEC31,0xEC31,0xEC31,0x0C3A,0x0C3A,0x2C42,0x2C42,0x2C42,0x2C42,0x2C42,0x2C42,0x6D52,
    0x6D52,0x8D5A,0x8D5A,0x6D52,0x6D52,0x6D52,0x8D5A,0x8D5A,0x8D5A,0x8D5A,0x8D5A,0xAD62,
    0xAD62,0xAD62,0xAD62,0xAD62,0xAD62,0xAD62,0xAD62,0xAD62,0xAD62,0xCD72,0xCD72,0xCD72,
    0xCD72,0xEE72,0x0E7B,0x2E83,0x2E83,0x2E83,0x2E83,0x4E93,0x4E93,0x4E93,0x2E83,0x2E83,
    0x4E93,0x8F9B,0x8F9B,0x8F9B,0x8F9B,0x8F9B,0x8F9B,0xAFA3,0xD0A3,0xD0A3,0xD0A3,0x11AC,
    0x11AC,0x11AC,0x11AC,0x11AC,0xD0A3,0xD0A3,0xD0A3,0x31B4,0x31B4,0x31B4,0x31B4,0x31B4,
    0x31B4,0x72BC,0x31B4,0x31B4,0x31B4,0x31B4,0x31B4,0x91BC,0xD2CC,0xD2CC,0x92BC,0x31B4,
    0xD2CC,0xD2CC,0xD2CC,0xD2CC,0xD2CC,0x31B4,0x31B4,0x31B4,0x71C4,0xD2CC,0xD2CC,0xD2CC,
    0xD2CC,0xD2CC,0xD2CC,0xD2CC,0xD2CC,0xD2CC,0xD2CC,0xD2CC,0xD2CC,0xD2CC,0xD2CC,0xD2CC,
    0xD2CC,0xD2CC,0xD2CC,0x71C4,0x31B4,0x71C4,0xD2CC,0xD2CC,0xD2CC,0xD2CC,0xD2CC,0xD2CC,
    0xD2CC,0xD2CC,0xD2CC,0x91BC,0x31B4,0x31B4,0x31B4,0x31B4,0x31B4,0x31B4,0x31B4,0x31B4,
    0x31B4,0x31B4,0x31B4,0x31B4,0x31B4,0x31B4,0x31B4,0x31B4,0x31B4,0xF0B3,0xAFA3,0xAFA3,
    0xAFA3,0xAFA3,0xAFA3,0xAFA3,0xAFA3,0xAFA3,0xAFA3,0xAFA3,0xAFA3,0x8F9B,0x4E93,0x4E93,
    0x4E93,0x4E93,0x4E93,0x4E93,0x4E93,0x4E93,0x4E93,0x4E93,0x4E93,0x4E93,0x4E93,0x4E93,
    0x4E93,0x4E93,0x4E93,0x2E83,0x2E83,0x2E83,0x2E83,0x0D83,0x0D7B,0x0D83,0xCD72,0xCD72,
    0xCD72,0xCD72,0xCD72,0xCD72,0xCD72,0xCD72,0xAD62,0xAD62,0xAD62,0xAD62,0xAD62,0xAD62,
    0xAD62,0xAD62,0xAD62,0x6D52,0x6D52,0x8D5A,0x6D52,0x6D52,0x6D52,0x6D52,0x6D52,0x6D52,
    0x6D52,0x2C42,0x2C42,0x2C42,0x2C42,0x2C42,0x2C42,0x2C42,0x2C42,0x2C42,0x2C42,0x2C42,
    0x0C3A,0xEC31,0xEC31,0xEC31,0xEC31,0xEC31,0xEC31,0xEC31,0xEC31,0xEC31,0xEC31,0xEC31,
    0xEC31,0xEC31,0xEC31,0xEC31,0xEC31,0xEC31,0xEC31,0xEC31,0xEC31,0xEC31,0xEC31,0xEC31,
    0xEC31,0xEC31,0xEC31,0x0C3A,0x0C3A,0x2C42,0x2C42,0x2C42,0x2C42,0x2C42,0x2C42,0x6D52,
    0x6D52,0x8D5A,0x8D5A,0x8D5A,0x8D5A,0x6D52,0x8D5A,0x8D5A,0x8D5A,0x8D5A,0x8D5A,0xAD62,
    0xAD62,0xAD62,0xAD62,0xAD62,0xAD62,0xAD62,0xAD62,0xCD72,0xCD72,0xCD72,0xCD72,0xCD72,
    0xCD72,0xEE72,0x0E7B,0x2E83,0x2E83,0x2E83,0x4E93,0x4E93,0x4E93,0x4E93,0x4E93,0x4E93,
    0x4E93,0x8F9B,0x8F9B,0x8F9B,0x8F9B,0x8F9B,0x8F9B,0x8F9B,0xD0A3,0xD0A3,0xD0A3,0xD0A3,
    0x11AC,0x11AC,0x11AC,0x11AC,0x31B4,0xD0A3,0xD0A3,0x31B4,0x31B4,0x31B4,0x31B4,0x31B4,
    0x31B4,0x72BC,0x72BC,0x31B4,0x31B4,0x31B4,0x31B4,0x31B4,0xD2CC,0xD2CC,0xD2CC,0xD2CC,
    0xD2CC,0xD2CC,0xD2CC,0xD2CC,0xD2CC,0xD2CC,0x31B4,0x71C4,0x31B4,0xD2CC,0xD2CC,0xD2CC,
    0xD2CC,0xD2CC,0xD2CC,0xD2CC,0xD2CC,0xD2CC,0xD2CC,0xD2CC,0xD2CC,0xD2CC,0xD2CC,0xD2CC,
    0xD2CC,0xD2CC,0xD2CC,0xD2CC,0x71C4,0xD2CC,0xD2CC,0xD2CC,0xD2CC,0xD2CC,0xD2CC,0xD2CC,
    0xD2CC,0xD2CC,0xD2CC,0xD2CC,0xD2CC,0x71C4,0x31B4,0x31B4,0x31B4,0x31B4,0x31B4,0x31B4,
    0x31B4,0x31B4,0x31B4,0x31B4,0x31B4,0x31B4,0x31B4,0x31B4,0x31B4,0x31B4,0xD0A3,0xAFA3,
    0xAFA3,0xAFA3,0xAFA3,0xAFA3,0xAFA3,0xAFA3,0xAFA3,0xAFA3,0xAFA3,0xAFA3,0x4E93,0x4E93,
    0x4E93,0x4E93,0x4E93,0x4E93,0x4E93,0x4E93,0x4E93,0x4E93,0x4E93,0x4E93,0x4E93,0x4E93,
    0x4E93,0x4E93,0x4E93,0x4E93,0x2E83,0x2E83,0x2E83,0x0D83,0x0D83,0x0D7B,0xEE72,0xCD72,
    0xCD72,0xCD72,0xCD72,0xCD72,0xCD72,0xCD72,0xCD72,0xAD62,0xAD62,0xAD62,0xAD62,0xAD62,
    0xAD62,0xAD62,0xAD62,0x8D5A,0x6D52,0x6D52,0x8D5A,0x8D5A,0x8D5A,0x6D52,0x6D52,0x6D52,
    0x6D52,0x6D52,0x2C42,0x2C42,0x2C42,0x2C42,0x2C42,0x2C42,0x2C42,0x2C42,0x2C42,0x2C42,
    0x0C3A,0x0C3A,0xEC31,0xEC31,0xEC31,0xEC31,0xEC31,0xEC31,0xEC31,0xEC31,0xEC31,0xEC31,
    0xEC31,0xEC31,0xEC31,0xEC31,0xEC31,0xEC31,0xEC31,0xEC31,0xEC31,0xEC31,0xEC31,0xEC31,
    0xEC31,0xEC31,0xEC31,0x0C3A,0x2C42,0x2C42,0x2C42,0x2C42,0x2C42,0x2C42,0x2C42,0x2C42,
    0x6D52,0x6D52,0x8E5A,0x8E5A,0x8D5A,0x8D5A,0x8D5A,0x8D5A,0x8D5A,0x8D5A,0xAD62,0xAD62,
    0xAD62,0xAD62,0xAD62,0xAD62,0xAD62,0xAD62,0xCD72,0xCD72,0xCD72,0xCD72,0xCD72,0xCD72,
    0x0E7B,0x2E83,0x0E7B,0x2E83,0x2E83,0x4E93,0x4E93,0x8F9B,0x8F9B,0x8F9B,0x8F9B,0x8F9B,
    0x4E93,0x8F9B,0x8F9B,0x8F9B,0x8F9B,0xB09B,0x8F9B,0xD0A3,0xD0A3,0xD0A3,0xD0A3,0xD0A3,
    0xD0A3,0x31B4,0x11AC,0x31B4,0x31B4,0x31B4,0x31B4,0x31B4,0x31B4,0x31B4,0x31B4,0x92BC,
    0x72BC,0x92BC,0x92BC,0x92BC,0x31B4,0x31B4,0x92BC,0x91BC,0xD2CC,0xD2CC,0xD2CC,0xD2CC,
    0xD2CC,0xD2CC,0xD2CC,0xD2CC,0xD2CC,0xD2CC,0x91C4,0xD2CC,0xD2CC,0xD2CC,0xD2CC,0xD2CC,
    0xD2CC,0xD2CC,0xD2CC,0xD2CC,0xD2CC,0xD2CC,0xD2CC,0xD2CC,0xD2CC,0xD2CC,0xD2CC,0xD2CC,
    0xD2CC,0xD2CC,0xD2CC,0xD2CC,0xD2CC,0xD2CC,0xD2CC,0xD2CC,0xD2CC,0xD2CC,0xD2CC,0xD2CC,
    0xD2CC,0xD2CC,0xD2CC,0xD2CC,0xD2CC,0xD2CC,0x71C4,0x31B4,0x31B4,0x31B4,0x31B4,0x31B4,
    0x31B4,0x31B4,0x31B4,0x31B4,0x31B4,0x31B4,0x31B4,0x31B4,0x31B4,0x31B4,0xF0B3,0xAFA3,
    0xAFA3,0xAFA3,0xD0A3,0xAFA3,0xAFA3,0xAFA3,0xAFA3,0xAFA3,0xAFA3,0xAFA3,0xAFA3,0x4E93,
    0x4E93,0x4E93,0x4E93,0x4E93,0x4E93,0x4E93,0x4E93,0x4E93,0x4E93,0x4E93,0x4E93,0x4E93,
    0x4E93,0x4E93,0x4E93,0x4E93,0x2E83,0x2E83,0x0D83,0x0D83,0x0D83,0x0D83,0x0D7B,0xCD72,
    0xCD72,0xCD72,0xCD72,0xCD72,0xCD72,0xCD72,0xCD72,0xCD72,0xAD62,0xAD62,0xAD62,0xAD62,
    0xAD62,0xAD62,0xAD62,0xAD62,0x8D5A,0x6D52,0x6D52,0x8D5A,0x8D5A,0x8D5A,0x6D52,0x6D52,
    0x6D52,0x6D52,0x6D52,0x2C42,0x2C42,0x2C42,0x2C42,0x2C42,0x2C42,0x2C42,0x2C42,0x2C42,
    0x0C3A,0x0C3A,0xEC31,0xEC31,0xEC31,0xEC31,0xEC31,0xEC31,0xEC31,0xEC31,0xEC31,0xEC31,
    0xEC31,0xEC31,0xEC31,0xEC31,0xEC31,0xEC31,0xEC31,0xEC31,0xEC31,0xEC31,0xEC31,0xEC31,
    0xEC31,0xEC31,0x0C3A,0x0C3A,0x2C42,0x2C42,0x2C42,0x2C42,0x2C42,0x2C42,0x2C42,0x2C42,
    0x2C42,0x6D52,0x6D52,0x8E5A,0x8D5A,0x8D5A,0x8D5A,0x8D5A,0x8D5A,0xAD62,0xAD62,0xAD62,
    0xAD62,0xAD62,0xAD62,0xAD62,0xAD62,0xAD62,0xCD72,0xCD72,0xCD72,0xCD72,0xCD72,0xCD72,
    0x0E7B,0x2E83,0x2E83,0x2E83,0x2E83,0x4E93,0x4E93,0x4E93,0x4E93,0x8F9B,0x8F9B,0xB09B,
    0x8F9B,0x8F9B,0x8F9B,0x8F9B,0xAFA3,0xD0A3,0xAFA3,0xD0A3,0xD0A3,0xD0A3,0x11AC,0xD0A3,
    0xD0A3,0x31B4,0x31B4,0x31B4,0x31B4,0x31B4,0x31B4,0x31B4,0x31B4,0x31B4,0x31B4,0x92BC,
    0x92BC,0x92BC,0xD2CC,0xD2CC,0xD2CC,0x91BC,0x92BC,0xD2CC,0xD2CC,0xD2CC,0xD2CC,0xD2CC,
    0xD2CC,0xD2CC,0xD2CC,0xD2CC,0xD2CC,0xD2CC,0xD2CC,0xD2CC,0xD2CC,0xD2CC,0xD2CC,0xD2CC,
    0xD2CC,0xD2CC,0xD2CC,0xD2CC,0xD2CC,0xD2CC,0xD2CC,0xD2CC,0xD2CC,0xD2CC,0xD2CC,0xD2CC,
    0xD2CC,0xD2CC,0xD2CC,0xD2CC,0xD2CC,0xD2CC,0xD2CC,0xD2CC,0xD2CC,0xD2CC,0xD2CC,0xD2CC,
    0xD2CC,0xD2CC,0xD2CC,0xD2CC,0xD2CC,0xD2CC,0xD2CC,0xD2CC,0x71C4,0x31B4,0x31B4,0x31B4,
    0x31B4,0x31B4,0x31B4,0x31B4,0x31B4,0x31B4,0x31B4,0x31B4,0x31B4,0x31B4,0xF0B3,0xAFA3,
    0xAFA3,0xAFA3,0xAFA3,0xAFA3,0xAFA3,0xAFA3,0xAFA3,0xAFA3,0xAFA3,0xAFA3,0xAFA3,0xAFA3,
    0x4E93,0x4E93,0x4E93,0x4E93,0x4E93,0x4E93,0x4E93,0x4E93,0x8F9B,0x4E93,0x4E93,0x4E93,
    0x4E93,0x4E93,0x4E93,0x4E93,0x2E83,0x2E83,0x2E83,0x2E83,0x0D83,0x0D83,0x0D7B,0x0D83,
    0xCD72,0xCD72,0xCD72,0xCD72,0xCD72,0xCD72,0xCD72,0xCD72,0xAD62,0xAD62,0xAD62,0xAD62,
    0xAD62,0xAD62,0xAD62,0xAD62,0xAD62,0x8D5A,0x6D52,0x6D52,0x8D5A,0x8D5A,0x8D5A,0x6D52,
    0x6D52,0x6D52,0x6D52,0x2C42,0x2C42,0x2C42,0x2C42,0x2C42,0x2C42,0x2C42,0x2C42,0x2C42,
    0x0C3A,0x0C3A,0xEC31,0xEC31,0xEC31,0xEC31,0xEC31,0xEC31,0xEC31,0xEC31,0xEC31,0xEC31,
    0xEC31,0xEC31,0xEC31,0xEC31,0xEC31,0xEC31,0xEC31,0xEC31,0xEC31,0xEC31,0xEC31,0xEC31,
    0xEC31,0xEC31,0x0C3A,0x0C3A,0x2C42,0x2C42,0x2C42,0x2C42,0x2C42,0x2C42,0x2C42,0x2C42,
    0x2C42,0x6D52,0x6D52,0x6D52,0xCE6A,0xCE6A,0x8D5A,0x8D5A,0x8D5A,0xAD62,0xAD62,0xAD62,
    0xAD62,0xAD62,0xAD62,0xAD62,0xAD62,0xAD62,0xCD72,0xCD72,0xCD72,0xCD72,0xCD72,0xCD72,
    0x0E7B,0x2E83,0x2E83,0x2E83,0x2E83,0x8F9B,0x4E93,0x4E93,0x8F9B,0x8F9B,0x8F9B,0xB09B,
    0xB09B,0xB09B,0x8F9B,0x8F9B,0xAFA3,0xAFA3,0xAFA3,0xD0A3,0x11AC,0x11AC,0x11AC,0x11AC,
    0xD0A3,0x31B4,0x31B4,0x31B4,0x31B4,0x31B4,0x31B4,0x31B4,0x31B4,0x31B4,0x31B4,0x31B4,
    0xD2CC,0xD2CC,0xD2CC,0xD2CC,0xD2CC,0xD2CC,0xD2CC,0xD2CC,0xD2CC,0xD2CC,0xD2CC,0xD2CC,
    0xD2CC,0xD2CC,0xD2CC,0xD2CC,0xD2CC,0xD2CC,0xD2CC,0xD2CC,0xD2CC,0xD2CC,0xD2CC,0xD2CC,
    0xD2CC,0xD2CC,0xD2CC,0xD2CC,0xD2CC,0xD2CC,0xD2CC,0xD2CC,0xD2CC,0xD2CC,0xD2CC,0xD2CC,
    0xD2CC,0xD2CC,0xD2CC,0xD2CC,0xD2CC,0xD2CC,0xD2CC,0xD2CC,0xD2CC,0xD2CC,0xD2CC,0xD2CC,
    0xD2CC,0xD2CC,0xD2CC,0xD2CC,0xD2CC,0xD2CC,0xD2CC,0xD2CC,0xD2CC,0xD2CC,0x71C4,0x31B4,
    0x31B4,0x31B4,0x31B4,0x31B4,0x31B4,0x31B4,0x31B4,0x31B4,0x31B4,0x31B4,0xF0B3,0xF0B3,
    0xAFA3,0xAFA3,0xAFA3,0xAFA3,0xAFA3,0xAFA3,0xAFA3,0xAFA3,0xAFA3,0xAFA3,0xAFA3,0xAFA3,
    0xAFA3,0x4E93,0x4E93,0x4E93,0x4E93,0x4E93,0x4E93,0x4E93,0x8F9B,0x8F9B,0x4E93,0x4E93,
    0x4E93,0x4E93,0x4E93,0x4E93,0x4E93,0x2E83,0x2E83,0x2E83,0x2E83,0x0D83,0x0D83,0x0D7B,
    0xCD72,0xCD72,0xCD72,0xCD72,0xCD72,0xCD72,0xCD72,0xCD72,0xCD72,0xAD62,0xAD62,0xAD62,
    0xAD62,0xAD62,0xAD62,0xAD62,0x6C62,0xAD62,0x8D5A,0x8D5A,0x6D52,0x8D5A,0x8D5A,0x8D5A,
    0x6D52,0x6D52,0x6D52,0x6D52,0x2C42,0x2C42,0x2C42,0x2C42,0x2C42,0x2C42,0x2C42,0x2C42,
    0x0C3A,0x0C3A,0x0C3A,0xEC31,0xEC31,0xEC31,0xEC31,0xEC31,0xEC31,0xEC31,0xEC31,0xEC31,
    0xEC31,0xEC31,0xEC31,0xEC31,0xEC31,0xEC31,0xEC31,0xEC31,0xEC31,0xEC31,0xEC31,0xEC31,
    0xEC31,0x0C3A,0x0C3A,0x0C3A,0x2C42,0x2C42,0x2C42,0x2C42,0x2C42,0x2C42,0x2C42,0x2C42,
    0x6D52,0x6D52,0x6D52,0x6D52,0x8D5A,0xCE6A,0xCE6A,0x8D5A,0x8D5A,0xAD62,0xAD62,0xAD62,
    0xAD62,0xAD62,0xAD62,0xAD62,0xAD62,0xCD72,0xCD72,0xCD72,0xCD72,0xCD72,0xCD72,0x0E7B,
    0x0E7B,0x2E83,0x2E83,0x2E83,0x2E83,0xB09B,0x4E93,0x8F9B,0x4E93,0x4E93,0x8F9B,0x8F9B,
    0xB09B,0xD0A3,0xD0A3,0xAFA3,0xD0A3,0xD0A3,0xD0A3,0xD0A3,0xD0A3,0x11AC,0x31B4,0x31B4,
    0x31B4,0x31B4,0x31B4,0x31B4,0x31B4,0x31B4,0x31B4,0x31B4,0x31B4,0x31B4,0x31B4,0x31B4,
    0x92BC,0xD2CC,0xD2CC,0xD2CC,0xD2CC,0xD2CC,0xD2CC,0xD2CC,0xD2CC,0xD2CC,0xD2CC,0xD2CC,
    0xD2CC,0xD2CC,0xD2CC,0xD2CC,0xD2CC,0xD2CC,0xD2CC,0xD2CC,0xD2CC,0xD2CC,0xD2CC,0xD2CC,
    0xD2CC,0x13CD,0xD2CC,0x13CD,0xD2CC,0x13CD,0x13CD,0x13CD,0x13CD,0x13CD,0x13CD,0xD2CC,
    0xD2CC,0x13CD,0xD2CC,0xD2CC,0xD2CC,0xD2CC,0xD2CC,0xD2CC,0xD2CC,0xD2CC,0xD2CC,0xD2CC,
    0xD2CC,0xD2CC,0xD2CC,0xD2CC,0xD2CC,0xD2CC,0xD2CC,0xD2CC,0xD2CC,0xD2CC,0xD2CC,0x71C4,
    0x31B4,0x31B4,0x31B4,0x31B4,0x31B4,0x31B4,0x31B4,0x31B4,0x31B4,0x31B4,0xF0B3,0xEFB3,
    0xEFB3,0xAFA3,0xAFA3,0xAFA3,0xAFA3,0xAFA3,0xAFA3,0xAFA3,0xAFA3,0xAFA3,0xAFA3,0xAFA3,
    0xAFA3,0xAFA3,0x4E93,0x4E93,0x4E93,0x4E93,0x4E93,0x4E93,0x4E93,0x8F9B,0x4E93,0x4E93,
    0x4E93,0x4E93,0x4E93,0x4E93,0x4E93,0x2E83,0x2E83,0x2E83,0x2E83,0x0D83,0x0D83,0x0D7B,
    0x0D7B,0xCD72,0xCD72,0xCD72,0xCD72,0xCD72,0xCD72,0xCD72,0xCD72,0xAD62,0xAD62,0xAD62,
    0xAD62,0xAD62,0xAD62,0xAD62,0xAD62,0xAD62,0xAD62,0x6D52,0x6D52,0x8D5A,0x8D5A,0x8D5A,
    0x6D52,0x6D52,0x6D52,0x6D52,0x2C42,0x2C42,0x2C42,0x2C42,0x2C42,0x2C42,0x2C42,0x2C42,
    0x2C42,0x2C42,0x2C42,0x0C3A,0xEC31,0xEC31,0xEC31,0xEC31,0xEC31,0xEC31,0xEC31,0xEC31,
    0xEC31,0xEC31,0xEC31,0xEC31,0xEC31,0xEC31,0xEC31,0xEC31,0xEC31,0xEC31,0xEC31,0xEC31,
    0xEC31,0x0C3A,0x0C3A,0x2C42,0x2C42,0x2C42,0x2C42,0x2C42,0x2C42,0x2C42,0x2C42,0x2C42,
    0x6D52,0x6D52,0x6D52,0x6D52,0x6D52,0xAD62,0xCE6A,0xCE6A,0xAD62,0xAD62,0xAD62,0xAD62,
    0xAD62,0xAD62,0xAD62,0xAD62,0xCD72,0xCD72,0xCD72,0xCD72,0xCD72,0xCD72,0xCD72,0x0E7B,
    0x0D7B,0x2E83,0x2E83,0x4E93,0x2E83,0x8F9B,0x8F9B,0x8F9B,0x4E93,0x4E93,0x8F9B,0x8F9B,
    0x8F9B,0xD0A3,0xD0A3,0xD0A3,0xD0A3,0xD0A3,0xD0A3,0xD0A3,0xD0A3,0x11AC,0x11AC,0x31B4,
    0x31B4,0x31B4,0x31B4,0x31B4,0x31B4,0x31B4,0x31B4,0x31B4,0x31B4,0x31B4,0x31B4,0x31B4,
    0xD2CC,0xD2CC,0xD2CC,0xD2CC,0xD2CC,0xD2CC,0xD2CC,0xD2CC,0xD2CC,0xD2CC,0xD2CC,0xD2CC,
    0xD2CC,0xD2CC,0xD2CC,0xD2CC,0xD2CC,0xD2CC,0xD2CC,0xD2CC,0xD2CC,0xD2CC,0xD2CC,0xD2CC,
    0xD2CC,0x54DD,0x13D5,0x13CD,0x13D5,0x13D5,0x54DD,0x54DD,0x54DD,0x13D5,0x13D5,0x13D5,
    0x13D5,0x13CD,0x13CD,0xD2CC,0xD2CC,0xD2CC,0xD2CC,0xD2CC,0xD2CC,0xD2CC,0xD2CC,0xD2CC,
    0xD2CC,0xD2CC,0xD2CC,0xD2CC,0xD2CC,0xD2CC,0xD2CC,0xD2CC,0xD2CC,0xD2CC,0xD2CC,0xD2CC,
    0x71C4,0x31B4,0x31B4,0x31B4,0x31B4,0x31B4,0x31B4,0x31B4,0x31B4,0x31B4,0x31B4,0xF0B3,
    0xEFB3,0xEFB3,0xAFA3,0xAFA3,0xAFA3,0xAFA3,0xAFA3,0xAFA3,0xAFA3,0xAFA3,0xAFA3,0xAFA3,
    0xAFA3,0xAFA3,0xAFA3,0x4E93,0x4E93,0x4E93,0x4E93,0x4E93,0x8F9B,0x8F9B,0x8F9B,0x4E93,
    0x4E93,0x4E93,0x4E93,0x4E93,0x4E93,0x4E93,0x2E83,0x2E83,0x2E83,0x2E83,0x0D83,0x0D83,
    0xCD72,0xCD72,0xCD72,0xCD72,0xCD72,0xCD72,0xCD72,0xCD72,0xCD72,0xAD62,0xAD62,0xAD62,
    0xAD62,0xAD62,0xAD62,0xAD62,0xAD62,0xAD62,0xAD62,0x8D5A,0x6D52,0x8D5A,0x8D5A,0x8D5A,
    0x6D52,0x6D52,0x6D52,0x6D52,0x2C42,0x2C42,0x2C42,0x2C42,0x2C42,0x2C42,0x2C42,0x2C42,
    0x2C42,0x2C42,0x0C3A,0x0C3A,0xEC31,0xEC31,0xEC31,0xEC31,0xEC31,0xEC31,0xEC31,0xEC31,
    0xEC31,0xEC31,0xEC31,0xEC31,0xEC31,0xEC31,0xEC31,0xEC31,0xEC31,0xEC31,0xEC31,0xEC31,
    0x0C3A,0x0C3A,0x2C42,0x2C42,0x2C42,0x2C42,0x2C42,0x2C42,0x2C42,0x2C42,0x2C42,0x2C42,
    0x6D52,0x6D52,0x6D52,0x6D52,0x6D52,0x6D52,0xAD62,0xCE6A,0xCE6A,0xAD62,0xAD62,0xAD62,
    0xAD62,0xAD62,0xAD62,0xAD62,0xCD72,0xCD72,0xCD72,0xCD72,0xCD72,0xCD72,0x0E7B,0x2E83,
    0x0E7B,0x2E83,0x8F9B,0x8F9B,0x8F9B,0x8F9B,0x8F9B,0xB09B,0x8F9B,0x4E93,0x8F9B,0x8F9B,
    0x8F9B,0x8F9B,0xD0A3,0xD0A3,0xD0A3,0xD0A3,0xD0A3,0xD0A3,0xD0A3,0xD0A3,0x31B4,0x31B4,
    0x31B4,0x31B4,0x31B4,0x31B4,0x31B4,0x31B4,0x31B4,0x31B4,0x31B4,0x31B4,0x31B4,0x31B4,
    0xD2CC,0xD2CC,0xD2CC,0xD2CC,0xD2CC,0xD2CC,0xD2CC,0xD2CC,0xD2CC,0xD2CC,0xD2CC,0xD2CC,
    0xD2CC,0xD2CC,0xD2CC,0xD2CC,0xD2CC,0xD2CC,0xD2CC,0xD2CC,0xD2CC,0xD2CC,0xD2CC,0xD2CC,
    0x13CD,0x54DD,0x54DD,0x54DD,0x54DD,0x54DD,0x54DD,0x54DD,0x54DD,0x54DD,0x54DD,0x54DD,
    0x54DD,0x54DD,0x13CD,0x13D5,0xD2CC,0xD2CC,0x13CD,0x13D5,0xD2CC,0xD2CC,0xD2CC,0xD2CC,
    0xD2CC,0xD2CC,0xD2CC,0xD2CC,0xD2CC,0xD2CC,0xD2CC,0xD2CC,0xD2CC,0xD2CC,0xD2CC,0xD2CC,
    0xD2CC,0x31B4,0x31B4,0x31B4,0x31B4,0x31B4,0x31B4,0x31B4,0x31B4,0x31B4,0x31B4,0x31B4,
    0xEFB3,0xEFB3,0xEFB3,0xAFA3,0xAFA3,0xAFA3,0xAFA3,0xAFA3,0xAFA3,0xAFA3,0xAFA3,0xAFA3,
    0xAFA3,0xAFA3,0xAFA3,0xAFA3,0xAFA3,0xAFA3,0x4E93,0x4E93,0x8F9B,0x8F9B,0x8F9B,0x8F9B,
    0x8F9B,0x8F9B,0x4E93,0x4E93,0x4E93,0x4E93,0x2E83,0x2E83,0x2E83,0x2E83,0x0D83,0x0D83,
    0x0D83,0xCD72,0xCD72,0xCD72,0xCD72,0xCD72,0xCD72,0xCD72,0xCD72,0xCD72,0xAD62,0xAD62,
    0xAD62,0xAD62,0xAD62,0xAD62,0xAD62,0xAD62,0xAD62,0xAD62,0x8D5A,0x8D5A,0x8D5A,0x8D5A,
    0x8D5A,0x8D5A,0x6D52,0x6D52,0x6D52,0x2C42,0x2C42,0x2C42,0x2C42,0x2C42,0x2C42,0x2C42,
    0x2C42,0x2C42,0x0C3A,0x0C3A,0x0C3A,0xEC31,0xEC31,0xEC31,0xEC31,0xEC31,0xEC31,0xEC31,
    0xEC31,0xEC31,0xEC31,0xEC31,0xEC31,0xEC31,0xEC31,0xEC31,0xEC31,0xEC31,0xEC31,0xEC31,
    0x0C3A,0x0C3A,0x2C42,0x2C42,0x2C42,0x2C42,0x2C42,0x2C42,0x2C42,0x2C42,0x2C42,0x6D52,
    0x6D52,0x6D52,0x6D52,0x6D52,0x6D52,0x6D52,0x8D5A,0xAD62,0xAD62,0xAD62,0xAD62,0xAD62,
    0xAD62,0xAD62,0xAD62,0xCD72,0xCD72,0xCD72,0xCD72,0xCD72,0xCD72,0x0D7B,0x0E7B,0x2E83,
    0x2E83,0x2E83,0x4E93,0x4E93,0xB09B,0x8F9B,0x8F9B,0x8F9B,0x8F9B,0x8F9B,0x4E93,0x8F9B,
    0x8F9B,0x8F9B,0xAFA3,0xD0A3,0xD0A3,0xD0A3,0xD0A3,0xD0A3,0xD0A3,0xD0A3,0x11AC,0x31B4,
    0x31B4,0x31B4,0x31B4,0x31B4,0x31B4,0x31B4,0x31B4,0x31B4,0x31B4,0x31B4,0x31B4,0x71C4,
    0xD2CC,0xD2CC,0xD2CC,0xD2CC,0xD2CC,0xD2CC,0xD2CC,0xD2CC,0xD2CC,0xD2CC,0xD2CC,0x13CD,
    0xD2CC,0xD2CC,0xD2CC,0xD2CC,0xD2CC,0xD2CC,0xD2CC,0xD2CC,0xD2CC,0xD2CC,0xD2CC,0x13D5,
    0x54DD,0x54DD,0x54DD,0x54DD,0x54DD,0x54DD,0x54DD,0x54DD,0x54DD,0x54DD,0x54DD,0x54DD,
    0x54DD,0x54DD,0x54DD,0x54DD,0x13D5,0x13D5,0x54DD,0x54DD,0x13D5,0x13CD,0xD2CC,0xD2CC,
    0xD2CC,0xD2CC,0xD2CC,0xD2CC,0xD2CC,0xD2CC,0xD2CC,0xD2CC,0xD2CC,0xD2CC,0xD2CC,0xD2CC,
    0xD2CC,0xD2CC,0x31B4,0x31B4,0x31B4,0x31B4,0x31B4,0x31B4,0x31B4,0x31B4,0x31B4,0x31B4,
    0xF0B3,0xEFB3,0xEFB3,0xEFB3,0xAFA3,0xAFA3,0xAFA3,0xAFA3,0xAFA3,0xAFA3,0xAFA3,0xAFA3,
    0xAFA3,0xAFA3,0xAFA3,0xAFA3,0xAFA3,0xAFA3,0xAFA3,0x4E93,0xAFA3,0xAFA3,0x8F9B,0x8F9B,
    0x8F9B,0x8F9B,0x4E93,0x4E93,0x4E93,0x4E93,0x2E83,0x2E83,0x2E83,0x2E83,0x2E83,0x2E83,
    0x0D83,0xCD72,0xCD72,0xCD72,0xCD72,0xCD72,0xCD72,0xCD72,0xCD72,0xCD72,0xAD62,0xAD62,
    0xAD62,0xAD62,0xAD62,0xAD62,0xAD62,0xAD62,0xAD62,0xAD62,0x8D5A,0x8D5A,0x8D5A,0x8D5A,
    0x8D5A,0x8D5A,0x6D52,0x6D52,0x6D52,0x2C42,0x2C42,0x2C42,0x2C42,0x2C42,0x2C42,0x2C42,
    0x2C42,0x2C42,0x2C42,0x0C3A,0x0C3A,0xEC31,0xEC31,0xEC31,0xEC31,0xEC31,0xEC31,0xEC31,
    0xEC31,0xEC31,0xEC31,0xEC31,0xEC31,0xEC31,0xEC31,0xEC31,0xEC31,0xEC31,0xEC31,0xEC31,
    0x0C3A,0x2C42,0x2C42,0x2C42,0x2C42,0x2C42,0x2C42,0x2C42,0x2C42,0x2C42,0x2C42,0x6D52,
    0x6D52,0x6D52,0x6D52,0x6D52,0x6D52,0x6D52,0x6D52,0xAD62,0xAD62,0xAD62,0xAD62,0xAD62,
    0xAD62,0xAD62,0xAD62,0xCD72,0xCD72,0xCD72,0xCD72,0xCD72,0xCD72,0x0D7B,0x2E83,0x2E83,
    0x2E83,0x2E83,0x2E83,0x8F9B,0xB09B,0xB09B,0x8F9B,0x8F9B,0x8F9B,0x8F9B,0x8F9B,0x8F9B,
    0x8F9B,0x8F9B,0xAFA3,0xD0A3,0xD0A3,0xD0A3,0xD0A3,0xD0A3,0xD0A3,0xD0A3,0xD0A3,0x31B4,
    0x31B4,0x31B4,0x31B4,0x31B4,0x31B4,0x31B4,0x31B4,0x31B4,0x31B4,0x31B4,0x31B4,0xD2CC,
    0xD2CC,0xD2CC,0xD2CC,0xD2CC,0xD2CC,0xD2CC,0xD2CC,0xD2CC,0xD2CC,0x54DD,0x13CD,0x13D5,
    0x13D5,0x13CD,0x13D5,0x54DD,0x13D5,0xD2CC,0xD2CC,0xD2CC,0xD2CC,0xD2CC,0xD2CC,0x54DD,
    0x54DD,0x54DD,0x54DD,0x54DD,0x54DD,0x54DD,0x54DD,0x54DD,0x54DD,0x54DD,0x54DD,0x54DD,
    0x54DD,0x54DD,0x54DD,0x54DD,0x54DD,0x54DD,0x13D5,0x54DD,0x54DD,0x13D5,0x13D5,0x13D5,
    0xD2CC,0xD2CC,0xD2CC,0xD2CC,0xD2CC,0xD2CC,0xD2CC,0xD2CC,0xD2CC,0xD2CC,0xD2CC,0xD2CC,
    0xD2CC,0xD2CC,0x71C4,0x31B4,0x31B4,0x31B4,0x31B4,0x31B4,0x31B4,0x31B4,0x31B4,0x31B4,
    0x31B4,0xF0B3,0xEFB3,0xEFB3,0xEFB3,0xAFA3,0xAFA3,0xAFA3,0xAFA3,0xAFA3,0xAFA3,0xAFA3,
    0xAFA3,0xAFA3,0xAFA3,0xAFA3,0xAFA3,0xAFA3,0xAFA3,0xAFA3,0xAFA3,0xAFA3,0xAFA3,0x8F9B,
    0x8F9B,0x8F9B,0x8F9B,0x4E93,0x4E93,0x4E93,0x2E83,0x2E83,0x2E83,0x2E83,0x2E83,0x2E83,
    0x2E83,0x2E83,0xCD72,0xCD72,0xCD72,0xCD72,0xCD72,0xCD72,0xCD72,0xCD72,0xCD72,0xAD62,
    0xAD62,0xAD62,0xAD62,0xAD62,0xAD62,0xAD62,0xAD62,0xAD62,0xAD62,0x8D5A,0x8D5A,0x8D5A,
    0x8D5A,0x8D5A,0x8D5A,0x8D5A,0x6D52,0x2C42,0x2C42,0x2C42,0x2C42,0x2C42,0x2C42,0x2C42,
    0x2C42,0x2C42,0x2C42,0x2C42,0x0C3A,0x0C3A,0xEC31,0xEC31,0xEC31,0xEC31,0xEC31,0xEC31,
    0xEC31,0xEC31,0xEC31,0xEC31,0xEC31,0xEC31,0xEC31,0xEC31,0xEC31,0xEC31,0xEC31,0x0C3A,
    0x2C42,0x2C42,0x2C42,0x2C42,0x2C42,0x2C42,0x2C42,0x2C42,0x2C42,0x2C42,0x2C42,0x6D52,
    0x6D52,0x6D52,0x6D52,0x6D52,0x6D52,0x8D5A,0x8D5A,0xAD62,0xAD62,0xAD62,0xAD62,0xAD62,
    0xAD62,0xAD62,0xAD62,0xCD72,0xCD72,0xCD72,0xCD72,0xCD72,0x0D7B,0x0E7B,0x2E83,0x2E83,
    0x2E83,0x2E83,0x2E83,0x4E93,0x8F9B,0xB09B,0xB09B,0x8F9B,0x8F9B,0x8F9B,0x8F9B,0x8F9B,
    0x8F9B,0x8F9B,0xAFA3,0xAFA3,0xD0A3,0xD0A3,0xD0A3,0xD0A3,0xD0A3,0xD0A3,0x31B4,0x31B4,
    0x31B4,0x31B4,0x31B4,0x31B4,0x31B4,0x31B4,0x31B4,0x31B4,0x31B4,0x91BC,0x91C4,0xD2CC,
    0xD2CC,0xD2CC,0xD2CC,0xD2CC,0xD2CC,0xD2CC,0xD2CC,0xD2CC,0xD2CC,0x54DD,0x13D5,0x54DD,
    0x54DD,0x54DD,0x54DD,0x54DD,0x54DD,0x13D5,0xD2CC,0xD2CC,0xD2CC,0x13D5,0x13D5,0x54DD,
    0x54DD,0x54DD,0x54DD,0x54DD,0x54DD,0x54DD,0x54DD,0x54DD,0x54DD,0x54DD,0x54DD,0x54DD,
    0x54DD,0x54DD,0x54DD,0x54DD,0x54DD,0x54DD,0x54DD,0x54DD,0x54DD,0x54DD,0x54DD,0x54DD,
    0x13D5,0x13D5,0x13CD,0xD2CC,0xD2CC,0xD2CC,0xD2CC,0xD2CC,0xD2CC,0xD2CC,0xD2CC,0xD2CC,
    0xD2CC,0xD2CC,0xD2CC,0x91C4,0x31B4,0x71C4,0x31B4,0x31B4,0x31B4,0x31B4,0x31B4,0x31B4,
    0x31B4,0x31B4,0xEFB3,0xEFB3,0xEFB3,0xEFB3,0xAFA3,0xAFA3,0xAFA3,0xAFA3,0xAFA3,0xAFA3,
    0xAFA3,0xAFA3,0xAFA3,0xAFA3,0xAFA3,0xAFA3,0xAFA3,0xAFA3,0xAFA3,0xAFA3,0xAFA3,0xAFA3,
    0x8F9B,0x8F9B,0x8F9B,0x8F9B,0x4E93,0x4E93,0x2E83,0x0D83,0x0D83,0x2E83,0x2E83,0x2E83,
    0x0D83,0x0D83,0x0D7B,0xCD72,0xCD72,0xCD72,0xCD72,0xCD72,0xCD72,0xCD72,0xCD72,0xAD62,
    0xAD62,0xAD62,0xAD62,0xAD62,0xAD62,0xAD62,0xAD62,0xAD62,0xAD62,0x8D5A,0x8D5A,0x8D5A,
    0x8D5A,0x8D5A,0x8E5A,0x6E52,0x6D52,0x6D52,0x2C42,0x2C42,0x2C42,0x2C42,0x2C42,0x2C42,
    0x2C42,0x2C42,0x2C42,0x2C42,0x2C42,0x0C3A,0x0C3A,0xEC31,0xEC31,0xEC31,0xEC31,0xEC31,
    0xEC31,0xEC31,0xEC31,0xEC31,0xEC31,0xEC31,0xEC31,0xEC31,0xEC31,0xEC31,0xEC31,0xEC31,
    0x2C42,0x2C42,0x2C42,0x2C42,0x2C42,0x2C42,0x2C42,0x2C42,0x2C42,0x2C42,0x6D52,0x6D52,
    0x6D52,0x6D52,0x6D52,0x6D52,0x6D52,0x6D52,0xAD62,0xAD62,0xAD62,0xAD62,0xAD62,0xAD62,
    0xAD62,0xAD62,0xCD72,0xCD72,0xCD72,0xCD72,0xCD72,0xCD72,0x0D7B,0x2E83,0x2E83,0x2E83,
    0x2E83,0x2E83,0x2E83,0x4E93,0x4E93,0x8F9B,0xB09B,0x8F9B,0x8F9B,0x8F9B,0x8F9B,0x8F9B,
    0x8F9B,0xAFA3,0xD0A3,0xAFA3,0xD0A3,0xD0A3,0xD0A3,0xD0A3,0xD0A3,0x31B4,0x31B4,0x31B4,
    0x31B4,0x31B4,0x31B4,0x31B4,0x31B4,0x31B4,0x31B4,0x31B4,0x91BC,0xD2CC,0xD2CC,0xD2CC,
    0xD2CC,0xD2CC,0xD2CC,0xD2CC,0xD2CC,0xD2CC,0xD2CC,0xD2CC,0xD2CC,0x54DD,0x54DD,0x54DD,
    0x54DD,0x54DD,0x54DD,0x54DD,0x54DD,0x54DD,0x13D5,0xF2D4,0xF2D4,0x54DD,0x54DD,0x54DD,
    0x54DD,0x54DD,0x54DD,0x54DD,0x54DD,0x54DD,0x54DD,0x54DD,0x54DD,0x54DD,0x54DD,0x54DD,
    0x54DD,0x54DD,0x54DD,0x54DD,0x54DD,0x54DD,0x54DD,0x54DD,0x54DD,0x54DD,0x54DD,0x54DD,
    0x54DD,0x13D5,0x13D5,0x13CD,0xD2CC,0xD2CC,0xD2CC,0xD2CC,0xD2CC,0xD2CC,0xD2CC,0xD2CC,
    0xD2CC,0xD2CC,0xD2CC,0x91C4,0x91C4,0x71C4,0x71C4,0x71C4,0x31B4,0x31B4,0x31B4,0x31B4,
    0x31B4,0x31B4,0xF0B3,0xEFB3,0xEFB3,0xEFB3,0xAFA3,0xAFA3,0xAFA3,0xAFA3,0xAFA3,0xAFA3,
    0xAFA3,0xAFA3,0xAFA3,0xAFA3,0xAFA3,0xAFA3,0xAFA3,0xAFA3,0xAFA3,0xAFA3,0xAFA3,0xAFA3,
    0x8F9B,0x8F9B,0x8F9B,0x8F9B,0x8F9B,0x4E93,0x4E93,0x2E83,0x2E83,0x2E83,0x2E83,0x2E83,
    0x0D83,0x2E83,0x0D7B,0xCD72,0xCD72,0xCD72,0xCD72,0xCD72,0xCD72,0xCD72,0xCD72,0xCD72,
    0xAD62,0xAD62,0xAD62,0xAD62,0xAD62,0xAD62,0xAD62,0xAD62,0xAD62,0xAD62,0xAD62,0x8D5A,
    0x8D5A,0x8D5A,0x8E5A,0x8E5A,0x8D5A,0x6D52,0x2C42,0x2C42,0x2C42,0x2C42,0x2C42,0x2C42,
    0x2C42,0x2C42,0x2C42,0x2C42,0x2C42,0x0C3A,0x0C3A,0xEC31,0xEC31,0xEC31,0xEC31,0xEC31,
    0xEC31,0xEC31,0xEC31,0xEC31,0xEC31,0xEC31,0xEC31,0xEC31,0xEC31,0xEC31,0x0C3A,0x0C3A,
    0x2C42,0x2C42,0x2C42,0x2C42,0x2C42,0x2C42,0x2C42,0x2C42,0x2C42,0x2C42,0x6D52,0x6D52,
    0x6D52,0x6D52,0x6D52,0x6D52,0x6D52,0x8D5A,0xAD62,0xAD62,0xAD62,0xAD62,0xAD62,0xAD62,
    0xAD62,0xAD62,0xCD72,0xCD72,0xCD72,0xCD72,0xCD72,0x0D7B,0x0E7B,0x2E83,0x2E83,0x2E83,
    0x2E83,0x2E83,0x2E83,0x2E83,0x4E93,0x4E93,0x8F9B,0x8F9B,0x8F9B,0x8F9B,0x8F9B,0x8F9B,
    0x8F9B,0xAFA3,0xAFA3,0xAFA3,0xAFA3,0xD0A3,0xD0A3,0xD0A3,0xD0A3,0x31B4,0x31B4,0x31B4,
    0x31B4,0x31B4,0x31B4,0x31B4,0x31B4,0x31B4,0x31B4,0xD2CC,0xD2CC,0xD2CC,0xD2CC,0xD2CC,
    0xD2CC,0xD2CC,0xD2CC,0xD2CC,0xD2CC,0xD2CC,0xD2CC,0xD2CC,0xD2CC,0x54DD,0x54DD,0x54DD,
    0x54DD,0x54DD,0x54DD,0x54DD,0x54DD,0x54DD,0x54DD,0x13D5,0x13D5,0x13D5,0x54DD,0x54DD,
    0x95DD,0x95DD,0x54DD,0x54DD,0x54DD,0x54DD,0x54DD,0x95DD,0x54DD,0x54DD,0x54DD,0x54DD,
    0x54DD,0x54DD,0x54DD,0x54DD,0x54DD,0x54DD,0x54DD,0x54DD,0x54DD,0x54DD,0x54DD,0x54DD,
    0x54DD,0x54DD,0x54DD,0x54DD,0x13D5,0xD2CC,0xD2CC,0xD2CC,0xD2CC,0xD2CC,0xD2CC,0xD2CC,
    0xD2CC,0xD2CC,0xD2CC,0xD2CC,0x91C4,0x91C4,0x71C4,0x71C4,0x71C4,0x31B4,0x31B4,0x31B4,
    0x31B4,0x31B4,0x31B4,0xEFB3,0xEFB3,0xEFB3,0xEFB3,0xAFA3,0xAFA3,0xAFA3,0xAFA3,0xAFA3,
    0xAFA3,0xAFA3,0xAFA3,0xAFA3,0xAFA3,0xAFA3,0xAFA3,0xAFA3,0xAFA3,0xAFA3,0xAFA3,0xAFA3,
    0x8F9B,0xAFA3,0x8F9B,0x8F9B,0x8F9B,0x4E93,0x4E93,0x2E83,0x2E83,0x2E83,0x2E83,0x2E83,
    0x0D83,0x2E83,0x0D83,0xCD72,0xCD72,0xCD72,0xCD72,0xCD72,0xCD72,0xCD72,0xCD72,0xCD72,
    0xAD62,0xAD62,0xAD62,0xAD62,0xAD62,0xAD62,0xAD62,0xAD62,0xAD62,0xAD62,0xAD62,0x8D5A,
    0x8D5A,0x8D5A,0x8D5A,0x8E5A,0x8E5A,0x6D52,0x2C42,0x2C42,0x2C42,0x2C42,0x2C42,0x2C42,
    0x2C42,0x2C42,0x2C42,0x2C42,0x2C42,0x2C42,0x0C3A,0x0C3A,0xEC31,0xEC31,0xEC31,0xEC31,
    0xEC31,0xEC31,0xEC31,0xEC31,0xEC31,0xEC31,0xEC31,0xEC31,0xEC31,0xEC31,0x0C3A,0x0C3A,
    0x2C42,0x2C42,0x2C42,0x2C42,0x2C42,0x2C42,0x2C42,0x2C42,0x2C42,0x2C42,0x6D52,0x6D52,
    0x6D52,0x6D52,0x6D52,0x6D52,0x6D52,0xAD62,0xAD62,0xAD62,0xAD62,0xAD62,0xAD62,0xAD62,
    0xAD62,0xCD72,0xCD72,0xCD72,0xCD72,0xCD72,0xCD72,0x0D7B,0x0E7B,0x2E83,0x2E83,0x2E83,
    0x2E83,0x2E83,0x2E83,0x2E83,0x2E83,0x4E93,0x4E93,0x8F9B,0x8F9B,0xAFA3,0x8F9B,0xAFA3,
    0xAFA3,0xAFA3,0xAFA3,0xAFA3,0xD0A3,0xD0A3,0xD0A3,0xD0A3,0x31B4,0x31B4,0x31B4,0x31B4,
    0x31B4,0x31B4,0x31B4,0x31B4,0x31B4,0x31B4,0xD2CC,0xD2CC,0xD2CC,0xD2CC,0xD2CC,0xD2CC,
    0xD2CC,0xD2CC,0xD2CC,0xD2CC,0xD2CC,0xD2CC,0xD2CC,0xD2CC,0xD2CC,0x54DD,0x54DD,0x54DD,
    0x54DD,0x54DD,0x54DD,0x54DD,0x54DD,0x54DD,0x54DD,0x54DD,0x13D5,0x54DD,0x54DD,0x54DD,
    0x54DD,0x54DD,0x54DD,0x54DD,0x54DD,0x54DD,0x54DD,0x54DD,0x95DD,0x54DD,0x54DD,0x95DD,
    0x95DD,0x54DD,0x54DD,0x95DD,0x54DD,0x54DD,0x54DD,0x54DD,0x54DD,0x54DD,0x54DD,0x54DD,
    0x54DD,0x54DD,0x54DD,0x54DD,0x54DD,0x13D5,0x13D5,0xD2CC,0xD2CC,0xD2CC,0xD2CC,0xD2CC,
    0xD2CC,0xD2CC,0xD2CC,0xD2CC,0xD2CC,0x91C4,0x91C4,0x71C4,0x31B4,0x31B4,0x31B4,0x31B4,
    0x31B4,0x31B4,0x31B4,0xF0B3,0xEFB3,0xEFB3,0xEFB3,0xEFB3,0xAFA3,0xAFA3,0xAFA3,0xAFA3,
    0xAFA3,0xAFA3,0xAFA3,0xAFA3,0xAFA3,0xAFA3,0xAFA3,0xAFA3,0xAFA3,0xAFA3,0xAFA3,0xAFA3,
    0xAFA3,0x8F9B,0x8F9B,0x8F9B,0x8F9B,0x4E93,0x4E93,0x2E83,0x0D83,0x0D83,0x2E83,0x2E83,
    0x2E83,0x2E83,0x0D83,0x0D7B,0xCD72,0xCD72,0xCD72,0xCD72,0xCD72,0xCD72,0xCD72,0xCD72,
    0xAD62,0xAD62,0xAD62,0xAD62,0xAD62,0xAD62,0xAD62,0xAD62,0xAD62,0xAD62,0xAD62,0x8D5A,
    0x8D5A,0x8D5A,0x8D5A,0x8D5A,0x8E5A,0x6D52,0x2C42,0x2C42,0x2C42,0x2C42,0x2C42,0x2C42,
    0x2C42,0x2C42,0x2C42,0x2C42,0x2C42,0x2C42,0x2C42,0x0C3A,0x0C3A,0xEC31,0xEC31,0xEC31,
    0xEC31,0xCB31,0xEC31,0xEC31,0xEC31,0xEC31,0xEC31,0xEC31,0xEC31,0xEC31,0xEC31,0x0C3A,
    0x2C42,0x2C42,0x2C42,0x2C42,0x2C42,0x2C42,0x2C42,0x2C42,0x2C42,0x6D52,0x6D52,0x6D52,
    0x6D52,0x6D52,0x6D52,0x6D52,0x8D5A,0xAD62,0xAD62,0xAD62,0xAD62,0xAD62,0xAD62,0xAD62,
    0xAD62,0xCD72,0xCD72,0xCD72,0xCD72,0xCD72,0xCD72,0x0D7B,0x0E7B,0x2E83,0x2E83,0x2E83,
    0x2E83,0x2E83,0x2E83,0x4E93,0x2E83,0x4E93,0x8F9B,0x4E93,0x8F9B,0x8F9B,0xAFA3,0x8F9B,
    0xAFA3,0xAFA3,0xAFA3,0xAFA3,0xD0A3,0xD0A3,0xD0A3,0x11AC,0x31B4,0x31B4,0x31B4,0x31B4,
    0x31B4,0x31B4,0x31B4,0x31B4,0x31B4,0xD2CC,0xD2CC,0xD2CC,0xD2CC,0xD2CC,0xD2CC,0xD2CC,
    0xD2CC,0xD2CC,0xD2CC,0xD2CC,0x13CD,0x13D5,0x13CD,0x13CD,0xD2CC,0x13D5,0x54DD,0x54DD,
    0x54DD,0x54DD,0x54DD,0x54DD,0x54DD,0x54DD,0x54DD,0x54DD,0x54DD,0x54DD,0x54DD,0xB5E5,
    0xB5E5,0xB5E5,0x54DD,0xB5E5,0x95DD,0x95DD,0x95DD,0xB5E5,0xB5E5,0xB5E5,0xB5E5,0xB5E5,
    0xB5E5,0x95DD,0x54DD,0xB5E5,0x95DD,0x54DD,0x54DD,0x95DD,0x54DD,0x54DD,0x54DD,0x54DD,
    0x54DD,0x54DD,0x54DD,0x54DD,0x54DD,0x54DD,0x13D5,0x13D5,0xD2CC,0xD2CC,0xD2CC,0xD2CC,
    0xD2CC,0xD2CC,0xD2CC,0xD2CC,0xD2CC,0xD2CC,0x91C4,0x31B4,0x31B4,0x31B4,0x31B4,0x31B4,
    0x31B4,0x31B4,0x31B4,0x31B4,0xF0B3,0xEFB3,0xEFB3,0xEFB3,0xEFB3,0xAFA3,0xAFA3,0xAFA3,
    0xAFA3,0xAFA3,0xAFA3,0xAFA3,0xAFA3,0xAFA3,0xAFA3,0xAFA3,0xAFA3,0xAFA3,0xAFA3,0xAFA3,
    0xAFA3,0xAFA3,0x8F9B,0x8F9B,0x8F9B,0x8F9B,0x4E93,0x4E93,0x2E83,0x0D83,0x2E83,0x2E83,
    0x2E83,0x0D83,0x0D83,0x0D83,0xCD72,0xCD72,0xCD72,0xCD72,0xCD72,0xCD72,0xCD72,0xCD72,
    0xAD62,0xAD62,0xAD62,0xAD62,0xAD62,0xAD62,0xAD62,0xAD62,0xAD62,0xAD62,0xAD62,0xAD62,
    0x8D5A,0x8D5A,0x8D5A,0x8D5A,0x8D5A,0x6D52,0x6D52,0x2C42,0x2C42,0x2C42,0x2C42,0x2C42,
    0x2C42,0x2C42,0x2C42,0x2C42,0x2C42,0x2C42,0x2C42,0x2C42,0x0C3A,0xEC31,0xEC31,0xEC31,
    0xEC31,0xCB31,0xEC31,0xEC31,0xEC31,0xEC31,0xEC31,0xEC31,0xEC31,0xEC31,0x0C3A,0x0C3A,
    0x0C3A,0x2C42,0x2C42,0x2C42,0x2C42,0x2C42,0x2C42,0x2C42,0x2C42,0x6D52,0x6D52,0x6D52,
    0x6D52,0x6D52,0x6D52,0x6D52,0x8D5A,0xAD62,0xAD62,0xAD62,0xAD62,0xAD62,0xAD62,0xAD62,
    0xAD62,0xCD72,0xCD72,0xCD72,0xCD72,0xCD72,0xCD72,0x0E7B,0x0E7B,0x2E83,0x2E83,0x2E83,
    0x2E83,0x2E83,0x2E83,0x4E93,0x4E93,0x4E93,0x4E93,0x8F9B,0x8F9B,0x8F9B,0xAFA3,0xAFA3,
    0xAFA3,0xAFA3,0xAFA3,0xD0A3,0xD0A3,0xD0A3,0xD0A3,0x31B4,0x31B4,0x31B4,0x31B4,0x31B4,
    0x31B4,0x31B4,0x31B4,0x31B4,0x71C4,0xD2CC,0xD2CC,0xD2CC,0xD2CC,0xD2CC,0xD2CC,0xD2CC,
    0xD2CC,0xD2CC,0xD2CC,0x13CD,0x13D5,0x13D5,0x13D5,0x13D5,0x13D5,0x13D5,0x54DD,0x54DD,
    0x54DD,0x54DD,0x54DD,0x54DD,0x54DD,0x54DD,0x54DD,0x95DD,0x95DD,0x54DD,0x95DD,0xB5E5,
    0xB5E5,0xB5E5,0xB5E5,0xB5E5,0xB5E5,0xB5E5,0xB5E5,0xB5E5,0xB5E5,0xB5E5,0xB5E5,0xB5E5,
    0xB5E5,0xB5E5,0xB5E5,0xB5E5,0xB5E5,0xB5E5,0x54DD,0x54DD,0x95DD,0x54DD,0x54DD,0x54DD,
    0x54DD,0x54DD,0x54DD,0x54DD,0x13D5,0x13D5,0x54DD,0x13D5,0x13D5,0xD2CC,0xD2CC,0xD2CC,
    0xD2CC,0xD2CC,0xD2CC,0xD2CC,0xD2CC,0xD2CC,0xD2CC,0x91C4,0x31B4,0x31B4,0x31B4,0x31B4,
    0x31B4,0x31B4,0x31B4,0x31B4,0x31B4,0xEFB3,0xEFB3,0xEFB3,0xEFB3,0xAFA3,0xAFA3,0xAFA3,
    0xAFA3,0xAFA3,0xAFA3,0xAFA3,0xAFA3,0xAFA3,0xAFA3,0xAFA3,0xAFA3,0xAFA3,0xAFA3,0xAFA3,
    0xAFA3,0xAFA3,0xAFA3,0x8F9B,0x8F9B,0x8F9B,0x4E93,0x4E93,0x2E83,0x2E83,0x0D83,0x2E83,
    0x2E83,0x2E83,0x0D83,0x2E83,0x0D7B,0xCD72,0xCD72,0xCD72,0xCD72,0xCD72,0xCD72,0xCD72,
    0xAD62,0xAD62,0xAD62,0xAD62,0xAD62,0xAD62,0xAD62,0xAD62,0xAD62,0xAD62,0xAD62,0xAD62,
    0x8D5A,0x8D5A,0x8D5A,0x8D5A,0x6D52,0x6D52,0x6D52,0x2C42,0x2C42,0x2C42,0x2C42,0x2C42,
    0x2C42,0x2C42,0x2C42,0x2C42,0x2C42,0x2C42,0x2C42,0x2C42,0x0C3A,0xEC31,0xEC31,0xEC31,
    0xEC31,0xCB31,0xEC31,0xEC31,0xEC31,0xEC31,0xEC31,0xEC31,0xEC31,0xEC31,0x0C3A,0x0C3A,
    0x2C42,0x2C42,0x2C42,0x2C42,0x2C42,0x2C42,0x2C42,0x2C42,0x2C42,0x6D52,0x6D52,0x6D52,
    0x6D52,0x6D52,0x6D52,0x8D5A,0x8D5A,0xAD62,0xAD62,0xAD62,0xAD62,0xAD62,0xAD62,0xAD62,
    0xAD62,0xCD72,0xCD72,0xCD72,0xCD72,0xCD72,0xCD72,0x0E7B,0x2E83,0x2E83,0x2E83,0x2E83,
    0x2E83,0x2E83,0x2E83,0x4E93,0x4E93,0x4E93,0x4E93,0x8F9B,0x8F9B,0x8F9B,0xAFA3,0xAFA3,
    0xAFA3,0xAFA3,0xAFA3,0xD0A3,0xD0A3,0xD0A3,0x11AC,0x31B4,0x31B4,0x31B4,0x31B4,0x31B4,
    0x31B4,0x31B4,0x31B4,0x31B4,0x71C4,0xD2CC,0xD2CC,0xD2CC,0xD2CC,0xD2CC,0xD2CC,0xD2CC,
    0xD2CC,0xD2CC,0x13CD,0x13D5,0x54DD,0x54DD,0x54DD,0x13D5,0x13D5,0x54DD,0x54DD,0x54DD,
    0x54DD,0x54DD,0x54DD,0x54DD,0x95DD,0x95DD,0x95DD,0x95DD,0xB5E5,0xB5E5,0xB5E5,0xB5E5,
    0xB5E5,0xB5E5,0xB5E5,0xB5E5,0xB5E5,0xB5E5,0xB5E5,0xB5E5,0xB5E5,0xF6ED,0xB5E5,0xB5E5,
    0xB5E5,0xB5E5,0xB5E5,0xB5E5,0xB5E5,0xB5E5,0xB5E5,0x95DD,0x95DD,0x54DD,0x54DD,0x54DD,
    0x54DD,0x54DD,0x54DD,0x54DD,0x54DD,0x13D5,0x13D5,0x13D5,0x54DD,0x13D5,0x13D5,0xD2CC,
    0xD2CC,0xD2CC,0xD2CC,0xD2CC,0xD2CC,0xD2CC,0xD2CC,0x91C4,0x71C4,0x71C4,0x31B4,0x31B4,
    0x31B4,0x31B4,0x31B4,0x31B4,0x31B4,0x31B4,0xEFB3,0xEFB3,0xEFB3,0xAFA3,0xAFA3,0xAFA3,
    0xAFA3,0xAFA3,0xAFA3,0xAFA3,0xAFA3,0xAFA3,0xAFA3,0xAFA3,0xAFA3,0xAFA3,0xAFA3,0xAFA3,
    0xAFA3,0xAFA3,0xAFA3,0xAFA3,0x8F9B,0x8F9B,0x4E93,0x4E93,0x4E93,0x2E83,0x2E83,0x2E83,
    0x2E83,0x2E83,0x0D83,0x0D83,0x0D83,0xCD72,0xCD72,0xCD72,0xCD72,0xCD72,0xCD72,0xCD72,
    0xCD72,0xAD62,0xAD62,0xAD62,0xAD62,0xAD62,0xAD62,0xAD62,0xCE6A,0xAD62,0xAD62,0xAD62,
    0xAD62,0xAD62,0x8D5A,0x8D5A,0x6D52,0x6D52,0x6D52,0x2C42,0x2C42,0x2C42,0x2C42,0x2C42,
    0x2C42,0x2C42,0x2C42,0x2C42,0x2C42,0x2C42,0x2C42,0x2C42,0x0C3A,0xEC31,0xEC31,0xEC31,
    0xCB31,0xCB31,0xEC31,0xEC31,0xEC31,0xEC31,0xEC31,0xEC31,0xEC31,0xEC31,0xEC31,0x0C3A,
    0x2C42,0x2C42,0x2C42,0x2C42,0x2C42,0x2C42,0x2C42,0x2C42,0x2C42,0x6D52,0x6D52,0x6D52,
    0x6D52,0x6D52,0x6D52,0x8D5A,0xAD62,0xAD62,0xAD62,0xAD62,0xAD62,0xAD62,0xAD62,0xAD62,
    0xCD72,0xCD72,0xCD72,0xCD72,0xCD72,0xCD72,0x0D7B,0x0E7B,0x2E83,0x2E83,0x2E83,0x2E83,
    0x2E83,0x2E83,0x2E83,0x4E93,0x4E93,0x4E93,0x4E93,0x8F9B,0x8F9B,0x8F9B,0xAFA3,0xAFA3,
    0xAFA3,0xAFA3,0xAFA3,0xD0A3,0xD0A3,0x11AC,0x31B4,0x31B4,0x31B4,0x31B4,0x31B4,0x31B4,
    0x31B4,0x31B4,0x31B4,0x71C4,0x91C4,0xD2CC,0xD2CC,0xD2CC,0xD2CC,0xD2CC,0xD2CC,0xD2CC,
    0xD2CC,0x13CD,0x13D5,0x54DD,0x54DD,0x54DD,0x54DD,0x54DD,0x13D5,0x54DD,0x54DD,0x54DD,
    0x95DD,0x54DD,0x95DD,0x95DD,0xB5E5,0xB5E5,0xB5E5,0xB5E5,0xB5E5,0xB5E5,0xB5E5,0xB5E5,
    0xB5E5,0xB5E5,0xB5E5,0xB5E5,0xB5E5,0xB5E5,0xB5E5,0xB5E5,0xF6ED,0xF6ED,0xF6ED,0xF6ED,
    0xF6ED,0xF6ED,0xB5E5,0xB5E5,0xB5E5,0xB5E5,0xB5E5,0xB5E5,0xB5E5,0x95DD,0x95DD,0x54DD,
    0x54DD,0x54DD,0x54DD,0x54DD,0x54DD,0x54DD,0x13D5,0x13D5,0x13D5,0x54DD,0x13D5,0x13D5,
    0xD2CC,0xD2CC,0xD2CC,0xD2CC,0xD2CC,0xD2CC,0xD2CC,0xD2CC,0x91C4,0x71C4,0x31B4,0x31B4,
    0x31B4,0x31B4,0x31B4,0x31B4,0x31B4,0x31B4,0x31B4,0xEFB3,0xEFB3,0xEFB3,0xAFA3,0xAFA3,
    0xAFA3,0xAFA3,0xAFA3,0xAFA3,0xAFA3,0xAFA3,0xAFA3,0xAFA3,0xAFA3,0xAFA3,0xAFA3,0xAFA3,
    0xAFA3,0xAFA3,0xAFA3,0xAFA3,0x8F9B,0x8F9B,0x4E93,0x4E93,0x4E93,0x2E83,0x2E83,0x2E83,
    0x2E83,0x2E83,0x2E83,0x0D83,0x0D83,0x0D7B,0xCD72,0xCD72,0xCD72,0xCD72,0xCD72,0xCD72,
    0xCD72,0xCD72,0xAD62,0xAD62,0xAD62,0xAD62,0xAD62,0xAD62,0xCE6A,0xCE6A,0xAD62,0xAD62,
    0xAD62,0xAD62,0x8D5A,0x8D5A,0x6D52,0x6D52,0x6D52,0x2C42,0x2C42,0x2C42,0x2C42,0x2C42,
    0x2C42,0x2C42,0x2C42,0x2C42,0x2C42,0x2C42,0x2C42,0x0C3A,0x0C3A,0x0C3A,0xEC31,0xEC31,
    0xCB31,0xCB31,0xEC31,0xEC31,0xEC31,0xEC31,0xEC31,0xEC31,0xEC31,0xEC31,0xEC31,0x2C42,
    0x2C42,0x2C42,0x2C42,0x2C42,0x2C42,0x2C42,0x2C42,0x2C42,0x2C42,0x6D52,0x6D52,0x6D52,
    0x6D52,0x6D52,0x6D52,0x8D5A,0xAD62,0xAD62,0xAD62,0xAD62,0xAD62,0xAD62,0xAD62,0xAD62,
    0xCD72,0xCD72,0xCD72,0xCD72,0xCD72,0xEE72,0x0E7B,0x2E83,0x2E83,0x2E83,0x2E83,0x2E83,
    0x2E83,0x2E83,0x4E93,0x4E93,0x8F9B,0x8F9B,0x8F9B,0x8F9B,0x8F9B,0xAFA3,0xAFA3,0xAFA3,
    0xAFA3,0xAFA3,0xD0A3,0xD0A3,0xD0A3,0x31B4,0x31B4,0x31B4,0x31B4,0x31B4,0x31B4,0x31B4,
    0x31B4,0x31B4,0x31B4,0x91C4,0x91C4,0xD2CC,0xD2CC,0xD2CC,0xD2CC,0xD2CC,0xD2CC,0xD2CC,
    0x13D5,0x13D5,0x54DD,0x54DD,0x54DD,0x54DD,0x54DD,0x54DD,0x54DD,0x54DD,0x54DD,0x95DD,
    0xB5E5,0xB5E5,0xB5E5,0xB5E5,0xB5E5,0xB5E5,0xB5E5,0xB5E5,0xB5E5,0xF6ED,0xB5E5,0xB5E5,
    0xB5E5,0xB5E5,0xF6ED,0xF6ED,0xF6ED,0xF6ED,0xB5E5,0xF6ED,0xF6ED,0xF6ED,0xF6ED,0xF6ED,
    0xF6ED,0xF6ED,0xB5E5,0xB5E5,0xF6ED,0xB5E5,0xB5E5,0xB5E5,0xB5E5,0xB5E5,0xB5E5,0xB5E5,
    0x95DD,0x54DD,0x54DD,0x54DD,0x54DD,0x54DD,0x54DD,0x54DD,0x13D5,0x54DD,0x13D5,0x13D5,
    0x13D5,0xD2CC,0xD2CC,0xD2CC,0xD2CC,0xD2CC,0xD2CC,0xD2CC,0xD2CC,0x91C4,0x31B4,0x71C4,
    0x31B4,0x31B4,0x31B4,0x31B4,0x31B4,0x31B4,0x31B4,0xEFB3,0xEFB3,0xEFB3,0xAFA3,0xAFA3,
    0xAFA3,0xAFA3,0xAFA3,0xAFA3,0xAFA3,0xAFA3,0xAFA3,0xAFA3,0xAFA3,0xAFA3,0xAFA3,0xAFA3,
    0xAFA3,0xAFA3,0xAFA3,0xAFA3,0xAFA3,0x8F9B,0x4E93,0x4E93,0x4E93,0x4E93,0x2E83,0x2E83,
    0x2E83,0x2E83,0x2E83,0x2E83,0x0D83,0x0D83,0xCD72,0xCD72,0xCD72,0xCD72,0xCD72,0xCD72,
    0xCD72,0xCD72,0xAD62,0xAD62,0xAD62,0xAD62,0xAD62,0xAD62,0xAD62,0xAD62,0xAD62,0xAD62,
    0xAD62,0xAD62,0x8D5A,0x8D5A,0x6D52,0x6D52,0x6D52,0x2C42,0x2C42,0x2C42,0x2C42,0x2C42,
    0x2C42,0x2C42,0x2C42,0x2C42,0x2C42,0x2C42,0x2C42,0x2C42,0x0C3A,0x0C3A,0xEC31,0xEC31,
    0xCB31,0xCB31,0xEC31,0xEC31,0xEC31,0xEC31,0xEC31,0xEC31,0xEC31,0xEC31,0x0C3A,0x2C42,
    0x2C42,0x2C42,0x2C42,0x2C42,0x2C42,0x2C42,0x2C42,0x2C42,0x2C42,0x6D52,0x6D52,0x6D52,
    0x6D52,0x6D52,0x8D5A,0x8D5A,0xAD62,0xAD62,0xAD62,0xAD62,0xAD62,0xAD62,0xAD62,0xAD62,
    0xCD72,0xCD72,0xCD72,0xCD72,0xCD72,0x0D7B,0x2E83,0x2E83,0x2E83,0x2E83,0x2E83,0x2E83,
    0x2E83,0x2E83,0x4E93,0x4E93,0x4E93,0x8F9B,0x8F9B,0x8F9B,0x8F9B,0xAFA3,0xAFA3,0xAFA3,
    0xAFA3,0xD0A3,0xD0A3,0xD0A3,0x11AC,0x31B4,0x31B4,0x31B4,0x31B4,0x31B4,0x31B4,0x31B4,
    0x31B4,0x31B4,0x91C4,0x91C4,0xD2CC,0xD2CC,0xD2CC,0xD2CC,0xD2CC,0xD2CC,0xD2CC,0x13D5,
    0x13D5,0x54DD,0x54DD,0x54DD,0x54DD,0x54DD,0x54DD,0x54DD,0x54DD,0x54DD,0x54DD,0xB5E5,
    0xB5E5,0xB5E5,0xB5E5,0xB5E5,0xB5E5,0xB5E5,0xB5E5,0xB5E5,0xB5E5,0xF6ED,0xF6ED,0xF6ED,
    0xF6ED,0xF6ED,0xF6ED,0xF6ED,0xF6ED,0xF6ED,0xF6ED,0xF6ED,0xF6ED,0xF6ED,0xF6ED,0xF6ED,
    0xF6ED,0xF6ED,0xF6ED,0xF6ED,0xF6ED,0xB5E5,0xB5E5,0xB5E5,0xB5E5,0xB5E5,0xB5E5,0xB5E5,
    0xB5E5,0x95DD,0x54DD,0x54DD,0x54DD,0x54DD,0x54DD,0x54DD,0x54DD,0x13D5,0x13D5,0x13D5,
    0x13D5,0xD2CC,0xD2CC,0xD2CC,0xD2CC,0xD2CC,0xD2CC,0xD2CC,0xD2CC,0xD2CC,0x91C4,0x71C4,
    0x31B4,0x31B4,0x31B4,0x31B4,0x31B4,0x31B4,0x31B4,0xF0B3,0xEFB3,0xEFB3,0xEFB3,0xEFB3,
    0xAFA3,0xAFA3,0xAFA3,0xAFA3,0xAFA3,0xAFA3,0xD0A3,0xAFA3,0xAFA3,0xAFA3,0xAFA3,0xAFA3,
    0xAFA3,0xAFA3,0xAFA3,0xAFA3,0xAFA3,0x8F9B,0x4E93,0x2D93,0x4E93,0x4E93,0x2E83,0x2E83,
    0x2E83,0x2E83,0x2E83,0x0D83,0x0D83,0x0D83,0x0D7B,0xCD72,0xCD72,0xCD72,0xCD72,0xCD72,
    0xCD72,0xCD72,0xCD72,0xAD62,0xAD62,0xAD62,0xAD62,0xAD62,0xCE6A,0xAD62,0xAD62,0xAD62,
    0xAD62,0xAD62,0x8D5A,0x8D5A,0x6D52,0x6D52,0x6D52,0x2C42,0x2C42,0x2C42,0x2C42,0x2C42,
    0x2C42,0x2C42,0x2C42,0x2C42,0x2C42,0x2C42,0x2C42,0x0C3A,0x0C3A,0xEC31,0xEC31,0xEC31,
    0xCB31,0xCB31,0xEC31,0xEC31,0xEC31,0xEC31,0xEC31,0xEC31,0xEC31,0x0C3A,0x0C3A,0x2C42,
    0x2C42,0x2C42,0x2C42,0x2C42,0x2C42,0x2C42,0x2C42,0x2C42,0x6D52,0x6D52,0x6D52,0x6D52,
    0x6D52,0x6D52,0x8D5A,0xAD62,0xAD62,0xAD62,0xAD62,0xAD62,0xAD62,0xAD62,0xAD62,0xCD72,
    0xCD72,0xCD72,0xCD72,0xCD72,0xCD72,0x0E7B,0x2E83,0x2E83,0x2E83,0x2E83,0x2E83,0x2E83,
    0x2E83,0x4E93,0x4E93,0x4E93,0x4E93,0x8F9B,0x8F9B,0x8F9B,0xAFA3,0xD0A3,0xAFA3,0xAFA3,
    0xD0A3,0xD0A3,0xD0A3,0xD0A3,0x31B4,0x31B4,0x31B4,0x31B4,0x31B4,0x31B4,0x31B4,0x31B4,
    0x31B4,0x71C4,0x91C4,0xD2CC,0xD2CC,0xD2CC,0xD2CC,0xD2CC,0xD2CC,0xD2CC,0x13D5,0x13D5,
    0x54DD,0x54DD,0x54DD,0x54DD,0x54DD,0x54DD,0x54DD,0x95DD,0x54DD,0x54DD,0xB5E5,0xB5E5,
    0xB5E5,0xB5E5,0xB5E5,0xB5E5,0xB5E5,0xB5E5,0xB5E5,0xB5E5,0xF6ED,0xF6ED,0xF6ED,0xF6ED,
    0xF6ED,0xF6ED,0xF6ED,0xF6ED,0xF6ED,0xF6ED,0xF6ED,0xF6ED,0xF6ED,0x16EE,0x16EE,0x16EE,
    0x16EE,0xF6ED,0xF6ED,0xF6ED,0xF6ED,0xF6ED,0xF6ED,0xB5E5,0xB5E5,0xB5E5,0xB5E5,0xB5E5,
    0xB5E5,0xB5E5,0xB5E5,0x95DD,0x54DD,0x54DD,0x54DD,0x54DD,0x54DD,0x54DD,0x13D5,0x13D5,
    0x13D5,0x13D5,0xD2CC,0xD2CC,0xD2CC,0xD2CC,0xD2CC,0xD2CC,0xD2CC,0xD2CC,0x91C4,0x71C4,
    0x71C4,0x31B4,0x31B4,0x31B4,0x31B4,0x31B4,0x31B4,0x31B4,0xEFB3,0xEFB3,0xEFB3,0xEFB3,
    0xAFA3,0xAFA3,0xAFA3,0xAFA3,0xAFA3,0xAFA3,0xAFA3,0xAFA3,0xAFA3,0xAFA3,0xAFA3,0xAFA3,
    0xAFA3,0xAFA3,0xAFA3,0xAFA3,0xAFA3,0xAFA3,0x4E93,0x2D93,0x4E93,0x4E93,0x4E93,0x2E83,
    0x2E83,0x2E83,0x2E83,0x2E83,0x0D83,0x0D83,0x0D7B,0xCD72,0xCD72,0xCD72,0xCD72,0xCD72,
    0xCD72,0xCD72,0xCD72,0xAD62,0xAD62,0xAD62,0xAD62,0xAD62,0xAD62,0xAD62,0xAD62,0xAD62,
    0xAD62,0x8D5A,0x8D5A,0x8D5A,0x6D52,0x6D52,0x6D52,0x6D52,0x2C42,0x2C42,0x2C42,0x2C42,
    0x2C42,0x2C42,0x2C42,0x2C42,0x2C42,0x2C42,0x2C42,0x0C3A,0x0C3A,0xEC31,0xEC31,0xEC31,
    0xCB31,0xEC31,0xEC31,0xEC31,0xEC31,0xEC31,0xEC31,0xEC31,0xEC31,0x0C3A,0x0C3A,0x2C42,
    0x2C42,0x2C42,0x2C42,0x2C42,0x2C42,0x2C42,0x2C42,0x6D52,0x6D52,0x6D52,0x6D52,0x6D52,
    0x6D52,0x8D5A,0x8D5A,0xAD62,0xAD62,0xAD62,0xAD62,0xAD62,0xAD62,0xAD62,0xAD62,0xCD72,
    0xCD72,0xCD72,0x0D7B,0x0E7B,0xCD72,0x2E83,0x2E83,0x2E83,0x2E83,0x2E83,0x2E83,0x2E83,
    0x2E83,0x4E93,0x4E93,0x4E93,0x4E93,0x8F9B,0x8F9B,0x8F9B,0xAFA3,0xAFA3,0xAFA3,0xD0A3,
    0xD0A3,0xD0A3,0xD0A3,0xD0A3,0x31B4,0x31B4,0x31B4,0x31B4,0x31B4,0x31B4,0x31B4,0x31B4,
    0x71C4,0xD2CC,0xD2CC,0xD2CC,0xD2CC,0xD2CC,0xD2CC,0xD2CC,0xD2CC,0xD2CC,0x13D5,0x13D5,
    0x13D5,0x54DD,0x54DD,0x54DD,0x54DD,0x54DD,0x54DD,0x95DD,0x54DD,0x54DD,0xB5E5,0xB5E5,
    0xB5E5,0xB5E5,0xB5E5,0xB5E5,0xB5E5,0xF6ED,0xF6ED,0xF6ED,0xF6ED,0xF6ED,0x16EE,0xF6ED,
    0xF6ED,0x16EE,0x16EE,0x16EE,0x16EE,0x16EE,0x16EE,0x16EE,0x16EE,0x16EE,0x16EE,0x16EE,
    0x16EE,0x16EE,0x16EE,0xF6ED,0xF6ED,0xF6ED,0xF6ED,0xF6ED,0xF6ED,0xB5E5,0xB5E5,0xB5E5,
    0xB5E5,0xB5E5,0xB5E5,0xB5E5,0x95DD,0x54DD,0x54DD,0x54DD,0x54DD,0x54DD,0x54DD,0x54DD,
    0x13D5,0x13D5,0xD2CC,0xD2CC,0xD2CC,0xD2CC,0xD2CC,0xD2CC,0xD2CC,0x91C4,0x91C4,0x71C4,
    0x71C4,0x31B4,0x31B4,0x31B4,0x31B4,0x31B4,0x31B4,0x31B4,0xEFB3,0xEFB3,0xEFB3,0xEFB3,
    0xEFB3,0xAFA3,0xAFA3,0xAFA3,0xAFA3,0xAFA3,0xAFA3,0xAFA3,0xAFA3,0xAFA3,0xAFA3,0xAFA3,
    0xAFA3,0xAFA3,0xAFA3,0xAFA3,0xAFA3,0x8F9B,0x4E93,0x4E93,0x4E93,0x4E93,0x4E93,0x2E83,
    0x2E83,0x0D83,0x2E83,0x2E83,0x2E83,0x0D83,0x0D83,0xCD72,0xCD72,0xCD72,0xCD72,0xCD72,
    0xCD72,0xCD72,0xCD72,0xAD62,0xAD62,0xAD62,0xAD62,0xAD62,0xAD62,0xAD62,0xCE6A,0xAD62,
    0xAD62,0x8D5A,0x8D5A,0x8D5A,0x6D52,0x6D52,0x6D52,0x6D52,0x2C42,0x2C42,0x2C42,0x2C42,
    0x2C42,0x2C42,0x2C42,0x2C42,0x2C42,0x2C42,0x2C42,0x0C3A,0x0C3A,0xEC31,0xEC31,0xEC31,
    0xCB31,0xEC31,0xEC31,0xEC31,0xEC31,0xEC31,0xEC31,0xEC31,0xEC31,0x0C3A,0x0C3A,0x2C42,
    0x2C42,0x2C42,0x2C42,0x2C42,0x2C42,0x2C42,0x2C42,0x6D52,0x6D52,0x6D52,0x6D52,0x6D52,
    0x6D52,0x8D5A,0x8D5A,0xAD62,0xAD62,0xAD62,0xAD62,0xAD62,0xAD62,0xAD62,0xAD62,0xCD72,
    0xCD72,0xCD72,0x0E7B,0x2E83,0x0E7B,0x2E83,0x2E83,0x2E83,0x2E83,0x2E83,0x2E83,0x2E83,
    0x4E93,0x4E93,0x4E93,0x4E93,0x8F9B,0x8F9B,0x8F9B,0xAFA3,0xAFA3,0xAFA3,0xAFA3,0xD0A3,
    0xD0A3,0xD0A3,0x11AC,0x31B4,0x31B4,0x31B4,0x31B4,0x31B4,0x31B4,0x31B4,0x31B4,0x31B4,
    0xD2CC,0xD2CC,0xD2CC,0xD2CC,0xD2CC,0xD2CC,0xD2CC,0xD2CC,0xD2CC,0x13D5,0x13D5,0x13D5,
    0x54DD,0x54DD,0x54DD,0x54DD,0x54DD,0x95DD,0x54DD,0xB5E5,0xB5E5,0xB5E5,0xB5E5,0xB5E5,
    0xB5E5,0xB5E5,0xF6ED,0xF6ED,0xF6ED,0xF6ED,0xF6ED,0x16EE,0xF6ED,0x16EE,0x16EE,0x16EE,
    0x16EE,0x16EE,0x16EE,0x16EE,0x16EE,0x16EE,0x16EE,0x16EE,0x37F6,0x16EE,0x16EE,0x16EE,
    0x16EE,0x16EE,0x16EE,0x16EE,0x16EE,0x16EE,0xF6ED,0xF6ED,0xF6ED,0xF6ED,0xF6ED,0xB5E5,
    0xB5E5,0xB5E5,0xB5E5,0xB5E5,0xB5E5,0x95DD,0x54DD,0x54DD,0x54DD,0x54DD,0x54DD,0x54DD,
    0x54DD,0x13D5,0x13D5,0xD2CC,0xD2CC,0xD2CC,0xD2CC,0xD2CC,0xD2CC,0xD2CC,0x91C4,0x91C4,
    0x71C4,0x31B4,0x31B4,0x31B4,0x31B4,0x31B4,0x31B4,0x31B4,0xF0B3,0xEFB3,0xEFB3,0xEFB3,
    0xEFB3,0xEFB3,0xAFA3,0xAFA3,0xAFA3,0xAFA3,0xAFA3,0xAFA3,0xAFA3,0xAFA3,0xAFA3,0xAFA3,
    0xAFA3,0xAFA3,0xAFA3,0xAFA3,0xAFA3,0x4E93,0x4E93,0x4E93,0x4E93,0x4E93,0x2D93,0x2E83,
    0x2E83,0x0D83,0x0D83,0x2E83,0x2E83,0x0D83,0x0D83,0xCD72,0xCD72,0xCD72,0xCD72,0xCD72,
    0xCD72,0xCD72,0xCD72,0xCD72,0xAD62,0xAD62,0xAD62,0xAD62,0xAD62,0xAD62,0xAD62,0xAD62,
    0xAD62,0x8D5A,0x6D52,0x6D52,0x6D52,0x6D52,0x6D52,0x6D52,0x2C42,0x2C42,0x2C42,0x2C42,
    0x2C42,0x2C42,0x2C42,0x2C42,0x2C42,0x2C42,0x2C42,0x0C3A,0x0C3A,0x0C3A,0xEC31,0xEC31,
    0xCB31,0xEC31,0xEC31,0xEC31,0xEC31,0xEC31,0xEC31,0xEC31,0xEC31,0x0C3A,0x2C42,0x2C42,
    0x2C42,0x2C42,0x2C42,0x2C42,0x2C42,0x2C42,0x2C42,0x6D52,0x6D52,0x6D52,0x6D52,0x6D52,
    0x6D52,0x8D5A,0xAD62,0xAD62,0xAD62,0xAD62,0xAD62,0xAD62,0xAD62,0xAD62,0xCD72,0xCD72,
    0xCD72,0x2E83,0x2E83,0x2E83,0x2E83,0x2E83,0x2E83,0x2E83,0x2E83,0x2E83,0x2E83,0x2E83,
    0x4E93,0x4E93,0x4E93,0x4E93,0x8F9B,0x8F9B,0x8F9B,0xAFA3,0xD0A3,0xD0A3,0xAFA3,0xD0A3,
    0xD0A3,0x11AC,0x31B4,0x31B4,0x31B4,0x31B4,0x31B4,0x31B4,0x31B4,0x31B4,0x31B4,0x91C4,
    0xD2CC,0xD2CC,0xD2CC,0xD2CC,0xD2CC,0xD2CC,0xD2CC,0xD2CC,0x13D5,0x13D5,0x13D5,0x13D5,
    0x54DD,0x54DD,0x54DD,0x54DD,0x54DD,0x95DD,0xB5E5,0xB5E5,0xB5E5,0xB5E5,0xB5E5,0xF6ED,
    0xF6ED,0xF6ED,0xF6ED,0xF6ED,0xF6ED,0xF6ED,0xF6ED,0x16EE,0x16EE,0x16EE,0x16EE,0x16EE,
    0x37F6,0x16EE,0x16EE,0x37F6,0x37F6,0x37F6,0x37F6,0x37F6,0x37F6,0x37F6,0x37F6,0x16EE,
    0x16EE,0x16EE,0x16EE,0x16EE,0x16EE,0x16EE,0x16EE,0xF6ED,0xF6ED,0xF6ED,0xF6ED,0xF6ED,
    0xF6ED,0xB5E5,0xB5E5,0xB5E5,0xB5E5,0xB5E5,0xB5E5,0x54DD,0x54DD,0x54DD,0x54DD,0x54DD,
    0x54DD,0x13D5,0x13D5,0x13CD,0xD2CC,0xD2CC,0xD2CC,0xD2CC,0xD2CC,0xD2CC,0xD2CC,0xD2CC,
    0x71C4,0x71C4,0x31B4,0x31B4,0x31B4,0x31B4,0x31B4,0x31B4,0xF0B3,0xEFB3,0xEFB3,0xEFB3,
    0xEFB3,0xEFB3,0xAFA3,0xAFA3,0xAFA3,0xAFA3,0xAFA3,0xAFA3,0xAFA3,0xAFA3,0xAFA3,0xAFA3,
    0xAFA3,0xAFA3,0xAFA3,0xAFA3,0xAFA3,0x4E93,0x4E93,0x4E93,0x4E93,0x4E93,0x4E93,0x0D83,
    0x2E83,0x2E83,0x0D83,0x2E83,0x2E83,0x0D83,0x0D83,0x0D7B,0xCD72,0xCD72,0xCD72,0xCD72,
    0xCD72,0xCD72,0xCD72,0xCD72,0xAD62,0xAD62,0xAD62,0xAD62,0xAD62,0xAD62,0xAD62,0xAD62,
    0xAD62,0xAD62,0x6D52,0x6D52,0x6D52,0x6D52,0x6D52,0x6D52,0x2C42,0x2C42,0x2C42,0x2C42,
    0x2C42,0x2C42,0x2C42,0x2C42,0x2C42,0x2C42,0x2C42,0x2C42,0x0C3A,0x0C3A,0x0C3A,0xEC31,
    0xEC31,0xEC31,0xEC31,0xEC31,0xEC31,0xEC31,0xEC31,0xEC31,0xEC31,0x0C3A,0x0C3A,0x2C42,
    0x2C42,0x2C42,0x2C42,0x2C42,0x2C42,0x2C42,0x2C42,0x6D52,0x6D52,0x6D52,0x6D52,0x6D52,
    0x8D5A,0x6D52,0xAD62,0xAD62,0xAD62,0xAD62,0xAD62,0xAD62,0xAD62,0xAD62,0xCD72,0xCD72,
    0xCD72,0x2E83,0x2E83,0x2E83,0x2E83,0x2E83,0x2E83,0x2E83,0x2E83,0x2E83,0x2E83,0x2E83,
    0x4E93,0x4E93,0x4E93,0x4E93,0x8F9B,0x8F9B,0x8F9B,0xAFA3,0xAFA3,0xAFA3,0xD0A3,0xD0A3,
    0xD0A3,0x11AC,0x31B4,0x31B4,0x31B4,0x31B4,0x31B4,0x31B4,0x31B4,0x31B4,0x71C4,0x91C4,
    0xD2CC,0xD2CC,0xD2CC,0xD2CC,0xD2CC,0xD2CC,0xD2CC,0x13D5,0x13D5,0x13D5,0x13D5,0x54DD,
    0x54DD,0x54DD,0x54DD,0x54DD,0x95DD,0xB5E5,0xB5E5,0xB5E5,0xB5E5,0xB5E5,0xB5E5,0xF6ED,
    0xF6ED,0xF6ED,0xF6ED,0xF6ED,0x16EE,0x16EE,0x16EE,0x16EE,0x37F6,0x37F6,0x37F6,0x37F6,
    0x37F6,0x37F6,0x37F6,0x37F6,0x37F6,0x37F6,0x37F6,0x37F6,0x37F6,0x37F6,0x37F6,0x37F6,
    0x37F6,0x37F6,0x37F6,0x37F6,0x16EE,0x16EE,0x16EE,0x16EE,0x16EE,0xF6ED,0xF6ED,0xF6ED,
    0xF6ED,0xF6ED,0xB5E5,0xB5E5,0xB5E5,0xB5E5,0xB5E5,0xB5E5,0x95DD,0x54DD,0x54DD,0x54DD,
    0x54DD,0x13D5,0x13D5,0x13D5,0xD2CC,0xD2CC,0xD2CC,0xD2CC,0xD2CC,0xD2CC,0xD2CC,0xD2CC,
    0x91C4,0x71C4,0x31B4,0x31B4,0x31B4,0x31B4,0x31B4,0x31B4,0x31B4,0xEFB3,0xEFB3,0xEFB3,
    0xEFB3,0xEFB3,0xEFB3,0xAFA3,0xAFA3,0xAFA3,0xAFA3,0xD0A3,0xAFA3,0xAFA3,0xAFA3,0xAFA3,
    0xAFA3,0xAFA3,0xAFA3,0xAFA3,0xAFA3,0x4E93,0x4E93,0x4E93,0x4E93,0x4E93,0x4E93,0x4E93,
    0x2E83,0x2E83,0x0D83,0x2E83,0x2E83,0x0D83,0x0D83,0x0D7B,0xCD72,0xCD72,0xCD72,0xCD72,
    0xCD72,0xCD72,0xCD72,0xCD72,0xAD62,0xAD62,0xAD62,0xAD62,0xAD62,0xAD62,0xAD62,0xAD62,
    0xAD62,0xAD62,0x6D52,0x6D52,0x6D52,0x6D52,0x6D52,0x6D52,0x2C42,0x2C42,0x2C42,0x2C42,
    0x2C42,0x2C42,0x2C42,0x2C42,0x2C42,0x2C42,0x2C42,0x2C42,0x0C3A,0x0C3A,0x0C3A,0xEC31,
    0xEC31,0xEC31,0xEC31,0xEC31,0xEC31,0xEC31,0xEC31,0xEC31,0xEC31,0x0C3A,0x2C42,0x2C42,
    0x2C42,0x2C42,0x2C42,0x2C42,0x2C42,0x2C42,0x2C42,0x6D52,0x6D52,0x6D52,0x6D52,0x6D52,
    0x8D5A,0x8D5A,0xAD62,0xAD62,0xAD62,0xAD62,0xAD62,0xAD62,0xAD62,0xAD62,0xCD72,0xCD72,
    0xCD72,0x0E7B,0x2E83,0x2E83,0x2E83,0x2E83,0x2E83,0x2E83,0x2E83,0x2E83,0x2E83,0x2E83,
    0x4E93,0x4E93,0x4E93,0x8F9B,0x8F9B,0x8F9B,0xAFA3,0xAFA3,0xAFA3,0xAFA3,0xD0A3,0xD0A3,
    0xD0A3,0x31B4,0x31B4,0x31B4,0x31B4,0x31B4,0x31B4,0x31B4,0x31B4,0x31B4,0x91C4,0xD2CC,
    0xD2CC,0xD2CC,0xD2CC,0xD2CC,0xD2CC,0xD2CC,0x13D5,0x13D5,0x13D5,0x13D5,0x54DD,0x54DD,
    0x54DD,0x54DD,0x54DD,0x95DD,0xB5E5,0xB5E5,0xB5E5,0xB5E5,0xB5E5,0xB5E5,0xB5E5,0xF6ED,
    0xF6ED,0xF6ED,0xF6ED,0x16EE,0x16EE,0x16EE,0x37F6,0x37F6,0x37F6,0x37F6,0x37F6,0x37F6,
    0x37F6,0x37F6,0x37F6,0x37F6,0x37F6,0x37F6,0x37F6,0x37F6,0x37F6,0x37F6,0x37F6,0x37F6,
    0x37F6,0x37F6,0x37F6,0x37F6,0x37F6,0x37F6,0x37F6,0x16EE,0x16EE,0x16EE,0x16EE,0xF6ED,
    0xF6ED,0xF6ED,0xF6ED,0xB5E5,0xB5E5,0xB5E5,0xB5E5,0xB5E5,0x95DD,0x95DD,0x54DD,0x54DD,
    0x54DD,0x54DD,0x13D5,0x13D5,0x13D5,0xD2CC,0xD2CC,0xD2CC,0xD2CC,0xD2CC,0xD2CC,0xD2CC,
    0xD2CC,0x71C4,0x71C4,0x31B4,0x31B4,0x31B4,0x31B4,0x31B4,0x31B4,0xF0B3,0xEFB3,0xEFB3,
    0xEFB3,0xEFB3,0xEFB3,0xEFB3,0xAFA3,0xAFA3,0xAFA3,0xD0A3,0xAFA3,0xAFA3,0xAFA3,0xAFA3,
    0xAFA3,0xAFA3,0xAFA3,0x4E93,0x4E93,0x4E93,0x4E93,0x4E93,0x4E93,0x4E93,0x4E93,0x4E93,
    0x2E83,0x2E83,0x0D83,0x2E83,0x2E83,0x2E83,0x0D83,0x0D7B,0x0D7B,0xCD72,0xCD72,0xCD72,
    0xCD72,0xCD72,0xCD72,0xCD72,0xAD62,0xAD62,0xAD62,0xAD62,0xAD62,0xAD62,0xAD62,0xAD62,
    0xAD62,0xAD62,0x8D5A,0x8D5A,0x6D52,0x6D52,0x6D52,0x6D52,0x2C42,0x2C42,0x2C42,0x2C42,
    0x2C42,0x2C42,0x2C42,0x2C42,0x2C42,0x2C42,0x2C42,0x2C42,0x0C3A,0x0C3A,0xEC31,0xEC31,
    0xEC31,0xEC31,0xEC31,0xEC31,0xEC31,0xEC31,0xEC31,0xEC31,0x0C3A,0x0C3A,0x2C42,0x2C42,
    0x2C42,0x2C42,0x2C42,0x2C42,0x2C42,0x2C42,0x2C42,0x6D52,0x6D52,0x6D52,0x6D52,0x6D52,
    0x8D5A,0x8D5A,0xAD62,0xAD62,0xAD62,0xAD62,0xAD62,0xAD62,0xAD62,0xAD62,0xCD72,0xCD72,
    0xCD72,0xCD72,0x0E7B,0x2E83,0x2E83,0x2E83,0x2E83,0x2E83,0x2E83,0x2E83,0x2E83,0x4E93,
    0x4E93,0x4E93,0x4E93,0x8F9B,0x8F9B,0xAFA3,0xAFA3,0xAFA3,0xAFA3,0xAFA3,0xD0A3,0xD0A3,
    0x11AC,0x31B4,0x31B4,0x31B4,0x31B4,0x31B4,0x31B4,0x31B4,0x31B4,0x91BC,0xD2CC,0xD2CC,
    0xD2CC,0xD2CC,0xD2CC,0xD2CC,0xD2CC,0x13CD,0x13D5,0x13D5,0x54DD,0x54DD,0x54DD,0x54DD,
    0x54DD,0x95DD,0x95DD,0xB5E5,0xB5E5,0xB5E5,0xB5E5,0xB5E5,0xF6ED,0xF6ED,0xB5E5,0xF6ED,
    0x16EE,0x16EE,0x16EE,0x37F6,0x37F6,0x37F6,0x37F6,0x37F6,0x37F6,0x37F6,0x37F6,0x37F6,
    0x37F6,0x37F6,0x37F6,0x37F6,0x37F6,0x37F6,0x37F6,0x37F6,0x37F6,0x37F6,0x78FE,0x37F6,
    0x37F6,0x37F6,0x37F6,0x37F6,0x37F6,0x37F6,0x37F6,0x37F6,0x37F6,0x37F6,0x16EE,0x16EE,
    0xF6ED,0xF6ED,0xF6ED,0xF6ED,0xB5E5,0xB5E5,0xB5E5,0xB5E5,0xB5E5,0x95DD,0x54DD,0x54DD,
    0x54DD,0x54DD,0x54DD,0x13D5,0x13D5,0xF2D4,0xD2CC,0xD2CC,0xD2CC,0xD2CC,0xD2CC,0x91C4,
    0x91C4,0x91C4,0x71C4,0x31B4,0x31B4,0x31B4,0x31B4,0x31B4,0x31B4,0x31B4,0xEFB3,0xEFB3,
    0xEFB3,0xEFB3,0xEFB3,0xEFB3,0xEFB3,0xAFA3,0xAFA3,0xAFA3,0xD0A3,0xAFA3,0xAFA3,0xAFA3,
    0xAFA3,0xAFA3,0x4E93,0x4E93,0x4E93,0x4E93,0x4E93,0x4E93,0x4E93,0x4E93,0x4E93,0x4E93,
    0x4E93,0x2E83,0x0D83,0x2E83,0x2E83,0x2E83,0x0D83,0x0D83,0x0D7B,0xCD72,0xCD72,0xCD72,
    0xCD72,0xCD72,0xCD72,0xCD72,0xAD62,0xAD62,0xAD62,0xAD62,0xAD62,0xAD62,0xAD62,0xAD62,
    0xAD62,0xAD62,0x8D5A,0x6D52,0x6D52,0x6D52,0x6D52,0x6D52,0x6D52,0x6D52,0x2C42,0x2C42,
    0x2C42,0x2C42,0x2C42,0x2C42,0x2C42,0x2C42,0x2C42,0x2C42,0x0C3A,0x0C3A,0x0C3A,0xEC31,
    0xEC31,0xEC31,0xEC31,0xEC31,0xEC31,0xEC31,0xEC31,0xEC31,0x0C3A,0x2C42,0x2C42,0x2C42,
    0x2C42,0x2C42,0x2C42,0x2C42,0x2C42,0x2C42,0x6D52,0x6D52,0x6D52,0x6D52,0x6D52,0x6D52,
    0x8D5A,0x8D5A,0xAD62,0xAD62,0xAD62,0xAD62,0xAD62,0xAD62,0xAD62,0xCD72,0xCD72,0xCD72,
    0xCD72,0xCD72,0xCD72,0x2E83,0x2E83,0x2E83,0x2E83,0x2E83,0x2E83,0x2E83,0x2E83,0x4E93,
    0x4E93,0x8F9B,0x8F9B,0x8F9B,0x8F9B,0x8F9B,0xAFA3,0xAFA3,0xAFA3,0xD0A3,0xD0A3,0xD0A3,
    0x11AC,0x31B4,0x31B4,0x31B4,0x31B4,0x31B4,0x31B4,0x31B4,0x91BC,0xD2CC,0xD2CC,0xD2CC,
    0xD2CC,0xD2CC,0xD2CC,0xD2CC,0xD2CC,0x13D5,0x13D5,0x13D5,0x54DD,0x54DD,0x54DD,0x54DD,
    0x54DD,0x95DD,0xB5E5,0xB5E5,0xB5E5,0xB5E5,0xF6ED,0xF6ED,0xF6ED,0x16EE,0x16EE,0x16EE,
    0x16EE,0x37F6,0x37F6,0x37F6,0x37F6,0x37F6,0x37F6,0x37F6,0x37F6,0x37F6,0x37F6,0x37F6,
    0x37F6,0x78FE,0x78FE,0x78FE,0x78FE,0x78FE,0x78FE,0x78FE,0x37F6,0x37F6,0x78FE,0x78FE,
    0x78FE,0x78FE,0x37F6,0x37F6,0x37F6,0x37F6,0x37F6,0x37F6,0x37F6,0x37F6,0x37F6,0x37F6,
    0x16EE,0x16EE,0xF6ED,0xF6ED,0xF6ED,0xB5E5,0xB5E5,0xB5E5,0xB5E5,0xB5E5,0x95DD,0x54DD,
    0x54DD,0x54DD,0x54DD,0x13D5,0x13D5,0x13D5,0xD2CC,0xD2CC,0xD2CC,0xD2CC,0xD2CC,0xD2CC,
    0x91C4,0x91C4,0x71C4,0x31B4,0x31B4,0x31B4,0x31B4,0x31B4,0x31B4,0x31B4,0x31B4,0xEFB3,
    0xEFB3,0xEFB3,0xEFB3,0xEFB3,0xEFB3,0xEFB3,0xAFA3,0xAFA3,0xAFA3,0xAFA3,0xAFA3,0xAFA3,
    0xAFA3,0xAFA3,0x6EA3,0x4E93,0x4E93,0x4E93,0x4E93,0x4E93,0x4E93,0x2D93,0x4E93,0x4E93,
    0x4E93,0x2E83,0x0D83,0x2E83,0x2E83,0x2E83,0x0D83,0x0D83,0x0D7B,0xCD72,0xCD72,0xCD72,
    0xCD72,0xCD72,0xCD72,0xCD72,0xCD72,0xAD62,0xAD62,0xAD62,0xAD62,0xAD62,0xAD62,0xAD62,
    0xAD62,0xAD62,0xAD62,0x6D52,0x6D52,0x6D52,0x6D52,0x6D52,0x6D52,0x6D52,0x2C42,0x2C42,
    0x2C42,0x2C42,0x2C42,0x2C42,0x2C42,0x2C42,0x2C42,0x2C42,0x2C42,0x0C3A,0x0C3A,0x0C3A,
    0xEC31,0xEC31,0xEC31,0xEC31,0xEC31,0xEC31,0xEC31,0xEC31,0x0C3A,0x2C42,0x2C42,0x2C42,
    0x2C42,0x2C42,0x2C42,0x2C42,0x2C42,0x2C42,0x6D52,0x6D52,0x6D52,0x6D52,0x6D52,0x6D52,
    0x8D5A,0xAD62,0xAD62,0xAD62,0xAD62,0xAD62,0xAD62,0xAD62,0xAD62,0xCD72,0xCD72,0xCD72,
    0xCD72,0xCD72,0x0D7B,0x0D7B,0x2E83,0x2E83,0x2E83,0x2E83,0x2E83,0x2E83,0x2E83,0x4E93,
    0x4E93,0x4E93,0x8F9B,0x8F9B,0x8F9B,0x8F9B,0xAFA3,0xAFA3,0xAFA3,0xAFA3,0xD0A3,0x11AC,
    0x31B4,0x31B4,0x31B4,0x31B4,0x31B4,0x31B4,0x31B4,0x31B4,0xD2CC,0xD2CC,0xD2CC,0xD2CC,
    0xD2CC,0xD2CC,0xD2CC,0xD2CC,0x13D5,0x13D5,0x13D5,0x54DD,0x54DD,0x54DD,0x54DD,0x54DD,
    0x95DD,0xB5E5,0xB5E5,0xB5E5,0xB5E5,0xB5E5,0xF6ED,0xF6ED,0xF6ED,0x16EE,0x16EE,0x37F6,
    0x16EE,0x37F6,0x37F6,0x37F6,0x37F6,0x37F6,0x37F6,0x37F6,0x37F6,0x78FE,0x78FE,0x78FE,
    0x78FE,0x78FE,0x78FE,0x78FE,0xB8FE,0xB8FE,0xB8FE,0x78FE,0x78FE,0x78FE,0xB8FE,0xB8FE,
    0x78FE,0x78FE,0x78FE,0x78FE,0x37F6,0x37F6,0x37F6,0x37F6,0x37F6,0x37F6,0x37F6,0x37F6,
    0x16EE,0x16EE,0x16EE,0xF6ED,0xF6ED,0xF6ED,0xB5E5,0xB5E5,0xB5E5,0xB5E5,0xB5E5,0x95DD,
    0x54DD,0x54DD,0x54DD,0x54DD,0x13D5,0x13D5,0x13D5,0xD2CC,0xF2D4,0xD2CC,0xD2CC,0xD2CC,
    0x91C4,0x91C4,0x71C4,0x71C4,0x71C4,0x31B4,0x31B4,0x31B4,0x31B4,0x31B4,0x31B4,0xF0B3,
    0xEFB3,0xEFB3,0xEFB3,0xEFB3,0xEFB3,0xEFB3,0xAFA3,0xD0A3,0xAFA3,0xAFA3,0xAFA3,0xAFA3,
    0xAFA3,0xAFA3,0x6EA3,0x4E93,0x4E93,0x4E93,0x4E93,0x4E93,0x4E93,0x4E93,0x4E93,0x4E93,
    0x4E93,0x2E83,0x2E83,0x0D83,0x2E83,0x2E83,0x0D83,0x0D83,0x0D7B,0xCD72,0xCD72,0xCD72,
    0xCD72,0xCD72,0xCD72,0xCD72,0xCD72,0xAD62,0xAD62,0xAD62,0xAD62,0xAD62,0xAD62,0xAD62,
    0xAD62,0xAD62,0xAD62,0x6D52,0x6D52,0x6D52,0x6D52,0x6D52,0x6D52,0x6D52,0x2C42,0x2C42,
    0x2C42,0x2C42,0x2C42,0x2C42,0x2C42,0x2C42,0x2C42,0x2C42,0x2C42,0x0C3A,0x0C3A,0xEC31,
    0xEC31,0xEC31,0xEC31,0xEC31,0xEC31,0xEC31,0xEC31,0xEC31,0x0C3A,0x0C3A,0x2C42,0x2C42,
    0x2C42,0x2C42,0x2C42,0x2C42,0x2C42,0x2C42,0x6D52,0x6D52,0x6D52,0x6D52,0x6D52,0x8D5A,
    0x8D5A,0xAD62,0xAD62,0xAD62,0xAD62,0xAD62,0xAD62,0xAD62,0xAD62,0xCD72,0xCD72,0xCD72,
    0xCD72,0xCD72,0x0E7B,0x2E83,0x2E83,0x2E83,0x2E83,0x2E83,0x2E83,0x2E83,0x2E83,0x4E93,
    0x4E93,0x4E93,0x8F9B,0x8F9B,0x8F9B,0xAFA3,0xAFA3,0xAFA3,0xD0A3,0xD0A3,0xD0A3,0x31B4,
    0x31B4,0x31B4,0x31B4,0x31B4,0x31B4,0x31B4,0x31B4,0x31B4,0xD2CC,0xD2CC,0xD2CC,0xD2CC,
    0xD2CC,0xD2CC,0xD2CC,0xD2CC,0x13D5,0x13D5,0x13D5,0x54DD,0x54DD,0x54DD,0x54DD,0x95DD,
    0xB5E5,0xB5E5,0xB5E5,0xB5E5,0xB5E5,0xF6ED,0xF6ED,0xF6ED,0xF6ED,0x16EE,0x16EE,0x37F6,
    0x37F6,0x37F6,0x37F6,0x37F6,0x37F6,0x37F6,0x37F6,0x37F6,0x78FE,0x78FE,0x78FE,0xB8FE,
    0xB8FE,0xB8FE,0xB8FE,0xB8FE,0xB8FE,0xB8FE,0xB8FE,0xB8FE,0xB8FE,0xB8FE,0xB8FE,0xB8FE,
    0xB8FE,0xB8FE,0xB8FE,0xB8FE,0x78FE,0x78FE,0x78FE,0x37F6,0x37F6,0x37F6,0x37F6,0x37F6,
    0x37F6,0x37F6,0x16EE,0x16EE,0xF6ED,0xF6ED,0xF6ED,0xB5E5,0xB5E5,0xB5E5,0xB5E5,0xB5E5,
    0x74E5,0x54DD,0x54DD,0x54DD,0x13D5,0x13D5,0x13D5,0x13D5,0xF2D4,0xD2CC,0xD2CC,0xD2CC,
    0x91C4,0x91C4,0x71C4,0x71C4,0x71C4,0x71C4,0x31B4,0x31B4,0x31B4,0x31B4,0x31B4,0xF0B3,
    0xF0B3,0xEFB3,0xEFB3,0xEFB3,0xEFB3,0xEFB3,0xD0A3,0xAFA3,0xAFA3,0xAFA3,0xAFA3,0xAFA3,
    0xAFA3,0xAFA3,0xAFA3,0x4E93,0x4E93,0x4E93,0x4E93,0x4E93,0x4E93,0x4E93,0x4E93,0x4E93,
    0x4E93,0x4E93,0x2E83,0x0D83,0x2E83,0x2E83,0x0D83,0x0D83,0x0D7B,0x0D7B,0xCD72,0xCD72,
    0xCD72,0xCD72,0xCD72,0xCD72,0xCD72,0xAD62,0xAD62,0xAD62,0xAD62,0xAD62,0xAD62,0xAD62,
    0xAD62,0xAD62,0x8D5A,0x6D52,0x6D52,0x6D52,0x6D52,0x6D52,0x6D52,0x6D52,0x2C42,0x2C42,
    0x2C42,0x2C42,0x2C42,0x2C42,0x2C42,0x2C42,0x2C42,0x2C42,0x2C42,0x2C42,0x0C3A,0xEC31,
    0xEC31,0xEC31,0xEC31,0xEC31,0xEC31,0xEC31,0xEC31,0xEC31,0x0C3A,0x2C42,0x2C42,0x2C42,
    0x2C42,0x2C42,0x2C42,0x2C42,0x2C42,0x2C42,0x6D52,0x6D52,0x6D52,0x6D52,0x6D52,0x8D5A,
    0x8D5A,0xAD62,0xAD62,0xAD62,0xAD62,0xAD62,0xAD62,0xAD62,0xCD72,0xCD72,0xCD72,0xCD72,
    0xCD72,0x0D7B,0x0E7B,0x2E83,0x2E83,0x2E83,0x2E83,0x2E83,0x2E83,0x2E83,0x4E93,0x4E93,
    0x4E93,0x4E93,0x8F9B,0x8F9B,0xAFA3,0xAFA3,0xAFA3,0xAFA3,0xD0A3,0xD0A3,0xD0A3,0x31B4,
    0x31B4,0x31B4,0x31B4,0x31B4,0x31B4,0x31B4,0x31B4,0x91C4,0xD2CC,0xD2CC,0xD2CC,0xD2CC,
    0xD2CC,0xD2CC,0xD2CC,0xF2D4,0x13D5,0x13D5,0x54DD,0x54DD,0x54DD,0x54DD,0x54DD,0xB5E5,
    0xB5E5,0xB5E5,0xB5E5,0xB5E5,0xB5E5,0xF6ED,0xF6ED,0xF6ED,0x16EE,0x37F6,0x37F6,0x37F6,
    0x37F6,0x37F6,0x37F6,0x37F6,0x37F6,0x37F6,0x78FE,0x78FE,0x78FE,0xB8FE,0xB8FE,0xB8FE,
    0xB8FE,0xB8FE,0xB8FE,0xB8FE,0xB8FE,0xB8FE,0xB8FE,0xB8FE,0xB8FE,0xB8FE,0xB8FE,0xB8FE,
    0xB8FE,0xB8FE,0xB8FE,0xB8FE,0xB8FE,0xB8FE,0x78FE,0x78FE,0x37F6,0x37F6,0x37F6,0x37F6,
    0x37F6,0x37F6,0x37F6,0x16EE,0x16EE,0xF6ED,0xF6ED,0xF6ED,0xB5E5,0xB5E5,0xB5E5,0xB5E5,
    0xB5E5,0x95DD,0x54DD,0x54DD,0x54DD,0x54DD,0x13D5,0x13D5,0xD2CC,0xD2CC,0xD2CC,0xD2CC,
    0xD2CC,0x91C4,0x91C4,0x71C4,0x71C4,0x71C4,0x31B4,0x31B4,0x31B4,0x31B4,0x31B4,0x31B4,
    0xEFB3,0xEFB3,0xEFB3,0xEFB3,0xEFB3,0xF0B3,0x31B4,0xD0A3,0xD0A3,0xAFA3,0xAFA3,0xAFA3,
    0xAFA3,0xAFA3,0xAFA3,0x4E93,0x4E93,0x4E93,0x4E93,0x4E93,0x4E93,0x4E93,0x4E93,0x4E93,
    0x4E93,0x4E93,0x2E83,0x2E83,0x2E83,0x2E83,0x0D83,0x0D83,0x0D7B,0x0D7B,0xCD72,0xCD72,
    0xCD72,0xCD72,0xCD72,0xCD72,0xCD72,0xAD62,0xAD62,0xAD62,0xAD62,0xAD62,0xAD62,0xAD62,
    0xAD62,0xAD62,0x8D5A,0x8D5A,0x6D52,0x6D52,0x6D52,0x6D52,0x6D52,0x6D52,0x2C42,0x2C42,
    0x2C42,0x2C42,0x2C42,0x2C42,0x2C42,0x2C42,0x2C42,0x2C42,0x2C42,0x2C42,0x0C3A,0x0C3A,
    0xEC31,0xEC31,0xEC31,0xEC31,0xEC31,0xEC31,0xEC31,0x0C3A,0x0C3A,0x2C42,0x2C42,0x2C42,
    0x2C42,0x2C42,0x2C42,0x2C42,0x2C42,0x2C42,0x6D52,0x6D52,0x6D52,0x6D52,0x6D52,0x8D5A,
    0x6D52,0xAD62,0xAD62,0xAD62,0xAD62,0xAD62,0xAD62,0xAD62,0xCD72,0xCD72,0xCD72,0xCD72,
    0xCD72,0x0D7B,0x0E7B,0x2E83,0x2E83,0x2E83,0x2E83,0x2E83,0x2E83,0x2E83,0x4E93,0x4E93,
    0x4E93,0x4E93,0x8F9B,0x8F9B,0xAFA3,0xAFA3,0xAFA3,0xAFA3,0xD0A3,0xD0A3,0x11AC,0x31B4,
    0x31B4,0x31B4,0x31B4,0x31B4,0x31B4,0x31B4,0x71C4,0xD2CC,0xD2CC,0xD2CC,0xD2CC,0xD2CC,
    0xD2CC,0xD2CC,0xD2CC,0x13D5,0x13D5,0x13D5,0x54DD,0x54DD,0x54DD,0x54DD,0xB5E5,0xB5E5,
    0xB5E5,0xB5E5,0xB5E5,0xF6ED,0xF6ED,0xF6ED,0xF6ED,0x16EE,0x37F6,0x37F6,0x37F6,0x37F6,
    0x37F6,0x37F6,0x37F6,0x37F6,0x78FE,0x78FE,0x78FE,0xB8FE,0xB8FE,0xB8FE,0xB8FE,0xB8FE,
    0xB8FE,0xB8FE,0xB8FE,0xB8FE,0xB8FE,0xB8FE,0xB8FE,0xB8FE,0xB8FE,0xB8FE,0xB8FE,0xB8FE,
    0xB8FE,0xB8FE,0xB8FE,0xB8FE,0xB8FE,0xB8FE,0xB8FE,0x78FE,0x78FE,0x78FE,0x37F6,0x37F6,
    0x37F6,0x37F6,0x37F6,0x37F6,0x16EE,0x16EE,0xF6ED,0xF6ED,0xF6ED,0xB5E5,0xB5E5,0xB5E5,
    0xB5E5,0xB5E5,0x54DD,0x54DD,0x54DD,0x54DD,0x13D5,0x13D5,0x13D5,0xD2CC,0xD2CC,0xD2CC,
    0xD2CC,0x91C4,0x91C4,0x71C4,0x71C4,0x71C4,0x31B4,0x31B4,0x31B4,0x31B4,0x31B4,0x31B4,
    0x31B4,0xEFB3,0xEFB3,0xEFB3,0xEFB3,0xEFB3,0x31B4,0x31B4,0xD0A3,0xAFA3,0xAFA3,0xAFA3,
    0xAFA3,0xAFA3,0xAFA3,0x6EA3,0x4E93,0x4E93,0x4E93,0x4E93,0x4E93,0x4E93,0x4E93,0x4E93,
    0x4E93,0x4E93,0x2E83,0x2E83,0x2E83,0x2E83,0x0D83,0x0D83,0x0D7B,0xCD72,0xCD72,0xCD72,
    0xCD72,0xCD72,0xCD72,0xCD72,0xCD72,0xAD62,0xAD62,0xAD62,0xAD62,0xAD62,0xAD62,0xAD62,
    0xAD62,0xAD62,0x8D5A,0x6D52,0x6D52,0x6D52,0x6D52,0x6D52,0x6D52,0x6D52,0x6D52,0x2C42,
    0x2C42,0x2C42,0x2C42,0x2C42,0x2C42,0x2C42,0x2C42,0x2C42,0x2C42,0x2C42,0x0C3A,0x0C3A,
    0xEC31,0xEC31,0xEC31,0xEC31,0xEC31,0xEC31,0xEC31,0x0C3A,0x0C3A,0x2C42,0x2C42,0x2C42,
    0x2C42,0x2C42,0x2C42,0x2C42,0x2C42,0x2C42,0x6D52,0x6D52,0x6D52,0x6D52,0x6D52,0x8D5A,
    0x6D52,0x8D5A,0xAD62,0xAD62,0xAD62,0xAD62,0xAD62,0xAD62,0xCD72,0xCD72,0xCD72,0xCD72,
    0xCD72,0x0E7B,0x0E7B,0x2E83,0x2E83,0x2E83,0x2E83,0x2E83,0x2E83,0x2E83,0x4E93,0x4E93,
    0x4E93,0x4E93,0x8F9B,0x8F9B,0xAFA3,0xAFA3,0xAFA3,0xAFA3,0xD0A3,0xD0A3,0x11AC,0x31B4,
    0x31B4,0x31B4,0x31B4,0x31B4,0x31B4,0x31B4,0x71C4,0xD2CC,0xD2CC,0xD2CC,0xD2CC,0xD2CC,
    0xD2CC,0xD2CC,0xD2CC,0x13D5,0x13D5,0x13D5,0x54DD,0x54DD,0x54DD,0x54DD,0xB5E5,0xB5E5,
    0xB5E5,0xB5E5,0xB5E5,0xF6ED,0xF6ED,0x16EE,0x16EE,0x37F6,0x37F6,0x37F6,0x37F6,0x37F6,
    0x37F6,0x37F6,0x37F6,0x78FE,0x78FE,0xB8FE,0xB8FE,0xB8FE,0xB8FE,0xB8FE,0xB8FE,0xB8FE,
    0xB8FE,0xB8FE,0xB8FE,0xB8FE,0xB8FE,0xB8FE,0xB8FE,0xB8FE,0xB8FE,0xB8FE,0xB8FE,0xB8FE,
    0xB8FE,0xB8FE,0xB8FE,0xB8FE,0xB8FE,0xB8FE,0xB8FE,0xB8FE,0xB8FE,0x78FE,0x37F6,0x37F6,
    0x37F6,0x37F6,0x37F6,0x37F6,0x37F6,0x16EE,0x16EE,0xF6ED,0xF6ED,0xF6ED,0xB5E5,0xB5E5,
    0xB5E5,0xB5E5,0x54DD,0x54DD,0x54DD,0x54DD,0x13D5,0x13D5,0x13D5,0xD2CC,0xF2D4,0xD2CC,
    0xD2CC,0xD2CC,0x91C4,0x71C4,0x71C4,0x71C4,0x71C4,0x31B4,0x31B4,0x31B4,0x31B4,0x31B4,
    0x31B4,0x31B4,0xEFB3,0xEFB3,0xEFB3,0xF0B3,0x31B4,0x31B4,0x31B4,0xAFA3,0xAFA3,0xAFA3,
    0xAFA3,0xAFA3,0xAFA3,0xAFA3,0x4E93,0x4E93,0x4E93,0x4E93,0x4E93,0x4E93,0x4E93,0x4E93,
    0x4E93,0x4E93,0x2E83,0x2E83,0x0D83,0x2E83,0x2E83,0x0D83,0x0D83,0x0D7B,0xCD72,0xCD72,
    0xCD72,0xCD72,0xCD72,0xCD72,0xCD72,0xAD62,0xAD62,0xAD62,0xAD62,0xAD62,0xAD62,0xAD62,
    0xAD62,0xAD62,0x6D52,0x8D5A,0x6D52,0x6D52,0x6D52,0x6D52,0x6D52,0x6D52,0x6D52,0x2C42,
    0x2C42,0x2C42,0x2C42,0x2C42,0x2C42,0x2C42,0x2C42,0x2C42,0x2C42,0x2C42,0x0C3A,0x0C3A,
    0xEC31,0xEC31,0xEC31,0xEC31,0xEC31,0xEC31,0xEC31,0xEC31,0x0C3A,0x2C42,0x2C42,0x2C42,
    0x2C42,0x2C42,0x2C42,0x2C42,0x2C42,0x2C42,0x6D52,0x6D52,0x6D52,0x6D52,0x6D52,0x8D5A,
    0x8D5A,0x8D5A,0xAD62,0xAD62,0xAD62,0xAD62,0xAD62,0xAD62,0xCD72,0xCD72,0xCD72,0xCD72,
    0xCD72,0x0E7B,0x0D7B,0x2E83,0x2E83,0x2E83,0x2E83,0x2E83,0x2E83,0x4E93,0x4E93,0x4E93,
    0x4E93,0x4E93,0x8F9B,0x8F9B,0xAFA3,0xAFA3,0xAFA3,0xAFA3,0xD0A3,0xD0A3,0x31B4,0x31B4,
    0x31B4,0x31B4,0x31B4,0x31B4,0x31B4,0x31B4,0xD2CC,0xD2CC,0xD2CC,0xD2CC,0xD2CC,0xD2CC,
    0xD2CC,0xD2CC,0x13D5,0x13D5,0x13D5,0x13D5,0x54DD,0x54DD,0x54DD,0xB5E5,0xB5E5,0xB5E5,
    0xB5E5,0xB5E5,0xF6ED,0xF6ED,0xF6ED,0x16EE,0x37F6,0x37F6,0x37F6,0x37F6,0x37F6,0x37F6,
    0x78FE,0x78FE,0x78FE,0x78FE,0xB8FE,0xB8FE,0xB8FE,0xB8FE,0xB8FE,0xB8FE,0xB8FE,0xB8FE,
    0xB8FE,0xB8FE,0xB8FE,0xB8FE,0xB8FE,0xB8FE,0xB8FE,0xB8FE,0xB8FE,0xB8FE,0xB8FE,0xB8FE,
    0xB8FE,0xB8FE,0xB8FE,0xB8FE,0xB8FE,0xB8FE,0xB8FE,0xB8FE,0xB8FE,0xB8FE,0x78FE,0x37F6,
    0x37F6,0x37F6,0x37F6,0x37F6,0x37F6,0x37F6,0x16EE,0x16EE,0xF6ED,0xF6ED,0xF6ED,0xB5E5,
    0xB5E5,0xB5E5,0xB5E5,0x54DD,0x54DD,0x54DD,0x54DD,0x13D5,0x13D5,0xF2D4,0xF2D4,0xD2CC,
    0xD2CC,0xD2CC,0x91C4,0x71C4,0x71C4,0x71C4,0x71C4,0x31B4,0x31B4,0x31B4,0x31B4,0x31B4,
    0x31B4,0x31B4,0xF0B3,0xEFB3,0xEFB3,0xEFB3,0x31B4,0x31B4,0x31B4,0xD0A3,0xAFA3,0xAFA3,
    0xAFA3,0xAFA3,0xAFA3,0xAFA3,0x4E93,0x4E93,0x4E93,0x4E93,0x4E93,0x4E93,0x4E93,0x4E93,
    0x4E93,0x4E93,0x4E93,0x2E83,0x0D83,0x2E83,0x2E83,0x0D83,0x0D83,0x0D7B,0x0D7B,0xCD72,
    0xCD72,0xCD72,0xCD72,0xCD72,0xCD72,0xCD72,0xAD62,0xAD62,0xAD62,0xAD62,0xAD62,0xAD62,
    0xAD62,0xAD62,0x8D5A,0x6D52,0x6D52,0x6D52,0x6D52,0x6D52,0x6D52,0x6D52,0x6D52,0x6D52,
    0x2C42,0x2C42,0x2C42,0x2C42,0x2C42,0x2C42,0x2C42,0x2C42,0x2C42,0x0C3A,0x0C3A,0x0C3A,
    0xEC31,0xEC31,0xEC31,0xEC31,0xEC31,0xEC31,0xEC31,0xEC31,0x2C42,0x2C42,0x2C42,0x2C42,
    0x2C42,0x2C42,0x2C42,0x2C42,0x2C42,0x6D52,0x6D52,0x6D52,0x6D52,0x6D52,0x6D52,0x8D5A,
    0xAD62,0xAD62,0xAD62,0xAD62,0xAD62,0xAD62,0xAD62,0xAD62,0xCD72,0xCD72,0xCD72,0xCD72,
    0xCD72,0x0D7B,0x0D7B,0x2E83,0x2E83,0x2E83,0x2E83,0x2E83,0x2E83,0x4E93,0x4E93,0x4E93,
    0x4E93,0x8F9B,0x8F9B,0x8F9B,0xAFA3,0xAFA3,0xAFA3,0xAFA3,0xD0A3,0xD0A3,0x31B4,0x31B4,
    0x31B4,0x31B4,0x31B4,0x31B4,0x31B4,0x31B4,0xD2CC,0xD2CC,0xD2CC,0xD2CC,0xD2CC,0xD2CC,
    0xD2CC,0x13D5,0x13D5,0x54DD,0x54DD,0x54DD,0x54DD,0x54DD,0x54DD,0xB5E5,0xB5E5,0xB5E5,
    0xB5E5,0xF6ED,0xF6ED,0xF6ED,0x16EE,0x37F6,0x37F6,0x37F6,0x37F6,0x37F6,0x37F6,0x78FE,
    0x78FE,0x78FE,0xB8FE,0xB8FE,0xB8FE,0xB8FE,0xB8FE,0xB8FE,0xB8FE,0xB8FE,0xB8FE,0xB8FE,
    0xB8FE,0xB8FE,0xB8FE,0xB8FE,0xB8FE,0xFAFE,0xFAFE,0xB8FE,0xFAFE,0xFAFE,0xFAFE,0xFAFE,
    0xFAFE,0xB8FE,0xB8FE,0xB8FE,0xB8FE,0xB8FE,0xB8FE,0xB8FE,0xB8FE,0xB8FE,0xB8FE,0x78FE,
    0x78FE,0x37F6,0x37F6,0x37F6,0x37F6,0x37F6,0x37F6,0x16EE,0x16EE,0xF6ED,0xF6ED,0xB5E5,
    0xB5E5,0xB5E5,0xB5E5,0xB5E5,0x54DD,0x54DD,0x54DD,0x13D5,0x13D5,0x13D5,0xF2D4,0xF2D4,
    0xD2CC,0xD2CC,0x91C4,0x91C4,0x71C4,0x71C4,0x71C4,0x31B4,0x31B4,0x31B4,0x31B4,0x31B4,
    0x31B4,0x31B4,0x31B4,0x0FB4,0xEFB3,0xEFB3,0xEFB3,0xF0B3,0x31B4,0xD0A3,0xAFA3,0xAFA3,
    0xAFA3,0xAFA3,0xAFA3,0xAFA3,0x6EA3,0x4E93,0x4E93,0x4E93,0x4E93,0x4E93,0x4E93,0x4E93,
    0x4E93,0x4E93,0x4E93,0x2E83,0x0D83,0x2E83,0x2E83,0x0D83,0x0D83,0xED82,0xCD72,0xCD72,
    0xCD72,0xCD72,0xCD72,0xCD72,0xCD72,0xCD72,0xAD62,0xAD62,0xAD62,0xAD62,0xAD62,0xAD62,
    0xAD62,0xAD62,0x8D5A,0x8D5A,0x6D52,0x6D52,0x6D52,0x6D52,0x6D52,0x6D52,0x6D52,0x6D52,
    0x2C42,0x2C42,0x2C42,0x2C42,0x2C42,0x2C42,0x2C42,0x2C42,0x0C3A,0x0C3A,0x0C3A,0x0C3A,
    0xEC31,0xEC31,0xEC31,0xEC31,0xEC31,0xEC31,0xEC31,0xEC31,0x2C42,0x2C42,0x2C42,0x2C42,
    0x2C42,0x2C42,0x2C42,0x2C42,0x2C42,0x6D52,0x6D52,0x6D52,0x6D52,0x6D52,0x6D52,0x8D5A,
    0xAD62,0xAD62,0xAD62,0xAD62,0xAD62,0xAD62,0xAD62,0xAD62,0xCD72,0xCD72,0xCD72,0xCD72,
    0xCD72,0x0E7B,0x0E7B,0x2E83,0x2E83,0x2E83,0x2E83,0x2E83,0x2E83,0x4E93,0x4E93,0x4E93,
    0x8F9B,0x8F9B,0x8F9B,0xAFA3,0xAFA3,0xAFA3,0xAFA3,0xD0A3,0xD0A3,0x11AC,0x31B4,0x31B4,
    0x31B4,0x31B4,0x31B4,0x31B4,0x31B4,0x71C4,0xD2CC,0xD2CC,0xD2CC,0xD2CC,0xD2CC,0xD2CC,
    0xD2CC,0x13D5,0x13D5,0x54DD,0x54DD,0x54DD,0x54DD,0x54DD,0x95DD,0xB5E5,0xB5E5,0xB5E5,
    0xB5E5,0xB5E5,0xF6ED,0x16EE,0x16EE,0x37F6,0x37F6,0x37F6,0x37F6,0x37F6,0x78FE,0x78FE,
    0xB8FE,0xB8FE,0xB8FE,0xB8FE,0xB8FE,0xB8FE,0xB8FE,0xB8FE,0xB8FE,0xB8FE,0xB8FE,0xB8FE,
    0xB8FE,0xB8FE,0xFAFE,0xFAFE,0xFAFE,0x19FF,0x3AFF,0x3AFF,0x3AFF,0x3AFF,0x3AFF,0x3AFF,
    0x3AFF,0x3AFF,0xFAFE,0xFAFE,0xB8FE,0xB8FE,0xB8FE,0xB8FE,0xB8FE,0xB8FE,0xB8FE,0xB8FE,
    0x78FE,0x78FE,0x37F6,0x37F6,0x37F6,0x37F6,0x37F6,0x37F6,0x16EE,0x16EE,0xF6ED,0xF6ED,
    0xB5E5,0xB5E5,0xB5E5,0xB5E5,0x54DD,0x54DD,0x54DD,0x13D5,0x13D5,0x13D5,0xF2D4,0xF2D4,
    0xD2CC,0xD2CC,0xD2CC,0x91C4,0x71C4,0x71C4,0x71C4,0x71C4,0x31B4,0x31B4,0x31B4,0x31B4,
    0x31B4,0x31B4,0x31B4,0x31B4,0xEFB3,0xEFB3,0xEFB3,0xF0B3,0x31B4,0xD0A3,0xAFA3,0xAFA3,
    0xAFA3,0xAFA3,0xAFA3,0xAFA3,0xAFA3,0x4E93,0x4E93,0x4E93,0x4E93,0x4E93,0x4E93,0x4E93,
    0x4E93,0x4E93,0x4E93,0x2E83,0x0D83,0x0D83,0x2E83,0x0D83,0x0D83,0x0D7B,0x0D7B,0xCD72,
    0xCD72,0xCD72,0xCD72,0xCD72,0xCD72,0xCD72,0xAD62,0xAD62,0xAD62,0xAD62,0xAD62,0xAD62,
    0xAD62,0xAD62,0xAD62,0x8D5A,0x6D52,0x6D52,0x6D52,0x6D52,0x6D52,0x6D52,0x6D52,0x6D52,
    0x2C42,0x2C42,0x2C42,0x2C42,0x2C42,0x2C42,0x2C42,0x2C42,0x0C3A,0x0C3A,0xEC31,0xEC31,
    0xEC31,0xEC31,0xEC31,0xEC31,0xEC31,0xEC31,0xEC31,0x0C3A,0x2C42,0x2C42,0x2C42,0x2C42,
    0x2C42,0x2C42,0x2C42,0x2C42,0x2C42,0x6D52,0x6D52,0x6D52,0x6D52,0x6D52,0x6D52,0x8D5A,
    0xAD62,0xAD62,0xAD62,0xAD62,0xAD62,0xAD62,0xAD62,0xAD62,0xCD72,0xCD72,0xCD72,0xCD72,
    0xCD72,0x0E7B,0x0E7B,0x2E83,0x2E83,0x2E83,0x2E83,0x2E83,0x2E83,0x4E93,0x4E93,0x4E93,
    0x4E93,0x8F9B,0x8F9B,0x8F9B,0xAFA3,0xAFA3,0xAFA3,0xD0A3,0xD0A3,0x31B4,0x31B4,0x31B4,
    0x31B4,0x31B4,0x31B4,0x31B4,0x31B4,0x91C4,0xD2CC,0xD2CC,0xD2CC,0xD2CC,0xD2CC,0xD2CC,
    0x13D5,0x13D5,0x13D5,0x54DD,0x54DD,0x54DD,0x54DD,0x95DD,0xB5E5,0xB5E5,0xB5E5,0xB5E5,
    0xF6ED,0xF6ED,0xF6ED,0x16EE,0x37F6,0x37F6,0x37F6,0x37F6,0x37F6,0x37F6,0x78FE,0xB8FE,
    0xB8FE,0xB8FE,0xB8FE,0xB8FE,0xB8FE,0xB8FE,0xB8FE,0xB8FE,0xB8FE,0xB8FE,0xB8FE,0xFAFE,
    0x19FF,0x3AFF,0x3AFF,0x3AFF,0x3AFF,0x3AFF,0x3AFF,0x3AFF,0x3AFF,0x3AFF,0x3AFF,0x3AFF,
    0x3AFF,0x3AFF,0x3AFF,0xFAFE,0xFAFE,0xB8FE,0xB8FE,0xB8FE,0xB8FE,0xB8FE,0xB8FE,0xB8FE,
    0xB8FE,0x78FE,0x78FE,0x37F6,0x37F6,0x37F6,0x37F6,0x37F6,0x37F6,0x16EE,0xF6ED,0xF6ED,
    0xB5E5,0xB5E5,0xB5E5,0xB5E5,0x74E5,0x54DD,0x54DD,0x13D5,0x13D5,0x13D5,0x13D5,0xF2D4,
    0xD2CC,0xD2CC,0xD2CC,0x91C4,0x71C4,0x71C4,0x71C4,0x71C4,0x31B4,0x31B4,0x31B4,0x31B4,
    0x31B4,0x31B4,0x31B4,0x31B4,0xEFB3,0xEFB3,0xEFB3,0xEFB3,0xF0B3,0xAFA3,0xAFA3,0xAFA3,
    0xAFA3,0xAFA3,0xAFA3,0xAFA3,0xAFA3,0x4E93,0x4E93,0x4E93,0x4E93,0x4E93,0x4E93,0x4E93,
    0x4E93,0x4E93,0x4E93,0x4E93,0x2E83,0x0D83,0x2E83,0x0D83,0x0D83,0x0D83,0xCD72,0xCD72,
    0xCD72,0xCD72,0xCD72,0xCD72,0xCD72,0xCD72,0xAD62,0xAD62,0xAD62,0xAD62,0xAD62,0xAD62,
    0xAD62,0xAD62,0xAD62,0x6C62,0x6D52,0x6D52,0x6D52,0x6D52,0x6D52,0x6D52,0x6D52,0x2C42,
    0x2C42,0x2C42,0x2C42,0x2C42,0x2C42,0x2C42,0x2C42,0x2C42,0x2C42,0x0C3A,0x0C3A,0x0C3A,
    0xEC31,0xEC31,0xEC31,0xEC31,0xEC31,0xEC31,0xEC31,0xEC31,0x2C42,0x2C42,0x2C42,0x2C42,
    0x2C42,0x2C42,0x2C42,0x2C42,0x2C42,0x6D52,0x6D52,0x6D52,0x6D52,0x6D52,0x6D52,0x8D5A,
    0xAD62,0xAD62,0xAD62,0xAD62,0xAD62,0xAD62,0xAD62,0xAD62,0xCD72,0xCD72,0xCD72,0xCD72,
    0xCD72,0x0D7B,0x2E83,0x2E83,0x2E83,0x2E83,0x2E83,0x2E83,0x2E83,0x4E93,0x4E93,0x8F9B,
    0x4E93,0x8F9B,0x8F9B,0x8F9B,0xAFA3,0xAFA3,0xAFA3,0xD0A3,0xD0A3,0x31B4,0x31B4,0x31B4,
    0x31B4,0x31B4,0x31B4,0x31B4,0x31B4,0x91C4,0xD2CC,0xD2CC,0xD2CC,0xD2CC,0xD2CC,0xD2CC,
    0x13D5,0x13D5,0x54DD,0x54DD,0x54DD,0x54DD,0x54DD,0x95DD,0xB5E5,0xB5E5,0xB5E5,0xB5E5,
    0xF6ED,0xF6ED,0x16EE,0x37F6,0x37F6,0x37F6,0x37F6,0x37F6,0x78FE,0x78FE,0xB8FE,0xB8FE,
    0xB8FE,0xB8FE,0xB8FE,0xB8FE,0xB8FE,0xB8FE,0xB8FE,0xB8FE,0xFAFE,0xFAFE,0x3AFF,0x3AFF,
    0x3AFF,0x3AFF,0x3AFF,0x3AFF,0x3AFF,0x3AFF,0x3AFF,0x3AFF,0x3AFF,0x3AFF,0x3AFF,0x3AFF,
    0x3AFF,0x3AFF,0x3AFF,0x3AFF,0x3AFF,0xFAFE,0xB8FE,0xB8FE,0xB8FE,0xB8FE,0xB8FE,0xB8FE,
    0xB8FE,0xB8FE,0x78FE,0x37F6,0x37F6,0x37F6,0x37F6,0x37F6,0x37F6,0x16EE,0x16EE,0xF6ED,
    0xF6ED,0xB5E5,0xB5E5,0xB5E5,0xB5E5,0x54DD,0x54DD,0x13D5,0x13D5,0x13D5,0x13D5,0xF2D4,
    0xD2CC,0xD2CC,0xD2CC,0x91C4,0x91C4,0x71C4,0x71C4,0x71C4,0x71C4,0x31B4,0x31B4,0x31B4,
    0x31B4,0x31B4,0x31B4,0x31B4,0x31B4,0xEFB3,0xF0B3,0xEFB3,0xEFB3,0xD0A3,0xAFA3,0xAFA3,
    0xAFA3,0xAFA3,0xAFA3,0xAFA3,0xAFA3,0x4E93,0x4E93,0x4E93,0x4E93,0x4E93,0x4E93,0x4E93,
    0x4E93,0x4E93,0x4E93,0x4E93,0x2E83,0x0D83,0x2E83,0x0D83,0x0D83,0x0D83,0xCD72,0xCD72,
    0xCD72,0xCD72,0xCD72,0xCD72,0xCD72,0xCD72,0xAD62,0xAD62,0xAD62,0xAD62,0xAD62,0xAD62,
    0xAD62,0xAD62,0xAD62,0xAD62,0x6D52,0x6D52,0x6D52,0x6D52,0x6D52,0x6D52,0x6D52,0x6D52,
    0x2C42,0x2C42,0x2C42,0x2C42,0x2C42,0x2C42,0x2C42,0x2C42,0x2C42,0x0C3A,0x0C3A,0x0C3A,
    0xEC31,0xEC31,0xEC31,0xEC31,0xEC31,0xEC31,0xEC31,0x0C3A,0x2C42,0x2C42,0x2C42,0x2C42,
    0x2C42,0x2C42,0x2C42,0x2C42,0x2C42,0x6D52,0x6D52,0x6D52,0x6D52,0x6D52,0x6D52,0x8D5A,
    0x8D5A,0xAD62,0xAD62,0xAD62,0xAD62,0xAD62,0xAD62,0xAD62,0xCD72,0xCD72,0xCD72,0xCD72,
    0xCD72,0x0D7B,0x2E83,0x2E83,0x2E83,0x2E83,0x2E83,0x2E83,0x2E83,0x4E93,0x4E93,0x8F9B,
    0x8F9B,0x8F9B,0x8F9B,0xAFA3,0xAFA3,0xAFA3,0xAFA3,0xD0A3,0xD0A3,0x31B4,0x31B4,0x31B4,
    0x31B4,0x31B4,0x31B4,0x31B4,0x91C4,0xD2CC,0xD2CC,0xD2CC,0xD2CC,0xD2CC,0xD2CC,0xD2CC,
    0x13D5,0x13D5,0x54DD,0x54DD,0x54DD,0x54DD,0x95DD,0xB5E5,0xB5E5,0xB5E5,0xB5E5,0xB5E5,
    0xF6ED,0xF6ED,0x16EE,0x37F6,0x37F6,0x37F6,0x37F6,0x37F6,0x78FE,0x78FE,0xB8FE,0xB8FE,
    0xB8FE,0xB8FE,0xB8FE,0xB8FE,0xB8FE,0xB8FE,0xFAFE,0xFAFE,0x3AFF,0x3AFF,0x3AFF,0x3AFF,
    0x3AFF,0x3AFF,0x3AFF,0x3AFF,0x3AFF,0x3AFF,0x3AFF,0x3AFF,0x3AFF,0x3AFF,0x3AFF,0x3AFF,
    0x3AFF,0x3AFF,0x3AFF,0x3AFF,0x3AFF,0x3AFF,0xFAFE,0xB8FE,0xB8FE,0xB8FE,0xB8FE,0xB8FE,
    0xB8FE,0xB8FE,0xB8FE,0x78FE,0x78FE,0x37F6,0x37F6,0x37F6,0x37F6,0x37F6,0x16EE,0x16EE,
    0xF6ED,0xF6ED,0xB5E5,0xB5E5,0xB5E5,0x74E5,0x54DD,0x13D5,0x13D5,0x13D5,0x13D5,0xF2D4,
    0xF2D4,0xD2CC,0xD2CC,0xD2CC,0x91C4,0x71C4,0x71C4,0x71C4,0x71C4,0x31B4,0x31B4,0x31B4,
    0x31B4,0x31B4,0x31B4,0x31B4,0x31B4,0x31B4,0xF0B3,0xEFB3,0xEFB3,0xAFA3,0xD0A3,0xAFA3,
    0xAFA3,0xAFA3,0xAFA3,0xAFA3,0xAFA3,0x4E93,0x4E93,0x4E93,0x4E93,0x4E93,0x4E93,0x4E93,
    0x4E93,0x4E93,0x4E93,0x4E93,0x2E83,0x0D83,0x2E83,0x2E83,0x2E83,0x0D83,0xCD72,0xCD72,
    0xCD72,0xCD72,0xCD72,0xCD72,0xCD72,0xCD72,0xAD62,0xAD62,0xAD62,0xAD62,0xAD62,0xAD62,
    0xAD62,0xAD62,0xAD62,0xAD62,0x6D52,0x6D52,0x6D52,0x6D52,0x6D52,0x6D52,0x6D52,0x6D52,
    0x2C42,0x2C42,0x2C42,0x2C42,0x2C42,0x2C42,0x2C42,0x2C42,0x2C42,0x0C3A,0x0C3A,0xEC31,
    0xCB31,0xEC31,0xEC31,0xEC31,0xEC31,0xEC31,0x0C3A,0x0C3A,0x2C42,0x2C42,0x2C42,0x2C42,
    0x2C42,0x2C42,0x2C42,0x2C42,0x2C42,0x2C42,0x6D52,0x6D52,0x6D52,0x6D52,0x6D52,0x6D52,
    0x8D5A,0xAD62,0xAD62,0xAD62,0xAD62,0xAD62,0xAD62,0xAD62,0xCD72,0xCD72,0xCD72,0xCD72,
    0xCD72,0x0D7B,0x0E7B,0x2E83,0x2E83,0x2E83,0x2E83,0x2E83,0x2E83,0x4E93,0x4E93,0x4E93,
    0x8F9B,0x8F9B,0x8F9B,0xAFA3,0xAFA3,0xAFA3,0xAFA3,0xD0A3,0x11AC,0x31B4,0x31B4,0x31B4,
    0x31B4,0x31B4,0x31B4,0x31B4,0xD2CC,0xD2CC,0xD2CC,0xD2CC,0xD2CC,0xD2CC,0xD2CC,0xD2CC,
    0x13D5,0x13D5,0x54DD,0x54DD,0x54DD,0x54DD,0x95DD,0xB5E5,0xB5E5,0xB5E5,0xB5E5,0xB5E5,
    0xF6ED,0x16EE,0x37F6,0x37F6,0x37F6,0x37F6,0x37F6,0x78FE,0x78FE,0xB8FE,0xB8FE,0xB8FE,
    0xB8FE,0xB8FE,0xB8FE,0xB8FE,0xB8FE,0xFAFE,0x3AFF,0x3AFF,0x3AFF,0x3AFF,0x3AFF,0x3AFF,
    0x3AFF,0x3AFF,0x3AFF,0x3AFF,0x3AFF,0x3AFF,0x3AFF,0x3AFF,0x3AFF,0x3AFF,0x3AFF,0x3AFF,
    0x3AFF,0x3AFF,0x3AFF,0x3AFF,0x3AFF,0x3AFF,0x3AFF,0xFAFE,0xB8FE,0xB8FE,0xB8FE,0xB8FE,
    0xB8FE,0xB8FE,0xB8FE,0xB8FE,0x78FE,0x78FE,0x37F6,0x37F6,0x37F6,0x37F6,0x37F6,0x16EE,
    0xF6ED,0xF6ED,0xB5E5,0xB5E5,0xB5E5,0x74E5,0x54DD,0x54DD,0x13D5,0x13D5,0x13D5,0x13D5,
    0xF2D4,0xD2CC,0xD2CC,0xD2CC,0x91C4,0x91C4,0x71C4,0x71C4,0x71C4,0x31B4,0x31B4,0x31B4,
    0x31B4,0x31B4,0x31B4,0x31B4,0x31B4,0x31B4,0xF0B3,0xEFB3,0xEFB3,0xEFB3,0xD0A3,0xAFA3,
    0xAFA3,0xAFA3,0xAFA3,0xAFA3,0xAFA3,0x6EA3,0x4E93,0x4E93,0x4E93,0x4E93,0x4E93,0x4E93,
    0x4E93,0x4E93,0x4E93,0x4E93,0x2E83,0x0D83,0x2E83,0x2E83,0x2E83,0x0D83,0x0D7B,0xCD72,
    0xCD72,0xCD72,0xCD72,0xCD72,0xCD72,0xCD72,0xAD62,0xAD62,0xAD62,0xAD62,0xAD62,0xAD62,
    0xAD62,0xAD62,0xAD62,0xAD62,0x8D5A,0x6D52,0x6D52,0x6D52,0x6D52,0x6D52,0x6D52,0x6D52,
    0x2C42,0x2C42,0x2C42,0x2C42,0x2C42,0x2C42,0x2C42,0x2C42,0x2C42,0x0C3A,0x0C3A,0xEC31,
    0xCB31,0xCB31,0xEC31,0xEC31,0xEC31,0xEC31,0xEC31,0x0C3A,0x0C3A,0x2C42,0x2C42,0x2C42,
    0x2C42,0x2C42,0x2C42,0x2C42,0x2C42,0x6D52,0x6D52,0x6D52,0x6D52,0x6D52,0x6D52,0x6D52,
    0x8D5A,0xAD62,0xAD62,0xAD62,0xAD62,0xAD62,0xAD62,0xAD62,0xCD72,0xCD72,0xCD72,0xCD72,
    0xCD72,0x0E7B,0x0E7B,0x2E83,0x2E83,0x2E83,0x2E83,0x2E83,0x4E93,0x4E93,0x4E93,0x4E93,
    0x8F9B,0x8F9B,0xAFA3,0xAFA3,0xAFA3,0xAFA3,0xD0A3,0xD0A3,0xF0B3,0x31B4,0x31B4,0x31B4,
    0x31B4,0x31B4,0x31B4,0x31B4,0xD2CC,0xD2CC,0xD2CC,0xD2CC,0xD2CC,0xD2CC,0xD2CC,0x13D5,
    0x13D5,0x13D5,0x54DD,0x54DD,0x54DD,0x54DD,0xB5E5,0xB5E5,0xB5E5,0xB5E5,0xB5E5,0xF6ED,
    0xF6ED,0x37F6,0x37F6,0x37F6,0x37F6,0x37F6,0x78FE,0x78FE,0xB8FE,0xB8FE,0xB8FE,0xB8FE,
    0xB8FE,0xB8FE,0xB8FE,0xB8FE,0xFAFE,0x3AFF,0x3AFF,0x3AFF,0x3AFF,0x3AFF,0x3AFF,0x3AFF,
    0x3AFF,0x3AFF,0x3AFF,0x3AFF,0x3AFF,0x3AFF,0x3AFF,0x3AFF,0x3AFF,0x3AFF,0x3AFF,0x3AFF,
    0x3AFF,0x3AFF,0x3AFF,0x3AFF,0x3AFF,0x3AFF,0x3AFF,0x3AFF,0xFAFE,0xB8FE,0xB8FE,0xB8FE,
    0xB8FE,0xB8FE,0xB8FE,0xB8FE,0xB8FE,0x78FE,0x37F6,0x37F6,0x37F6,0x37F6,0x37F6,0x16EE,
    0xF6ED,0xF6ED,0xB5E5,0xB5E5,0xB5E5,0xB5E5,0x54DD,0x54DD,0x13D5,0x13D5,0x13D5,0x13D5,
    0xF2D4,0xD2CC,0xD2CC,0xD2CC,0x91C4,0x91C4,0x71C4,0x71C4,0x71C4,0x71C4,0x31B4,0x31B4,
    0x31B4,0x31B4,0x31B4,0x31B4,0x31B4,0x31B4,0x31B4,0xEFB3,0xEFB3,0xEFB3,0xAFA3,0xAFA3,
    0xAFA3,0xAFA3,0xAFA3,0xAFA3,0xAFA3,0xAFA3,0x4E93,0x4E93,0x4E93,0x4E93,0x4E93,0x4E93,
    0x4E93,0x4E93,0x4E93,0x2E83,0x2E83,0x0D83,0x2E83,0x2E83,0x2E83,0x0D83,0x0D7B,0xCD72,
    0xCD72,0xCD72,0xCD72,0xCD72,0xCD72,0xCD72,0xAD62,0xAD62,0xAD62,0xAD62,0xAD62,0xAD62,
    0xAD62,0xAD62,0xAD62,0xAD62,0x8D5A,0x6D52,0x6D52,0x6D52,0x6D52,0x6D52,0x6D52,0x6D52,
    0x2C42,0x2C42,0x2C42,0x2C42,0x2C42,0x2C42,0x2C42,0x2C42,0x2C42,0x0C3A,0x0C3A,0x0C3A,
    0xCB31,0xCB31,0xCB31,0xEC31,0xEC31,0xEC31,0x0C3A,0x0C3A,0x2C42,0x2C42,0x2C42,0x2C42,
    0x2C42,0x2C42,0x2C42,0x2C42,0x2C42,0x6D52,0x6D52,0x6D52,0x6D52,0x6D52,0x6D52,0x8D5A,
    0x8D5A,0xAD62,0xAD62,0xAD62,0xAD62,0xAD62,0xAD62,0xCD72,0xCD72,0xCD72,0xCD72,0xCD72,
    0xCD72,0x0E7B,0x2E83,0x2E83,0x2E83,0x2E83,0x2E83,0x2E83,0x4E93,0x4E93,0x4E93,0x4E93,
    0x8F9B,0x8F9B,0xAFA3,0xAFA3,0xAFA3,0xAFA3,0xD0A3,0xD0A3,0x31B4,0x31B4,0x31B4,0x31B4,
    0x31B4,0x31B4,0x31B4,0x71C4,0xD2CC,0xD2CC,0xD2CC,0xD2CC,0xD2CC,0xD2CC,0xD2CC,0x13D5,
    0x13D5,0x13D5,0x54DD,0x54DD,0x54DD,0x95DD,0xB5E5,0xB5E5,0xB5E5,0xB5E5,0xB5E5,0xF6ED,
    0x16EE,0x37F6,0x37F6,0x37F6,0x37F6,0x78FE,0x78FE,0x78FE,0xB8FE,0xB8FE,0xB8FE,0xB8FE,
    0xB8FE,0xB8FE,0xFAFE,0x3AFF,0x3AFF,0x3AFF,0x3AFF,0x3AFF,0x3AFF,0x3AFF,0x3AFF,0x3AFF,
    0x3AFF,0x3AFF,0x3AFF,0x3AFF,0x7CFF,0xBCFF,0xBCFF,0xBCFF,0xBCFF,0xBCFF,0xBCFF,0x7CFF,
    0x3AFF,0x7CFF,0x3AFF,0x3AFF,0x3AFF,0x3AFF,0x3AFF,0x3AFF,0x3AFF,0xFAFE,0xB8FE,0xB8FE,
    0xB8FE,0xB8FE,0xB8FE,0xB8FE,0xB8FE,0x78FE,0x37F6,0x37F6,0x37F6,0x37F6,0x37F6,0x16EE,
    0x16EE,0xF6ED,0xF6ED,0xB5E5,0xB5E5,0xB5E5,0x74E5,0x54DD,0x54DD,0x13D5,0x13D5,0x13D5,
    0xF2D4,0xD2CC,0xD2CC,0x91C4,0x91C4,0x91C4,0x71C4,0x71C4,0x71C4,0x31B4,0x31B4,0x31B4,
    0x31B4,0x31B4,0x31B4,0x31B4,0x31B4,0x31B4,0x31B4,0xEFB3,0xEFB3,0xAFA3,0xAFA3,0xAFA3,
    0xAFA3,0xAFA3,0xAFA3,0xAFA3,0xAFA3,0xAFA3,0x4E93,0x4E93,0x4E93,0x4E93,0x4E93,0x4E93,
    0x4E93,0x4E93,0x4E93,0x4E93,0x2E83,0x0D83,0x2E83,0x0D83,0x2E83,0x0D83,0xED82,0xCD72,
    0xCD72,0xCD72,0xCD72,0xCD72,0xCD72,0xCD72,0xAD62,0xAD62,0xAD62,0xAD62,0xAD62,0xAD62,
    0xAD62,0xAD62,0xAD62,0x8D5A,0x6D52,0x6D52,0x6D52,0x6D52,0x6D52,0x6D52,0x6D52,0x2C42,
    0x2C42,0x2C42,0x2C42,0x2C42,0x2C42,0x2C42,0x2C42,0x2C42,0x0C3A,0x0C3A,0x0C3A,0x0C3A,
    0xEC31,0xCB31,0xCB31,0xEC31,0xEC31,0xEC31,0x0C3A,0x0C3A,0x2C42,0x2C42,0x2C42,0x2C42,
    0x2C42,0x2C42,0x2C42,0x2C42,0x2C42,0x6D52,0x6D52,0x6D52,0x6D52,0x6D52,0x6D52,0x6D52,
    0x8D5A,0xAD62,0xAD62,0xAD62,0xAD62,0xAD62,0xAD62,0xAD62,0xCD72,0xCD72,0xCD72,0xCD72,
    0xCD72,0x0E7B,0x2E83,0x2E83,0x2E83,0x2E83,0x2E83,0x4E93,0x4E93,0x4E93,0x4E93,0x4E93,
    0x8F9B,0x8F9B,0xAFA3,0xAFA3,0xAFA3,0xAFA3,0xD0A3,0xD0A3,0x31B4,0x31B4,0x31B4,0x31B4,
    0x31B4,0x31B4,0x31B4,0x71C4,0xD2CC,0xD2CC,0xD2CC,0xD2CC,0xD2CC,0xD2CC,0xD2CC,0x13D5,
    0x13D5,0x54DD,0x54DD,0x54DD,0x54DD,0xB5E5,0xB5E5,0xB5E5,0xB5E5,0xB5E5,0xF6ED,0xF6ED,
    0x16EE,0x37F6,0x37F6,0x37F6,0x37F6,0x78FE,0xB8FE,0xB8FE,0xB8FE,0xB8FE,0xB8FE,0xB8FE,
    0xB8FE,0xB8FE,0x3AFF,0x3AFF,0x3AFF,0x3AFF,0x3AFF,0x3AFF,0x3AFF,0x3AFF,0x3AFF,0x3AFF,
    0xBCFF,0xBCFF,0xBCFF,0xBCFF,0xBCFF,0xBCFF,0xBCFF,0xBCFF,0xBCFF,0xBCFF,0xBCFF,0xBCFF,
    0xBCFF,0xBCFF,0x7CFF,0x3AFF,0x3AFF,0x3AFF,0x3AFF,0x3AFF,0x3AFF,0x3AFF,0xFAFE,0xB8FE,
    0xB8FE,0xB8FE,0xB8FE,0xB8FE,0xB8FE,0x78FE,0x78FE,0x37F6,0x37F6,0x37F6,0x37F6,0x37F6,
    0x16EE,0xF6ED,0xF6ED,0xB5E5,0xB5E5,0xB5E5,0x74E5,0x54DD,0x54DD,0x54DD,0x13D5,0x13D5,
    0xF2D4,0xF2D4,0xD2CC,0xD2CC,0x91C4,0x91C4,0x91C4,0x71C4,0x71C4,0x31B4,0x31B4,0x31B4,
    0x31B4,0x31B4,0x31B4,0x31B4,0x31B4,0x31B4,0x31B4,0xEFB3,0xEFB3,0xEFB3,0xAFA3,0xAFA3,
    0xAFA3,0xAFA3,0xAFA3,0xAFA3,0xAFA3,0xAFA3,0x4E93,0x4E93,0x4E93,0x4E93,0x4E93,0x4E93,
    0x4E93,0x4E93,0x4E93,0x4E93,0x2E83,0x0D83,0x2E83,0x0D83,0x0D83,0x0D83,0xED82,0xCD72,
    0xCD72,0xCD72,0xCD72,0xCD72,0xCD72,0xCD72,0xAD62,0xAD62,0xAD62,0xAD62,0xAD62,0xAD62,
    0xAD62,0xAD62,0xAD62,0x6D52,0x8D5A,0x6D52,0x6D52,0x6D52,0x6D52,0x6D52,0x6D52,0x6D52,
    0x2C42,0x2C42,0x2C42,0x2C42,0x2C42,0x2C42,0x2C42,0x2C42,0x0C3A,0x0C3A,0x0C3A,0x0C3A,
    0xEC31,0xEC31,0xCB31,0xEC31,0xEC31,0xEC31,0x0C3A,0x0C3A,0x2C42,0x2C42,0x2C42,0x2C42,
    0x2C42,0x2C42,0x2C42,0x2C42,0x2C42,0x6D52,0x6D52,0x6D52,0x6D52,0x6D52,0x6D52,0x6D52,
    0x8D5A,0xAD62,0xAD62,0xAD62,0xAD62,0xAD62,0xAD62,0xAD62,0xCD72,0xCD72,0xCD72,0xCD72,
    0xCD72,0x0E7B,0x2E83,0x2E83,0x2E83,0x2E83,0x4E93,0x4E93,0x4E93,0x4E93,0x4E93,0x4E93,
    0x8F9B,0x8F9B,0xAFA3,0xAFA3,0xAFA3,0xAFA3,0xAFA3,0xD0A3,0x31B4,0x31B4,0x31B4,0x31B4,
    0x31B4,0x31B4,0x31B4,0x71C4,0xD2CC,0xD2CC,0xD2CC,0xD2CC,0xD2CC,0xD2CC,0x13CD,0x13D5,
    0x13D5,0x54DD,0x54DD,0x54DD,0x54DD,0xB5E5,0xB5E5,0xB5E5,0xB5E5,0xB5E5,0xF6ED,0x16EE,
    0x37F6,0x37F6,0x37F6,0x37F6,0x37F6,0x78FE,0xB8FE,0xB8FE,0xB8FE,0xB8FE,0xB8FE,0xB8FE,
    0xB8FE,0x3AFF,0x3AFF,0x3AFF,0x3AFF,0x3AFF,0x3AFF,0x3AFF,0x3AFF,0x3AFF,0xBCFF,0xBCFF,
    0xBCFF,0xBCFF,0xBCFF,0xBCFF,0xBCFF,0xBCFF,0xBCFF,0xBCFF,0xBCFF,0xBCFF,0xBCFF,0xBCFF,
    0xBCFF,0xBCFF,0xBCFF,0xBCFF,0x3AFF,0x3AFF,0x3AFF,0x3AFF,0x3AFF,0x3AFF,0x3AFF,0xFAFE,
    0xB8FE,0xB8FE,0xB8FE,0xB8FE,0xB8FE,0xB8FE,0x78FE,0x78FE,0x37F6,0x37F6,0x37F6,0x37F6,
    0x16EE,0xF6ED,0xF6ED,0xB5E5,0xB5E5,0xB5E5,0x74E5,0x54DD,0x54DD,0x54DD,0x13D5,0x13D5,
    0x13D5,0xF2D4,0xD2CC,0xD2CC,0xD2CC,0x91C4,0x91C4,0x71C4,0x71C4,0x71C4,0x31B4,0x31B4,
    0x31B4,0x31B4,0x31B4,0x31B4,0x31B4,0x31B4,0x31B4,0xEFB3,0xAFA3,0xAFA3,0xAFA3,0xAFA3,
    0xAFA3,0xAFA3,0xAFA3,0xAFA3,0xAFA3,0xAFA3,0x4E93,0x4E93,0x4E93,0x4E93,0x4E93,0x4E93,
    0x4E93,0x4E93,0x4E93,0x4E93,0x2E83,0x0D83,0x2E83,0x2E83,0x0D83,0x0D83,0xED82,0xCD72,
    0xCD72,0xCD72,0xCD72,0xCD72,0xCD72,0xCD72,0xAD62,0xAD62,0xAD62,0xAD62,0xAD62,0xAD62,
    0xAD62,0xAD62,0xAD62,0x6D52,0x6D52,0x6D52,0x6D52,0x6D52,0x6D52,0x6D52,0x6D52,0x6D52,
    0x2C42,0x2C42,0x2C42,0x2C42,0x2C42,0x2C42,0x2C42,0x2C42,0x0C3A,0x0C3A,0x0C3A,0x0C3A,
    0xEC31,0xEC31,0xEC31,0xEC31,0xEC31,0xEC31,0x0C3A,0x0C3A,0x2C42,0x2C42,0x2C42,0x2C42,
    0x2C42,0x2C42,0x2C42,0x2C42,0x2C42,0x6D52,0x6D52,0x6D52,0x6D52,0x6D52,0x6D52,0x8D5A,
    0x8D5A,0xAD62,0xAD62,0xAD62,0xAD62,0xAD62,0xAD62,0xAD62,0xCD72,0xCD72,0xCD72,0xCD72,
    0x0D7B,0x2E83,0x2E83,0x2E83,0x2E83,0x2E83,0x2E83,0x4E93,0x4E93,0x4E93,0x4E93,0x4E93,
    0x8F9B,0x8F9B,0xAFA3,0xAFA3,0xAFA3,0xAFA3,0xD0A3,0xD0A3,0x31B4,0x31B4,0x31B4,0x31B4,
    0x31B4,0x31B4,0x31B4,0xD2CC,0xD2CC,0xD2CC,0xD2CC,0xD2CC,0xD2CC,0xD2CC,0x13CD,0x13D5,
    0x13D5,0x54DD,0x54DD,0x54DD,0x54DD,0xB5E5,0xB5E5,0xB5E5,0xB5E5,0xF6ED,0xF6ED,0x16EE,
    0x37F6,0x37F6,0x37F6,0x37F6,0x37F6,0xB8FE,0xB8FE,0xB8FE,0xB8FE,0xB8FE,0xB8FE,0xB8FE,
    0x3AFF,0x3AFF,0x3AFF,0x3AFF,0x3AFF,0x3AFF,0x3AFF,0x7CFF,0x7CFF,0xBCFF,0xBCFF,0xBCFF,
    0xBCFF,0xBCFF,0xBCFF,0xBCFF,0xBCFF,0xBCFF,0xFFFF,0xFFFF,0xFFFF,0xBCFF,0xBCFF,0xBCFF,
    0xBCFF,0xBCFF,0xBCFF,0xBCFF,0xBCFF,0x3AFF,0x3AFF,0x3AFF,0x3AFF,0x3AFF,0x3AFF,0x3AFF,
    0xFAFE,0xB8FE,0xB8FE,0xB8FE,0xB8FE,0xB8FE,0x78FE,0x78FE,0x37F6,0x37F6,0x37F6,0x37F6,
    0x16EE,0x16EE,0xF6ED,0xB5E5,0xB5E5,0xB5E5,0xB5E5,0x54DD,0x54DD,0x54DD,0x13D5,0x13D5,
    0xF2D4,0xF2D4,0xD2CC,0xD2CC,0xD2CC,0x91C4,0x91C4,0x71C4,0x71C4,0x71C4,0x71C4,0x31B4,
    0x31B4,0x31B4,0x31B4,0x31B4,0x31B4,0x31B4,0x31B4,0xEFB3,0xEFB3,0xAFA3,0xAFA3,0xAFA3,
    0xAFA3,0xAFA3,0xAFA3,0xAFA3,0xAFA3,0xAFA3,0x4E93,0x4E93,0x4E93,0x4E93,0x4E93,0x4E93,
    0x4E93,0x4E93,0x4E93,0x4E93,0x2E83,0x0D83,0x2E83,0x2E83,0x0D83,0x0D83,0x0D7B,0xCD72,
    0xCD72,0xCD72,0xCD72,0xCD72,0xCD72,0xCD72,0xAD62,0xAD62,0xAD62,0xAD62,0xAD62,0xAD62,
    0xAD62,0xAD62,0xAD62,0x8D5A,0x6D52,0x6D52,0x6D52,0x6D52,0x6D52,0x2C42,0x2C42,0x2C42,
    0x2C42,0x2C42,0x2C42,0x2C42,0x2C42,0x2C42,0x2C42,0x2C42,0x0C3A,0x0C3A,0x0C3A,0x0C3A,
    0xEC31,0xCB31,0xEC31,0xEC31,0xEC31,0xEC31,0x0C3A,0x0C3A,0x2C42,0x2C42,0x2C42,0x2C42,
    0x2C42,0x2C42,0x2C42,0x2C42,0x2C42,0x6D52,0x6D52,0x6D52,0x6D52,0x6D52,0x6D52,0x6D52,
    0x8D5A,0xAD62,0xAD62,0xAD62,0xAD62,0xAD62,0xAD62,0xCD72,0xCD72,0xCD72,0xCD72,0xCD72,
    0x0D7B,0x2E83,0x2E83,0x2E83,0x2E83,0x2E83,0x4E93,0x4E93,0x4E93,0x4E93,0x4E93,0x4E93,
    0x8F9B,0x8F9B,0xAFA3,0xAFA3,0xAFA3,0xAFA3,0xD0A3,0xD0A3,0x31B4,0x31B4,0x31B4,0x31B4,
    0x31B4,0x31B4,0x91BC,0xD2CC,0xD2CC,0xD2CC,0xD2CC,0xD2CC,0xD2CC,0xD2CC,0x13D5,0x13D5,
    0x13D5,0x54DD,0x54DD,0x54DD,0x54DD,0xB5E5,0xB5E5,0xB5E5,0xB5E5,0xF6ED,0xF6ED,0x37F6,
    0x37F6,0x37F6,0x37F6,0x37F6,0x78FE,0xB8FE,0xB8FE,0xB8FE,0xB8FE,0xB8FE,0xB8FE,0xB8FE,
    0x3AFF,0x3AFF,0x3AFF,0x3AFF,0x3AFF,0x3AFF,0x3AFF,0x3AFF,0xBCFF,0xBCFF,0xBCFF,0xBCFF,
    0xBCFF,0xBCFF,0xBCFF,0xFFFF,0xFFFF,0xFFFF,0xFFFF,0xFFFF,0xFFFF,0xFFFF,0xFFFF,0xBCFF,
    0xBCFF,0xBCFF,0xBCFF,0xBCFF,0xBCFF,0xBCFF,0x3AFF,0x3AFF,0x3AFF,0x3AFF,0x3AFF,0x3AFF,
    0x3AFF,0xFAFE,0xB8FE,0xB8FE,0xB8FE,0xB8FE,0x78FE,0x78FE,0x78FE,0x37F6,0x37F6,0x37F6,
    0x37F6,0x16EE,0xF6ED,0xB5E5,0xB5E5,0xB5E5,0xB5E5,0x74E5,0x54DD,0x54DD,0x13D5,0x13D5,
    0x13D5,0xF2D4,0xD2CC,0xD2CC,0xD2CC,0x91C4,0x91C4,0x71C4,0x71C4,0x71C4,0x31B4,0x31B4,
    0x31B4,0x31B4,0x31B4,0x31B4,0x31B4,0x31B4,0x31B4,0xEFB3,0xEFB3,0xAFA3,0xAFA3,0xAFA3,
    0xAFA3,0xAFA3,0xAFA3,0xAFA3,0xAFA3,0xAFA3,0xAFA3,0x4E93,0x4E93,0x4E93,0x4E93,0x4E93,
    0x4E93,0x4E93,0x4E93,0x4E93,0x2E83,0x0D83,0x2E83,0x2E83,0x0D83,0x0D83,0x0D7B,0xCD72,
    0xCD72,0xCD72,0xCD72,0xCD72,0xCD72,0xCD72,0xAD62,0xAD62,0xAD62,0xAD62,0xAD62,0xAD62,
    0xAD62,0xAD62,0xAD62,0x6D52,0x6D52,0x6D52,0x6D52,0x6D52,0x6D52,0x6D52,0x6D52,0x2C42,
    0x2C42,0x2C42,0x2C42,0x2C42,0x2C42,0x2C42,0x2C42,0x2C42,0x0C3A,0x0C3A,0x0C3A,0x0C3A,
    0xCB31,0xCB31,0xEC31,0xEC31,0xEC31,0xEC31,0x0C3A,0x0C3A,0x2C42,0x2C42,0x2C42,0x2C42,
    0x2C42,0x2C42,0x2C42,0x2C42,0x2C42,0x6D52,0x6D52,0x6D52,0x6D52,0x6D52,0x6D52,0x6D52,
    0x8D5A,0xAD62,0xAD62,0xAD62,0xAD62,0xAD62,0xAD62,0xAD62,0xCD72,0xCD72,0xCD72,0xCD72,
    0x0D7B,0x0E7B,0x2E83,0x2E83,0x2E83,0x2E83,0x4E93,0x4E93,0x4E93,0x4E93,0x4E93,0x4E93,
    0x8F9B,0x8F9B,0xAFA3,0xAFA3,0xAFA3,0xAFA3,0xD0A3,0xD0A3,0x31B4,0x31B4,0x31B4,0x31B4,
    0x31B4,0x31B4,0x71C4,0xD2CC,0xD2CC,0xD2CC,0xD2CC,0xD2CC,0xD2CC,0xD2CC,0x13D5,0x13D5,
    0x13D5,0x54DD,0x54DD,0x54DD,0x74E5,0xB5E5,0xB5E5,0xB5E5,0xF6ED,0xF6ED,0x16EE,0x37F6,
    0x37F6,0x37F6,0x37F6,0x37F6,0x78FE,0xB8FE,0xB8FE,0xB8FE,0xB8FE,0xB8FE,0xB8FE,0xFAFE,
    0x3AFF,0x3AFF,0x3AFF,0x3AFF,0x3AFF,0x3AFF,0x7CFF,0xBCFF,0xBCFF,0xBCFF,0xBCFF,0xBCFF,
    0xBCFF,0xBCFF,0xFFFF,0xFFFF,0xFFFF,0xFFFF,0xFFFF,0xFFFF,0xFFFF,0xFFFF,0xFFFF,0xFFFF,
    0xFFFF,0xFFFF,0xBCFF,0xBCFF,0xBCFF,0xBCFF,0xBCFF,0x3AFF,0x3AFF,0x3AFF,0x3AFF,0x3AFF,
    0x3AFF,0x3AFF,0xB8FE,0xB8FE,0xB8FE,0xB8FE,0xB8FE,0x78FE,0x78FE,0x37F6,0x37F6,0x37F6,
    0x37F6,0x16EE,0xF6ED,0xF6ED,0xB5E5,0xB5E5,0xB5E5,0x74E5,0x54DD,0x54DD,0x54DD,0x13D5,
    0x13D5,0xF2D4,0xF2D4,0xD2CC,0xD2CC,0x91C4,0x91C4,0x91C4,0x71C4,0x71C4,0x31B4,0x31B4,
    0x31B4,0x31B4,0x31B4,0x31B4,0x31B4,0x31B4,0x31B4,0xEFB3,0xEFB3,0xAFA3,0xAFA3,0xAFA3,
    0xAFA3,0xAFA3,0xAFA3,0xAFA3,0xAFA3,0xAFA3,0xAFA3,0x4E93,0x4E93,0x4E93,0x4E93,0x4E93,
    0x4E93,0x4E93,0x4E93,0x4E93,0x2E83,0x0D83,0x2E83,0x2E83,0x0D83,0x0D83,0x0D7B,0xCD72,
    0xCD72,0xCD72,0xCD72,0xCD72,0xCD72,0xCD72,0xAD62,0xAD62,0xAD62,0xAD62,0xAD62,0xAD62,
    0xAD62,0xAD62,0x6D52,0x6D52,0x6D52,0x6D52,0x6D52,0x6D52,0x6D52,0x6D52,0x6D52,0x2C42,
    0x2C42,0x2C42,0x2C42,0x2C42,0x2C42,0x2C42,0x2C42,0x2C42,0x0C3A,0x0C3A,0x0C3A,0x0C3A,
    0xEC31,0xCB31,0xEC31,0xEC31,0xCB31,0xEC31,0xEC31,0x0C3A,0x2C42,0x2C42,0x2C42,0x2C42,
    0x2C42,0x2C42,0x2C42,0x2C42,0x2C42,0x6D52,0x6D52,0x6D52,0x6D52,0x6D52,0x6D52,0x6D52,
    0x8D5A,0xAD62,0xAD62,0xAD62,0xAD62,0xAD62,0xAD62,0xAD62,0xCD72,0xCD72,0xCD72,0xCD72,
    0x0D7B,0x2E83,0x2E83,0x2E83,0x2E83,0x2E83,0x4E93,0x4E93,0x4E93,0x4E93,0x4E93,0x4E93,
    0x8F9B,0x8F9B,0xAFA3,0xAFA3,0xAFA3,0xAFA3,0xD0A3,0x11AC,0x31B4,0x31B4,0x31B4,0x31B4,
    0x31B4,0x31B4,0x71C4,0xD2CC,0xD2CC,0xD2CC,0xD2CC,0xD2CC,0xD2CC,0x13D5,0x13D5,0x13D5,
    0x13D5,0x54DD,0x54DD,0x54DD,0xB5E5,0xB5E5,0xB5E5,0xB5E5,0xF6ED,0xF6ED,0x16EE,0x37F6,
    0x37F6,0x37F6,0x37F6,0x78FE,0x78FE,0xB8FE,0xB8FE,0xB8FE,0xB8FE,0xB8FE,0xFAFE,0x3AFF,
    0x3AFF,0x3AFF,0x3AFF,0x3AFF,0x3AFF,0x3AFF,0xBCFF,0xBCFF,0xBCFF,0xBCFF,0xBCFF,0xBCFF,
    0xFFFF,0xFFFF,0xFFFF,0xFFFF,0xFFFF,0xFFFF,0xFFFF,0xFFFF,0xFFFF,0xFFFF,0xFFFF,0xFFFF,
    0xFFFF,0xFFFF,0xBCFF,0xBCFF,0xBCFF,0xBCFF,0xBCFF,0x7CFF,0x3AFF,0x3AFF,0x3AFF,0x3AFF,
    0x3AFF,0x3AFF,0xB8FE,0xB8FE,0xB8FE,0xB8FE,0xB8FE,0xB8FE,0x78FE,0x37F6,0x37F6,0x37F6,
    0x37F6,0x37F6,0x16EE,0xF6ED,0xB5E5,0xB5E5,0xB5E5,0xB5E5,0x54DD,0x54DD,0x54DD,0x13D5,
    0x13D5,0xF2D4,0xF2D4,0xD2CC,0xD2CC,0x91C4,0x91C4,0x91C4,0x71C4,0x71C4,0x31B4,0x31B4,
    0x31B4,0x31B4,0x31B4,0x31B4,0x31B4,0x31B4,0x31B4,0xEFB3,0xEFB3,0xAFA3,0xAFA3,0xAFA3,
    0xAFA3,0xAFA3,0xAFA3,0xAFA3,0xAFA3,0xAFA3,0xAFA3,0x4E93,0x4E93,0x4E93,0x4E93,0x4E93,
    0x4E93,0x4E93,0x4E93,0x4E93,0x4E93,0x0D83,0x2E83,0x2E83,0x0D83,0x0D83,0x0D7B,0xCD72,
    0xCD72,0xCD72,0xCD72,0xCD72,0xCD72,0xCD72,0xAD62,0xAD62,0xAD62,0xAD62,0xAD62,0xAD62,
    0xAD62,0xAD62,0x6D52,0x6D52,0x6D52,0x6D52,0x6D52,0x6D52,0x6D52,0x6D52,0x2C42,0x2C42,
    0x2C42,0x2C42,0x2C42,0x2C42,0x2C42,0x2C42,0x2C42,0x2C42,0x2C42,0x0C3A,0x0C3A,0x0C3A,
    0xEC31,0xCB31,0xEC31,0xEC31,0xCB31,0xCB31,0xEC31,0x2C42,0x2C42,0x2C42,0x2C42,0x2C42,
    0x2C42,0x2C42,0x2C42,0x2C42,0x2C42,0x6D52,0x6D52,0x6D52,0x6D52,0x6D52,0x6D52,0x8D5A,
    0x8D5A,0xAD62,0xAD62,0xAD62,0xAD62,0xAD62,0xAD62,0xCD72,0xCD72,0xCD72,0xCD72,0xCD72,
    0xCD72,0x2E83,0x2E83,0x2E83,0x2E83,0x2E83,0x4E93,0x4E93,0x4E93,0x4E93,0x4E93,0x4E93,
    0x8F9B,0x8F9B,0xAFA3,0xAFA3,0xAFA3,0xD0A3,0xD0A3,0x11AC,0x31B4,0x31B4,0x31B4,0x31B4,
    0x31B4,0x31B4,0x71C4,0xD2CC,0xD2CC,0xD2CC,0xD2CC,0xD2CC,0xD2CC,0x13D5,0x13D5,0x13D5,
    0x13D5,0x54DD,0x54DD,0x54DD,0xB5E5,0xB5E5,0xB5E5,0xB5E5,0xF6ED,0x16EE,0x16EE,0x37F6,
    0x37F6,0x37F6,0x78FE,0x78FE,0xB8FE,0xB8FE,0xB8FE,0xB8FE,0xB8FE,0xB8FE,0x3AFF,0x3AFF,
    0x3AFF,0x3AFF,0x3AFF,0x3AFF,0x3AFF,0xBCFF,0xBCFF,0xBCFF,0xBCFF,0xFFFF,0xFFFF,0xFFFF,
    0xFFFF,0xFFFF,0xFFFF,0xFFFF,0xFFFF,0xFFFF,0xFFFF,0xFFFF,0xFFFF,0xFFFF,0xFFFF,0xFFFF,
    0xFFFF,0xFFFF,0xFFFF,0xFFFF,0xBCFF,0xBCFF,0xBCFF,0xBCFF,0x7CFF,0x3AFF,0x3AFF,0x3AFF,
    0x3AFF,0x3AFF,0xB8FE,0xB8FE,0xB8FE,0xB8FE,0xB8FE,0xB8FE,0x78FE,0x78FE,0x37F6,0x37F6,
    0x37F6,0x37F6,0x16EE,0xF6ED,0xB5E5,0xB5E5,0xB5E5,0xB5E5,0x54DD,0x54DD,0x54DD,0x13D5,
    0x13D5,0xF2D4,0xF2D4,0xD2CC,0xD2CC,0x91C4,0x91C4,0x91C4,0x91C4,0x71C4,0x71C4,0x31B4,
    0x31B4,0x31B4,0x31B4,0x31B4,0x31B4,0x31B4,0x31B4,0xEFB3,0xEFB3,0xAFA3,0xAFA3,0xAFA3,
    0xAFA3,0xAFA3,0xAFA3,0xAFA3,0xAFA3,0xAFA3,0xAFA3,0x4E93,0x4E93,0x4E93,0x4E93,0x4E93,
    0x4E93,0x4E93,0x4E93,0x4E93,0x2E83,0x2E83,0x2E83,0x2E83,0x0D83,0x0D83,0x0D7B,0xCD72,
    0xCD72,0xCD72,0xCD72,0xCD72,0xCD72,0xCD72,0xAD62,0xAD62,0xAD62,0xAD62,0xAD62,0xAD62,
    0xAD62,0xAD62,0x6C62,0x8D5A,0x6D52,0x6D52,0x6D52,0x6D52,0x6D52,0x6D52,0x2C42,0x2C42,
    0x2C42,0x2C42,0x2C42,0x2C42,0x2C42,0x2C42,0x2C42,0x2C42,0x2C42,0x0C3A,0x0C3A,0x0C3A,
    0xEC31,0xCB31,0xEC31,0xEC31,0xCB31,0xEC31,0xEC31,0x2C42,0x2C42,0x2C42,0x2C42,0x2C42,
    0x2C42,0x2C42,0x2C42,0x2C42,0x2C42,0x6D52,0x6D52,0x6D52,0x6D52,0x6D52,0x6D52,0x6D52,
    0x8D5A,0xAD62,0xAD62,0xAD62,0xAD62,0xAD62,0xAD62,0xCD72,0xCD72,0xCD72,0xCD72,0xCD72,
    0x0D7B,0x2E83,0x2E83,0x2E83,0x2E83,0x2E83,0x4E93,0x4E93,0x4E93,0x4E93,0x4E93,0x4E93,
    0x8F9B,0x8F9B,0xAFA3,0xAFA3,0xAFA3,0xD0A3,0xD0A3,0xD0A3,0x31B4,0x31B4,0x31B4,0x31B4,
    0x31B4,0x31B4,0x91C4,0xD2CC,0xD2CC,0xD2CC,0xD2CC,0xD2CC,0xD2CC,0x13D5,0x13D5,0x13D5,
    0x54DD,0x54DD,0x54DD,0x74E5,0xB5E5,0xB5E5,0xB5E5,0xB5E5,0xF6ED,0x16EE,0x37F6,0x37F6,
    0x37F6,0x37F6,0x37F6,0x78FE,0xB8FE,0xB8FE,0xB8FE,0xB8FE,0xB8FE,0xB8FE,0x3AFF,0x3AFF,
    0x3AFF,0x3AFF,0x3AFF,0x7CFF,0xBCFF,0xBCFF,0xBCFF,0xBCFF,0xBCFF,0xFFFF,0xFFFF,0xFFFF,
    0xFFFF,0xFFFF,0xFFFF,0xFFFF,0xFFFF,0xFFFF,0xFFFF,0xFFFF,0xFFFF,0xFFFF,0xFFFF,0xFFFF,
    0xFFFF,0xFFFF,0xFFFF,0xFFFF,0xFFFF,0xBCFF,0xBCFF,0xBCFF,0xBCFF,0x3AFF,0x3AFF,0x3AFF,
    0x3AFF,0x3AFF,0xFAFE,0xB8FE,0xB8FE,0xB8FE,0xB8FE,0xB8FE,0x78FE,0x78FE,0x37F6,0x37F6,
    0x37F6,0x37F6,0x16EE,0xF6ED,0xF6ED,0xB5E5,0xB5E5,0xB5E5,0x74E5,0x54DD,0x54DD,0x13D5,
    0x13D5,0xF2D4,0xF2D4,0xD2CC,0xD2CC,0xD2CC,0x91C4,0x91C4,0x71C4,0x71C4,0x71C4,0x31B4,
    0x31B4,0x31B4,0x31B4,0x31B4,0x31B4,0x31B4,0xEFB3,0xEFB3,0xEFB3,0xAFA3,0xAFA3,0xAFA3,
    0xAFA3,0xAFA3,0xAFA3,0xAFA3,0xAFA3,0xAFA3,0xAFA3,0x4E93,0x4E93,0x4E93,0x4E93,0x4E93,
    0x4E93,0x4E93,0x4E93,0x4E93,0x2E83,0x2E83,0x2E83,0x2E83,0x0D83,0x0D83,0x0D7B,0xCD72,
    0xCD72,0xCD72,0xCD72,0xCD72,0xCD72,0xCD72,0xAD62,0xAD62,0xAD62,0xAD62,0xAD62,0xAD62,
    0xAD62,0xAD62,0x6D52,0x6D52,0x6D52,0x6D52,0x6D52,0x6D52,0x6D52,0x6D52,0x2C42,0x2C42,
    0x2C42,0x2C42,0x2C42,0x2C42,0x2C42,0x2C42,0x2C42,0x2C42,0x2C42,0x0C3A,0xEC31,0xEC31,
    0xEC31,0xCB31,0xCB31,0xEC31,0xCB31,0xEC31,0x0C3A,0x0C3A,0x2C42,0x2C42,0x2C42,0x2C42,
    0x2C42,0x2C42,0x2C42,0x2C42,0x2C42,0x2C42,0x6D52,0x6D52,0x6D52,0x6D52,0x6D52,0x6D52,
    0x8D5A,0xAD62,0xAD62,0xAD62,0xAD62,0xAD62,0xAD62,0xAD62,0xCD72,0xCD72,0xCD72,0xCD72,
    0xCD72,0x2E83,0x2E83,0x2E83,0x2E83,0x2E83,0x2E83,0x4E93,0x4E93,0x4E93,0x4E93,0x4E93,
    0x8F9B,0x8F9B,0xAFA3,0xAFA3,0xAFA3,0xD0A3,0xD0A3,0xD0A3,0x31B4,0x31B4,0x31B4,0x31B4,
    0x31B4,0x31B4,0x91C4,0xD2CC,0xD2CC,0xD2CC,0xD2CC,0xD2CC,0xD2CC,0x13D5,0x13D5,0x13D5,
    0x54DD,0x54DD,0x54DD,0xB5E5,0xB5E5,0xB5E5,0xB5E5,0xB5E5,0xF6ED,0x16EE,0x37F6,0x37F6,
    0x37F6,0x37F6,0x37F6,0x78FE,0xB8FE,0xB8FE,0xB8FE,0xB8FE,0xB8FE,0xFAFE,0x3AFF,0x3AFF,
    0x3AFF,0x3AFF,0x3AFF,0xBCFF,0xBCFF,0xBCFF,0xBCFF,0xFFFF,0xFFFF,0xFFFF,0xFFFF,0xFFFF,
    0xFFFF,0xFFFF,0xFFFF,0xFFFF,0xFFFF,0xFFFF,0xFFFF,0xFFFF,0xFFFF,0xFFFF,0xFFFF,0xFFFF,
    0xFFFF,0xFFFF,0xFFFF,0xFFFF,0xFFFF,0xBCFF,0xBCFF,0xBCFF,0xBCFF,0x7CFF,0x3AFF,0x3AFF,
    0x3AFF,0x3AFF,0xFAFE,0xB8FE,0xB8FE,0xB8FE,0xB8FE,0xB8FE,0x78FE,0x78FE,0x37F6,0x37F6,
    0x37F6,0x37F6,0x16EE,0xF6ED,0xF6ED,0xB5E5,0xB5E5,0xB5E5,0x74E5,0x54DD,0x54DD,0x13D5,
    0x13D5,0xF2D4,0xF2D4,0xD2CC,0xD2CC,0xD2CC,0x91C4,0x91C4,0x91C4,0x71C4,0x71C4,0x31B4,
    0x31B4,0x31B4,0x31B4,0x31B4,0x31B4,0x31B4,0xEFB3,0xEFB3,0xEFB3,0xAFA3,0xAFA3,0xAFA3,
    0xAFA3,0xAFA3,0xAFA3,0xAFA3,0xAFA3,0xAFA3,0x6EA3,0x4E93,0x4E93,0x4E93,0x4E93,0x4E93,
    0x4E93,0x4E93,0x4E93,0x2E83,0x2E83,0x0D83,0x2E83,0x2E83,0x0D83,0x0D83,0x0D7B,0xCD72,
    0xCD72,0xCD72,0xCD72,0xCD72,0xCD72,0xCD72,0xCD72,0xAD62,0xAD62,0xAD62,0xAD62,0xAD62,
    0xAD62,0xAD62,0x6D52,0x6D52,0x6D52,0x6D52,0x6D52,0x6D52,0x6D52,0x6D52,0x2C42,0x2C42,
    0x2C42,0x2C42,0x2C42,0x2C42,0x2C42,0x2C42,0x2C42,0x2C42,0x0C3A,0x0C3A,0xEC31,0xEC31,
    0xCB31,0xCB31,0xEC31,0xEC31,0xCB31,0xEC31,0xEC31,0x0C3A,0x2C42,0x2C42,0x2C42,0x2C42,
    0x2C42,0x2C42,0x2C42,0x2C42,0x2C42,0x6D52,0x6D52,0x6D52,0x6D52,0x6D52,0x6D52,0x6D52,
    0x8D5A,0xAD62,0xAD62,0xAD62,0xAD62,0xAD62,0xAD62,0xCD72,0xCD72,0xCD72,0xCD72,0xCD72,
    0x0E7B,0x2E83,0x2E83,0x2E83,0x2E83,0x2E83,0x2E83,0x2E83,0x4E93,0x4E93,0x4E93,0x4E93,
    0x8F9B,0x8F9B,0xAFA3,0xAFA3,0xAFA3,0xD0A3,0xD0A3,0x31B4,0x31B4,0x31B4,0x31B4,0x31B4,
    0x31B4,0x31B4,0x91C4,0xD2CC,0xD2CC,0xD2CC,0xD2CC,0xD2CC,0xF2D4,0x13D5,0x13D5,0x13D5,
    0x54DD,0x54DD,0x54DD,0xB5E5,0xB5E5,0xB5E5,0xB5E5,0xB5E5,0xF6ED,0x16EE,0x37F6,0x37F6,
    0x37F6,0x37F6,0x37F6,0xB8FE,0xB8FE,0xB8FE,0xB8FE,0xB8FE,0xB8FE,0x3AFF,0x3AFF,0x3AFF,
    0x3AFF,0x3AFF,0x3AFF,0xBCFF,0xBCFF,0xBCFF,0xBCFF,0xFFFF,0xFFFF,0xFFFF,0xFFFF,0xFFFF,
    0xFFFF,0xFFFF,0xFFFF,0xFFFF,0xFFFF,0xFFFF,0xFFFF,0xFFFF,0xFFFF,0xFFFF,0xFFFF,0xFFFF,
    0xFFFF,0xFFFF,0xFFFF,0xFFFF,0xFFFF,0xFFFF,0xBCFF,0xBCFF,0xBCFF,0xBCFF,0x3AFF,0x3AFF,
    0x3AFF,0x3AFF,0x3AFF,0xFAFE,0xB8FE,0xB8FE,0xB8FE,0xB8FE,0xB8FE,0x78FE,0x37F6,0x37F6,
    0x37F6,0x37F6,0x16EE,0xF6ED,0xF6ED,0xB5E5,0xB5E5,0xB5E5,0x74E5,0x54DD,0x54DD,0x13D5,
    0x13D5,0xF2D4,0xF2D4,0xD2CC,0xD2CC,0x91C4,0x91C4,0x91C4,0x91C4,0x71C4,0x71C4,0x31B4,
    0x31B4,0x31B4,0x31B4,0x31B4,0x31B4,0x0FB4,0xEFB3,0xEFB3,0xEFB3,0xEFB3,0xAFA3,0xAFA3,
    0xAFA3,0xAFA3,0xAFA3,0xAFA3,0xAFA3,0xAFA3,0x6EA3,0x4E93,0x4E93,0x4E93,0x4E93,0x4E93,
    0x4E93,0x4E93,0x4E93,0x4E93,0x2E83,0x0D83,0x0D83,0x2E83,0x0D83,0x0D83,0x0D83,0xCD72,
    0xCD72,0xCD72,0xCD72,0xCD72,0xCD72,0xCD72,0xCD72,0xAD62,0xAD62,0xAD62,0xAD62,0xAD62,
    0xAD62,0x6C62,0x6D52,0x6D52,0x6D52,0x6D52,0x6D52,0x6D52,0x6D52,0x6D52,0x2C42,0x2C42,
    0x2C42,0x2C42,0x2C42,0x2C42,0x2C42,0x2C42,0x2C42,0x2C42,0x0C3A,0x0C3A,0xEC31,0xEC31,
    0xEC31,0xEC31,0xEC31,0xCB31,0xCB31,0xCB31,0xEC31,0x0C3A,0x2C42,0x2C42,0x2C42,0x2C42,
    0x2C42,0x2C42,0x2C42,0x2C42,0x2C42,0x6D52,0x6D52,0x6D52,0x6D52,0x6D52,0x6D52,0x6D52,
    0x8D5A,0xAD62,0xAD62,0xAD62,0xAD62,0xAD62,0xAD62,0xAD62,0xCD72,0xCD72,0xCD72,0x0D7B,
    0x0E7B,0x2E83,0x2E83,0x2E83,0x2E83,0x2E83,0x2E83,0x2E83,0x4E93,0x4E93,0x4E93,0x4E93,
    0x8F9B,0x8F9B,0xAFA3,0xAFA3,0xAFA3,0xD0A3,0xD0A3,0x31B4,0x31B4,0x31B4,0x31B4,0x31B4,
    0x31B4,0x31B4,0x91C4,0xD2CC,0xD2CC,0xD2CC,0xD2CC,0xD2CC,0xD2CC,0x13D5,0x13D5,0x54DD,
    0x54DD,0x54DD,0x54DD,0xB5E5,0xB5E5,0xB5E5,0xB5E5,0xB5E5,0xF6ED,0x16EE,0x37F6,0x37F6,
    0x37F6,0x37F6,0x37F6,0xB8FE,0xB8FE,0xB8FE,0xB8FE,0xB8FE,0xB8FE,0x3AFF,0x3AFF,0x3AFF,
    0x3AFF,0x3AFF,0x9BFF,0xBCFF,0xBCFF,0xBCFF,0xFFFF,0xFFFF,0xFFFF,0xFFFF,0xFFFF,0xFFFF,
    0xFFFF,0xFFFF,0xFFFF,0xFFFF,0xFFFF,0xFFFF,0xFFFF,0xFFFF,0xFFFF,0xFFFF,0xFFFF,0xFFFF,
    0xFFFF,0xFFFF,0xFFFF,0xFFFF,0xFFFF,0xFFFF,0xBCFF,0xBCFF,0xBCFF,0xBCFF,0x7CFF,0x3AFF,
    0x3AFF,0x3AFF,0x3AFF,0xFAFE,0xB8FE,0xB8FE,0xB8FE,0xB8FE,0xB8FE,0x78FE,0x37F6,0x37F6,
    0x37F6,0x37F6,0x16EE,0xF6ED,0xF6ED,0xB5E5,0xB5E5,0xB5E5,0xB5E5,0x54DD,0x13D5,0x13D5,
    0x13D5,0xF2D4,0xF2D4,0xD2CC,0xD2CC,0xD2CC,0x91C4,0x91C4,0x91C4,0x71C4,0x71C4,0x31B4,
    0x31B4,0x31B4,0x31B4,0x31B4,0x31B4,0x31B4,0xEFB3,0xEFB3,0xEFB3,0xAFA3,0xAFA3,0xAFA3,
    0xAFA3,0xAFA3,0xAFA3,0xAFA3,0xAFA3,0xAFA3,0x6EA3,0x4E93,0x4E93,0x4E93,0x4E93,0x4E93,
    0x4E93,0x4E93,0x4E93,0x4E93,0x2E83,0x2E83,0x2E83,0x2E83,0x0D83,0x0D83,0x0D83,0xCD72,
    0xCD72,0xCD72,0xCD72,0xCD72,0xCD72,0xCD72,0xCD72,0xAD62,0xAD62,0xAD62,0xAD62,0xAD62,
    0xAD62,0x6C62,0x6D52,0x6D52,0x6D52,0x6D52,0x6D52,0x6D52,0x6D52,0x6D52,0x2C42,0x2C42,
    0x2C42,0x2C42,0x2C42,0x2C42,0x2C42,0x2C42,0x2C42,0x2C42,0x2C42,0xEC31,0xEC31,0xEC31,
    0xEC31,0xEC31,0xEC31,0xCB31,0xCB31,0xEC31,0xEC31,0x0B3A,0x2C42,0x2C42,0x2C42,0x2C42,
    0x2C42,0x2C42,0x2C42,0x2C42,0x2C42,0x6D52,0x6D52,0x6D52,0x6D52,0x6D52,0x6D52,0x6D52,
    0x8D5A,0xAD62,0xAD62,0xAD62,0xAD62,0xAD62,0xAD62,0xAD62,0xCD72,0xCD72,0xCD72,0x0D7B,
    0x0E7B,0x2E83,0x2E83,0x2E83,0x2E83,0x2E83,0x2E83,0x4E93,0x4E93,0x4E93,0x4E93,0x4E93,
    0x8F9B,0x8F9B,0xAFA3,0xAFA3,0xD0A3,0xD0A3,0xD0A3,0x11AC,0x31B4,0x31B4,0x31B4,0x31B4,
    0x31B4,0x31B4,0x91C4,0xD2CC,0xD2CC,0xD2CC,0xD2CC,0xD2CC,0xD2CC,0x13D5,0x13D5,0x13D5,
    0x54DD,0x54DD,0x54DD,0xB5E5,0xB5E5,0xB5E5,0xB5E5,0xB5E5,0xF6ED,0x16EE,0x37F6,0x37F6,
    0x37F6,0x37F6,0x78FE,0xB8FE,0xB8FE,0xB8FE,0xB8FE,0xB8FE,0xB8FE,0x3AFF,0x3AFF,0x3AFF,
    0x3AFF,0x3AFF,0xBCFF,0xBCFF,0xBCFF,0xBCFF,0xFFFF,0xFFFF,0xFFFF,0xFFFF,0xFFFF,0xFFFF,
    0xFFFF,0xFFFF,0xFFFF,0xFFFF,0xFFFF,0xFFFF,0xFFFF,0xFFFF,0xFFFF,0xFFFF,0xFFFF,0xFFFF,
    0xFFFF,0xFFFF,0xFFFF,0xFFFF,0xFFFF,0xFFFF,0xFFFF,0xBCFF,0xBCFF,0xBCFF,0xBCFF,0x3AFF,
    0x3AFF,0x3AFF,0x3AFF,0x3AFF,0xB8FE,0xB8FE,0xB8FE,0xB8FE,0xB8FE,0x78FE,0x37F6,0x37F6,
    0x37F6,0x37F6,0x16EE,0xF6ED,0xF6ED,0xB5E5,0xB5E5,0xB5E5,0x74E5,0x54DD,0x13D5,0x13D5,
    0x13D5,0xF2D4,0xF2D4,0xD2CC,0xD2CC,0xD2CC,0x91C4,0x91C4,0x91C4,0x71C4,0x71C4,0x31B4,
    0x31B4,0x31B4,0x31B4,0x31B4,0x31B4,0x31B4,0xEFB3,0xEFB3,0xEFB3,0xAFA3,0xAFA3,0xAFA3,
    0xAFA3,0xAFA3,0xAFA3,0xAFA3,0xAFA3,0xAFA3,0xAFA3,0x4E93,0x4E93,0x4E93,0x4E93,0x4E93,
    0x4E93,0x4E93,0x4E93,0x4E93,0x2E83,0x2E83,0x2E83,0x2E83,0x0D83,0x0D83,0x0D83,0xCD72,
    0xCD72,0xCD72,0xCD72,0xCD72,0xCD72,0xCD72,0xCD72,0xAD62,0xAD62,0xAD62,0xAD62,0xAD62,
    0xAD62,0x6C62,0x6D52,0x6D52,0x6D52,0x6D52,0x6D52,0x6D52,0x6D52,0x6D52,0x2C42,0x2C42,
    0x2C42,0x2C42,0x2C42,0x2C42,0x2C42,0x2C42,0x2C42,0x2C42,0x2C42,0x0C3A,0xEC31,0xEC31,
    0xEC31,0xEC31,0xEC31,0xEC31,0xEC31,0xCB31,0xEC31,0xEC31,0x2C42,0x2C42,0x2C42,0x2C42,
    0x2C42,0x2C42,0x2C42,0x2C42,0x2C42,0x2C42,0x6D52,0x6D52,0x6D52,0x6D52,0x6D52,0x8D5A,
    0x8D5A,0xAD62,0xAD62,0xAD62,0xAD62,0xAD62,0xAD62,0xCD72,0xCD72,0xCD72,0xCD72,0x0E7B,
    0x0E7B,0x2E83,0x2E83,0x2E83,0x2E83,0x2E83,0x2E83,0x2E83,0x4E93,0x4E93,0x4E93,0x4E93,
    0x8F9B,0x8F9B,0xAFA3,0xAFA3,0xAFA3,0xD0A3,0xD0A3,0x11AC,0x31B4,0x31B4,0x31B4,0x31B4,
    0x31B4,0x31B4,0x91BC,0xD2CC,0xD2CC,0xD2CC,0xD2CC,0xD2CC,0xD2CC,0x13D5,0x13D5,0x13D5,
    0x54DD,0x54DD,0x95DD,0xB5E5,0xB5E5,0xB5E5,0xB5E5,0xB5E5,0xF6ED,0x16EE,0x37F6,0x37F6,
    0x37F6,0x37F6,0x78FE,0xB8FE,0xB8FE,0xB8FE,0xB8FE,0xB8FE,0xFAFE,0x3AFF,0x3AFF,0x3AFF,
    0x3AFF,0x3AFF,0xBCFF,0xBCFF,0xBCFF,0xBCFF,0xFFFF,0xFFFF,0xFFFF,0xFFFF,0xFFFF,0xFFFF,
    0xFFFF,0xFFFF,0xFFFF,0xFFFF,0xFFFF,0xFFFF,0xFFFF,0xFFFF,0xFFFF,0xFFFF,0xFFFF,0xFFFF,
    0xFFFF,0xFFFF,0xFFFF,0xFFFF,0xFFFF,0xFFFF,0xFFFF,0xBCFF,0xBCFF,0xBCFF,0xBCFF,0x7CFF,
    0x3AFF,0x3AFF,0x3AFF,0x3AFF,0xB8FE,0xB8FE,0xB8FE,0xB8FE,0xB8FE,0x78FE,0x37F6,0x37F6,
    0x37F6,0x37F6,0x16EE,0xF6ED,0xF6ED,0xB5E5,0xB5E5,0xB5E5,0x74E5,0x54DD,0x13D5,0x13D5,
    0x13D5,0xF2D4,0xF2D4,0xD2CC,0xD2CC,0xD2CC,0x91C4,0x91C4,0x91C4,0x71C4,0x71C4,0x71C4,
    0x31B4,0x31B4,0x31B4,0x31B4,0x31B4,0x31B4,0xEFB3,0xEFB3,0xEFB3,0xAFA3,0xAFA3,0xAFA3,
    0xAFA3,0xAFA3,0xAFA3,0xAFA3,0xAFA3,0xAFA3,0xAFA3,0x4E93,0x4E93,0x4E93,0x4E93,0x4E93,
    0x4E93,0x4E93,0x4E93,0x4E93,0x0D83,0x0D83,0x2E83,0x2E83,0x0D83,0x2E83,0xED82,0xCD72,
    0xCD72,0xCD72,0xCD72,0xCD72,0xCD72,0xCD72,0xAD62,0xAD62,0xAD62,0xAD62,0xAD62,0xAD62,
    0xAD62,0xAD62,0x6D52,0x6D52,0x6D52,0x6D52,0x6D52,0x6D52,0x6D52,0x6D52,0x2C42,0x2C42,
    0x2C42,0x2C42,0x2C42,0x2C42,0x2C42,0x2C42,0x2C42,0x2C42,0x2C42,0xEC31,0xEC31,0xEC31,
    0xEC31,0xEC31,0xEC31,0xEC31,0xEC31,0xCB31,0xEC31,0xEC31,0x2C42,0x2C42,0x2C42,0x2C42,
    0x2C42,0x2C42,0x2C42,0x2C42,0x2C42,0x2C42,0x6D52,0x6D52,0x6D52,0x6D52,0x6D52,0x8D5A,
    0x8D5A,0xAD62,0xAD62,0xAD62,0xAD62,0xAD62,0xAD62,0xAD62,0xCD72,0xCD72,0xCD72,0x0D7B,
    0x0E7B,0x0E7B,0x2E83,0x2E83,0x2E83,0x2E83,0x2E83,0x2E83,0x4E93,0x4E93,0x4E93,0x4E93,
    0x8F9B,0x8F9B,0xAFA3,0xAFA3,0xAFA3,0xD0A3,0xD0A3,0x11AC,0x31B4,0x31B4,0x31B4,0x31B4,
    0x31B4,0x31B4,0x71C4,0xD2CC,0xD2CC,0xD2CC,0xD2CC,0xD2CC,0xD2CC,0x13D5,0x13D5,0x13D5,
    0x54DD,0x54DD,0x54DD,0xB5E5,0xB5E5,0xB5E5,0xB5E5,0xF6ED,0xF6ED,0x16EE,0x37F6,0x37F6,
    0x37F6,0x37F6,0x78FE,0xB8FE,0xB8FE,0xB8FE,0xB8FE,0xB8FE,0xFAFE,0x3AFF,0x3AFF,0x3AFF,
    0x3AFF,0x3AFF,0xBCFF,0xBCFF,0xBCFF,0xFFFF,0xFFFF,0xFFFF,0xFFFF,0xFFFF,0xFFFF,0xFFFF,
    0xFFFF,0xFFFF,0xFFFF,0xFFFF,0xFFFF,0xFFFF,0xFFFF,0xFFFF,0xFFFF,0xFFFF,0xFFFF,0xFFFF,
    0xFFFF,0xFFFF,0xFFFF,0xFFFF,0xFFFF,0xFFFF,0xFFFF,0xBCFF,0xBCFF,0xBCFF,0xBCFF,0x7CFF,
    0x3AFF,0x3AFF,0x3AFF,0x3AFF,0xFAFE,0xB8FE,0xB8FE,0xB8FE,0xB8FE,0x78FE,0x78FE,0x37F6,
    0x37F6,0x37F6,0x16EE,0xF6ED,0xF6ED,0xB5E5,0xB5E5,0xB5E5,0xB5E5,0x54DD,0x13D5,0x13D5,
    0x13D5,0xF2D4,0xF2D4,0xD2CC,0xD2CC,0xD2CC,0x91C4,0x91C4,0x91C4,0x71C4,0x71C4,0x31B4,
    0x31B4,0x31B4,0x31B4,0x31B4,0x31B4,0x31B4,0xEFB3,0xEFB3,0xEFB3,0xAFA3,0xAFA3,0xAFA3,
    0xAFA3,0xAFA3,0xAFA3,0xAFA3,0xAFA3,0xAFA3,0x6EA3,0x4E93,0x4E93,0x4E93,0x4E93,0x4E93,
    0x4E93,0x4E93,0x4E93,0x4E93,0x2E83,0x2E83,0x2E83,0x2E83,0x0D83,0x2E83,0xEE72,0xCD72,
    0xCD72,0xCD72,0xCD72,0xCD72,0xCD72,0xCD72,0xCD72,0xAD62,0xAD62,0xAD62,0xAD62,0xAD62,
    0xAD62,0xAD62,0x6D52,0x6D52,0x6D52,0x6D52,0x6D52,0x6D52,0x6D52,0x6D52,0x2C42,0x2C42,
    0x2C42,0x2C42,0x2C42,0x2C42,0x2C42,0x2C42,0x2C42,0x2C42,0x2C42,0x0C3A,0xEC31,0xCB31,
    0xCB31,0xCB31,0xEC31,0xEC31,0xEC31,0xEC31,0xEC31,0x0C3A,0x2C42,0x2C42,0x2C42,0x2C42,
    0x2C42,0x2C42,0x2C42,0x2C42,0x2C42,0x2C42,0x6D52,0x6D52,0x6D52,0x6D52,0x6D52,0x8D5A,
    0x8D5A,0xAD62,0xAD62,0xAD62,0xAD62,0xAD62,0xAD62,0xAD62,0xCD72,0xCD72,0xCD72,0x0D7B,
    0x0E7B,0x0E7B,0x2E83,0x2E83,0x2E83,0x2E83,0x2E83,0x4E93,0x4E93,0x4E93,0x4E93,0x4E93,
    0x8F9B,0x8F9B,0x8F9B,0xAFA3,0xAFA3,0xD0A3,0xD0A3,0x11AC,0x31B4,0x31B4,0x31B4,0x31B4,
    0x31B4,0x31B4,0x91C4,0xD2CC,0xD2CC,0xD2CC,0xD2CC,0xD2CC,0xD2CC,0x13D5,0x13D5,0x13D5,
    0x54DD,0x54DD,0x54DD,0xB5E5,0xB5E5,0xB5E5,0xB5E5,0xB5E5,0xF6ED,0x16EE,0x37F6,0x37F6,
    0x37F6,0x37F6,0x78FE,0xB8FE,0xB8FE,0xB8FE,0xB8FE,0xB8FE,0xFAFE,0x3AFF,0x3AFF,0x3AFF,
    0x3AFF,0xBCFF,0xBCFF,0xBCFF,0xBCFF,0xFFFF,0xFFFF,0xFFFF,0xFFFF,0xFFFF,0xFFFF,0xFFFF,
    0xFFFF,0xFFFF,0xFFFF,0xFFFF,0xFFFF,0xFFFF,0xFFFF,0xFFFF,0xFFFF,0xFFFF,0xFFFF,0xFFFF,
    0xFFFF,0xFFFF,0xFFFF,0xFFFF,0xFFFF,0xFFFF,0xFFFF,0xFFFF,0xBCFF,0xBCFF,0xBCFF,0x7CFF,
    0x3AFF,0x3AFF,0x3AFF,0x3AFF,0xFAFE,0xB8FE,0xB8FE,0xB8FE,0xB8FE,0x78FE,0x37F6,0x37F6,
    0x37F6,0x37F6,0x37F6,0xF6ED,0xB5E5,0xB5E5,0xB5E5,0xB5E5,0x74E5,0x54DD,0x13D5,0x13D5,
    0x13D5,0xF2D4,0xF2D4,0xD2CC,0xD2CC,0xD2CC,0xD2CC,0x91C4,0x91C4,0x71C4,0x71C4,0x71C4,
    0x31B4,0x31B4,0x31B4,0x31B4,0x31B4,0x31B4,0xEFB3,0xEFB3,0xEFB3,0xAFA3,0xAFA3,0xAFA3,
    0xAFA3,0xAFA3,0xAFA3,0xAFA3,0xAFA3,0xAFA3,0x6EA3,0x4E93,0x4E93,0x4E93,0x4E93,0x4E93,
    0x4E93,0x4E93,0x4E93,0x2E83,0x2E83,0x2E83,0x2E83,0x2E83,0x0D83,0x2E83,0xED82,0xCD72,
    0xCD72,0xCD72,0xCD72,0xCD72,0xCD72,0xCD72,0xCD72,0xAD62,0xAD62,0xAD62,0xAD62,0xAD62,
    0xAD62,0xAD62,0x6D52,0x6D52,0x6D52,0x6D52,0x6D52,0x6D52,0x6D52,0x6D52,0x2C42,0x2C42,
    0x2C42,0x2C42,0x2C42,0x2C42,0x2C42,0x2C42,0x2C42,0x2C42,0x2C42,0x0C3A,0xCB31,0xCB31,
    0xEC31,0xCB31,0xEC31,0xEC31,0xEC31,0xEC31,0xEC31,0x0B3A,0x2C42,0x2C42,0x2C42,0x2C42,
    0x2C42,0x2C42,0x2C42,0x2C42,0x2C42,0x2C42,0x6D52,0x6D52,0x6D52,0x6D52,0x6D52,0x8D5A,
    0x8D5A,0xAD62,0xAD62,0xAD62,0xAD62,0xAD62,0xAD62,0xAD62,0xCD72,0xCD72,0xCD72,0x0E7B,
    0x0E7B,0x2E83,0x2E83,0x2E83,0x2E83,0x2E83,0x2E83,0x2E83,0x4E93,0x4E93,0x4E93,0x8F9B,
    0x8F9B,0x8F9B,0x8F9B,0xAFA3,0xAFA3,0xD0A3,0xD0A3,0x11AC,0x31B4,0x31B4,0x31B4,0x31B4,
    0x31B4,0x31B4,0x91BC,0xD2CC,0xD2CC,0xD2CC,0xD2CC,0xD2CC,0xD2CC,0x13D5,0x13D5,0x13D5,
    0x54DD,0x54DD,0x54DD,0xB5E5,0xB5E5,0xB5E5,0xB5E5,0xB5E5,0xF6ED,0x16EE,0x37F6,0x37F6,
    0x37F6,0x37F6,0x78FE,0xB8FE,0xB8FE,0xB8FE,0xB8FE,0xB8FE,0xFAFE,0x3AFF,0x3AFF,0x3AFF,
    0x3AFF,0xBCFF,0xBCFF,0xBCFF,0xBCFF,0xFFFF,0xFFFF,0xFFFF,0xFFFF,0xFFFF,0xFFFF,0xFFFF,
    0xFFFF,0xFFFF,0xFFFF,0xFFFF,0xFFFF,0xFFFF,0xFFFF,0xFFFF,0xFFFF,0xFFFF,0xFFFF,0xFFFF,
    0xFFFF,0xFFFF,0xFFFF,0xFFFF,0xFFFF,0xFFFF,0xFFFF,0xFFFF,0xBCFF,0xBCFF,0xBCFF,0x7CFF,
    0x3AFF,0x3AFF,0x3AFF,0x3AFF,0xB8FE,0xB8FE,0xB8FE,0xB8FE,0xB8FE,0x78FE,0x37F6,0x37F6,
    0x37F6,0x37F6,0x16EE,0xF6ED,0xB5E5,0xB5E5,0xB5E5,0xB5E5,0x74E5,0x54DD,0x13D5,0x13D5,
    0x13D5,0xF2D4,0xF2D4,0xF2D4,0xD2CC,0xD2CC,0x91C4,0x91C4,0x91C4,0x71C4,0x71C4,0x31B4,
    0x31B4,0x31B4,0x31B4,0x31B4,0x31B4,0x31B4,0xEFB3,0xEFB3,0xEFB3,0xAFA3,0xAFA3,0xAFA3,
    0xAFA3,0xAFA3,0xAFA3,0xAFA3,0xAFA3,0xAFA3,0x4E93,0x4E93,0x4E93,0x4E93,0x4E93,0x4E93,
    0x4E93,0x4E93,0x4E93,0x2E83,0x2E83,0x2E83,0x2E83,0x2E83,0x0D83,0x0D83,0xCD72,0xCD72,
    0xCD72,0xCD72,0xCD72,0xCD72,0xCD72,0xCD72,0xAD62,0xAD62,0xAD62,0xAD62,0xAD62,0xAD62,
    0xAD62,0xAD62,0x6D52,0x6D52,0x6D52,0x6D52,0x6D52,0x6D52,0x6D52,0x6D52,0x2C42,0x2C42,
    0x2C42,0x2C42,0x2C42,0x2C42,0x2C42,0x2C42,0x2C42,0x2C42,0x2C42,0x0C3A,0xCB31,0xCB31,
    0xEC31,0xEC31,0xCB31,0xEC31,0xEC31,0xEC31,0xEC31,0x0B3A,0x0B42,0x2C42,0x2C42,0x2C42,
    0x2C42,0x2C42,0x2C42,0x2C42,0x2C42,0x2C42,0x6D52,0x6D52,0x6D52,0x6D52,0x6D52,0x6D52,
    0x8D5A,0xAD62,0xAD62,0xAD62,0xAD62,0xAD62,0xAD62,0xAD62,0xCD72,0xCD72,0xCD72,0xCD72,
    0x0E7B,0x2E83,0x2E83,0x2E83,0x2E83,0x2E83,0x2E83,0x2E83,0x4E93,0x4E93,0x8F9B,0x8F9B,
    0x8F9B,0x8F9B,0xAFA3,0xAFA3,0xAFA3,0xD0A3,0xD0A3,0x11AC,0x31B4,0x31B4,0x31B4,0x31B4,
    0x31B4,0x31B4,0x91BC,0xD2CC,0xD2CC,0xD2CC,0xD2CC,0xD2CC,0xD2CC,0x13D5,0x13D5,0x13D5,
    0x54DD,0x54DD,0x54DD,0xB5E5,0xB5E5,0xB5E5,0xB5E5,0xB5E5,0xF6ED,0x16EE,0x37F6,0x37F6,
    0x37F6,0x37F6,0x78FE,0xB8FE,0xB8FE,0xB8FE,0xB8FE,0xB8FE,0xFAFE,0x3AFF,0x3AFF,0x3AFF,
    0x3AFF,0xBCFF,0xBCFF,0xBCFF,0xBCFF,0xFFFF,0xFFFF,0xFFFF,0xFFFF,0xFFFF,0xFFFF,0xFFFF,
    0xFFFF,0xFFFF,0xFFFF,0xFFFF,0xFFFF,0xFFFF,0xFFFF,0xFFFF,0xFFFF,0xFFFF,0xFFFF,0xFFFF,
    0xFFFF,0xFFFF,0xFFFF,0xFFFF,0xFFFF,0xFFFF,0xFFFF,0xFFFF,0xBCFF,0xBCFF,0xBCFF,0x3AFF,
    0x3AFF,0x3AFF,0x3AFF,0x3AFF,0xB8FE,0xB8FE,0xB8FE,0xB8FE,0xB8FE,0x78FE,0x78FE,0x37F6,
    0x37F6,0x37F6,0x16EE,0xF6ED,0xB5E5,0xB5E5,0xB5E5,0xB5E5,0x74E5,0x54DD,0x13D5,0x13D5,
    0x13D5,0xF2D4,0xF2D4,0xD2CC,0xD2CC,0xD2CC,0x91C4,0x91C4,0x91C4,0x71C4,0x71C4,0x31B4,
    0x31B4,0x31B4,0x31B4,0x31B4,0x31B4,0x31B4,0xEFB3,0xEFB3,0xEFB3,0xAFA3,0xAFA3,0xAFA3,
    0xAFA3,0xAFA3,0xAFA3,0xAFA3,0xAFA3,0xAFA3,0x6EA3,0x4E93,0x4E93,0x4E93,0x4E93,0x4E93,
    0x4E93,0x4E93,0x4E93,0x2E83,0x2E83,0x2E83,0x2E83,0x2E83,0x0D83,0x0D83,0xCD72,0xCD72,
    0xCD72,0xCD72,0xCD72,0xCD72,0xCD72,0xCD72,0xAD62,0xAD62,0xAD62,0xAD62,0xAD62,0xAD62,
    0xAD62,0xAD62,0x6D52,0x6D52,0x6D52,0x6D52,0x6D52,0x6D52,0x6D52,0x6D52,0x6D52,0x2C42,
    0x2C42,0x2C42,0x2C42,0x2C42,0x2C42,0x2C42,0x2C42,0x2C42,0x2C42,0x0C3A,0xCB31,0xCB31,
    0xEC31,0xEC31,0xCB31,0xEC31,0xEC31,0xEC31,0xEC31,0x0C3A,0x0B42,0x2C42,0x2C42,0x2C42,
    0x2C42,0x2C42,0x2C42,0x2C42,0x2C42,0x2C42,0x6D52,0x6D52,0x6D52,0x6D52,0x6D52,0x6D52,
    0x8D5A,0xAD62,0xAD62,0xAD62,0xAD62,0xAD62,0xAD62,0xCD72,0xCD72,0xCD72,0xCD72,0xCD72,
    0x0E7B,0x0E7B,0x2E83,0x2E83,0x2E83,0x2E83,0x2E83,0x2E83,0x2E83,0x4E93,0x4E93,0x8F9B,
    0x8F9B,0x8F9B,0xAFA3,0xAFA3,0xAFA3,0xD0A3,0xD0A3,0x11AC,0x31B4,0x31B4,0x31B4,0x31B4,
    0x31B4,0x31B4,0x31B4,0xD2CC,0xD2CC,0xD2CC,0xD2CC,0xD2CC,0xD2CC,0x13D5,0x13D5,0x13D5,
    0x54DD,0x54DD,0x54DD,0xB5E5,0xB5E5,0xB5E5,0xB5E5,0xB5E5,0xF6ED,0x16EE,0x37F6,0x37F6,
    0x37F6,0x37F6,0x78FE,0xB8FE,0xB8FE,0xB8FE,0xB8FE,0xB8FE,0xFAFE,0x3AFF,0x3AFF,0x3AFF,
    0x3AFF,0x7CFF,0xBCFF,0xBCFF,0xBCFF,0xFFFF,0xFFFF,0xFFFF,0xFFFF,0xFFFF,0xFFFF,0xFFFF,
    0xFFFF,0xFFFF,0xFFFF,0xFFFF,0xFFFF,0xFFFF,0xFFFF,0xFFFF,0xFFFF,0xFFFF,0xFFFF,0xFFFF,
    0xFFFF,0xFFFF,0xFFFF,0xFFFF,0xFFFF,0xFFFF,0xFFFF,0xFFFF,0xBCFF,0xBCFF,0xBCFF,0x7CFF,
    0x3AFF,0x3AFF,0x3AFF,0x3AFF,0xB8FE,0xB8FE,0xB8FE,0xB8FE,0xB8FE,0x78FE,0x37F6,0x37F6,
    0x37F6,0x37F6,0x16EE,0xF6ED,0xB5E5,0xB5E5,0xB5E5,0xB5E5,0x54DD,0x54DD,0x54DD,0x13D5,
    0x13D5,0xF2D4,0xF2D4,0xF2D4,0xD2CC,0xD2CC,0x91C4,0x91C4,0x91C4,0x71C4,0x71C4,0x31B4,
    0x31B4,0x31B4,0x31B4,0x31B4,0x31B4,0xF0B3,0xEFB3,0xEFB3,0xEFB3,0xAFA3,0xAFA3,0xAFA3,
    0xAFA3,0xAFA3,0xAFA3,0xAFA3,0xAFA3,0xAFA3,0x4E93,0x4E93,0x4E93,0x4E93,0x4E93,0x4E93,
    0x4E93,0x4E93,0x4E93,0x2E83,0x2E83,0x2E83,0x2E83,0x0D83,0x0D83,0x0D83,0xCD72,0xCD72,
    0xCD72,0xCD72,0xCD72,0xCD72,0xCD72,0xCD72,0xAD62,0xAD62,0xAD62,0xAD62,0xAD62,0xAD62,
    0xAD62,0x6C62,0x6D52,0x6D52,0x6D52,0x6D52,0x6D52,0x6D52,0x6D52,0x6D52,0x6D52,0x2C42,
    0x2C42,0x2C42,0x2C42,0x2C42,0x2C42,0x2C42,0x2C42,0x2C42,0x2C42,0xEC31,0xEC31,0xCB31,
    0xEC31,0xCB31,0xCB31,0xEC31,0xCB31,0xCB31,0xEC31,0xEC31,0x2C42,0x2C42,0x2C42,0x2C42,
    0x2C42,0x2C42,0x2C42,0x2C42,0x2C42,0x2C42,0x6D52,0x6D52,0x6D52,0x6D52,0x6D52,0x6D52,
    0x8D5A,0xAD62,0xAD62,0xAD62,0xAD62,0xAD62,0xAD62,0xCD72,0xCD72,0xCD72,0xCD72,0xCD72,
    0x0E7B,0x0E7B,0x2E83,0x2E83,0x2E83,0x2E83,0x2E83,0x2E83,0x4E93,0x4E93,0x4E93,0x4E93,
    0x8F9B,0x8F9B,0x8F9B,0xAFA3,0xD0A3,0xD0A3,0xD0A3,0xD0A3,0x31B4,0x31B4,0x31B4,0x31B4,
    0x31B4,0x31B4,0x31B4,0xD2CC,0xD2CC,0xD2CC,0xD2CC,0xD2CC,0xD2CC,0x13D5,0x13D5,0x13D5,
    0x54DD,0x54DD,0x54DD,0xB5E5,0xB5E5,0xB5E5,0xB5E5,0xF6ED,0xF6ED,0x16EE,0x37F6,0x37F6,
    0x37F6,0x37F6,0x78FE,0xB8FE,0xB8FE,0xB8FE,0xB8FE,0xB8FE,0xFAFE,0x3AFF,0x3AFF,0x3AFF,
    0x3AFF,0x3AFF,0xBCFF,0xBCFF,0xBCFF,0xFFFF,0xFFFF,0xFFFF,0xFFFF,0xFFFF,0xFFFF,0xFFFF,
    0xFFFF,0xFFFF,0xFFFF,0xFFFF,0xFFFF,0xFFFF,0xFFFF,0xFFFF,0xFFFF,0xFFFF,0xFFFF,0xFFFF,
    0xFFFF,0xFFFF,0xFFFF,0xFFFF,0xFFFF,0xFFFF,0xFFFF,0xFFFF,0xBCFF,0xBCFF,0xBCFF,0x3AFF,
    0x3AFF,0x3AFF,0x3AFF,0xFAFE,0xFAFE,0xB8FE,0xB8FE,0xB8FE,0xB8FE,0x78FE,0x37F6,0x37F6,
    0x37F6,0x16EE,0xF6ED,0xF6ED,0xB5E5,0xB5E5,0xB5E5,0xB5E5,0x54DD,0x54DD,0x54DD,0x13D5,
    0x13D5,0xF2D4,0xF2D4,0xD2CC,0xD2CC,0xD2CC,0x91C4,0x91C4,0x91C4,0x71C4,0x71C4,0x71C4,
    0x31B4,0x31B4,0x31B4,0x31B4,0x31B4,0x31B4,0xEFB3,0xEFB3,0xEFB3,0xAFA3,0xAFA3,0xAFA3,
    0xAFA3,0xAFA3,0xAFA3,0xAFA3,0xAFA3,0xAFA3,0x4E93,0x4E93,0x4E93,0x4E93,0x4E93,0x4E93,
    0x4E93,0x4E93,0x4E93,0x2E83,0x0D83,0x2E83,0x2E83,0x2E83,0x0D83,0x0D7B,0xCD72,0xCD72,
    0xCD72,0xCD72,0xCD72,0xCD72,0xCD72,0xCD72,0xAD62,0xAD62,0xAD62,0xAD62,0xAD62,0xAD62,
    0xAD62,0x6D52,0x6D52,0x6D52,0x6D52,0x6D52,0x6D52,0x6D52,0x6D52,0x6D52,0x2C42,0x2C42,
    0x2C42,0x2C42,0x2C42,0x2C42,0x2C42,0x2C42,0x2C42,0x2C42,0x2C42,0xEC31,0xEC31,0xEC31,
    0xEC31,0xEC31,0xCB31,0xEC31,0xEC31,0xCB31,0xEC31,0xEC31,0x0B42,0x2C42,0x2C42,0x2C42,
    0x2C42,0x2C42,0x2C42,0x2C42,0x2C42,0x2C42,0x2C42,0x6D52,0x6D52,0x6D52,0x6D52,0x6D52,
    0x8D5A,0xAD62,0xAD62,0xAD62,0xAD62,0xAD62,0xAD62,0xCD72,0xCD72,0xCD72,0xCD72,0xCD72,
    0x0E7B,0x0E7B,0x2E83,0x2E83,0x2E83,0x2E83,0x2E83,0x2E83,0x4E93,0x4E93,0x4E93,0x4E93,
    0x8F9B,0x8F9B,0x8F9B,0xAFA3,0xAFA3,0xD0A3,0xD0A3,0xD0A3,0x31B4,0x31B4,0x31B4,0x31B4,
    0x31B4,0x31B4,0x31B4,0xD2CC,0xD2CC,0xD2CC,0xD2CC,0xD2CC,0xD2CC,0x13D5,0x13D5,0x13D5,
    0x54DD,0x54DD,0x54DD,0xB5E5,0xB5E5,0xB5E5,0xB5E5,0xF6ED,0xF6ED,0xF6ED,0x16EE,0x37F6,
    0x37F6,0x37F6,0x78FE,0xB8FE,0xB8FE,0xB8FE,0xB8FE,0xB8FE,0xFAFE,0x3AFF,0x3AFF,0x3AFF,
    0x3AFF,0x3AFF,0xBCFF,0xBCFF,0xBCFF,0xFFFF,0xFFFF,0xFFFF,0xFFFF,0xFFFF,0xFFFF,0xFFFF,
    0xFFFF,0xFFFF,0xFFFF,0xFFFF,0xFFFF,0xFFFF,0xFFFF,0xFFFF,0xFFFF,0xFFFF,0xFFFF,0xFFFF,
    0xFFFF,0xFFFF,0xFFFF,0xFFFF,0xFFFF,0xFFFF,0xFFFF,0xFFFF,0xBCFF,0xBCFF,0xBCFF,0x7CFF,
    0x3AFF,0x3AFF,0x3AFF,0xFAFE,0xB8FE,0xB8FE,0xB8FE,0xB8FE,0xB8FE,0x37F6,0x37F6,0x37F6,
    0x37F6,0x37F6,0x16EE,0xF6ED,0xB5E5,0xB5E5,0xB5E5,0xB5E5,0x54DD,0x54DD,0x13D5,0x13D5,
    0x13D5,0xF2D4,0xF2D4,0xD2CC,0xD2CC,0xD2CC,0x91C4,0x91C4,0x71C4,0x71C4,0x71C4,0x71C4,
    0x31B4,0x31B4,0x31B4,0x31B4,0x31B4,0x31B4,0xEFB3,0xEFB3,0xAFA3,0xAFA3,0xAFA3,0xAFA3,
    0xAFA3,0xAFA3,0xAFA3,0xAFA3,0xAFA3,0xAFA3,0x4E93,0x4E93,0x4E93,0x4E93,0x4E93,0x4E93,
    0x4E93,0x4E93,0x4E93,0x2E83,0x0D83,0x2E83,0x2E83,0x2E83,0x0D83,0x0E7B,0xCD72,0xCD72,
    0xCD72,0xCD72,0xCD72,0xCD72,0xCD72,0xCD72,0xAD62,0xAD62,0xAD62,0xAD62,0xAD62,0xAD62,
    0xAD62,0xAD62,0x6D52,0x6D52,0x6D52,0x6D52,0x6D52,0x6D52,0x6D52,0x6D52,0x2C42,0x2C42,
    0x2C42,0x2C42,0x2C42,0x2C42,0x2C42,0x2C42,0x2C42,0x2C42,0x2C42,0xEC31,0xEC31,0xEC31,
    0xEC31,0xEC31,0xCB31,0xCB31,0xEC31,0xCB31,0xEC31,0xEC31,0x2C42,0x0B42,0x2C42,0x2C42,
    0x2C42,0x2C42,0x2C42,0x2C42,0x2C42,0x2C42,0x6D52,0x6D52,0x6D52,0x6D52,0x8D5A,0x6D52,
    0xAD62,0xAD62,0xAD62,0xAD62,0xAD62,0xAD62,0xCD72,0xCD72,0xCD72,0xCD72,0xCD72,0xCD72,
    0x0E7B,0x0E7B,0x0E7B,0x2E83,0x2E83,0x2E83,0x2E83,0x2E83,0x2E83,0x4E93,0x4E93,0x4E93,
    0x8F9B,0x8F9B,0x8F9B,0xAFA3,0xAFA3,0xD0A3,0xD0A3,0xD0A3,0x31B4,0x31B4,0x31B4,0x31B4,
    0x31B4,0x31B4,0x31B4,0x91C4,0xD2CC,0xD2CC,0xD2CC,0xD2CC,0xD2CC,0x13D5,0x13D5,0x13D5,
    0x54DD,0x54DD,0x54DD,0x54DD,0xB5E5,0xB5E5,0xB5E5,0xF6ED,0xF6ED,0xF6ED,0x16EE,0x37F6,
    0x37F6,0x37F6,0x37F6,0xB8FE,0xB8FE,0xB8FE,0xB8FE,0xB8FE,0xB8FE,0x3AFF,0x3AFF,0x3AFF,
    0x3AFF,0x3AFF,0xBCFF,0xBCFF,0xBCFF,0xFFFF,0xFFFF,0xFFFF,0xFFFF,0xFFFF,0xFFFF,0xFFFF,
    0xFFFF,0xFFFF,0xFFFF,0xFFFF,0xFFFF,0xFFFF,0xFFFF,0xFFFF,0xFFFF,0xFFFF,0xFFFF,0xFFFF,
    0xFFFF,0xFFFF,0xFFFF,0xFFFF,0xFFFF,0xFFFF,0xFFFF,0xFFFF,0xBCFF,0xBCFF,0xBCFF,0x3AFF,
    0x3AFF,0x3AFF,0x3AFF,0xFAFE,0xB8FE,0xB8FE,0xB8FE,0xB8FE,0x78FE,0x78FE,0x37F6,0x37F6,
    0x37F6,0x16EE,0xF6ED,0xF6ED,0xB5E5,0xB5E5,0xB5E5,0xB5E5,0x74E5,0x54DD,0x13D5,0x13D5,
    0x13D5,0xF2D4,0xF2D4,0xD2CC,0xD2CC,0xD2CC,0x91C4,0x91C4,0x71C4,0x71C4,0x71C4,0x31B4,
    0x31B4,0x31B4,0x31B4,0x31B4,0x31B4,0x31B4,0xEFB3,0xEFB3,0xAFA3,0xAFA3,0xAFA3,0xAFA3,
    0xAFA3,0xAFA3,0xAFA3,0xAFA3,0xAFA3,0xAFA3,0x4E93,0x4E93,0x4E93,0x4E93,0x4E93,0x4E93,
    0x4E93,0x4E93,0x4E93,0x2E83,0x2E83,0x0D83,0x2E83,0x0D83,0x0D83,0xEE72,0xCD72,0xCD72,
    0xCD72,0xCD72,0xCD72,0xCD72,0xCD72,0xCD72,0xAD62,0xAD62,0xAD62,0xAD62,0xAD62,0xAD62,
    0xAD62,0xAD62,0x6D52,0x6D52,0x6D52,0x6D52,0x6D52,0x6D52,0x6D52,0x2C42,0x2C42,0x2C42,
    0x2C42,0x2C42,0x2C42,0x2C42,0x2C42,0x2C42,0x2C42,0x2C42,0x0C3A,0xEC31,0xCB31,0xCB31,
    0xEC31,0xEC31,0xCB31,0xCB31,0xEC31,0xCB31,0xEC31,0xEC31,0x2C42,0x2C42,0x2C42,0x2C42,
    0x2C42,0x2C42,0x2C42,0x2C42,0x2C42,0x2C42,0x6D52,0x6D52,0x6D52,0x6D52,0x8D5A,0x8D5A,
    0xAD62,0xAD62,0xAD62,0xAD62,0xAD62,0xAD62,0xCD72,0xCD72,0xCD72,0xCD72,0xCD72,0xCD72,
    0xEE72,0x0E7B,0x0E7B,0x2E83,0x2E83,0x2E83,0x2E83,0x2E83,0x2E83,0x4E93,0x4E93,0x4E93,
    0x8F9B,0x8F9B,0x8F9B,0xAFA3,0xAFA3,0xD0A3,0xD0A3,0xD0A3,0x31B4,0x31B4,0x31B4,0x31B4,
    0x31B4,0x31B4,0x31B4,0x91C4,0xD2CC,0xD2CC,0xD2CC,0xD2CC,0xD2CC,0x13CD,0x13D5,0x13D5,
    0x13D5,0x54DD,0x54DD,0x54DD,0xB5E5,0xB5E5,0xB5E5,0xF6ED,0xF6ED,0xF6ED,0x16EE,0x37F6,
    0x37F6,0x37F6,0x37F6,0x78FE,0xB8FE,0xB8FE,0xB8FE,0xB8FE,0xB8FE,0xFAFE,0x3AFF,0x3AFF,
    0x3AFF,0x3AFF,0x7CFF,0xBCFF,0xBCFF,0xBCFF,0xFFFF,0xFFFF,0xFFFF,0xFFFF,0xFFFF,0xFFFF,
    0xFFFF,0xFFFF,0xFFFF,0xFFFF,0xFFFF,0xFFFF,0xFFFF,0xFFFF,0xFFFF,0xFFFF,0xFFFF,0xFFFF,
    0xFFFF,0xFFFF,0xFFFF,0xFFFF,0xFFFF,0xFFFF,0xFFFF,0xBCFF,0xBCFF,0xBCFF,0xBCFF,0x3AFF,
    0x3AFF,0x3AFF,0x3AFF,0xFAFE,0xB8FE,0xB8FE,0xB8FE,0xB8FE,0x78FE,0x37F6,0x37F6,0x37F6,
    0x37F6,0x16EE,0xF6ED,0xB5E5,0xB5E5,0xB5E5,0xB5E5,0xB5E5,0x74E5,0x54DD,0x13D5,0x13D5,
    0x13D5,0xF2D4,0xF2D4,0xF2D4,0xD2CC,0xD2CC,0x91C4,0x91C4,0x71C4,0x71C4,0x71C4,0x31B4,
    0x31B4,0x31B4,0x31B4,0x31B4,0x31B4,0x31B4,0xF0B3,0xEFB3,0xAFA3,0xAFA3,0xAFA3,0xAFA3,
    0xAFA3,0xAFA3,0xAFA3,0xAFA3,0xAFA3,0xAFA3,0x4E93,0x4E93,0x4E93,0x4E93,0x4E93,0x4E93,
    0x4E93,0x4E93,0x4E93,0x2E83,0x2E83,0x0D83,0x2E83,0x0D83,0x0D83,0xEE72,0xCD72,0xCD72,
    0xCD72,0xCD72,0xCD72,0xCD72,0xCD72,0xCD72,0xAD62,0xAD62,0xAD62,0xAD62,0xAD62,0xAD62,
    0xAD62,0xAD62,0x6D52,0x6D52,0x6D52,0x6D52,0x6D52,0x6D52,0x6D52,0x2C42,0x2C42,0x2C42,
    0x2C42,0x2C42,0x2C42,0x2C42,0x2C42,0x2C42,0x2C42,0x2C42,0xEC31,0xEC31,0xCB31,0xCB31,
    0xCB31,0xCB31,0xEC31,0xEC31,0xEC31,0xCB31,0xEC31,0xEC31,0x0C3A,0x2C42,0x2C42,0x2C42,
    0x2C42,0x2C42,0x2C42,0x2C42,0x2C42,0x2C42,0x6D52,0x6D52,0x6D52,0x6D52,0x6D52,0xAD62,
    0xAD62,0xAD62,0xAD62,0xAD62,0xAD62,0xAD62,0xAD62,0xCD72,0xCD72,0xCD72,0xCD72,0xCD72,
    0xCD72,0x0E7B,0x0E7B,0x2E83,0x2E83,0x2E83,0x2E83,0x2E83,0x2E83,0x4E93,0x4E93,0x4E93,
    0x8F9B,0x8F9B,0x8F9B,0xAFA3,0xAFA3,0xAFA3,0xD0A3,0xD0A3,0x31B4,0x31B4,0x31B4,0x31B4,
    0x31B4,0x31B4,0x31B4,0x91C4,0xD2CC,0xD2CC,0xD2CC,0xD2CC,0xD2CC,0xD2CC,0x13D5,0x13D5,
    0x13D5,0x54DD,0x54DD,0x54DD,0xB5E5,0xB5E5,0xB5E5,0xB5E5,0xF6ED,0xF6ED,0x16EE,0x37F6,
    0x37F6,0x37F6,0x37F6,0x78FE,0xB8FE,0xB8FE,0xB8FE,0xB8FE,0xB8FE,0xB8FE,0x3AFF,0x3AFF,
    0x3AFF,0x3AFF,0x7CFF,0xBCFF,0xBCFF,0xBCFF,0xFFFF,0xFFFF,0xFFFF,0xFFFF,0xFFFF,0xFFFF,
    0xFFFF,0xFFFF,0xFFFF,0xFFFF,0xFFFF,0xFFFF,0xFFFF,0xFFFF,0xFFFF,0xFFFF,0xFFFF,0xFFFF,
    0xFFFF,0xFFFF,0xFFFF,0xFFFF,0xFFFF,0xFFFF,0xFFFF,0xBCFF,0xBCFF,0xBCFF,0x7CFF,0x3AFF,
    0x3AFF,0x3AFF,0x3AFF,0xB8FE,0xB8FE,0xB8FE,0xB8FE,0xB8FE,0x37F6,0x37F6,0x37F6,0x37F6,
    0x37F6,0xF6ED,0xF6ED,0xB5E5,0xB5E5,0xB5E5,0xB5E5,0x74E5,0x74E5,0x54DD,0x13D5,0x13D5,
    0x13D5,0xF2D4,0xF2D4,0xD2CC,0xD2CC,0xD2CC,0x91C4,0x71C4,0x71C4,0x71C4,0x71C4,0x31B4,
    0x31B4,0x31B4,0x31B4,0x31B4,0x31B4,0x31B4,0xF0B3,0xEFB3,0xEFB3,0xEFB3,0xAFA3,0xAFA3,
    0xAFA3,0xAFA3,0xAFA3,0xAFA3,0xAFA3,0x8F9B,0x4E93,0x4E93,0x4E93,0x4E93,0x4E93,0x4E93,
    0x4E93,0x4E93,0x2E83,0x2E83,0x0D83,0x0D83,0x2E83,0x0D83,0x0D83,0xCD72,0xCD72,0xCD72,
    0xCD72,0xCD72,0xCD72,0xCD72,0xCD72,0xCD72,0xAD62,0xAD62,0xAD62,0xAD62,0xAD62,0xAD62,
    0xAD62,0xAD62,0x8D5A,0x6D52,0x6D52,0x6D52,0x6D52,0x6D52,0x2C42,0x2C42,0x2C42,0x2C42,
    0x2C42,0x2C42,0x2C42,0x2C42,0x2C42,0x2C42,0x2C42,0x0C3A,0xEC31,0xEC31,0xCB31,0xCB31,
    0xCB31,0xCB31,0xCB31,0xCB31,0xEC31,0xCB31,0xCB31,0xEC31,0x2C42,0x0B42,0x2C42,0x2C42,
    0x2C42,0x2C42,0x2C42,0x2C42,0x2C42,0x2C42,0x6D52,0x6D52,0x6D52,0x6D52,0x8D5A,0x8D5A,
    0xAD62,0xAD62,0xAD62,0xAD62,0xAD62,0xAD62,0xAD62,0xCD72,0xCD72,0xCD72,0xCD72,0xCD72,
    0x0D7B,0x0E7B,0x0E7B,0x2E83,0x2E83,0x2E83,0x2E83,0x2E83,0x2E83,0x4E93,0x4E93,0x4E93,
    0x4E93,0x8F9B,0x8F9B,0xAFA3,0xAFA3,0xAFA3,0xD0A3,0xD0A3,0x31B4,0x31B4,0x31B4,0x31B4,
    0x31B4,0x31B4,0x31B4,0x91C4,0xD2CC,0xD2CC,0xD2CC,0xD2CC,0xD2CC,0xD2CC,0x13D5,0x13D5,
    0x13D5,0x54DD,0x54DD,0x95DD,0xB5E5,0xB5E5,0xB5E5,0xF6ED,0xF6ED,0xF6ED,0x16EE,0x37F6,
    0x37F6,0x37F6,0x37F6,0x78FE,0xB8FE,0xB8FE,0xB8FE,0xB8FE,0xB8FE,0xB8FE,0x3AFF,0x3AFF,
    0x3AFF,0x3AFF,0x7CFF,0xBCFF,0xBCFF,0xBCFF,0xFFFF,0xFFFF,0xFFFF,0xFFFF,0xFFFF,0xFFFF,
    0xFFFF,0xFFFF,0xFFFF,0xFFFF,0xFFFF,0xFFFF,0xFFFF,0xFFFF,0xFFFF,0xFFFF,0xFFFF,0xFFFF,
    0xFFFF,0xFFFF,0xFFFF,0xFFFF,0xFFFF,0xFFFF,0xBCFF,0xBCFF,0xBCFF,0xBCFF,0x7CFF,0x3AFF,
    0x3AFF,0x3AFF,0xFAFE,0xB8FE,0xB8FE,0xB8FE,0xB8FE,0x78FE,0x78FE,0x37F6,0x37F6,0x37F6,
    0x37F6,0xF6ED,0xF6ED,0xB5E5,0xB5E5,0xB5E5,0xB5E5,0x74E5,0x74E5,0x54DD,0x13D5,0x13D5,
    0x13D5,0xF2D4,0xF2D4,0xD2CC,0xD2CC,0xD2CC,0x91C4,0x71C4,0x71C4,0x71C4,0x71C4,0x31B4,
    0x31B4,0x31B4,0x31B4,0x31B4,0x31B4,0x31B4,0xF0B3,0xEFB3,0xF0B3,0xAFA3,0xAFA3,0xAFA3,
    0xAFA3,0xAFA3,0xAFA3,0xAFA3,0xAFA3,0x4E93,0x4E93,0x4E93,0x4E93,0x4E93,0x4E93,0x4E93,
    0x4E93,0x4E93,0x2E83,0x2E83,0x2E83,0x2E83,0x2E83,0x0D83,0x0D83,0xCD72,0xCD72,0xCD72,
    0xCD72,0xCD72,0xCD72,0xCD72,0xCD72,0xCD72,0xAD62,0xAD62,0xAD62,0xAD62,0xAD62,0xAD62,
    0xAD62,0xAD62,0x8D5A,0x6D52,0x6D52,0x6D52,0x6D52,0x6D52,0x2C42,0x2C42,0x2C42,0x2C42,
    0x2C42,0x2C42,0x2C42,0x2C42,0x2C42,0x2C42,0x2C42,0x2C42,0xEC31,0xEC31,0xEC31,0xCB31,
    0xCB31,0xCB31,0xEC31,0xEC31,0xEC31,0xEC31,0xEC31,0xEC31,0x0B3A,0x0B42,0x2C42,0x2C42,
    0x2C42,0x2C42,0x2C42,0x2C42,0x2C42,0x2C42,0x6D52,0x6D52,0x6D52,0x6D52,0x8D5A,0x8D5A,
    0x8D5A,0xAD62,0xAD62,0xAD62,0xAD62,0xAD62,0xAD62,0xEE72,0xCD72,0xCD72,0xCD72,0xCD72,
    0xCD72,0x0E7B,0x0E7B,0x2E83,0x2E83,0x2E83,0x2E83,0x2E83,0x2E83,0x4E93,0x4E93,0x8F9B,
    0x8F9B,0x8F9B,0x8F9B,0xAFA3,0xAFA3,0xAFA3,0xD0A3,0xD0A3,0xD0A3,0x31B4,0x31B4,0x31B4,
    0x31B4,0x31B4,0x31B4,0x71C4,0xD2CC,0xD2CC,0xD2CC,0xD2CC,0xD2CC,0xD2CC,0x13D5,0x13D5,
    0x13D5,0x54DD,0x54DD,0x95DD,0x95DD,0xB5E5,0xB5E5,0xB5E5,0xB5E5,0xF6ED,0x16EE,0x37F6,
    0x37F6,0x37F6,0x37F6,0x37F6,0x78FE,0xB8FE,0xB8FE,0xB8FE,0xB8FE,0xB8FE,0x3AFF,0x3AFF,
    0x3AFF,0x3AFF,0x3AFF,0x7CFF,0xBCFF,0xBCFF,0xBCFF,0xFFFF,0xFFFF,0xFFFF,0xFFFF,0xFFFF,
    0xFFFF,0xFFFF,0xFFFF,0xFFFF,0xFFFF,0xFFFF,0xFFFF,0xFFFF,0xFFFF,0xFFFF,0xFFFF,0xFFFF,
    0xFFFF,0xFFFF,0xFFFF,0xFFFF,0xFFFF,0xFFFF,0xBCFF,0xBCFF,0xBCFF,0x7CFF,0x3AFF,0x3AFF,
    0x3AFF,0x3AFF,0xB8FE,0xB8FE,0xB8FE,0xB8FE,0xB8FE,0x78FE,0x37F6,0x37F6,0x37F6,0x37F6,
    0x16EE,0xF6ED,0xF6ED,0xB5E5,0xB5E5,0xB5E5,0xB5E5,0xB5E5,0x54DD,0x54DD,0x13D5,0x13D5,
    0x13D5,0xF2D4,0xF2D4,0xD2CC,0xD2CC,0xD2CC,0x91C4,0x71C4,0x71C4,0x71C4,0x71C4,0x31B4,
    0x31B4,0x31B4,0x31B4,0x31B4,0x31B4,0x31B4,0xF0B3,0xEFB3,0xD0A3,0xAFA3,0xAFA3,0xAFA3,
    0xAFA3,0xAFA3,0xAFA3,0xAFA3,0xAFA3,0x4E93,0x4E93,0x4E93,0x4E93,0x4E93,0x4E93,0x4E93,
    0x4E93,0x4E93,0x2E83,0x2E83,0x2E83,0x2E83,0x2E83,0x0D83,0x0D83,0xCD72,0xCD72,0xCD72,
    0xCD72,0xCD72,0xCD72,0xCD72,0xCD72,0xAD62,0xAD62,0xAD62,0xAD62,0xAD62,0xAD62,0xAD62,
    0xAD62,0xAD62,0x8D5A,0x6D52,0x6D52,0x6D52,0x6D52,0x6D52,0x2C42,0x2C42,0x2C42,0x2C42,
    0x2C42,0x2C42,0x2C42,0x2C42,0x2C42,0x0B42,0x2C42,0x0C3A,0xEC31,0xEC31,0xEC31,0xEC31,
    0xCB31,0xCB31,0xCB31,0xEC31,0xEC31,0xEC31,0xCB31,0xEC31,0x0C3A,0x2C42,0x2C42,0x2C42,
    0x2C42,0x2C42,0x2C42,0x2C42,0x2C42,0x2C42,0x6D52,0x6D52,0x6D52,0x8D5A,0x8D5A,0x8D5A,
    0x8D5A,0xAD62,0xAD62,0xAD62,0xAD62,0xAD62,0xAD62,0xEE72,0xEE72,0xCD72,0xCD72,0xCD72,
    0xCD72,0x0E7B,0x0E7B,0x0E7B,0x2E83,0x2E83,0x2E83,0x2E83,0x2E83,0x4E93,0x4E93,0x8F9B,
    0x8F9B,0x8F9B,0x8F9B,0xAFA3,0xAFA3,0xAFA3,0xD0A3,0xD0A3,0x11AC,0x31B4,0x31B4,0x31B4,
    0x31B4,0x31B4,0x31B4,0x71C4,0xD2CC,0xD2CC,0xD2CC,0xD2CC,0xD2CC,0xD2CC,0x13D5,0x13D5,
    0x13D5,0x13D5,0x54DD,0x54DD,0x95DD,0xB5E5,0xB5E5,0xB5E5,0xB5E5,0xF6ED,0x16EE,0x16EE,
    0x37F6,0x37F6,0x37F6,0x37F6,0x37F6,0xB8FE,0xB8FE,0xB8FE,0xB8FE,0xB8FE,0xFAFE,0x3AFF,
    0x3AFF,0x3AFF,0x3AFF,0x7CFF,0xBCFF,0xBCFF,0xBCFF,0xBCFF,0xFFFF,0xFFFF,0xFFFF,0xFFFF,
    0xFFFF,0xFFFF,0xFFFF,0xFFFF,0xFFFF,0xFFFF,0xFFFF,0xFFFF,0xFFFF,0xFFFF,0xFFFF,0xFFFF,
    0xFFFF,0xFFFF,0xFFFF,0xFFFF,0xFFFF,0xBCFF,0xBCFF,0xBCFF,0x3AFF,0x3AFF,0x3AFF,0x3AFF,
    0x3AFF,0xFAFE,0xB8FE,0xB8FE,0xB8FE,0xB8FE,0xB8FE,0x78FE,0x37F6,0x37F6,0x37F6,0x37F6,
    0x16EE,0xF6ED,0xB5E5,0xB5E5,0xB5E5,0xB5E5,0xB5E5,0x74E5,0x54DD,0x54DD,0x13D5,0x13D5,
    0x13D5,0xF2D4,0xD2CC,0xD2CC,0xD2CC,0x91C4,0x91C4,0x71C4,0x71C4,0x71C4,0x31B4,0x31B4,
    0x31B4,0x31B4,0x31B4,0x31B4,0x31B4,0x31B4,0xF0B3,0xEFB3,0xD0A3,0xAFA3,0xAFA3,0xAFA3,
    0xAFA3,0xAFA3,0xAFA3,0xAFA3,0x6EA3,0x4E93,0x4E93,0x4E93,0x4E93,0x4E93,0x4E93,0x4E93,
    0x4E93,0x4E93,0x2E83,0x2E83,0x2E83,0x2E83,0x0D83,0x0D83,0x0D7B,0xCD72,0xCD72,0xCD72,
    0xCD72,0xCD72,0xCD72,0xCD72,0xCD72,0xAD62,0xAD62,0xAD62,0xAD62,0xAD62,0xAD62,0xAD62,
    0xAD62,0xAD62,0x8D5A,0x6D52,0x6D52,0x6D52,0x6D52,0x6D52,0x2C42,0x2C42,0x2C42,0x2C42,
    0x2C42,0x2C42,0x2C42,0x2C42,0x0B42,0x2C42,0x2C42,0x0C3A,0xEC31,0xEC31,0xEC31,0xEC31,
    0xCB31,0xCB31,0xCB31,0xCB31,0xEC31,0xEC31,0xCB31,0xEC31,0xEC31,0x0C3A,0x2C42,0x2C42,
    0x2C42,0x2C42,0x2C42,0x2C42,0x2C42,0x2C42,0x6D52,0x6D52,0x8D5A,0x8D5A,0x8D5A,0xAD62,
    0xAD62,0xAD62,0xAD62,0xCE6A,0xCE6A,0xCE6A,0xAD62,0xEE72,0xEE72,0xEE72,0xCD72,0xCD72,
    0xCD72,0x0E7B,0x0E7B,0x0E7B,0x2E83,0x2E83,0x2E83,0x2E83,0x2E83,0x2E83,0x4E93,0x8F9B,
    0x8F9B,0x8F9B,0x8F9B,0x8F9B,0xAFA3,0xAFA3,0xD0A3,0xD0A3,0x11AC,0x31B4,0x31B4,0x31B4,
    0x31B4,0x31B4,0x31B4,0x31B4,0xD2CC,0xD2CC,0xD2CC,0xD2CC,0xD2CC,0xD2CC,0x13CD,0x13D5,
    0x13D5,0x13D5,0x54DD,0x54DD,0x95DD,0xB5E5,0xB5E5,0xB5E5,0xF6ED,0xF6ED,0xF6ED,0x16EE,
    0x37F6,0x37F6,0x37F6,0x37F6,0x37F6,0x78FE,0xB8FE,0xB8FE,0xB8FE,0xB8FE,0xB8FE,0xFAFE,
    0x3AFF,0x3AFF,0x3AFF,0x3AFF,0x7CFF,0xBCFF,0xBCFF,0xBCFF,0xBCFF,0xFFFF,0xFFFF,0xFFFF,
    0xFFFF,0xFFFF,0xFFFF,0xFFFF,0xFFFF,0xFFFF,0xFFFF,0xFFFF,0xFFFF,0xFFFF,0xFFFF,0xFFFF,
    0xFFFF,0xFFFF,0xFFFF,0xFFFF,0xBCFF,0xBCFF,0xBCFF,0x7CFF,0x3AFF,0x3AFF,0x3AFF,0x3AFF,
    0x3AFF,0xFAFE,0xB8FE,0xB8FE,0xB8FE,0xB8FE,0xB8FE,0x37F6,0x37F6,0x37F6,0x37F6,0x37F6,
    0xF6ED,0xF6ED,0xB5E5,0xB5E5,0xB5E5,0xB5E5,0xB5E5,0x54DD,0x54DD,0x54DD,0x13D5,0x13D5,
    0x13D5,0xF2D4,0xD2CC,0xD2CC,0xD2CC,0x91C4,0x91C4,0x71C4,0x71C4,0x71C4,0x31B4,0x31B4,
    0x31B4,0x31B4,0x31B4,0x31B4,0x31B4,0x31B4,0xF0B3,0xEFB3,0xD0A3,0xAFA3,0xAFA3,0xAFA3,
    0xAFA3,0xAFA3,0xAFA3,0xAFA3,0x6EA3,0x4E93,0x4E93,0x4E93,0x4E93,0x4E93,0x4E93,0x4E93,
    0x4E93,0x4E93,0x2E83,0x2E83,0x2E83,0x2E83,0x0D83,0x0D83,0x0D7B,0xCD72,0xCD72,0xCD72,
    0xCD72,0xCD72,0xCD72,0xCD72,0xCD72,0xAD62,0xAD62,0xAD62,0xAD62,0xAD62,0xAD62,0xAD62,
    0xAD62,0xAD62,0x8D5A,0x6D52,0x6D52,0x6D52,0x6D52,0x6D52,0x2C42,0x2C42,0x2C42,0x2C42,
    0x2C42,0x2C42,0x2C42,0x2C42,0x0B42,0x0B42,0x2C42,0xEC31,0xEC31,0xEC31,0xEC31,0xEC31,
    0xCB31,0xCB31,0xEC31,0xCB31,0xEC31,0xEC31,0xCB31,0xCB31,0x0C3A,0x0C3A,0x2C42,0x2C42,
    0x2C42,0x2C42,0x2C42,0x2C42,0x2C42,0x2C42,0x6D52,0x6D52,0x8D5A,0x8D5A,0x8D5A,0xAD62,
    0xAD62,0xAD62,0xAD62,0xCE6A,0xCE6A,0xCE6A,0xCE6A,0xAD62,0xCD72,0x0E7B,0x0E7B,0xCD72,
    0xCD72,0x0E7B,0x0E7B,0x2E83,0x2E83,0x2E83,0x2E83,0x2E83,0x2E83,0x2E83,0x4E93,0x8F9B,
    0x8F9B,0x8F9B,0x8F9B,0x8F9B,0xAFA3,0xAFA3,0xAFA3,0xD0A3,0x11AC,0x11AC,0x31B4,0x31B4,
    0x31B4,0x31B4,0x31B4,0x31B4,0x91C4,0xD2CC,0xD2CC,0xD2CC,0xD2CC,0xD2CC,0xD2CC,0x13D5,
    0x13D5,0x54DD,0x54DD,0x54DD,0x54DD,0xB5E5,0xB5E5,0xB5E5,0xB5E5,0xF6ED,0xF6ED,0x16EE,
    0x37F6,0x37F6,0x37F6,0x37F6,0x78FE,0x78FE,0xB8FE,0xB8FE,0xB8FE,0xB8FE,0xB8FE,0xFAFE,
    0x3AFF,0x3AFF,0x3AFF,0x3AFF,0x3AFF,0x7CFF,0xBCFF,0xBCFF,0xBCFF,0xBCFF,0xFFFF,0xFFFF,
    0xFFFF,0xFFFF,0xFFFF,0xFFFF,0xFFFF,0xFFFF,0xFFFF,0xFFFF,0xFFFF,0xFFFF,0xFFFF,0xFFFF,
    0xFFFF,0xFFFF,0xFFFF,0xBCFF,0xBCFF,0xBCFF,0xBCFF,0x7CFF,0x3AFF,0x3AFF,0x3AFF,0x3AFF,
    0xFAFE,0xFAFE,0xB8FE,0xB8FE,0xB8FE,0xB8FE,0xB8FE,0x37F6,0x37F6,0x37F6,0x37F6,0x16EE,
    0xF6ED,0xF6ED,0xB5E5,0xB5E5,0xB5E5,0xB5E5,0xB5E5,0x54DD,0x54DD,0x13D5,0x13D5,0x13D5,
    0x13D5,0xD2CC,0xD2CC,0xD2CC,0xD2CC,0x91C4,0x71C4,0x71C4,0x71C4,0x71C4,0x71C4,0x31B4,
    0x31B4,0x31B4,0x31B4,0x31B4,0x31B4,0x31B4,0xF0B3,0xAFA3,0xAFA3,0xAFA3,0xAFA3,0xAFA3,
    0xAFA3,0xAFA3,0xAFA3,0xAFA3,0x4E93,0x4E93,0x4E93,0x4E93,0x4E93,0x4E93,0x4E93,0x4E93,
    0x4E93,0x2E83,0x2E83,0x2E83,0x2E83,0x2E83,0x2E83,0x0D83,0x0D7B,0xCD72,0xCD72,0xCD72,
    0xCD72,0xCD72,0xCD72,0xCD72,0xAD62,0xAD62,0xAD62,0xAD62,0xAD62,0xAD62,0xAD62,0xAD62,
    0xAD62,0xAD62,0x8D5A,0x8D5A,0x6D52,0x6D52,0x6D52,0x2C42,0x2C42,0x2C42,0x2C42,0x2C42,
    0x2C42,0x2C42,0x2C42,0x2C42,0x2C42,0x0B42,0x0C3A,0xEC31,0xEC31,0xEC31,0xEC31,0xEC31,
    0xCB31,0xCB31,0xCB31,0xCB31,0xCB31,0xEC31,0xCB31,0xEC31,0xEC31,0x2C42,0x2C42,0x2C42,
    0x2C42,0x2C42,0x2C42,0x2C42,0x2C42,0x2C42,0x6D52,0x6D52,0x8D5A,0x8D5A,0x8D5A,0x8D5A,
    0xAD62,0xCE6A,0xCE6A,0xCE6A,0xCE6A,0xCE6A,0xEE72,0xEE72,0xCD72,0xEE72,0x0E7B,0xEE72,
    0xEE72,0x0D7B,0x0E7B,0x2E83,0x2E83,0x2E83,0x2E83,0x2E83,0x2E83,0x4E93,0x4E93,0x4E93,
    0x4E93,0x8F9B,0x8F9B,0x8F9B,0xAFA3,0xD0A3,0xAFA3,0xD0A3,0xD0A3,0x11AC,0x31B4,0x31B4,
    0x31B4,0x31B4,0x31B4,0x31B4,0x31B4,0xD2CC,0xD2CC,0xD2CC,0xD2CC,0xD2CC,0xD2CC,0x13D5,
    0x13D5,0x54DD,0x54DD,0x54DD,0x54DD,0x74E5,0xB5E5,0xB5E5,0xB5E5,0xF6ED,0xF6ED,0xF6ED,
    0x16EE,0x37F6,0x37F6,0x37F6,0x78FE,0x78FE,0x78FE,0xB8FE,0xB8FE,0xB8FE,0xB8FE,0xB8FE,
    0xFAFE,0x3AFF,0x3AFF,0x3AFF,0x3AFF,0x3AFF,0x7CFF,0xBCFF,0xBCFF,0xBCFF,0xBCFF,0xBCFF,
    0xFFFF,0xFFFF,0xFFFF,0xFFFF,0xFFFF,0xFFFF,0xFFFF,0xFFFF,0xFFFF,0xFFFF,0xFFFF,0xFFFF,
    0xFFFF,0xFFFF,0xBCFF,0xBCFF,0xBCFF,0x7CFF,0x3AFF,0x3AFF,0x3AFF,0x3AFF,0x3AFF,0x3AFF,
    0xFAFE,0xB8FE,0xB8FE,0xB8FE,0xB8FE,0x78FE,0x78FE,0x37F6,0x37F6,0x37F6,0x37F6,0x16EE,
    0xF6ED,0xB5E5,0xB5E5,0xB5E5,0xB5E5,0xB5E5,0xB5E5,0x54DD,0x13D5,0x13D5,0x13D5,0x13D5,
    0x13D5,0xD2CC,0xD2CC,0xD2CC,0x91C4,0x91C4,0x71C4,0x71C4,0x71C4,0x71C4,0x31B4,0x31B4,
    0x31B4,0x31B4,0x31B4,0x31B4,0x31B4,0x31B4,0xEFB3,0xEFB3,0xAFA3,0xAFA3,0xAFA3,0xAFA3,
    0xAFA3,0xAFA3,0xAFA3,0xAFA3,0x4E93,0x4E93,0x4E93,0x4E93,0x4E93,0x4E93,0x4E93,0x4E93,
    0x2E83,0x2E83,0x2E83,0x2E83,0x2E83,0x2E83,0x2E83,0x0D83,0x0D7B,0xCD72,0xCD72,0xCD72,
    0xCD72,0xCD72,0xCD72,0xCD72,0xAD62,0xAD62,0xAD62,0xAD62,0xAD62,0xAD62,0xAD62,0xAD62,
    0xAD62,0xAD62,0x8D5A,0x6D52,0x6D52,0x6D52,0x6D52,0x2C42,0x2C42,0x2C42,0x2C42,0x2C42,
    0x2C42,0x2C42,0x2C42,0x0B42,0x2C42,0x2C42,0xEC31,0xEC31,0xEC31,0xEC31,0xEC31,0xEC31,
    0xEC31,0xCB31,0xCB31,0xCB31,0xEC31,0xEC31,0xEC31,0xEC31,0xEC31,0x2C42,0x2C42,0x2C42,
    0x2C42,0x2C42,0x2C42,0x2C42,0x2C42,0x6D52,0x6D52,0x8D5A,0x8D5A,0x8D5A,0x8D5A,0x8D5A,
    0xCE6A,0xCE6A,0xCE6A,0xCE6A,0xCE6A,0xCE6A,0xEE72,0xEE72,0xEE72,0xEE72,0x0E7B,0x0E7B,
    0x0E7B,0x0E7B,0x0E7B,0x0E7B,0x2E83,0x2E83,0x2E83,0x2E83,0x2E83,0x4E93,0x4E93,0x4E93,
    0x4E93,0x8F9B,0x8F9B,0x8F9B,0xAFA3,0xD0A3,0xAFA3,0xD0A3,0xD0A3,0x11AC,0x31B4,0x31B4,
    0x31B4,0x31B4,0x31B4,0x31B4,0x71C4,0xD2CC,0xD2CC,0xD2CC,0xD2CC,0xD2CC,0xD2CC,0x13D5,
    0x13D5,0x13D5,0x54DD,0x54DD,0x54DD,0x95DD,0xB5E5,0xB5E5,0xB5E5,0xB5E5,0xF6ED,0xF6ED,
    0x16EE,0x37F6,0x37F6,0x37F6,0x37F6,0x37F6,0x78FE,0xB8FE,0xB8FE,0xB8FE,0xB8FE,0xB8FE,
    0xB8FE,0xFAFE,0x3AFF,0x3AFF,0x3AFF,0x3AFF,0x3AFF,0x7CFF,0xBCFF,0xBCFF,0xBCFF,0xBCFF,
    0xBCFF,0xBCFF,0xFFFF,0xFFFF,0xFFFF,0xFFFF,0xFFFF,0xFFFF,0xFFFF,0xFFFF,0xFFFF,0xFFFF,
    0xBCFF,0xBCFF,0xBCFF,0xBCFF,0xBCFF,0x7CFF,0x3AFF,0x3AFF,0x3AFF,0x3AFF,0x3AFF,0x3AFF,
    0xB8FE,0xB8FE,0xB8FE,0xB8FE,0x78FE,0x78FE,0x37F6,0x37F6,0x37F6,0x37F6,0x37F6,0xF6ED,
    0xF6ED,0xB5E5,0xB5E5,0xB5E5,0xB5E5,0xB5E5,0x74E5,0x54DD,0x13D5,0x13D5,0x13D5,0x13D5,
    0xF2D4,0xD2CC,0xD2CC,0xD2CC,0xD2CC,0xD2CC,0x91C4,0x71C4,0x71C4,0x71C4,0x31B4,0x31B4,
    0x31B4,0x31B4,0x31B4,0x31B4,0x31B4,0x31B4,0xEFB3,0xAFA3,0xAFA3,0xAFA3,0xAFA3,0xAFA3,
    0xAFA3,0xAFA3,0xAFA3,0x6EA3,0x4E93,0x4E93,0x4E93,0x4E93,0x4E93,0x4E93,0x4E93,0x4E93,
    0x2E83,0x2E83,0x0D83,0x2E83,0x2E83,0x2E83,0x0D83,0x0D83,0xCD72,0xCD72,0xCD72,0xCD72,
    0xCD72,0xCD72,0xCD72,0xCD72,0xAD62,0xAD62,0xAD62,0xAD62,0xAD62,0xAD62,0xAD62,0xAD62,
    0xAD62,0x8D5A,0x6D52,0x6D52,0x6D52,0x6D52,0x6D52,0x2C42,0x2C42,0x2C42,0x2C42,0x2C42,
    0x2C42,0x2C42,0x2C42,0x0B42,0x2C42,0x2C42,0xEC31,0xEC31,0xEC31,0xEC31,0xEC31,0xEC31,
    0xEC31,0xEC31,0xCB31,0xCB31,0xCB31,0xEC31,0xEC31,0xEC31,0xEC31,0x2C42,0x2C42,0x2C42,
    0x2C42,0x2C42,0x2C42,0x2C42,0x6D52,0x6D52,0x6D52,0x8D5A,0x8D5A,0x8D5A,0x8D5A,0x8D5A,
    0xCE6A,0xCE6A,0xCE6A,0xCE6A,0xCE6A,0xCE6A,0xCE6A,0x0E7B,0xEE72,0xEE72,0x0E7B,0x0E7B,
    0x0E7B,0x0E7B,0x0E7B,0x0E7B,0x2E83,0x2E83,0x2E83,0x2E83,0x2E83,0x4E93,0x4E93,0x4E93,
    0x8F9B,0x8F9B,0x8F9B,0x8F9B,0x8F9B,0xAFA3,0xD0A3,0xD0A3,0xD0A3,0x11AC,0x31B4,0x31B4,
    0x31B4,0x31B4,0x31B4,0x31B4,0x31B4,0x91C4,0xD2CC,0xD2CC,0xD2CC,0xD2CC,0xD2CC,0x13CD,
    0x13D5,0x13D5,0x54DD,0x54DD,0x54DD,0x95DD,0xB5E5,0xB5E5,0xB5E5,0xF6ED,0xF6ED,0xF6ED,
    0x16EE,0x16EE,0x37F6,0x37F6,0x37F6,0x78FE,0x78FE,0xB8FE,0xB8FE,0xB8FE,0xB8FE,0xB8FE,
    0xB8FE,0xB8FE,0xFAFE,0x3AFF,0x3AFF,0x3AFF,0x3AFF,0x3AFF,0x7CFF,0xBCFF,0xBCFF,0xBCFF,
    0xBCFF,0xBCFF,0xBCFF,0xBCFF,0xBCFF,0xBCFF,0xBCFF,0xBCFF,0xBCFF,0xBCFF,0xBCFF,0xBCFF,
    0xBCFF,0xBCFF,0xBCFF,0xBCFF,0x7CFF,0x3AFF,0x3AFF,0x3AFF,0x3AFF,0x3AFF,0x3AFF,0xFAFE,
    0xB8FE,0xB8FE,0xB8FE,0xB8FE,0x78FE,0x37F6,0x37F6,0x37F6,0x37F6,0x37F6,0x16EE,0xF6ED,
    0xB5E5,0xB5E5,0xB5E5,0xB5E5,0xB5E5,0xB5E5,0x54DD,0x54DD,0x54DD,0x13D5,0x13D5,0x13D5,
    0xF2D4,0xD2CC,0xD2CC,0xD2CC,0x91C4,0xD2CC,0x91C4,0x71C4,0x71C4,0x71C4,0x31B4,0x31B4,
    0x31B4,0x31B4,0x31B4,0x31B4,0x31B4,0x31B4,0xEFB3,0xAFA3,0xAFA3,0xAFA3,0xAFA3,0xAFA3,
    0xAFA3,0xAFA3,0xAFA3,0x6EA3,0x4E93,0x4E93,0x4E93,0x4E93,0x4E93,0x4E93,0x4E93,0x4E93,
    0x2E83,0x2E83,0x2E83,0x2E83,0x2E83,0x2E83,0x2E83,0x2E83,0xEE72,0xCD72,0xCD72,0xCD72,
    0xCD72,0xCD72,0xCD72,0xCD72,0xAD62,0xAD62,0xAD62,0xAD62,0xAD62,0xAD62,0xAD62,0xAD62,
    0xAD62,0x8D5A,0x8D5A,0x6D52,0x6D52,0x6D52,0x6D52,0x2C42,0x2C42,0x2C42,0x2C42,0x2C42,
    0x2C42,0x2C42,0x2C42,0x2C42,0x0B3A,0xEC31,0xEC31,0xEC31,0xEC31,0xEC31,0xEC31,0xEC31,
    0xEC31,0xEC31,0xEC31,0xEC31,0xCB31,0xEC31,0xEC31,0xEC31,0xEC31,0x2C42,0x2C42,0x2C42,
    0x2C42,0x2C42,0x2C42,0x2C42,0x6D52,0x6D52,0x6D52,0x8E5A,0x8D5A,0x8D5A,0x8D5A,0x8D5A,
    0xAD62,0xCE6A,0xCE6A,0xCE6A,0xCE6A,0xCE6A,0xCE6A,0xEE72,0xEE72,0x0E7B,0x0E7B,0x0E7B,
    0x2E83,0x2E83,0x2E83,0x2E83,0x2E83,0x2E83,0x2E83,0x2E83,0x2E83,0x4E93,0x4E93,0x4E93,
    0x8F9B,0x8F9B,0x8F9B,0x8F9B,0x8F9B,0xD0A3,0xD0A3,0xD0A3,0xD0A3,0xD0A3,0x11AC,0x31B4,
    0x31B4,0x31B4,0x31B4,0x31B4,0x31B4,0x91C4,0xD2CC,0xD2CC,0xD2CC,0xD2CC,0xD2CC,0xD2CC,
    0x13D5,0x13D5,0x54DD,0x54DD,0x54DD,0x54DD,0x54DD,0xB5E5,0xB5E5,0xF6ED,0xF6ED,0xF6ED,
    0x16EE,0x16EE,0x37F6,0x37F6,0x37F6,0x78FE,0x78FE,0xB8FE,0xB8FE,0xB8FE,0xB8FE,0xB8FE,
    0xB8FE,0xB8FE,0xB8FE,0xFAFE,0x3AFF,0x3AFF,0x3AFF,0x3AFF,0x3AFF,0x3AFF,0x7CFF,0xBCFF,
    0xBCFF,0xBCFF,0xBCFF,0xBCFF,0xBCFF,0xBCFF,0xBCFF,0xBCFF,0xBCFF,0xBCFF,0xBCFF,0xBCFF,
    0xBCFF,0xBCFF,0x3AFF,0x3AFF,0x3AFF,0x3AFF,0x3AFF,0x3AFF,0x3AFF,0x3AFF,0xFAFE,0xB8FE,
    0xB8FE,0xB8FE,0xB8FE,0xB8FE,0x78FE,0x37F6,0x37F6,0x37F6,0x37F6,0x16EE,0xF6ED,0xF6ED,
    0xB5E5,0xB5E5,0xB5E5,0xB5E5,0xB5E5,0x74E5,0x54DD,0x54DD,0x13D5,0x13D5,0x13D5,0x13D5,
    0xD2CC,0xD2CC,0xD2CC,0xD2CC,0x91C4,0x91C4,0x71C4,0x71C4,0x71C4,0x31B4,0x31B4,0x31B4,
    0x31B4,0x31B4,0x31B4,0x31B4,0x31B4,0x31B4,0xAFA3,0xAFA3,0xAFA3,0xAFA3,0xAFA3,0xAFA3,
    0xAFA3,0xAFA3,0xAFA3,0x6EA3,0x4E93,0x4E93,0x4E93,0x4E93,0x4E93,0x4E93,0x4E93,0x4E93,
    0x2E83,0x2E83,0x2E83,0x2E83,0x2E83,0x2E83,0x2E83,0x0D83,0xEE72,0xCD72,0xCD72,0xCD72,
    0xCD72,0xCD72,0xCD72,0xAD62,0xAD62,0xAD62,0xAD62,0xAD62,0xAD62,0xAD62,0xAD62,0xAD62,
    0xAD62,0x8D5A,0x6D52,0x6D52,0x6D52,0x6D52,0x6D52,0x6D52,0x2C42,0x2C42,0x2C42,0x2C42,
    0x2C42,0x2C42,0x2C42,0x2C42,0x0C3A,0xEC31,0xEC31,0xEC31,0xEC31,0xEC31,0xEC31,0xEC31,
    0xCB31,0xCB31,0xCB31,0xEC31,0xCB31,0xCB31,0xEC31,0xEC31,0xEC31,0x2C42,0x2C42,0x2C42,
    0x2C42,0x2C42,0x2C42,0x2C42,0x6D52,0x6D52,0x6D52,0x8E5A,0x8E5A,0x8D5A,0x8D5A,0x8D5A,
    0xAD62,0xCE6A,0xCE6A,0xCE6A,0xCE6A,0xCE6A,0xCE6A,0xEE72,0xEE72,0x0E7B,0x0E7B,0x0E7B,
    0x2E83,0x2E83,0x2E83,0x2E83,0x2E83,0x2E83,0x2E83,0x2E83,0x2E83,0x2E83,0x4E93,0x4E93,
    0x4E93,0x8F9B,0x8F9B,0x8F9B,0x8F9B,0xD0A3,0xD0A3,0xD0A3,0xD0A3,0xD0A3,0x11AC,0x31B4,
    0x31B4,0x31B4,0x31B4,0x31B4,0x31B4,0x91BC,0xD2CC,0xD2CC,0xD2CC,0xD2CC,0xD2CC,0xD2CC,
    0x13D5,0x13D5,0x13D5,0x54DD,0x54DD,0x54DD,0x95DD,0xB5E5,0xB5E5,0xB5E5,0xF6ED,0xF6ED,
    0x16EE,0x16EE,0x16EE,0x37F6,0x37F6,0x37F6,0x78FE,0x78FE,0xB8FE,0xB8FE,0xB8FE,0xB8FE,
    0xB8FE,0xB8FE,0xB8FE,0xB8FE,0xFAFE,0x3AFF,0x3AFF,0x3AFF,0x3AFF,0x3AFF,0x3AFF,0x3AFF,
    0x7CFF,0x7CFF,0x7CFF,0xBCFF,0xBCFF,0xBCFF,0xBCFF,0xBCFF,0xBCFF,0xBCFF,0xBCFF,0x7CFF,
    0x7CFF,0x7CFF,0x3AFF,0x3AFF,0x3AFF,0x3AFF,0x3AFF,0x3AFF,0xFAFE,0xFAFE,0xB8FE,0xB8FE,
    0xB8FE,0xB8FE,0xB8FE,0x78FE,0x37F6,0x37F6,0x37F6,0x37F6,0x37F6,0x16EE,0xF6ED,0xB5E5,
    0xB5E5,0xB5E5,0xB5E5,0xB5E5,0xB5E5,0x54DD,0x54DD,0x54DD,0x54DD,0x13D5,0x13D5,0x13D5,
    0xD2CC,0xD2CC,0xD2CC,0xD2CC,0x91C4,0x91C4,0x71C4,0x71C4,0x71C4,0x31B4,0x31B4,0x31B4,
    0x31B4,0x31B4,0x31B4,0x31B4,0x31B4,0x31B4,0xAFA3,0xAFA3,0xAFA3,0xAFA3,0xAFA3,0xAFA3,
    0xAFA3,0xAFA3,0x4E93,0x4E93,0x4E93,0x4E93,0x4E93,0x4E93,0x4E93,0x4E93,0x4E93,0x2E83,
    0x2E83,0x2E83,0x2E83,0x0D83,0x2E83,0x0D83,0x0D83,0x0D7B,0xEE72,0xCD72,0xCD72,0xCD72,
    0xCD72,0xCD72,0xCD72,0xAD62,0xAD62,0xAD62,0xAD62,0xAD62,0xAD62,0xAD62,0xAD62,0xAD62,
    0xAD62,0x8D5A,0x6D52,0x6D52,0x6D52,0x6D52,0x6D52,0x2C42,0x2C42,0x2C42,0x2C42,0x2C42,
    0x2C42,0x2C42,0x2C42,0x2C42,0x0C3A,0xEC31,0xEC31,0xEC31,0xEC31,0xEC31,0xEC31,0xEC31,
    0xEC31,0xCB31,0xCB31,0xCB31,0xCB31,0xEC31,0xEC31,0xEC31,0xEC31,0x0C3A,0x2C42,0x2C42,
    0x2C42,0x2C42,0x2C42,0x2C42,0x6D52,0x6D52,0x6D52,0x8D5A,0x8E5A,0x8E5A,0x8D5A,0x8D5A,
    0xCE6A,0xCE6A,0xCE6A,0xCE6A,0xCE6A,0xCE6A,0xCE6A,0x0E7B,0xEE72,0x0E7B,0x0E7B,0x0E7B,
    0x0E7B,0x2E83,0x2E83,0x2E83,0x2E83,0x2E83,0x2E83,0x2E83,0x2E83,0x2E83,0x4E93,0x4E93,
    0x4E93,0x8F9B,0x8F9B,0x8F9B,0x8F9B,0xAFA3,0xD0A3,0xD0A3,0xD0A3,0xD0A3,0x11AC,0x31B4,
    0x31B4,0x31B4,0x31B4,0x31B4,0x31B4,0x91BC,0xD2CC,0xD2CC,0xD2CC,0xD2CC,0xD2CC,0xD2CC,
    0xD2CC,0x13D5,0x13D5,0x54DD,0x54DD,0x54DD,0x54DD,0xB5E5,0xB5E5,0xB5E5,0xF6ED,0xF6ED,
    0x16EE,0x16EE,0x37F6,0x37F6,0x37F6,0x37F6,0x78FE,0x78FE,0x78FE,0xB8FE,0xB8FE,0xB8FE,
    0xB8FE,0xB8FE,0xB8FE,0xB8FE,0xB8FE,0xFAFE,0x3AFF,0x3AFF,0x3AFF,0x3AFF,0x3AFF,0x3AFF,
    0x3AFF,0x3AFF,0x3AFF,0x7CFF,0x7CFF,0x7CFF,0x7CFF,0x7CFF,0x7CFF,0x7CFF,0x7CFF,0x3AFF,
    0x3AFF,0x3AFF,0x3AFF,0x3AFF,0x3AFF,0x3AFF,0xFAFE,0xB8FE,0xFAFE,0xB8FE,0xB8FE,0xB8FE,
    0xB8FE,0xB8FE,0x78FE,0x37F6,0x37F6,0x37F6,0x37F6,0x37F6,0x16EE,0xF6ED,0xF6ED,0xB5E5,
    0xB5E5,0xB5E5,0xB5E5,0xB5E5,0x54DD,0x54DD,0x54DD,0x54DD,0x13D5,0x13D5,0x13D5,0xD2CC,
    0xD2CC,0xD2CC,0xD2CC,0x91C4,0xD2CC,0x91C4,0x71C4,0x71C4,0x71C4,0x31B4,0x31B4,0x31B4,
    0x31B4,0x31B4,0x31B4,0x31B4,0x31B4,0x31B4,0xAFA3,0xAFA3,0xAFA3,0xAFA3,0xAFA3,0xAFA3,
    0xAFA3,0x8F9B,0x4E93,0x4E93,0x4E93,0x4E93,0x4E93,0x4E93,0x4E93,0x4E93,0x2E83,0x2E83,
    0x2E83,0x2E83,0x2E83,0x2E83,0x2E83,0x2E83,0x2E83,0xCD72,0xCD72,0xCD72,0xCD72,0xCD72,
    0xCD72,0xCD72,0xCD72,0xAD62,0xAD62,0xAD62,0xAD62,0xAD62,0xAD62,0xAD62,0xAD62,0xAD62,
    0xAD62,0x8D5A,0x6D52,0x6D52,0x6D52,0x6D52,0x6D52,0x2C42,0x2C42,0x2C42,0x2C42,0x2C42,
    0x2C42,0x2C42,0x2C42,0x0C3A,0x0C3A,0xCB31,0xCB31,0xEC31,0xEC31,0xEC31,0xEC31,0xEC31,
    0xEC31,0xCB31,0xCB31,0xCB31,0xEC31,0xEC31,0xEC31,0xEC31,0xEC31,0x0C3A,0x2C42,0x2C42,
    0x2C42,0x2C42,0x2C42,0x2C42,0x6D52,0x6D52,0x8D5A,0x6D52,0x8D5A,0x8E5A,0xCE6A,0xCE6A,
    0xCE6A,0xCE6A,0xCE6A,0xCE6A,0xCE6A,0xCE6A,0xEE72,0xEE72,0x0E7B,0x0E7B,0x0E7B,0x0E7B,
    0x0E7B,0x2E83,0x2E83,0x2E83,0x2E83,0x2E83,0x2E83,0x2E83,0x2E83,0x2E83,0x2E83,0x4E93,
    0x4E93,0x4E93,0x8F9B,0x8F9B,0x8F9B,0x8F9B,0xAFA3,0xD0A3,0xD0A3,0xD0A3,0x11AC,0x11AC,
    0x31B4,0x31B4,0x31B4,0x31B4,0x31B4,0x31B4,0xD2CC,0xD2CC,0xD2CC,0xD2CC,0xD2CC,0xD2CC,
    0xD2CC,0x13D5,0x13D5,0x13D5,0x54DD,0x54DD,0x54DD,0x95DD,0xB5E5,0xB5E5,0xB5E5,0xF6ED,
    0xF6ED,0x16EE,0x16EE,0x37F6,0x37F6,0x37F6,0x37F6,0x37F6,0x78FE,0x78FE,0xB8FE,0xB8FE,
    0xB8FE,0xB8FE,0xB8FE,0xB8FE,0xB8FE,0xB8FE,0xFAFE,0x3AFF,0x3AFF,0x3AFF,0x3AFF,0x3AFF,
    0x3AFF,0x3AFF,0x3AFF,0x3AFF,0x3AFF,0x3AFF,0x3AFF,0x3AFF,0x3AFF,0x3AFF,0x3AFF,0x3AFF,
    0x3AFF,0x3AFF,0x3AFF,0x3AFF,0x3AFF,0xFAFE,0xB8FE,0xB8FE,0xB8FE,0xB8FE,0xB8FE,0xB8FE,
    0xB8FE,0x78FE,0x78FE,0x37F6,0x37F6,0x37F6,0x37F6,0x16EE,0x16EE,0xF6ED,0xB5E5,0xB5E5,
    0xB5E5,0xB5E5,0xB5E5,0xB5E5,0x54DD,0x54DD,0x54DD,0x13D5,0x13D5,0x13D5,0x13D5,0xD2CC,
    0xD2CC,0xD2CC,0xD2CC,0x91C4,0x91C4,0x91C4,0x71C4,0x71C4,0x31B4,0x31B4,0x31B4,0x31B4,
    0x31B4,0x31B4,0x31B4,0x31B4,0x31B4,0xAFA3,0xAFA3,0xAFA3,0xAFA3,0xAFA3,0xAFA3,0xAFA3,
    0xAFA3,0x8F9B,0x4E93,0x4E93,0x4E93,0x4E93,0x4E93,0x4E93,0x4E93,0x4E93,0x2E83,0x2E83,
    0x2E83,0x2E83,0x2E83,0x2E83,0x2E83,0x0D83,0x0D83,0xCD72,0xCD72,0xCD72,0xCD72,0xCD72,
    0xCD72,0xCD72,0xAD62,0xAD62,0xAD62,0xAD62,0xAD62,0xAD62,0xAD62,0xAD62,0xAD62,0xAD62,
    0xAD62,0x8D5A,0x6D52,0x6D52,0x6D52,0x6D52,0x6D52,0x2C42,0x2C42,0x2C42,0x2C42,0x2C42,
    0x2C42,0x2C42,0x2C42,0xEC31,0xCB31,0xCB31,0xCB31,0xEC31,0xEC31,0xEC31,0xEC31,0xEC31,
    0xEC31,0xCB31,0xCB31,0xCB31,0xEC31,0xEC31,0xEC31,0xEC31,0xEC31,0x0C3A,0x2C42,0x2C42,
    0x2C42,0x2C42,0x2C42,0x2C42,0x6D52,0x6D52,0x8D5A,0x8D5A,0x8E5A,0x8E5A,0x8E5A,0xCE6A,
    0xCE6A,0xCE6A,0xCE6A,0xCE6A,0xCE6A,0xCE6A,0xCE6A,0xEE72,0x0E7B,0x0E7B,0x0E7B,0x0E7B,
    0x0E7B,0x2E83,0x2E83,0x2E83,0x2E83,0x2E83,0x2E83,0x2E83,0x2E83,0x2E83,0x2E83,0x2E83,
    0x4E93,0x4E93,0x4E93,0x8F9B,0x8F9B,0x8F9B,0xAFA3,0xD0A3,0xD0A3,0xD0A3,0xD0A3,0x11AC,
    0x11AC,0x31B4,0x31B4,0x31B4,0x31B4,0x31B4,0x91BC,0xD2CC,0xD2CC,0xD2CC,0xD2CC,0xD2CC,
    0xD2CC,0xD2CC,0x13D5,0x13D5,0x54DD,0x54DD,0x54DD,0x54DD,0xB5E5,0xB5E5,0xB5E5,0xF6ED,
    0xF6ED,0xF6ED,0x16EE,0x16EE,0x37F6,0x37F6,0x37F6,0x37F6,0x78FE,0x78FE,0xB8FE,0xB8FE,
    0xB8FE,0xB8FE,0xB8FE,0xB8FE,0xB8FE,0xB8FE,0xB8FE,0xFAFE,0xFAFE,0xFAFE,0x3AFF,0x3AFF,
    0x3AFF,0x3AFF,0x3AFF,0x3AFF,0x3AFF,0x3AFF,0x3AFF,0x3AFF,0x3AFF,0x3AFF,0x3AFF,0x3AFF,
    0x3AFF,0x3AFF,0x3AFF,0xFAFE,0xB8FE,0xB8FE,0xB8FE,0xB8FE,0xB8FE,0xB8FE,0xB8FE,0xB8FE,
    0x78FE,0x37F6,0x37F6,0x37F6,0x37F6,0x37F6,0x37F6,0x16EE,0xF6ED,0xF6ED,0xB5E5,0xB5E5,
    0xB5E5,0xB5E5,0xB5E5,0x54DD,0x54DD,0x54DD,0x13D5,0x13D5,0x13D5,0x13D5,0xF2D4,0xD2CC,
    0xD2CC,0xD2CC,0xD2CC,0xD2CC,0x71C4,0x71C4,0x71C4,0x71C4,0x31B4,0x31B4,0x31B4,0x31B4,
    0x31B4,0x31B4,0x31B4,0x31B4,0x31B4,0xAFA3,0xAFA3,0xAFA3,0xAFA3,0xAFA3,0xAFA3,0xAFA3,
    0xAFA3,0x8F9B,0x4E93,0x4E93,0x4E93,0x4E93,0x4E93,0x4E93,0x4E93,0x2E83,0x2E83,0x2E83,
    0x2E83,0x2E83,0x2E83,0x2E83,0x2E83,0x0D83,0x0D7B,0xCD72,0xCD72,0xCD72,0xCD72,0xCD72,
    0xCD72,0xCD72,0xCD72,0xAD62,0xAD62,0xAD62,0xAD62,0xAD62,0xAD62,0xAD62,0xAD62,0xAD62,
    0x8D5A,0x8D5A,0x6D52,0x6D52,0x6D52,0x6D52,0x2C42,0x2C42,0x2C42,0x2C42,0x2C42,0x2C42,
    0x2C42,0x2C42,0x2C42,0xEC31,0xEC31,0xEC31,0xCB31,0xEC31,0xEC31,0xEC31,0xEC31,0xEC31,
    0xEC31,0xCB31,0xCB31,0xEC31,0xEC31,0xEC31,0xEC31,0xEC31,0x0C3A,0x0C3A,0x2C42,0x2C42,
    0x2C42,0x2C42,0x2C42,0x2C42,0x6E52,0x8E5A,0x8D5A,0x8E5A,0x8E5A,0x8E5A,0x8E5A,0x8E5A,
    0xCE6A,0xCE6A,0xCE6A,0xCE6A,0xCE6A,0xCE6A,0xCE6A,0xEE72,0x0E7B,0x0E7B,0x0E7B,0x0E7B,
    0x0E7B,0x2E83,0x2E83,0x2E83,0x2E83,0x2E83,0x2E83,0x2E83,0x2E83,0x2E83,0x2E83,0x2E83,
    0x2E83,0x4E93,0x4E93,0x8F9B,0x8F9B,0x8F9B,0xAFA3,0xD0A3,0xD0A3,0xD0A3,0xD0A3,0x11AC,
    0x11AC,0x11AC,0x31B4,0x31B4,0x31B4,0x31B4,0x91BC,0xD2CC,0xD2CC,0xD2CC,0xD2CC,0xD2CC,
    0xD2CC,0xD2CC,0x13D5,0x13D5,0x13D5,0x54DD,0x54DD,0x54DD,0x54DD,0xB5E5,0xB5E5,0xB5E5,
    0xF6ED,0xF6ED,0xF6ED,0x16EE,0x16EE,0x16EE,0x37F6,0x37F6,0x37F6,0x78FE,0x78FE,0x78FE,
    0xB8FE,0xB8FE,0xB8FE,0xB8FE,0xB8FE,0xB8FE,0xB8FE,0xB8FE,0xFAFE,0xFAFE,0xFAFE,0x3AFF,
    0x3AFF,0x3AFF,0x3AFF,0x3AFF,0x3AFF,0x3AFF,0x3AFF,0x3AFF,0x3AFF,0x3AFF,0x3AFF,0x3AFF,
    0x3AFF,0xFAFE,0xB8FE,0xB8FE,0xB8FE,0xB8FE,0xB8FE,0xB8FE,0xB8FE,0xB8FE,0xB8FE,0x78FE,
    0x78FE,0x37F6,0x37F6,0x37F6,0x37F6,0x16EE,0x16EE,0xF6ED,0xF6ED,0xF6ED,0xB5E5,0xB5E5,
    0xB5E5,0xB5E5,0x74E5,0x54DD,0x54DD,0x54DD,0x13D5,0x13D5,0x13D5,0xF2D4,0xD2CC,0xD2CC,
    0xD2CC,0xD2CC,0xD2CC,0xD2CC,0x71C4,0x71C4,0x31B4,0x71C4,0x31B4,0x31B4,0x31B4,0x31B4,
    0x31B4,0x31B4,0x31B4,0x31B4,0xAFA3,0xAFA3,0xAFA3,0xAFA3,0xAFA3,0xAFA3,0xAFA3,0xAFA3,
    0x8F9B,0x8F9B,0x4E93,0x4E93,0x4E93,0x4E93,0x4E93,0x4E93,0x4E93,0x2E83,0x2E83,0x2E83,
    0x2E83,0x2E83,0x2E83,0x2E83,0x2E83,0x2E83,0x0D7B,0xCD72,0xCD72,0xCD72,0xCD72,0xCD72,
    0xCD72,0xCD72,0xAD62,0xAD62,0xAD62,0xAD62,0xAD62,0xAD62,0xAD62,0xAD62,0xAD62,0x8D5A,
    0x8D5A,0x8D5A,0x6D52,0x6D52,0x6D52,0x2C42,0x2C42,0x2C42,0x2C42,0x2C42,0x2C42,0x2C42,
    0x2C42,0x2C42,0x2C42,0xEC31,0xCB31,0xEC31,0xCB31,0xEC31,0xEC31,0xEC31,0xEC31,0xEC31,
    0xEC31,0xCB31,0xEC31,0xEC31,0xEC31,0xEC31,0xEC31,0xEC31,0x0C3A,0x0C3A,0x2C42,0x2C42,
    0x2C42,0x2C42,0x2C42,0x2C42,0x6D52,0x8E5A,0x8E5A,0x8E5A,0x8D5A,0x8E5A,0x8E5A,0x8D5A,
    0x8E5A,0xCE6A,0xCE6A,0xCE6A,0xCE6A,0xCE6A,0xCE6A,0xEE72,0x0E7B,0x0E7B,0x0E7B,0x0E7B,
    0x0E7B,0x2E83,0x2E83,0x2E83,0x2E83,0x2E83,0x2E83,0x2E83,0x2E83,0x2E83,0x2E83,0x2E83,
    0x2E83,0x4E93,0x4E93,0x8F9B,0x8F9B,0x8F9B,0x8F9B,0xD0A3,0xD0A3,0xD0A3,0xD0A3,0xD0A3,
    0x11AC,0x31B4,0x31B4,0x31B4,0x31B4,0x31B4,0x91BC,0x91BC,0xD2CC,0xD2CC,0xD2CC,0xD2CC,
    0xD2CC,0xD2CC,0xD2CC,0x13D5,0x13D5,0x54DD,0x54DD,0x54DD,0x54DD,0xB5E5,0xB5E5,0xB5E5,
    0xB5E5,0xF6ED,0xF6ED,0xF6ED,0x16EE,0x16EE,0x37F6,0x37F6,0x37F6,0x37F6,0x78FE,0x78FE,
    0x78FE,0xB8FE,0xB8FE,0xB8FE,0xB8FE,0xB8FE,0xB8FE,0xB8FE,0xB8FE,0xB8FE,0xB8FE,0xB8FE,
    0xFAFE,0xFAFE,0xFAFE,0xFAFE,0xFAFE,0xFAFE,0xFAFE,0xFAFE,0xFAFE,0xFAFE,0xFAFE,0xFAFE,
    0xFAFE,0xB8FE,0xB8FE,0xB8FE,0xB8FE,0xB8FE,0xB8FE,0xB8FE,0xB8FE,0xB8FE,0x78FE,0x37F6,
    0x37F6,0x37F6,0x37F6,0x37F6,0x37F6,0xF6ED,0xF6ED,0xF6ED,0xF6ED,0xB5E5,0xB5E5,0xB5E5,
    0xB5E5,0xB5E5,0x54DD,0x54DD,0x54DD,0x13D5,0x13D5,0x13D5,0x13D5,0xF2D4,0xD2CC,0xD2CC,
    0xD2CC,0xD2CC,0xD2CC,0x91C4,0x71C4,0x71C4,0x71C4,0x71C4,0x31B4,0x31B4,0x31B4,0x31B4,
    0x31B4,0x31B4,0x31B4,0x31B4,0xAFA3,0xAFA3,0xAFA3,0xAFA3,0xAFA3,0xAFA3,0xAFA3,0xAFA3,
    0x4E93,0x4E93,0x4E93,0x4E93,0x4E93,0x4E93,0x4E93,0x4E93,0x4E93,0x2E83,0x2E83,0x0D83,
    0x2E83,0x2E83,0x2E83,0x2E83,0x0D83,0x0D7B,0xCD72,0xCD72,0xCD72,0xCD72,0xCD72,0xCD72,
    0xCD72,0xCD72,0xAD62,0xAD62,0xAD62,0xAD62,0xAD62,0xAD62,0xAD62,0xAD62,0xAD62,0x8D5A,
    0x8D5A,0x8D5A,0x6D52,0x6D52,0x6D52,0x6D52,0x2C42,0x2C42,0x2C42,0x2C42,0x2C42,0x2C42,
    0x2C42,0x2C42,0x0C3A,0xEC31,0xCB31,0xEC31,0xCB31,0xEC31,0xEC31,0xEC31,0xEC31,0xEC31,
    0xEC31,0xEC31,0xEC31,0xEC31,0xEC31,0xEC31,0xEC31,0xEC31,0x0C3A,0x0C3A,0x2C42,0x2C42,
    0x2C42,0x2C42,0x2C42,0x2C42,0x2C42,0x6D52,0x8D5A,0x8E5A,0x8E5A,0x8E5A,0x8E5A,0x8E5A,
    0x8D5A,0xCE6A,0xCE6A,0xCE6A,0xCE6A,0xCE6A,0xCE6A,0xEE72,0x0E7B,0x0E7B,0x0E7B,0x0E7B,
    0x0E7B,0x2E83,0x2E83,0x2E83,0x2E83,0x2E83,0x2E83,0x2E83,0x2E83,0x2E83,0x2E83,0x2E83,
    0x2E83,0x4E93,0x4E93,0x8F9B,0x8F9B,0x8F9B,0x8F9B,0xAFA3,0xD0A3,0xD0A3,0xD0A3,0xD0A3,
    0x11AC,0x31B4,0x31B4,0x31B4,0x31B4,0x31B4,0x31B4,0x91BC,0xD2CC,0xD2CC,0xD2CC,0xD2CC,
    0xD2CC,0xD2CC,0xD2CC,0x13CD,0x13D5,0x13D5,0x54DD,0x54DD,0x54DD,0x95DD,0xB5E5,0xB5E5,
    0xB5E5,0xB5E5,0xF6ED,0xF6ED,0xF6ED,0x16EE,0x16EE,0x37F6,0x37F6,0x37F6,0x78FE,0x37F6,
    0x78FE,0x78FE,0x78FE,0xB8FE,0xB8FE,0xB8FE,0xB8FE,0xB8FE,0xB8FE,0xB8FE,0xB8FE,0xB8FE,
    0xB8FE,0xB8FE,0xB8FE,0xB8FE,0xB8FE,0xB8FE,0xB8FE,0xB8FE,0xB8FE,0xB8FE,0xB8FE,0xB8FE,
    0xB8FE,0xB8FE,0xB8FE,0xB8FE,0xB8FE,0xB8FE,0xB8FE,0xB8FE,0xB8FE,0x78FE,0x78FE,0x37F6,
    0x37F6,0x37F6,0x37F6,0x37F6,0x16EE,0xF6ED,0xF6ED,0xF6ED,0xF6ED,0xB5E5,0xB5E5,0xB5E5,
    0xB5E5,0x54DD,0x54DD,0x54DD,0x54DD,0x13D5,0x13D5,0x13D5,0xF2D4,0xF2D4,0xD2CC,0xD2CC,
    0xD2CC,0xD2CC,0x91C4,0x91C4,0x71C4,0x71C4,0x71C4,0x31B4,0x31B4,0x31B4,0x31B4,0x31B4,
    0x31B4,0x31B4,0x31B4,0xEFB3,0xAFA3,0xAFA3,0xAFA3,0xAFA3,0xAFA3,0xAFA3,0xAFA3,0xAFA3,
    0x4E93,0x4E93,0x4E93,0x4E93,0x4E93,0x4E93,0x4E93,0x4E93,0x2E83,0x2E83,0x2E83,0x2E83,
    0x2E83,0x2E83,0x2E83,0x2E83,0x0D83,0x0D7B,0xCD72,0xCD72,0xCD72,0xCD72,0xCD72,0xCD72,
    0xCD72,0xCD72,0xAD62,0xAD62,0xAD62,0xAD62,0xAD62,0xAD62,0xAD62,0xAD62,0x8D5A,0x8D5A,
    0x8D5A,0x6D52,0x6D52,0x6D52,0x6D52,0x2C42,0x2C42,0x2C42,0x2C42,0x2C42,0x2C42,0x2C42,
    0x2C42,0x2C42,0xEC41,0xEC31,0xEC31,0xEC31,0xEC31,0xEC31,0xEC31,0xEC31,0xEC31,0xEC31,
    0xEC31,0xEC31,0xEC31,0xEC31,0xEC31,0xEC31,0xEC31,0xEC31,0x0C3A,0x2C42,0x2C42,0x2C42,
    0x2C42,0x2C42,0x2C42,0x6E52,0x6D52,0x6D52,0x6D52,0x8E5A,0x8E5A,0x8D5A,0x8E5A,0x8E5A,
    0x8E5A,0x8E5A,0xCE6A,0xCE6A,0xCE6A,0xCE6A,0xCE6A,0xCE6A,0xEE72,0x0E7B,0x0E7B,0x0E7B,
    0x0E7B,0x2E83,0x2E83,0x2E83,0x2E83,0x2E83,0x2E83,0x2E83,0x2E83,0x2E83,0x2E83,0x2E83,
    0x2E83,0x2E83,0x4E93,0x4E93,0x8F9B,0x8F9B,0x8F9B,0x8F9B,0xD0A3,0xD0A3,0xD0A3,0xD0A3,
    0x11AC,0x31B4,0x31B4,0x31B4,0x31B4,0x31B4,0x31B4,0x31B4,0x91BC,0xD2CC,0xD2CC,0xD2CC,
    0xD2CC,0xD2CC,0xD2CC,0xD2CC,0x13D5,0x13D5,0x54DD,0x54DD,0x54DD,0x54DD,0x95DD,0xB5E5,
    0xB5E5,0xB5E5,0xB5E5,0xF6ED,0xF6ED,0xF6ED,0x16EE,0x16EE,0x16EE,0x37F6,0x37F6,0x37F6,
    0x78FE,0x78FE,0x78FE,0x78FE,0xB8FE,0xB8FE,0xB8FE,0xB8FE,0xB8FE,0xB8FE,0xB8FE,0xB8FE,
    0xB8FE,0xB8FE,0xB8FE,0xB8FE,0xB8FE,0xB8FE,0xB8FE,0xB8FE,0xB8FE,0xB8FE,0xB8FE,0xB8FE,
    0xB8FE,0xB8FE,0xB8FE,0xB8FE,0xB8FE,0xB8FE,0xB8FE,0x78FE,0x78FE,0x78FE,0x37F6,0x37F6,
    0x37F6,0x37F6,0x37F6,0x16EE,0xF6ED,0xF6ED,0xF6ED,0xF6ED,0xB5E5,0xB5E5,0xB5E5,0xB5E5,
    0x74E5,0x54DD,0x54DD,0x54DD,0x13D5,0x13D5,0x13D5,0x13D5,0xF2D4,0xD2CC,0xD2CC,0xD2CC,
    0xD2CC,0x91C4,0xD2CC,0x91C4,0x91C4,0x31B4,0x31B4,0x31B4,0x31B4,0x31B4,0x31B4,0x31B4,
    0x31B4,0x31B4,0x31B4,0xAFA3,0xAFA3,0xAFA3,0xAFA3,0xAFA3,0xAFA3,0xAFA3,0xAFA3,0xAFA3,
    0x8F9B,0x4E93,0x4E93,0x4E93,0x4E93,0x4E93,0x4E93,0x4E93,0x2E83,0x2E83,0x2E83,0x2E83,
    0x2E83,0x2E83,0x2E83,0x0D83,0x0D7B,0x0D7B,0xCD72,0xCD72,0xCD72,0xCD72,0xCD72,0xCD72,
    0xCD72,0xAD62,0xAD62,0xAD62,0xAD62,0xAD62,0xAD62,0xAD62,0xAD62,0xAD62,0x8D5A,0x8D5A,
    0x6D52,0x6D52,0x6D52,0x6D52,0x6D52,0x2C42,0x2C42,0x2C42,0x2C42,0x2C42,0x2C42,0x2C42,
    0x2C42,0x2C42,0xEC31,0xEC31,0xEC31,0xEC31,0xEC31,0xEC31,0xEC31,0xEC31,0xEC31,0xEC31,
    0xEC31,0xEC31,0xEC31,0xEC31,0xEC31,0xEC31,0xEC31,0xEC31,0x0C3A,0x2C42,0x2C42,0x2C42,
    0x2C42,0x2C42,0x2C42,0x4E42,0x6D52,0x6D52,0x6D52,0x6D52,0x8D5A,0x8E5A,0x8D5A,0x8E5A,
    0x8E5A,0x8E5A,0xCE6A,0xCE6A,0xCE6A,0xCE6A,0xCE6A,0xCE6A,0xEE72,0x0E7B,0x0E7B,0x0E7B,
    0x0E7B,0x2E83,0x2E83,0x2E83,0x2E83,0x2E83,0x2E83,0x2E83,0x2E83,0x2E83,0x2E83,0x2E83,
    0x2E83,0x2E83,0x4E93,0x8F9B,0x8F9B,0x8F9B,0x8F9B,0x8F9B,0xAFA3,0xD0A3,0xD0A3,0xD0A3,
    0x11AC,0x11AC,0x11AC,0x31B4,0x31B4,0x31B4,0x31B4,0x31B4,0x91BC,0xD2CC,0xD2CC,0xD2CC,
    0xD2CC,0xD2CC,0xD2CC,0xD2CC,0x13CD,0x13D5,0x54DD,0x54DD,0x54DD,0x54DD,0x54DD,0x95DD,
    0xB5E5,0xB5E5,0xB5E5,0xB5E5,0xB5E5,0xF6ED,0xF6ED,0x16EE,0x16EE,0x16EE,0x37F6,0x37F6,
    0x37F6,0x78FE,0x78FE,0x78FE,0x78FE,0xB8FE,0xB8FE,0xB8FE,0xB8FE,0xB8FE,0xB8FE,0xB8FE,
    0xB8FE,0xB8FE,0xB8FE,0xB8FE,0xB8FE,0xB8FE,0xB8FE,0xB8FE,0xB8FE,0xB8FE,0xB8FE,0xB8FE,
    0xB8FE,0xB8FE,0xB8FE,0xB8FE,0xB8FE,0xB8FE,0x78FE,0x78FE,0x78FE,0x78FE,0x37F6,0x37F6,
    0x37F6,0x37F6,0x16EE,0xF6ED,0xF6ED,0xF6ED,0xF6ED,0xB5E5,0xB5E5,0xB5E5,0xB5E5,0x74E5,
    0x54DD,0x54DD,0x54DD,0x54DD,0x13D5,0x13D5,0x13D5,0xF2D4,0xF2D4,0xD2CC,0xD2CC,0xD2CC,
    0xD2CC,0xD2CC,0x91C4,0x91C4,0x31B4,0x31B4,0x31B4,0x31B4,0x31B4,0x31B4,0x31B4,0x31B4,
    0x31B4,0x31B4,0xEFB3,0xAFA3,0xAFA3,0xAFA3,0xAFA3,0xAFA3,0xAFA3,0xAFA3,0xAFA3,0xAFA3,
    0x4E93,0x4E93,0x4E93,0x4E93,0x4E93,0x4E93,0x4E93,0x2E83,0x2E83,0x2E83,0x2E83,0x2E83,
    0x2E83,0x2E83,0x2E83,0x2E83,0x0D7B,0x0E7B,0xCD72,0xCD72,0xCD72,0xCD72,0xCD72,0xCD72,
    0xCD72,0xAD62,0xAD62,0xAD62,0xAD62,0xAD62,0xAD62,0xAD62,0xAD62,0xAD62,0x8D5A,0x8D5A,
    0x6D52,0x6D52,0x6D52,0x6D52,0x6D52,0x2C42,0x2C42,0x2C42,0x2C42,0x2C42,0x2C42,0x2C42,
    0x2C42,0x2C42,0xCB31,0xEC31,0xEC31,0xCB31,0xEC31,0xEC31,0xEC31,0xEC31,0xEC31,0xEC31,
    0xEC31,0xEC31,0xEC31,0xEC31,0xEC31,0xEC31,0xEC31,0xEC31,0x0C3A,0x0C3A,0x2C42,0x2C42,
    0x2C42,0x2C42,0x2C42,0x2C42,0x2C42,0x2C42,0x6D52,0x6D52,0x6D52,0x8E5A,0x8E5A,0x8E5A,
    0x8E5A,0x8E5A,0xCE6A,0xCE6A,0xCE6A,0xCE6A,0xCE6A,0xCE6A,0xCE6A,0x0E7B,0x0E7B,0x0E7B,
    0x0E7B,0x0E7B,0x2E83,0x2E83,0x2E83,0x2E83,0x2E83,0x2E83,0x2E83,0x2E83,0x2E83,0x2E83,
    0x2E83,0x2E83,0x2E83,0x8F9B,0x8F9B,0x8F9B,0x8F9B,0x8F9B,0xAFA3,0xD0A3,0xD0A3,0xD0A3,
    0xD0A3,0x11AC,0x11AC,0x31B4,0x31B4,0x31B4,0x31B4,0x31B4,0x91BC,0x92BC,0xD2CC,0xD2CC,
    0xD2CC,0xD2CC,0xD2CC,0xD2CC,0xD2CC,0x13CD,0x54DD,0x54DD,0x54DD,0x54DD,0x54DD,0x54DD,
    0x95DD,0x95DD,0xB5E5,0xB5E5,0xB5E5,0xB5E5,0xF6ED,0xF6ED,0x16EE,0x16EE,0x16EE,0x37F6,
    0x37F6,0x37F6,0x37F6,0x78FE,0x78FE,0x78FE,0x78FE,0x78FE,0xB8FE,0xB8FE,0xB8FE,0xB8FE,
    0xB8FE,0xB8FE,0xB8FE,0xB8FE,0xB8FE,0xB8FE,0xB8FE,0xB8FE,0xB8FE,0xB8FE,0xB8FE,0xB8FE,
    0xB8FE,0xB8FE,0xB8FE,0x78FE,0x78FE,0x78FE,0x37F6,0x37F6,0x37F6,0x78FE,0x37F6,0x37F6,
    0x37F6,0x16EE,0x16EE,0xF6ED,0xF6ED,0xF6ED,0xB5E5,0xB5E5,0xB5E5,0xB5E5,0x54DD,0x54DD,
    0x54DD,0x54DD,0x54DD,0x13D5,0x13D5,0x13D5,0x13D5,0xF2D4,0xD2CC,0xD2CC,0xD2CC,0xD2CC,
    0xD2CC,0x91C4,0x91C4,0x71C4,0x31B4,0x31B4,0x31B4,0x31B4,0x31B4,0x31B4,0x31B4,0x31B4,
    0x31B4,0x31B4,0xAFA3,0xAFA3,0xAFA3,0xAFA3,0xAFA3,0xAFA3,0xAFA3,0xAFA3,0xAFA3,0x8F9B,
    0x4E93,0x4E93,0x4E93,0x4E93,0x4E93,0x4E93,0x4E93,0x2E83,0x2E83,0x0D83,0x2E83,0x2E83,
    0x2E83,0x2E83,0x2E83,0x2E83,0x0E7B,0xCD72,0xCD72,0xCD72,0xCD72,0xCD72,0xCD72,0xCD72,
    0xCD72,0xAD62,0xAD62,0xAD62,0xAD62,0xAD62,0xAD62,0xAD62,0xAD62,0x6D52,0x8D5A,0x8D5A,
    0x6D52,0x6D52,0x6D52,0x6D52,0x6D52,0x2C42,0x2C42,0x2C42,0x2C42,0x2C42,0x2C42,0x2C42,
    0x2C42,0x0C3A,0xEC31,0xEC31,0xEC31,0xCB31,0xEC31,0xEC31,0xEC31,0xEC31,0xEC31,0xEC31,
    0xEC31,0xEC31,0xEC31,0xEC31,0xEC31,0xEC31,0xEC31,0xEC31,0x0C3A,0x0C3A,0x0C3A,0x2C42,
    0x2C42,0x2C42,0x2C42,0x4E42,0x2C42,0x4E42,0x6D52,0x6D52,0x6D52,0x8E5A,0x8E5A,0x8E5A,
    0x8D5A,0x8D5A,0xCE6A,0xCE6A,0xCE6A,0xCE6A,0xCE6A,0xCE6A,0xCE6A,0xEE72,0x0E7B,0x0E7B,
    0x0E7B,0x0E7B,0x0E7B,0x2E83,0x2E83,0x2E83,0x2E83,0x2E83,0x2E83,0x2E83,0x2E83,0x2E83,
    0x2E83,0x2E83,0x2E83,0x4E93,0x8F9B,0x8F9B,0x8F9B,0x8F9B,0xAFA3,0xAFA3,0xD0A3,0xD0A3,
    0xD0A3,0x11AC,0x31B4,0x31B4,0x31B4,0x31B4,0x31B4,0x31B4,0x31B4,0x91BC,0xD2CC,0xD2CC,
    0xD2CC,0xD2CC,0xD2CC,0xD2CC,0xD2CC,0x13CD,0x54DD,0x54DD,0x54DD,0x54DD,0x54DD,0x54DD,
    0x54DD,0x95DD,0x95DD,0xB5E5,0xB5E5,0xB5E5,0xB5E5,0xF6ED,0xF6ED,0x16EE,0x16EE,0x16EE,
    0x37F6,0x37F6,0x37F6,0x37F6,0x78FE,0x37F6,0x78FE,0x78FE,0x78FE,0x78FE,0xB8FE,0xB8FE,
    0xB8FE,0xB8FE,0xB8FE,0xB8FE,0xB8FE,0xB8FE,0xB8FE,0xB8FE,0xB8FE,0xB8FE,0xB8FE,0x78FE,
    0x78FE,0x78FE,0x78FE,0x78FE,0x78FE,0x37F6,0x37F6,0x37F6,0x37F6,0x37F6,0x37F6,0x16EE,
    0xF6ED,0x16EE,0xF6ED,0xF6ED,0xF6ED,0xB5E5,0xB5E5,0xB5E5,0xB5E5,0xB5E5,0x54DD,0x54DD,
    0x54DD,0x54DD,0x54DD,0x13D5,0x13D5,0x13D5,0xF2D4,0xD2CC,0xD2CC,0xD2CC,0xD2CC,0xD2CC,
    0x91C4,0x91C4,0x91C4,0x31B4,0x31B4,0x31B4,0x31B4,0x31B4,0x31B4,0x31B4,0x31B4,0x31B4,
    0x31B4,0xEFB3,0xAFA3,0xAFA3,0xAFA3,0xAFA3,0xAFA3,0xAFA3,0xAFA3,0xAFA3,0x8F9B,0x4E93,
    0x4E93,0x4E93,0x4E93,0x4E93,0x4E93,0x4E93,0x4E93,0x0D83,0x2E83,0x2E83,0x2E83,0x2E83,
    0x2E83,0x2E83,0x2E83,0x2E83,0x0E7B,0x0E7B,0xCD72,0xCD72,0xCD72,0xCD72,0xCD72,0xCD72,
    0xAD62,0xAD62,0xAD62,0xAD62,0xAD62,0xAD62,0xAD62,0xAD62,0xAD62,0x8D5A,0x8D5A,0x8D5A,
    0x6D52,0x6D52,0x6D52,0x6D52,0x2C42,0x2C42,0x2C42,0x2C42,0x2C42,0x2C42,0x2C42,0x2C42,
    0x2C42,0x0C3A,0xEC31,0xEC31,0xEC31,0xEC31,0xEC31,0xEC31,0xEC31,0xEC31,0xEC31,0xEC31,
    0xEC31,0xEC31,0xEC31,0xEC31,0xEC31,0xEC31,0xEC31,0xEC31,0x0C3A,0x0C3A,0x0C3A,0x2C42,
    0x2C42,0x2C42,0x2C42,0x2C42,0x2C42,0x2C42,0x2C42,0x6D52,0x6D52,0x8D5A,0x8E5A,0x8E5A,
    0x8E5A,0x8D5A,0xCE6A,0xCE6A,0xCE6A,0xCE6A,0xCE6A,0xCE6A,0xCE6A,0xEE72,0x0E7B,0x0E7B,
    0x0E7B,0x0E7B,0x0E7B,0x2E83,0x2E83,0x2E83,0x2E83,0x2E83,0x2E83,0x2E83,0x2E83,0x2E83,
    0x2E83,0x2E83,0x2E83,0x4E93,0x4E93,0x8F9B,0x8F9B,0x8F9B,0x8F9B,0xAFA3,0xD0A3,0xD0A3,
    0xD0A3,0x11AC,0x11AC,0x31B4,0x31B4,0x31B4,0x31B4,0x31B4,0x31B4,0x91BC,0x91BC,0xD2CC,
    0xD2CC,0xD2CC,0xD2CC,0xD2CC,0xD2CC,0xD2CC,0x13D5,0x54DD,0x54DD,0x54DD,0x54DD,0x54DD,
    0x54DD,0x54DD,0x95DD,0x95DD,0xB5E5,0xB5E5,0xB5E5,0xF6ED,0xF6ED,0xF6ED,0x16EE,0x16EE,
    0x16EE,0x16EE,0x37F6,0x37F6,0x37F6,0x37F6,0x78FE,0x78FE,0x78FE,0x78FE,0x37F6,0x78FE,
    0x78FE,0x78FE,0x37F6,0x78FE,0x78FE,0x78FE,0x78FE,0x78FE,0x78FE,0x78FE,0x78FE,0x78FE,
    0x78FE,0x37F6,0x37F6,0x37F6,0x37F6,0x37F6,0x37F6,0x37F6,0x37F6,0x37F6,0x37F6,0x16EE,
    0xF6ED,0xF6ED,0xF6ED,0xF6ED,0xB5E5,0xB5E5,0xB5E5,0xB5E5,0xB5E5,0x54DD,0x54DD,0x54DD,
    0x54DD,0x54DD,0x54DD,0x13D5,0x13D5,0x13D5,0xD2CC,0xD2CC,0xD2CC,0xD2CC,0xD2CC,0xD2CC,
    0x91C4,0x91C4,0x91C4,0x31B4,0x31B4,0x31B4,0x31B4,0x31B4,0x31B4,0x31B4,0xEFB3,0x31B4,
    0xEFB3,0xAFA3,0xAFA3,0xAFA3,0xAFA3,0xAFA3,0xAFA3,0xAFA3,0xAFA3,0xAFA3,0x4E93,0x4E93,
    0x4E93,0x4E93,0x4E93,0x4E93,0x4E93,0x4E93,0x2E83,0x0D83,0x0D83,0x2E83,0x2E83,0x2E83,
    0x2E83,0x2E83,0x2E83,0x2E83,0x0E7B,0xCD72,0xCD72,0xCD72,0xCD72,0xCD72,0xCD72,0xAD62,
    0xAD62,0xAD62,0xAD62,0xAD62,0xAD62,0xAD62,0xAD62,0xAD62,0xAD62,0x8D5A,0x8D5A,0x6D52,
    0x6D52,0x6D52,0x6D52,0x6D52,0x2C42,0x2C42,0x2C42,0x2C42,0x2C42,0x2C42,0x2C42,0x2C42,
    0x2C42,0xEC31,0xEC31,0xEC31,0xEC31,0xEC31,0xEC31,0xEC31,0xEC31,0xEC31,0xEC31,0xEC31,
    0xEC31,0xEC31,0xEC31,0xEC31,0xEC31,0xEC31,0xEC31,0xEC31,0xEC31,0x0C3A,0x0C3A,0x2C42,
    0x2C42,0x2C42,0x2C42,0x2C42,0x2C42,0x2C42,0x2C42,0x6D52,0x6D52,0x8D5A,0x8E5A,0x8E5A,
    0x8E5A,0x8D5A,0x8E5A,0xCE6A,0xCE6A,0xCE6A,0xCE6A,0xCE6A,0xCE6A,0xEE72,0x0E7B,0x0E7B,
    0x0E7B,0x0E7B,0x0E7B,0x0E7B,0x2E83,0x2E83,0x2E83,0x2E83,0x2E83,0x2E83,0x2E83,0x2E83,
    0x2E83,0x2E83,0x2E83,0x2E83,0x4E93,0x8F9B,0x8F9B,0x8F9B,0x8F9B,0xAFA3,0xD0A3,0xD0A3,
    0xD0A3,0xD0A3,0x11AC,0x11AC,0x31B4,0x31B4,0x31B4,0x31B4,0x31B4,0x72BC,0x91BC,0xD2CC,
    0xD2CC,0xD2CC,0xD2CC,0xD2CC,0xD2CC,0xD2CC,0x13CD,0x54DD,0x54DD,0x54DD,0x54DD,0x54DD,
    0x54DD,0x54DD,0x54DD,0x54DD,0x95DD,0xB5E5,0xB5E5,0xB5E5,0xF6ED,0xF6ED,0xF6ED,0x16EE,
    0x16EE,0x16EE,0x16EE,0x16EE,0x16EE,0x37F6,0x37F6,0x37F6,0x37F6,0x37F6,0x78FE,0x37F6,
    0x37F6,0x37F6,0x37F6,0x37F6,0x37F6,0x37F6,0x37F6,0x37F6,0x37F6,0x37F6,0x37F6,0x37F6,
    0x37F6,0x37F6,0x37F6,0x37F6,0x37F6,0x37F6,0x37F6,0x37F6,0x37F6,0x37F6,0x16EE,0xF6ED,
    0xF6ED,0xB5E5,0xB5E5,0xB5E5,0xB5E5,0xB5E5,0xB5E5,0xB5E5,0x54DD,0x54DD,0x54DD,0x54DD,
    0x54DD,0x54DD,0x54DD,0x13D5,0x13D5,0xD2CC,0xD2CC,0xD2CC,0xD2CC,0xD2CC,0xD2CC,0x91C4,
    0x71C4,0x71C4,0x71C4,0x31B4,0x31B4,0x31B4,0x31B4,0x31B4,0x31B4,0x31B4,0xEFB3,0xAFA3,
    0xAFA3,0xAFA3,0xAFA3,0xAFA3,0xAFA3,0xAFA3,0xAFA3,0xAFA3,0xAFA3,0x8F9B,0x4E93,0x4E93,
    0x4E93,0x4E93,0x4E93,0x4E93,0x4E93,0x4E93,0x2E83,0x2E83,0x2E83,0x2E83,0x2E83,0x2E83,
    0x2E83,0x2E83,0x2E83,0x2E83,0x0E7B,0xCD72,0xCD72,0xCD72,0xCD72,0xCD72,0xCD72,0xAD62,
    0xAD62,0xAD62,0xAD62,0xAD62,0xAD62,0xAD62,0xAD62,0x8D5A,0x8D5A,0x8D5A,0x8D5A,0x6D52,
    0x6D52,0x6D52,0x6D52,0x6D52,0x2C42,0x2C42,0x2C42,0x2C42,0x2C42,0x2C42,0x2C42,0x2C42,
    0x2C42,0xEC31,0xEC31,0xEC31,0xEC31,0xEC31,0xEC31,0xEC31,0xEC31,0xEC31,0xEC31,0xEC31,
    0xEC31,0xEC31,0xEC31,0xEC31,0xEC31,0xEC31,0xEC31,0xEC31,0xEC31,0x0C3A,0x0C3A,0x2C42,
    0x2C42,0x2C42,0x2C42,0x2C42,0x2C42,0x2C42,0x2C42,0x2C42,0x6D52,0x8E5A,0x8E5A,0x8E5A,
    0x8E5A,0x8E5A,0x8E5A,0xCE6A,0xCE6A,0xCE6A,0xCE6A,0xCE6A,0xCE6A,0xEE72,0x0E7B,0x0E7B,
    0x0E7B,0x0E7B,0x0E7B,0x0E7B,0x0E7B,0x2E83,0x2E83,0x2E83,0x2E83,0x2E83,0x2E83,0x2E83,
    0x2E83,0x2E83,0x2E83,0x2E83,0x4E93,0x4E93,0x8F9B,0x8F9B,0xB09B,0xD0A3,0xD0A3,0xD0A3,
    0xD0A3,0xD0A3,0x11AC,0x11AC,0x11AC,0x31B4,0x31B4,0x31B4,0x31B4,0x72BC,0x92BC,0xD2CC,
    0xD2CC,0xD2CC,0xD2CC,0xD2CC,0xD2CC,0xD2CC,0xD2CC,0x13CD,0x54DD,0x54DD,0x54DD,0x54DD,
    0x54DD,0x54DD,0x54DD,0x54DD,0x95DD,0x95DD,0xB5E5,0xB5E5,0xB5E5,0xF6ED,0xF6ED,0xF6ED,
    0xF6ED,0x16EE,0x16EE,0x16EE,0x16EE,0x16EE,0x37F6,0x37F6,0x37F6,0x37F6,0x37F6,0x37F6,
    0x37F6,0x37F6,0x37F6,0x37F6,0x37F6,0x37F6,0x37F6,0x37F6,0x37F6,0x37F6,0x37F6,0x37F6,
    0x37F6,0x37F6,0x37F6,0x37F6,0x37F6,0x16EE,0x16EE,0x37F6,0x37F6,0x16EE,0xF6ED,0xF6ED,
    0xF6ED,0xB5E5,0xB5E5,0xB5E5,0xB5E5,0xB5E5,0xB5E5,0x54DD,0x54DD,0x54DD,0x54DD,0x54DD,
    0x54DD,0x54DD,0x13D5,0x13D5,0x13D5,0xD2CC,0xD2CC,0xD2CC,0xD2CC,0xD2CC,0xD2CC,0x91C4,
    0x71C4,0x71C4,0x31B4,0x31B4,0x31B4,0x31B4,0x31B4,0x31B4,0x31B4,0x31B4,0xEFB3,0xAFA3,
    0xAFA3,0xAFA3,0xAFA3,0xAFA3,0xAFA3,0xAFA3,0xAFA3,0xAFA3,0xAFA3,0x8F9B,0x4E93,0x4E93,
    0x4E93,0x4E93,0x4E93,0x4E93,0x4E93,0x4E93,0x2E83,0x2E83,0x2E83,0x2E83,0x2E83,0x2E83,
    0x2E83,0x2E83,0x2E83,0x0E7B,0x0D7B,0xCD72,0xCD72,0xCD72,0xCD72,0xCD72,0xAD62,0xAD62,
    0xAD62,0xAD62,0xAD62,0xAD62,0xAD62,0xAD62,0xAD62,0x8D5A,0x6D52,0x8D5A,0x6D52,0x6D52,
    0x6D52,0x6D52,0x6D52,0x2C42,0x2C42,0x2C42,0x2C42,0x2C42,0x2C42,0x2C42,0x2C42,0x2C42,
    0x0C3A,0x0C3A,0xEC31,0xEC31,0xEC31,0xEC31,0xEC31,0xEC31,0xEC31,0xEC31,0xEC31,0xEC31,
    0xEC31,0xEC31,0xEC31,0xEC31,0xEC31,0xEC31,0xEC31,0xEC31,0xEC31,0x0C3A,0x0C3A,0x0C3A,
    0x0C3A,0x2C42,0x2C42,0x2C42,0x2C42,0x2C42,0x2C42,0x2C42,0x2C42,0x6D52,0x8E5A,0x8E5A,
    0x8E5A,0x8E5A,0x8E5A,0x8E5A,0xCE6A,0xCE6A,0xCE6A,0xCE6A,0xCE6A,0x0E7B,0x0E7B,0x0E7B,
    0x0E7B,0x0E7B,0x0E7B,0x0E7B,0x0E7B,0x0E7B,0x2E83,0x2E83,0x0E7B,0x0E7B,0x2E83,0x2E83,
    0x2E83,0x2E83,0x2E83,0x2E83,0x2E83,0x4E93,0x8F9B,0x8F9B,0xB09B,0xD0A3,0xD0A3,0xD0A3,
    0xD0A3,0xD0A3,0x11AC,0x11AC,0x11AC,0x11AC,0x31B4,0x31B4,0x31B4,0x31B4,0x72BC,0x92BC,
    0x92BC,0xD2CC,0xD2CC,0xD2CC,0xD2CC,0x13CD,0xD2CC,0xD2CC,0x13CD,0x54DD,0x54DD,0x54DD,
    0x54DD,0x54DD,0x54DD,0x54DD,0x54DD,0x54DD,0x95DD,0xB5E5,0xB5E5,0xB5E5,0xF6ED,0xF6ED,
    0xF6ED,0xF6ED,0xF6ED,0xF6ED,0x16EE,0x16EE,0x16EE,0x16EE,0x16EE,0x16EE,0x16EE,0x37F6,
    0x37F6,0x16EE,0x37F6,0x37F6,0x37F6,0x37F6,0x37F6,0x37F6,0x37F6,0x37F6,0x37F6,0x37F6,
    0x37F6,0x37F6,0x16EE,0x16EE,0x16EE,0x16EE,0x16EE,0x16EE,0x16EE,0xF6ED,0xF6ED,0xB5E5,
    0xB5E5,0xB5E5,0xB5E5,0xB5E5,0xB5E5,0xB5E5,0x54DD,0x54DD,0x54DD,0x54DD,0x54DD,0x54DD,
    0x54DD,0x54DD,0x54DD,0x13D5,0xD2CC,0xD2CC,0xD2CC,0xD2CC,0xD2CC,0xD2CC,0x91C4,0x71C4,
    0x31B4,0x31B4,0x31B4,0x31B4,0x31B4,0x31B4,0x31B4,0x31B4,0x31B4,0xF0B3,0xD0A3,0xAFA3,
    0xAFA3,0xAFA3,0xAFA3,0xAFA3,0xAFA3,0xAFA3,0xAFA3,0xAFA3,0x8F9B,0x8F9B,0x4E93,0x4E93,
    0x4E93,0x4E93,0x4E93,0x4E93,0x2E83,0x2E83,0x2E83,0x2E83,0x2E83,0x2E83,0x2E83,0x2E83,
    0x2E83,0x2E83,0xEE72,0x0E7B,0x0D7B,0xCD72,0xCD72,0xCD72,0xCD72,0xCD72,0xAD62,0xAD62,
    0xAD62,0xAD62,0xAD62,0xAD62,0xAD62,0xAD62,0xAD62,0x8D5A,0x8D5A,0x6D52,0x6D52,0x6D52,
    0x6D52,0x6D52,0x6D52,0x2C42,0x2C42,0x2C42,0x2C42,0x2C42,0x2C42,0x2C42,0x2C42,0x2C42,
    0x0C3A,0x0C3A,0xEC31,0xEC31,0xEC31,0xEC31,0xEC31,0xEC31,0xEC31,0xEC31,0xEC31,0xEC31,
    0xEC31,0xEC31,0xEC31,0xEC31,0xEC31,0xEC31,0xEC31,0xEC31,0xEC31,0x0C3A,0x0C3A,0x2C42,
    0x2C42,0x2C42,0x2C42,0x2C42,0x2C42,0x2C42,0x2C42,0x2C42,0x2C42,0x2C42,0x6D52,0x8E5A,
    0x8E5A,0x8E5A,0x8E5A,0x8E5A,0x8E5A,0xCE6A,0xCE6A,0xCE6A,0xCE6A,0xEE72,0x0E7B,0x0E7B,
    0x0E7B,0x0E7B,0x0E7B,0x0E7B,0x0E7B,0x0E7B,0x0E7B,0x2E83,0x2E83,0x0E7B,0x0E7B,0x2E83,
    0x2E83,0x2E83,0x2E83,0x2E83,0x2E83,0x4E93,0x8F9B,0x8F9B,0x8F9B,0x8F9B,0xD0A3,0xAFA3,
    0xD0A3,0xD0A3,0xD0A3,0x11AC,0x11AC,0x31B4,0x31B4,0x31B4,0x31B4,0x31B4,0x31B4,0x72BC,
    0x92BC,0x92BC,0xD2CC,0xD2CC,0xD2CC,0xD2CC,0xD2CC,0xD2CC,0xD2CC,0x13CD,0x54DD,0x54DD,
    0x54DD,0x54DD,0x54DD,0x54DD,0x54DD,0x54DD,0x54DD,0x95DD,0xB5E5,0xB5E5,0xB5E5,0xB5E5,
    0xB5E5,0xF6ED,0xF6ED,0xF6ED,0xF6ED,0xF6ED,0x16EE,0x16EE,0x16EE,0x16EE,0x16EE,0x16EE,
    0x16EE,0x16EE,0x37F6,0x37F6,0x37F6,0x16EE,0x16EE,0x37F6,0x37F6,0x16EE,0x16EE,0x16EE,
    0x16EE,0x16EE,0x16EE,0x16EE,0x16EE,0xF6ED,0xF6ED,0xF6ED,0xF6ED,0xF6ED,0xB5E5,0xB5E5,
    0xB5E5,0xB5E5,0xB5E5,0xB5E5,0x95DD,0x95DD,0x54DD,0x54DD,0x54DD,0x54DD,0x54DD,0x54DD,
    0x54DD,0x54DD,0x54DD,0x13D5,0xD2CC,0xD2CC,0xD2CC,0xD2CC,0xD2CC,0xD2CC,0x71C4,0x31B4,
    0x31B4,0x31B4,0x31B4,0x31B4,0x31B4,0x31B4,0x31B4,0x31B4,0xEFB3,0xAFA3,0xD0A3,0xAFA3,
    0xAFA3,0xAFA3,0xAFA3,0xAFA3,0xAFA3,0xAFA3,0xAFA3,0xAFA3,0x8F9B,0x4E93,0x4E93,0x4E93,
    0x4E93,0x4E93,0x4E93,0x2E83,0x2E83,0x2E83,0x2E83,0x2E83,0x2E83,0x2E83,0x2E83,0x2E83,
    0x2E83,0x2E83,0x0E7B,0x0E7B,0xCD72,0xCD72,0xCD72,0xCD72,0xCD72,0xCD72,0xAD62,0xAD62,
    0xAD62,0xAD62,0xAD62,0xAD62,0xAD62,0xAD62,0xAD62,0x8D5A,0x6D52,0x6D52,0x6D52,0x6D52,
    0x6D52,0x6D52,0x2C42,0x2C42,0x2C42,0x2C42,0x2C42,0x2C42,0x2C42,0x2C42,0x2C42,0x2C42,
    0xEC31,0x0C3A,0xEC31,0xEC31,0xEC31,0xEC31,0xEC31,0xEC31,0xEC31,0xCB31,0xCB31,0xEC31,
    0xEC31,0xEC31,0xEC31,0xEC31,0xEC31,0xEC31,0xEC31,0xEC31,0xEC31,0x0C3A,0x0C3A,0x2C42,
    0x2C42,0x2C42,0x2C42,0x2C42,0x2C42,0x2C42,0x2C42,0x2C42,0x2C42,0x2C42,0x2C42,0x8D5A,
    0x8E5A,0x8E5A,0x8E5A,0x8E5A,0x8D5A,0xCE6A,0xCE6A,0xCE6A,0xCE6A,0xCE6A,0x0E7B,0x0E7B,
    0x0E7B,0x0E7B,0x0E7B,0x0E7B,0x0E7B,0x0E7B,0x0E7B,0x0E7B,0x2E83,0x0E7B,0x0E7B,0x2E83,
    0x2E83,0x2E83,0x2E83,0x2E83,0x2E83,0x4E93,0x4E93,0x8F9B,0x8F9B,0x8F9B,0x8F9B,0xD0A3,
    0xD0A3,0xD0A3,0xD0A3,0xD0A3,0x11AC,0x11AC,0x31B4,0x31B4,0x31B4,0x31B4,0x31B4,0x31B4,
    0x31B4,0x92BC,0x92BC,0xD2CC,0xD2CC,0xD2CC,0xD2CC,0xD2CC,0x13CD,0x13CD,0x54DD,0x54DD,
    0x54DD,0x54DD,0x54DD,0x54DD,0x54DD,0x54DD,0x54DD,0x54DD,0x95DD,0xB5E5,0xB5E5,0xB5E5,
    0xB5E5,0xB5E5,0xF6ED,0xF6ED,0xF6ED,0xF6ED,0xF6ED,0xF6ED,0xF6ED,0xF6ED,0xF6ED,0xF6ED,
    0x16EE,0x16EE,0x16EE,0x16EE,0x16EE,0x16EE,0x16EE,0x16EE,0x16EE,0x16EE,0x16EE,0x16EE,
    0x16EE,0xF6ED,0xF6ED,0xF6ED,0xF6ED,0xF6ED,0xF6ED,0xF6ED,0xB5E5,0xB5E5,0xB5E5,0xB5E5,
    0xB5E5,0xB5E5,0x74E5,0x54DD,0x54DD,0x54DD,0x54DD,0x54DD,0x54DD,0x54DD,0x54DD,0x13D5,
    0x54DD,0x54DD,0x54DD,0x13D5,0xD2CC,0xD2CC,0xD2CC,0xD2CC,0xD2CC,0x91C4,0x71C4,0x31B4,
    0x31B4,0x31B4,0x31B4,0x31B4,0x31B4,0x31B4,0x31B4,0x31B4,0xAFA3,0xD0A3,0xAFA3,0xAFA3,
    0xAFA3,0xAFA3,0xAFA3,0xAFA3,0xAFA3,0xAFA3,0xAFA3,0x8F9B,0x8F9B,0x4E93,0x4E93,0x4E93,
    0x4E93,0x4E93,0x4E93,0x2E83,0x2E83,0x0D83,0x2E83,0x0D83,0x2E83,0x2E83,0x2E83,0x2E83,
    0x2E83,0x2E83,0x0E7B,0xEE72,0xEE72,0xCD72,0xCD72,0xCD72,0xCD72,0xAD62,0xAD62,0xAD62,
    0xAD62,0xAD62,0xAD62,0xAD62,0xAD62,0xAD62,0xAD62,0x8D5A,0x8D5A,0x6D52,0x6D52,0x6D52,
    0x6D52,0x6D52,0x2C42,0x2C42,0x2C42,0x2C42,0x2C42,0x2C42,0x2C42,0x2C42,0x2C42,0x0C3A,
    0x0C3A,0xEC31,0xEC31,0xEC31,0xEC31,0xEC31,0xEC31,0xEC31,0xEC31,0xCB31,0xEC31,0xEC31,
    0xCC21,0xEC31,0xEC31,0xEC31,0xEC31,0xEC31,0xEC31,0xEC31,0xEC31,0x0C3A,0x2C42,0x2C42,
    0x2C42,0x2C42,0x2C42,0x2C42,0x2C42,0x2C42,0x2C42,0x2C42,0x2C42,0x2C42,0x2C42,0x6D52,
    0x8E5A,0x8E5A,0x8D5A,0x8D5A,0x8D5A,0x8D5A,0xCE6A,0xCE6A,0xCE6A,0xCE6A,0xCE6A,0x0E7B,
    0x0E7B,0x0E7B,0x0E7B,0x0E7B,0x0E7B,0x0E7B,0x0E7B,0x0E7B,0x0E7B,0x0E7B,0x0E7B,0x0E7B,
    0x0E7B,0x2E83,0x2E83,0x2E83,0x2E83,0x4E93,0x4E93,0x4E93,0x8F9B,0x8F9B,0x8F9B,0xB09B,
    0xD0A3,0xD0A3,0xD0A3,0xD0A3,0xD0A3,0x11AC,0x11AC,0x11AC,0x31B4,0x31B4,0x31B4,0x31B4,
    0x72BC,0x72BC,0x92BC,0x92BC,0xD2CC,0xD2CC,0xD2CC,0xD2CC,0x13CD,0x13CD,0x34CD,0x54DD,
    0x54DD,0x54DD,0x54DD,0x54DD,0x54DD,0x54DD,0x54DD,0x54DD,0x54DD,0x95DD,0x95DD,0xB5E5,
    0xB5E5,0xB5E5,0xB5E5,0xB5E5,0xB5E5,0xB5E5,0xF6ED,0xF6ED,0xF6ED,0xF6ED,0xF6ED,0xF6ED,
    0xF6ED,0xF6ED,0xF6ED,0xF6ED,0xF6ED,0xF6ED,0xF6ED,0xF6ED,0xF6ED,0xF6ED,0xF6ED,0xF6ED,
    0xF6ED,0xF6ED,0xF6ED,0xF6ED,0xF6ED,0xB5E5,0xB5E5,0xB5E5,0xB5E5,0xB5E5,0xB5E5,0xB5E5,
    0xB5E5,0x54DD,0x54DD,0x54DD,0x54DD,0x54DD,0x54DD,0x54DD,0x54DD,0x54DD,0x54DD,0x54DD,
    0x13D5,0x54DD,0x54DD,0x13CD,0xD2CC,0xD2CC,0xD2CC,0xD2CC,0x91C4,0x71C4,0x31B4,0x31B4,
    0x31B4,0x31B4,0x31B4,0x31B4,0x31B4,0x31B4,0x31B4,0xF0B3,0xAFA3,0xAFA3,0xAFA3,0xAFA3,
    0xAFA3,0xAFA3,0xAFA3,0xAFA3,0xAFA3,0xAFA3,0x8F9B,0x8F9B,0x4E93,0x4E93,0x4E93,0x4E93,
    0x4E93,0x4E93,0x2E83,0x2E83,0x2E83,0x2E83,0x2E83,0x2E83,0x2E83,0x2E83,0x2E83,0x2E83,
    0x2E83,0x2E83,0xEE72,0x0E7B,0xCD72,0xCD72,0xCD72,0xCD72,0xCD72,0xAD62,0xAD62,0xAD62,
    0xAD62,0xAD62,0xAD62,0xAD62,0xAD62,0xAD62,0x8D5A,0x8D5A,0x8D5A,0x6D52,0x6D52,0x6D52,
    0x6D52,0x2C42,0x2C42,0x2C42,0x2C42,0x2C42,0x2C42,0x2C42,0x2C42,0x2C42,0x2C42,0x0C3A,
    0x0C3A,0xEC31,0xEC31,0xEC31,0xEC31,0xEC31,0xEC31,0xEC31,0xEC31,0xEC31,0xCB31,0xEC31,
    0xCC21,0xEC31,0xEC31,0xEC31,0xEC31,0x0C3A,0x0C3A,0xEC31,0xEC31,0x0C3A,0x0C3A,0x2C42,
    0x2C42,0x2C42,0x2C42,0x2C42,0x2C42,0x2C42,0x2C42,0x2C42,0x2C42,0x2C42,0x2C42,0x2C42,
    0x6D52,0x8E5A,0x8D5A,0x8D5A,0x8D5A,0x6D52,0x8D5A,0xCE6A,0xCE6A,0xCE6A,0xCE6A,0xEE72,
    0x0E7B,0x0E7B,0x0E7B,0x0E7B,0x0E7B,0x0E7B,0x0E7B,0x0E7B,0x0E7B,0x0E7B,0x0E7B,0x0E7B,
    0x0E7B,0x2E83,0x2E83,0x2E83,0x2E83,0x4E93,0x4E93,0x8F9B,0x8F9B,0x8F9B,0x8F9B,0x8F9B,
    0xB09B,0xD0A3,0xD0A3,0xD0A3,0xD0A3,0xD0A3,0x11AC,0x11AC,0x31B4,0x31B4,0x31B4,0x31B4,
    0x31B4,0x31B4,0x31B4,0x92BC,0xD2CC,0xD2CC,0xD2CC,0xD2CC,0xD2CC,0xD2CC,0x13CD,0x34CD,
    0x54DD,0x54DD,0x54DD,0x54DD,0x54DD,0x54DD,0x54DD,0x54DD,0x54DD,0x54DD,0x54DD,0x95DD,
    0xB5E5,0xB5E5,0xB5E5,0xB5E5,0xB5E5,0xB5E5,0xB5E5,0xB5E5,0xB5E5,0xB5E5,0xF6ED,0xF6ED,
    0xF6ED,0xF6ED,0xF6ED,0xF6ED,0xF6ED,0xF6ED,0xF6ED,0xF6ED,0xF6ED,0xF6ED,0xF6ED,0xF6ED,
    0xF6ED,0xF6ED,0xF6ED,0xB5E5,0xB5E5,0xB5E5,0xB5E5,0xB5E5,0xB5E5,0xB5E5,0xB5E5,0x95DD,
    0x54DD,0x95DD,0x54DD,0x54DD,0x54DD,0x54DD,0x54DD,0x54DD,0x13D5,0x54DD,0x54DD,0x54DD,
    0x54DD,0x54DD,0x13D5,0xD2CC,0xD2CC,0xD2CC,0xD2CC,0xD2CC,0x91C4,0x31B4,0x31B4,0x31B4,
    0x31B4,0x31B4,0x31B4,0x31B4,0x31B4,0xEFB3,0xEFB3,0xAFA3,0xAFA3,0xAFA3,0xAFA3,0xAFA3,
    0xAFA3,0xAFA3,0xAFA3,0xAFA3,0xAFA3,0x8F9B,0x8F9B,0x8F9B,0x4E93,0x4E93,0x4E93,0x4E93,
    0x4E93,0x4E93,0x2E83,0x2E83,0x2E83,0x2E83,0x2E83,0x2E83,0x2E83,0x0D83,0x2E83,0x0D83,
    0x2E83,0x0D7B,0xEE72,0xEE72,0xCD72,0xCD72,0xCD72,0xCD72,0xAD62,0xAD62,0xAD62,0xAD62,
    0xAD62,0xAD62,0xAD62,0xAD62,0xAD62,0xAD62,0x6D52,0x8D5A,0x8D5A,0x6D52,0x6D52,0x6D52,
    0x6D52,0x2C42,0x2C42,0x2C42,0x2C42,0x2C42,0x2C42,0x2C42,0x2C42,0x2C42,0x2C42,0x0C3A,
    0x0C3A,0xEC31,0xEC31,0xEC31,0xEC31,0xEC31,0xEC31,0xEC31,0xEC31,0xCB31,0xEC31,0xEC31,
    0xCC21,0xEC31,0xEC31,0xEC31,0xEC31,0xEC31,0x0C3A,0x0C3A,0xEC31,0x0C3A,0x0C3A,0x2C42,
    0x2C42,0x2C42,0x2C42,0x2C42,0x2C42,0x2C42,0x2C42,0x2C42,0x2C42,0x2C42,0x2C42,0x6D52,
    0x6D52,0x6D52,0x8D5A,0x8D5A,0x8D5A,0x8D5A,0x6D52,0x8D5A,0xCE6A,0xCE6A,0xCE6A,0xCE6A,
    0xEE72,0x0E7B,0x0E7B,0x0E7B,0x0E7B,0x0E7B,0xEE72,0xEE72,0xCD72,0x0E7B,0x0E7B,0x0E7B,
    0x0E7B,0x2E83,0x2E83,0x2E83,0x2E83,0x2E83,0x4E93,0x8F9B,0x8F9B,0x8F9B,0x8F9B,0x8F9B,
    0x8F9B,0xD0A3,0xD0A3,0xD0A3,0xD0A3,0xD0A3,0x11AC,0x11AC,0x11AC,0x31B4,0x31B4,0x31B4,
    0x31B4,0x31B4,0x31B4,0x31B4,0xD2CC,0xD2CC,0xD2CC,0xD2CC,0xD2CC,0xD2CC,0xD2CC,0x13CD,
    0x34CD,0x54DD,0x54DD,0x54DD,0x54DD,0x54DD,0x54DD,0x54DD,0x54DD,0x54DD,0x54DD,0x54DD,
    0x95DD,0x95DD,0xB5E5,0xB5E5,0xB5E5,0xB5E5,0xB5E5,0xB5E5,0xB5E5,0xB5E5,0xB5E5,0xB5E5,
    0xB5E5,0xB5E5,0xF6ED,0xF6ED,0xF6ED,0xF6ED,0xF6ED,0xF6ED,0xF6ED,0xF6ED,0xB5E5,0xB5E5,
    0xB5E5,0xB5E5,0xB5E5,0xB5E5,0xB5E5,0xB5E5,0xB5E5,0xB5E5,0xB5E5,0x74E5,0x54DD,0x54DD,
    0x54DD,0x54DD,0x54DD,0x54DD,0x54DD,0x54DD,0x54DD,0x13D5,0x13D5,0x13D5,0x54DD,0x54DD,
    0x54DD,0x13D5,0x13D5,0xD2CC,0xD2CC,0xD2CC,0xD2CC,0x91C4,0x31B4,0x31B4,0x31B4,0x31B4,
    0x31B4,0x31B4,0x31B4,0x31B4,0x31B4,0xEFB3,0xAFA3,0xAFA3,0xAFA3,0xAFA3,0xAFA3,0xAFA3,
    0xAFA3,0xAFA3,0xAFA3,0xAFA3,0xAFA3,0x8F9B,0x8F9B,0x4E93,0x4E93,0x4E93,0x4E93,0x4E93,
    0x4E93,0x2E83,0x2E83,0x2E83,0x2E83,0x2E83,0x2E83,0x2E83,0x2E83,0x0D83,0x0D83,0xEE72,
    0x0D7B,0x0D7B,0xEE72,0xCD72,0xCD72,0xCD72,0xCD72,0xCD72,0xAD62,0xAD62,0xAD62,0xAD62,
    0xAD62,0xAD62,0xAD62,0xAD62,0xAD62,0x8D5A,0x8D5A,0x8D5A,0x8D5A,0x6D52,0x6D52,0x6D52,
    0x2C42,0x2C42,0x2C42,0x2C42,0x2C42,0x2C42,0x2C42,0x2C42,0x2C42,0x2C42,0x0C3A,0xEC31,
    0xEC31,0xEC31,0xEC31,0xEC31,0xEC31,0xEC31,0xEC31,0xEC31,0xEC31,0xCB31,0xEC31,0xEC31,
    0xCC21,0xEC31,0xEC31,0xEC31,0xEC31,0xEC31,0x0C3A,0x0C3A,0x0C3A,0x0C3A,0x0C3A,0x2C42,
    0x2C42,0x2C42,0x2C42,0x2C42,0x2C42,0x2C42,0x2C42,0x2C42,0x2C42,0x2C42,0x2C42,0x6D52,
    0x6D52,0x6D52,0x8D5A,0x8D5A,0x8D5A,0x8D5A,0x8D5A,0x6D52,0x8D5A,0xCE6A,0xCE6A,0xCE6A,
    0xCE6A,0xEE72,0xEE72,0xCE6A,0xCE6A,0xCD72,0xCD72,0xCD72,0xCD72,0xCD72,0x0E7B,0x0E7B,
    0x0E7B,0x0E7B,0x2E83,0x2E83,0x2E83,0x2E83,0x4E93,0x8F9B,0x8F9B,0x8F9B,0x8F9B,0x8F9B,
    0x8F9B,0xB09B,0xAFA3,0xD0A3,0xD0A3,0xD0A3,0xD0A3,0x11AC,0x11AC,0x11AC,0x31B4,0x31B4,
    0x31B4,0x31B4,0x31B4,0x72BC,0x72BC,0x92BC,0xD2CC,0xD2CC,0xD2CC,0xD2CC,0xD2CC,0xD2CC,
    0x13CD,0x34CD,0x54DD,0x54DD,0x54DD,0x54DD,0x54DD,0x54DD,0x54DD,0x54DD,0x54DD,0x54DD,
    0x95DD,0x54DD,0x95DD,0xB5E5,0xB5E5,0xB5E5,0xB5E5,0xB5E5,0xB5E5,0xB5E5,0xB5E5,0xB5E5,
    0xB5E5,0xB5E5,0xB5E5,0xB5E5,0xB5E5,0xB5E5,0xB5E5,0xB5E5,0xF6ED,0xB5E5,0xB5E5,0xB5E5,
    0xB5E5,0xB5E5,0xB5E5,0xB5E5,0xB5E5,0xB5E5,0xB5E5,0x95DD,0x95DD,0x54DD,0x54DD,0x54DD,
    0x54DD,0x54DD,0x54DD,0x54DD,0x54DD,0x54DD,0x13D5,0x13D5,0x13D5,0x13CD,0x13CD,0x13D5,
    0x13D5,0x13CD,0xD2CC,0xD2CC,0xD2CC,0x91C4,0x91C4,0x31B4,0x31B4,0x31B4,0x31B4,0x31B4,
    0x31B4,0x31B4,0x31B4,0x31B4,0x31B4,0xEFB3,0xAFA3,0xAFA3,0xAFA3,0xAFA3,0xAFA3,0xAFA3,
    0xAFA3,0xAFA3,0xAFA3,0xAFA3,0x8F9B,0x8F9B,0x8F9B,0x4E93,0x4E93,0x4E93,0x4E93,0x4E93,
    0x2E83,0x2E83,0x2E83,0x2E83,0x2E83,0x2E83,0x2E83,0x2E83,0x2E83,0x0D83,0x0D7B,0xCD72,
    0x0D7B,0xCD72,0xCD72,0xCD72,0xCD72,0xCD72,0xCD72,0xAD62,0xAD62,0xAD62,0xAD62,0xAD62,
    0xAD62,0xAD62,0xAD62,0xAD62,0x8D5A,0x8D5A,0x8D5A,0x8D5A,0x8D5A,0x6D52,0x6D52,0x6D52,
    0x2C42,0x2C42,0x2C42,0x2C42,0x2C42,0x2C42,0x2C42,0x2C42,0x2C42,0x2C42,0x0C3A,0xEC31,
    0xCB31,0xEC31,0xEC31,0xEC31,0xEC31,0xEC31,0xCB31,0xEC31,0xCB31,0xCB31,0xEC31,0xEC31,
    0xEC31,0xEC31,0xEC31,0xEC31,0xEC31,0xEC31,0x0C3A,0x0C3A,0x0C3A,0x0C3A,0x0C3A,0x2C42,
    0x2C42,0x2C42,0x2C42,0x2C42,0x2C42,0x2C42,0x2C42,0x2C42,0x2C42,0x2C42,0x2C42,0x6D52,
    0x6D52,0x8D5A,0x8D5A,0x6D52,0x8D5A,0x8D5A,0x8D5A,0x8D5A,0x8D5A,0x8D5A,0xCE6A,0xCE6A,
    0xCE6A,0xCE6A,0xCE6A,0xAD62,0xAD62,0xAD62,0xCD72,0xCD72,0xCD72,0xCD72,0xCD72,0x0E7B,
    0x0E7B,0x0E7B,0x2E83,0x2E83,0x2E83,0x2E83,0x2E83,0x4E93,0x8F9B,0x8F9B,0xB09B,0x8F9B,
    0x8F9B,0xB09B,0xB09B,0xD0A3,0xD0A3,0xD0A3,0xD0A3,0xD0A3,0x11AC,0x11AC,0x11AC,0x31B4,
    0x31B4,0x31B4,0x31B4,0x31B4,0x72BC,0x92BC,0x92BC,0xD2CC,0xD2CC,0xD2CC,0xD2CC,0xD2CC,
    0xD2CC,0x13CD,0x34CD,0x54DD,0x54DD,0x54DD,0x54DD,0x54DD,0x54DD,0x54DD,0x54DD,0x54DD,
    0x54DD,0x54DD,0x54DD,0x95DD,0x95DD,0x54DD,0x95DD,0x95DD,0xB5E5,0xB5E5,0xB5E5,0xB5E5,
    0xB5E5,0xB5E5,0xB5E5,0xB5E5,0xB5E5,0xB5E5,0xB5E5,0xB5E5,0xB5E5,0xB5E5,0xB5E5,0xB5E5,
    0xB5E5,0xB5E5,0xB5E5,0xB5E5,0x95DD,0x95DD,0x54DD,0x54DD,0x54DD,0x54DD,0x54DD,0x54DD,
    0x54DD,0x54DD,0x54DD,0x54DD,0x54DD,0x54DD,0x13D5,0x13CD,0x13CD,0x13CD,0xD2CC,0xD2CC,
    0x13CD,0x13CD,0xD2CC,0xD2CC,0xD2CC,0x91C4,0x71C4,0x31B4,0x31B4,0x31B4,0x31B4,0x31B4,
    0x31B4,0x31B4,0x31B4,0x31B4,0x31B4,0xAFA3,0xAFA3,0xAFA3,0xAFA3,0xAFA3,0xAFA3,0xAFA3,
    0xAFA3,0xAFA3,0xAFA3,0x8F9B,0x4E93,0x4E93,0x4E93,0x4E93,0x4E93,0x4E93,0x4E93,0x4E93,
    0x2E83,0x2E83,0x2E83,0x2E83,0x2E83,0x2E83,0x2E83,0x2E83,0x2E83,0x2E83,0x0E7B,0xCD72,
    0xCD72,0xCD72,0xCD72,0xCD72,0xCD72,0xCD72,0xCD72,0xAD62,0xAD62,0xAD62,0xAD62,0xAD62,
    0xAD62,0xAD62,0xAD62,0xAD62,0x8D5A,0x8D5A,0x6D52,0x8D5A,0x6D52,0x6D52,0x6D52,0x2C42,
    0x2C42,0x2C42,0x2C42,0x2C42,0x2C42,0x2C42,0x2C42,0x2C42,0x2C42,0x2C42,0x0C3A,0xEC31,
    0xEC31,0xEC31,0xEC31,0xEC31,0xEC31,0xEC31,0xCB31,0xCB31,0xEC31,0xEC31,0xEC31,0xEC31,
    0xEC31,0xEC31,0xEC31,0xEC31,0xEC31,0xEC31,0xEC31,0x0C3A,0x0C3A,0x0C3A,0x0C3A,0x2C42,
    0x2C42,0x2C42,0x2C42,0x2C42,0x2C42,0x2C42,0x2C42,0x2C42,0x2C42,0x2C42,0x2C42,0x2C42,
    0x6D52,0x6D52,0x8D5A,0x8D5A,0x6D52,0x6D52,0x8D5A,0x8D5A,0x8D5A,0x8D5A,0x8D5A,0xCE6A,
    0xAD62,0xAD62,0xAD62,0xAD62,0xAD62,0xAD62,0xAD62,0xCD72,0xEE72,0xCD72,0xCD72,0xCD72,
    0x0E7B,0x0E7B,0x2E83,0x2E83,0x2E83,0x2E83,0x2E83,0x2E83,0x8F9B,0x8F9B,0xB09B,0x8F9B,
    0x8F9B,0x8F9B,0xB09B,0xD0A3,0xD0A3,0xD0A3,0xD0A3,0xD0A3,0xD0A3,0x11AC,0x11AC,0x11AC,
    0x31B4,0x31B4,0x31B4,0x31B4,0x31B4,0x31B4,0x92BC,0x92BC,0xD2CC,0xD2CC,0xD2CC,0xD2CC,
    0xD2CC,0xD2CC,0x13CD,0x34CD,0x13CD,0x13CD,0x54DD,0x54DD,0x54DD,0x54DD,0x54DD,0x54DD,
    0x54DD,0x54DD,0x54DD,0x54DD,0x54DD,0x54DD,0x54DD,0x54DD,0x54DD,0x95DD,0x95DD,0xB5E5,
    0x95DD,0xB5E5,0xB5E5,0xB5E5,0xB5E5,0xB5E5,0xB5E5,0xB5E5,0xB5E5,0xB5E5,0xB5E5,0xB5E5,
    0xB5E5,0x95DD,0x95DD,0x54DD,0x95DD,0x54DD,0x54DD,0x54DD,0x54DD,0x54DD,0x54DD,0x54DD,
    0x54DD,0x54DD,0x54DD,0x13D5,0x13D5,0x13D5,0x13CD,0x13CD,0xD2CC,0xD2CC,0xD2CC,0xD2CC,
    0xD2CC,0xD2CC,0xD2CC,0xD2CC,0xD2CC,0x91C4,0x31B4,0x31B4,0x31B4,0x31B4,0x31B4,0x31B4,
    0x31B4,0x31B4,0x31B4,0x31B4,0xF0B3,0xAFA3,0xD0A3,0xAFA3,0xAFA3,0xAFA3,0xAFA3,0xAFA3,
    0xAFA3,0xAFA3,0x8F9B,0x8F9B,0x4E93,0x4E93,0x4E93,0x4E93,0x4E93,0x4E93,0x4E93,0x2E83,
    0x2E83,0x2E83,0x2E83,0x2E83,0x2E83,0x2E83,0x2E83,0x2E83,0x2E83,0x2E83,0x0D7B,0xCD72,
    0xCD72,0xCD72,0xCD72,0xCD72,0xCD72,0xCD72,0xCD72,0xAD62,0xAD62,0xAD62,0xAD62,0xAD62,
    0xAD62,0xAD62,0xAD62,0x8D5A,0x8D5A,0x8D5A,0x8D5A,0x8D5A,0x6D52,0x6D52,0x6D52,0x2C42,
    0x2C42,0x2C42,0x2C42,0x2C42,0x2C42,0x2C42,0x2C42,0x2C42,0x2C42,0x2C42,0x0C3A,0xEC31,
    0xEC31,0xEC31,0xEC31,0xEC31,0xEC31,0xEC31,0xCB31,0xCB31,0xEC31,0xEC31,0xCC21,0xAB29,
    0xEC31,0xEC31,0xEC31,0xEC31,0xEC31,0xEC31,0xEC31,0xEC31,0x0C3A,0x0C3A,0x0C3A,0x0C3A,
    0x2C42,0x2C42,0x2C42,0x2C42,0x2C42,0x2C42,0x2C42,0x2C42,0x2C42,0x2C42,0x2C42,0x2C42,
    0x2C42,0x6D52,0x6D52,0x6D52,0x6D52,0x6D52,0x8D5A,0x8D5A,0x6D52,0x6D52,0x8D5A,0x8D5A,
    0xAD62,0xAD62,0xAD62,0xAD62,0xAD62,0xAD62,0xAD62,0xAD62,0xCD72,0xCD72,0xCD72,0xCD72,
    0x0E7B,0x0E7B,0x0E7B,0x2E83,0x2E83,0x2E83,0x2E83,0x2E83,0x4E93,0x8F9B,0x8F9B,0xB09B,
    0x8F9B,0x8F9B,0xB09B,0xB09B,0xD0A3,0xD0A3,0xD0A3,0xD0A3,0x11AC,0x11AC,0x11AC,0x11AC,
    0x31B4,0x31B4,0x31B4,0x31B4,0x31B4,0x72BC,0x72BC,0x92BC,0xD2CC,0xD2CC,0xD2CC,0xD2CC,
    0xD2CC,0xD2CC,0xD2CC,0xD2CC,0x13CD,0x13CD,0x13CD,0x54DD,0x54DD,0x54DD,0x54DD,0x54DD,
    0x54DD,0x54DD,0x54DD,0x54DD,0x54DD,0x54DD,0x54DD,0x54DD,0x54DD,0x54DD,0x54DD,0x54DD,
    0x54DD,0x95DD,0x95DD,0x95DD,0x95DD,0x95DD,0x95DD,0xB5E5,0x95DD,0x95DD,0x95DD,0x95DD,
    0x54DD,0x54DD,0x54DD,0x54DD,0x54DD,0x54DD,0x54DD,0x54DD,0x54DD,0x54DD,0x54DD,0x54DD,
    0x54DD,0x13D5,0x13D5,0x54DD,0x13D5,0xD2CC,0xD2CC,0xD2CC,0xD2CC,0xD2CC,0xD2CC,0xD2CC,
    0xD2CC,0xD2CC,0xD2CC,0x91C4,0x91C4,0x71C4,0x31B4,0x31B4,0x31B4,0x31B4,0x31B4,0x31B4,
    0x31B4,0x31B4,0xD0A3,0xEFB3,0xAFA3,0xAFA3,0xAFA3,0xAFA3,0xAFA3,0xAFA3,0xAFA3,0xAFA3,
    0xAFA3,0x8F9B,0x8F9B,0x4E93,0x4E93,0x4E93,0x4E93,0x4E93,0x4E93,0x4E93,0x2E83,0x2E83,
    0x0D83,0x2E83,0x2E83,0x2E83,0x2E83,0x2E83,0x2E83,0x2E83,0x2E83,0x2E83,0x0D7B,0xCD72,
    0xCD72,0xCD72,0xCD72,0xCD72,0xCD72,0xCD72,0xAD62,0xAD62,0xAD62,0xAD62,0xAD62,0xAD62,
    0xAD62,0xAD62,0xAD62,0x6D52,0x6D52,0x8D5A,0x8D5A,0x6D52,0x6D52,0x6D52,0x6D52,0x2C42,
    0x2C42,0x2C42,0x2C42,0x2C42,0x2C42,0x2C42,0x2C42,0x2C42,0x2C42,0x2C42,0x0C3A,0xEC31,
    0xEC31,0xEC31,0xEC31,0xEC31,0xEC31,0xEC31,0xCB31,0xCB31,0xEC31,0xEC31,0xAB29,0xAB29,
    0xCC21,0xEC31,0xEC31,0xEC31,0xEC31,0xEC31,0xEC31,0xEC31,0x0C3A,0x0C3A,0x0C3A,0x0C3A,
    0x0C3A,0x2C42,0x2C42,0x2C42,0x2C42,0x2C42,0x2C42,0x2C42,0x2C42,0x2C42,0x2C42,0x2C42,
    0x2C42,0x6D52,0x6D52,0x6D52,0x6D52,0x6D52,0x6D52,0x6D52,0x6D52,0x6D52,0x8D5A,0x8D5A,
    0x8D5A,0xAD62,0xAD62,0xAD62,0xAD62,0xAD62,0xAD62,0xAD62,0xAD62,0xCD72,0xCD72,0xCD72,
    0xCD72,0x0E7B,0x0E7B,0x2E83,0x2E83,0x2E83,0x2E83,0x2E83,0x2E83,0x8F9B,0x8F9B,0xB09B,
    0x8F9B,0x8F9B,0x8F9B,0xB09B,0xB09B,0xD0A3,0xD0A3,0xD0A3,0xD0A3,0x11AC,0x11AC,0x11AC,
    0x11AC,0x31B4,0x31B4,0x31B4,0x31B4,0x31B4,0x92BC,0x92BC,0xD2CC,0xD2CC,0xD2CC,0xD2CC,
    0xD2CC,0xD2CC,0xD2CC,0xD2CC,0xD2CC,0x13CD,0x13CD,0x13CD,0x34CD,0x34CD,0x54DD,0x54DD,
    0x54DD,0x54DD,0x54DD,0x54DD,0x54DD,0x54DD,0x54DD,0x54DD,0x54DD,0x54DD,0x54DD,0x54DD,
    0x54DD,0x54DD,0x54DD,0x54DD,0x54DD,0x54DD,0x54DD,0x54DD,0x95DD,0x54DD,0x54DD,0x54DD,
    0x54DD,0x54DD,0x54DD,0x54DD,0x54DD,0x54DD,0x54DD,0x54DD,0x54DD,0x54DD,0x54DD,0x13D5,
    0x13D5,0x13D5,0x13D5,0x13D5,0xD2CC,0xD2CC,0xD2CC,0xD2CC,0xD2CC,0xD2CC,0xD2CC,0xD2CC,
    0xD2CC,0xD2CC,0xD2CC,0x91C4,0x31B4,0x31B4,0x31B4,0x31B4,0x31B4,0x31B4,0x31B4,0x31B4,
    0x31B4,0xF0B3,0xAFA3,0xD0A3,0xAFA3,0xAFA3,0xAFA3,0xAFA3,0xAFA3,0xAFA3,0xAFA3,0xAFA3,
    0x8F9B,0x4E93,0x4E93,0x4E93,0x4E93,0x4E93,0x4E93,0x4E93,0x4E93,0x4E93,0x2E83,0x2E83,
    0x2E83,0x2E83,0x2E83,0x2E83,0x2E83,0x2E83,0x2E83,0x2E83,0x2E83,0x2E83,0xCD72,0xCD72,
    0xCD72,0xCD72,0xCD72,0xCD72,0xCD72,0xEE72,0xCE6A,0xAD62,0xAD62,0xAD62,0xAD62,0xAD62,
    0xAD62,0xAD62,0x8D5A,0x6D52,0x6D52,0x6D52,0x6D52,0x6D52,0x6D52,0x6D52,0x2C42,0x2C42,
    0x2C42,0x2C42,0x2C42,0x2C42,0x2C42,0x2C42,0x2C42,0x2C42,0x2C42,0x0C3A,0xEC31,0xEC31,
    0xEC31,0xEC31,0xEC31,0xEC31,0xEC31,0xEC31,0xCB31,0xEC31,0xEC31,0xEC31,0xAB29,0xAB29,
    0xCC21,0xCC21,0xEC31,0xCC21,0xEC31,0xEC31,0xEC31,0x0C3A,0x0C3A,0x0C3A,0x0C3A,0x0C3A,
    0x0C3A,0x0C3A,0x2C42,0x2C42,0x2C42,0x2C42,0x2C42,0x2C42,0x2C42,0x2C42,0x2C42,0x2C42,
    0x2C42,0x2C42,0x6D52,0x6D52,0x6D52,0x6D52,0x6D52,0x6D52,0x6D52,0x6D52,0x8D5A,0x6D52,
    0x8D5A,0x8D5A,0xAD62,0xAD62,0xAD62,0xAD62,0xAD62,0xAD62,0xAD62,0xCD72,0xCD72,0xCD72,
    0xCD72,0x0E7B,0x0E7B,0x0E7B,0x2E83,0x2E83,0x2E83,0x2E83,0x2E83,0x8F9B,0x8F9B,0x8F9B,
    0xB09B,0xB09B,0x8F9B,0x8F9B,0xB09B,0xB09B,0xD0A3,0xD0A3,0xD0A3,0xD0A3,0xD0A3,0x11AC,
    0x11AC,0x11AC,0x31B4,0x31B4,0x31B4,0x72BC,0x92BC,0x92BC,0xD2CC,0xD2CC,0xD2CC,0xD2CC,
    0xD2CC,0xD2CC,0xD2CC,0xD2CC,0xD2CC,0xD2CC,0xD2CC,0x13CD,0x13CD,0x34CD,0x13D5,0x34CD,
    0x54DD,0x54DD,0x54DD,0x54DD,0x54DD,0x54DD,0x54DD,0x54DD,0x54DD,0x54DD,0x54DD,0x54DD,
    0x54DD,0x54DD,0x54DD,0x54DD,0x54DD,0x54DD,0x54DD,0x54DD,0x54DD,0x54DD,0x54DD,0x54DD,
    0x54DD,0x54DD,0x54DD,0x54DD,0x54DD,0x54DD,0x54DD,0x54DD,0x13D5,0x54DD,0x54DD,0x54DD,
    0x13D5,0x13CD,0x13CD,0xD2CC,0xD2CC,0xD2CC,0xD2CC,0xD2CC,0xD2CC,0xD2CC,0xD2CC,0xD2CC,
    0xD2CC,0xD2CC,0xD2CC,0x31B4,0x31B4,0x31B4,0x31B4,0x31B4,0x31B4,0x31B4,0x31B4,0x31B4,
    0xF0B3,0xD0A3,0xD0A3,0xAFA3,0xAFA3,0xAFA3,0xAFA3,0xAFA3,0xAFA3,0xAFA3,0x8F9B,0x8F9B,
    0x8F9B,0x4E93,0x4E93,0x4E93,0x4E93,0x4E93,0x4E93,0x4E93,0x4E93,0x2E83,0x2E83,0x0D83,
    0x2E83,0x2E83,0x0D83,0x2E83,0x2E83,0x0D83,0x2E83,0x0E7B,0x0E7B,0x0E7B,0xCD72,0xCD72,
    0xCD72,0xCD72,0xCD72,0xCD72,0xCD72,0xEE72,0xAD62,0xAD62,0xAD62,0xAD62,0xAD62,0xAD62,
    0xAD62,0x8D5A,0x8D5A,0x8D5A,0x6D52,0x6D52,0x6D52,0x6D52,0x6D52,0x6D52,0x2C42,0x2C42,
    0x2C42,0x2C42,0x2C42,0x2C42,0x2C42,0x2C42,0x2C42,0x2C42,0x2C42,0x0C3A,0xEC31,0xEC31,
    0xEC31,0xEC31,0xEC31,0xEC31,0xEC31,0xCB31,0xEC31,0xEC31,0xEC31,0xEC31,0xAB29,0xAB29,
    0xCC21,0xCC21,0xEC31,0xEC31,0xEC31,0xEC31,0xEC31,0xEC31,0xEC31,0x0C3A,0x0C3A,0x0C3A,
    0x0C3A,0x0C3A,0x0C3A,0x0C3A,0x0C3A,0x2C42,0x2C42,0x2C42,0x2C42,0x2C42,0x2C42,0x2C42,
    0x2C42,0x2C42,0x2C42,0x2C42,0x6D52,0x6D52,0x6D52,0x6D52,0x6D52,0x6D52,0x6D52,0x8D5A,
    0x8D5A,0x8D5A,0xAD62,0xAD62,0xAD62,0xAD62,0xAD62,0xAD62,0xAD62,0xAD62,0xCD72,0xCD72,
    0xCD72,0xCD72,0x0E7B,0x0E7B,0x2E83,0x2E83,0x2E83,0x2E83,0x2E83,0x2E83,0x8F9B,0x4E93,
    0x8F9B,0x8F9B,0x8F9B,0x8F9B,0x8F9B,0xB09B,0xB09B,0xD0A3,0xD0A3,0xD0A3,0xD0A3,0x11AC,
    0x11AC,0x11AC,0x11AC,0x31B4,0x31B4,0x72BC,0x92BC,0x92BC,0x92BC,0xD2CC,0xD2CC,0xD2CC,
    0xD2CC,0xD2CC,0xD2CC,0xD2CC,0xD2CC,0xD2CC,0xD2CC,0xD2CC,0x13CD,0x13CD,0x13CD,0x34CD,
    0x34CD,0x54DD,0x54DD,0x54DD,0x54DD,0x54DD,0x54DD,0x54DD,0x54DD,0x54DD,0x54DD,0x54DD,
    0x54DD,0x54DD,0x54DD,0x54DD,0x54DD,0x54DD,0x54DD,0x54DD,0x54DD,0x54DD,0x54DD,0x54DD,
    0x54DD,0x54DD,0x54DD,0x54DD,0x54DD,0x54DD,0x54DD,0x54DD,0x13D5,0x13D5,0x13D5,0x13CD,
    0x13CD,0xD2CC,0xD2CC,0xD2CC,0xD2CC,0xD2CC,0xD2CC,0xD2CC,0xD2CC,0xD2CC,0xD2CC,0xD2CC,
    0xD2CC,0xD2CC,0x91BC,0x31B4,0x31B4,0x31B4,0x31B4,0x31B4,0x31B4,0x31B4,0x31B4,0x31B4,
    0xAFA3,0xD0A3,0xD0A3,0xAFA3,0xAFA3,0xAFA3,0xAFA3,0xAFA3,0xAFA3,0xAFA3,0x8F9B,0x8F9B,
    0x8F9B,0x4E93,0x4E93,0x4E93,0x4E93,0x4E93,0x4E93,0x4E93,0x2E83,0x2E83,0x0D83,0x2E83,
    0x2E83,0x2E83,0x0D83,0x0D83,0x2E83,0x2E83,0x2E83,0x0E7B,0x0D7B,0xCD72,0xCD72,0xCD72,
    0xCD72,0xCD72,0xEE72,0xEE72,0xEE72,0xEE72,0xCE6A,0xCE6A,0xCE6A,0xAD62,0xAD62,0xAD62,
    0xAD62,0x8D5A,0x8D5A,0x6D52,0x6D52,0x6D52,0x6D52,0x6D52,0x6D52,0x2C42,0x2C42,0x2C42,
    0x2C42,0x2C42,0x2C42,0x2C42,0x2C42,0x2C42,0x2C42,0x0C3A,0x2C42,0xEC31,0xEC31,0xEC31,
    0xEC31,0xEC31,0xEC31,0xEC31,0xEC31,0xEC31,0xEC31,0xEC31,0xEC31,0xCC21,0xAB29,0xAB29,
    0xCC21,0xCC21,0xCC21,0xEC31,0xEC31,0xEC31,0xEC31,0xEC31,0x0C3A,0x0C3A,0x0C3A,0x0C3A,
    0x0C3A,0x0C3A,0x0C3A,0x0C3A,0x0C3A,0x0C3A,0x2C42,0x2C42,0x2C42,0x2C42,0x2C42,0x2C42,
    0x2C42,0x2C42,0x2C42,0x2C42,0x2C42,0x6D52,0x6D52,0x6D52,0x6D52,0x6D52,0x6D52,0x8D5A,
    0x8D5A,0x8D5A,0x8D5A,0xAD62,0xAD62,0xAD62,0xAD62,0xAD62,0xAD62,0xAD62,0xCD72,0xCD72,
    0xCD72,0xCD72,0xEE72,0x0E7B,0x0E7B,0x2E83,0x2E83,0x2E83,0x2E83,0x2E83,0x2E83,0x4E93,
    0x8F9B,0x8F9B,0x8F9B,0xB09B,0x8F9B,0x8F9B,0xB09B,0xB09B,0xD0A3,0xD0A3,0xD0A3,0xD0A3,
    0x11AC,0x11AC,0x11AC,0x11AC,0x31B4,0x31B4,0x92BC,0x92BC,0x92BC,0x92BC,0xD2CC,0xD2CC,
    0xD2CC,0xD2CC,0xD2CC,0xD2CC,0xD2CC,0xD2CC,0xD2CC,0xD2CC,0xD2CC,0xD2CC,0x13CD,0x13CD,
    0x13CD,0x13CD,0x13CD,0x34CD,0x54DD,0x54DD,0x34CD,0x54DD,0x54DD,0x54DD,0x54DD,0x54DD,
    0x54DD,0x54DD,0x54DD,0x54DD,0x54DD,0x54DD,0x54DD,0x54DD,0x54DD,0x54DD,0x54DD,0x54DD,
    0x54DD,0x54DD,0x54DD,0x54DD,0x54DD,0x54DD,0x13D5,0x13D5,0x13D5,0x13CD,0xD2CC,0xD2CC,
    0xD2CC,0xD2CC,0xD2CC,0xD2CC,0xD2CC,0xD2CC,0xD2CC,0xD2CC,0xD2CC,0xD2CC,0xD2CC,0xD2CC,
    0xD2CC,0x92BC,0x91BC,0x31B4,0x31B4,0x31B4,0x31B4,0x31B4,0x31B4,0x31B4,0xD0A3,0xD0A3,
    0xD0A3,0xD0A3,0xAFA3,0xAFA3,0xAFA3,0xAFA3,0xAFA3,0xAFA3,0xAFA3,0x8F9B,0x8F9B,0x8F9B,
    0x8F9B,0x4E93,0x4E93,0x4E93,0x4E93,0x4E93,0x4E93,0x4E93,0x2E83,0x2E83,0x2E83,0x2E83,
    0x2E83,0x2E83,0x2E83,0x2E83,0x2E83,0x0E7B,0x2E83,0x0D7B,0xCD72,0xCD72,0xCD72,0xCD72,
    0xCD72,0xCD72,0xEE72,0xCD72,0xEE72,0xCE6A,0xCE6A,0xCE6A,0xCE6A,0xAD62,0xAD62,0xAD62,
    0x8D5A,0x8D5A,0x6D52,0x6D52,0x6D52,0x6D52,0x6D52,0x6D52,0x6D52,0x2C42,0x2C42,0x2C42,
    0x2C42,0x2C42,0x2C42,0x2C42,0x2C42,0x2C42,0x0C3A,0x0C3A,0x0C3A,0xEC31,0xEC31,0xEC31,
    0xEC31,0xEC31,0xEC31,0xEC31,0xEC31,0xEC31,0xEC31,0xEC31,0xEC31,0xEC31,0xCC21,0xAB29,
    0xCC21,0xCC21,0xCC21,0xCC21,0xCC21,0xEC31,0xEC31,0xEC31,0x0C3A,0x0C3A,0x0C3A,0x0C3A,
    0x0C3A,0x0C3A,0x0C3A,0x0C3A,0x0C3A,0x0C3A,0x2C42,0x2C42,0x2C42,0x2C42,0x2C42,0x2C42,
    0x2C42,0x2C42,0x2C42,0x2C42,0x2C42,0x2C42,0x2C42,0x6D52,0x6D52,0x6D52,0x6D52,0x6D52,
    0x8D5A,0x8D5A,0x8D5A,0xAD62,0xAD62,0xAD62,0xAD62,0xAD62,0xAD62,0xAD62,0xAD62,0xCD72,
    0xEE72,0xCD72,0xEE72,0x0E7B,0x0E7B,0x2E83,0x2E83,0x2E83,0x2E83,0x2E83,0x2E83,0x2E83,
    0x4E93,0x8F9B,0x8F9B,0x8F9B,0x8F9B,0x8F9B,0x8F9B,0xB09B,0xB09B,0xD0A3,0xD0A3,0xD0A3,
    0x11AC,0x11AC,0x11AC,0x11AC,0x11AC,0x31B4,0x72BC,0x92BC,0x92BC,0x92BC,0x92BC,0xD2CC,
    0xD2CC,0xD2CC,0xD2CC,0xD2CC,0xD2CC,0xD2CC,0xD2CC,0xD2CC,0xD2CC,0xD2CC,0xD2CC,0xD2CC,
    0x13CD,0x13CD,0x13CD,0x13CD,0x13CD,0x13CD,0x13CD,0x13D5,0x54DD,0x54DD,0x54DD,0x54DD,
    0x54DD,0x54DD,0x54DD,0x54DD,0x54DD,0x54DD,0x54DD,0x54DD,0x54DD,0x54DD,0x54DD,0x54DD,
    0x54DD,0x54DD,0x13D5,0x13D5,0x13CD,0x13CD,0x13CD,0xD2CC,0xD2CC,0xD2CC,0xD2CC,0xD2CC,
    0xD2CC,0xD2CC,0xD2CC,0xD2CC,0xD2CC,0xD2CC,0xD2CC,0xD2CC,0xD2CC,0xD2CC,0xD2CC,0xD2CC,
    0xD2CC,0x72BC,0x31B4,0x31B4,0x31B4,0x31B4,0x31B4,0x31B4,0x31B4,0xD0A3,0xAFA3,0xD0A3,
    0xD0A3,0xAFA3,0xAFA3,0xAFA3,0xAFA3,0xAFA3,0xAFA3,0xAFA3,0x8F9B,0x8F9B,0x8F9B,0x8F9B,
    0x8F9B,0x4E93,0x4E93,0x4E93,0x4E93,0x4E93,0x4E93,0x2E83,0x2E83,0x2E83,0x2E83,0x2E83,
    0x2E83,0x2E83,0x2E83,0x2E83,0x2E83,0xCD72,0x0E7B,0xCD72,0xCD72,0xCD72,0xCD72,0xCD72,
    0xCD72,0xCD72,0xCD72,0xCD72,0xCD72,0xCE6A,0xCE6A,0xCE6A,0xCE6A,0xCE6A,0xAD62,0xAD62,
    0x8D5A,0x8D5A,0x6D52,0x6D52,0x6D52,0x6D52,0x6D52,0x6D52,0x6D52,0x2C42,0x2C42,0x2C42,
    0x2C42,0x2C42,0x2C42,0x2C42,0x2C42,0x2C42,0x0C3A,0x0C3A,0xEC31,0xEC31,0xEC31,0xEC31,
    0xEC31,0xEC31,0xEC31,0xEC31,0xEC31,0xEC31,0xEC31,0xEC31,0xEC31,0xEC31,0xEC31,0xAB29,
    0xCC21,0xCC21,0xCC21,0xCC21,0xCC21,0xEC31,0xEC31,0xEC31,0xEC31,0x0C3A,0x0C3A,0x0C3A,
    0x0C3A,0x0C3A,0x0C3A,0x0C3A,0x0C3A,0x0C3A,0x0C3A,0x0C3A,0x2C42,0x2C42,0x2C42,0x2C42,
    0x2C42,0x2C42,0x2C42,0x2C42,0x2C42,0x2C42,0x2C42,0x6D52,0x6D52,0x6D52,0x6D52,0x6D52,
    0x8D5A,0x8D5A,0x8D5A,0x8D5A,0xAD62,0xAD62,0xAD62,0xAD62,0xAD62,0xAD62,0xAD62,0xAD62,
    0xCD72,0xCD72,0xCD72,0x0E7B,0x0E7B,0x0E7B,0x2E83,0x2E83,0x2E83,0x2E83,0x2E83,0x2E83,
    0x2E83,0x4E93,0x8F9B,0x8F9B,0x8F9B,0xB09B,0x8F9B,0x8F9B,0xB09B,0xD0A3,0xD0A3,0xD0A3,
    0xD0A3,0x11AC,0x11AC,0x11AC,0x11AC,0x11AC,0x31B4,0x72BC,0x92BC,0x92BC,0x92BC,0x92BC,
    0xD2CC,0xD2CC,0xD2CC,0xD2CC,0xD2CC,0xD2CC,0xD2CC,0xD2CC,0xD2CC,0xD2CC,0xD2CC,0xD2CC,
    0xD2CC,0xD2CC,0xD2CC,0x13CD,0xD2CC,0x13CD,0x13CD,0x13CD,0x13CD,0x13CD,0x13D5,0x13D5,
    0x13D5,0x34CD,0x13D5,0x13CD,0x13CD,0x34CD,0x34CD,0x34CD,0x34CD,0x13CD,0x13CD,0x34CD,
    0x13CD,0x13CD,0x13CD,0x13CD,0xD2CC,0xD2CC,0xD2CC,0xD2CC,0xD2CC,0xD2CC,0xD2CC,0xD2CC,
    0xD2CC,0xD2CC,0xD2CC,0xD2CC,0xD2CC,0xD2CC,0xD2CC,0xD2CC,0xD2CC,0xD2CC,0xD2CC,0xD2CC,
    0x92BC,0x31B4,0x31B4,0x31B4,0x31B4,0x31B4,0x31B4,0x31B4,0xD0A3,0xAFA3,0xD0A3,0xD0A3,
    0xAFA3,0xAFA3,0xAFA3,0xAFA3,0xAFA3,0xAFA3,0xAFA3,0x8F9B,0x8F9B,0x8F9B,0x4E93,0x8F9B,
    0x8F9B,0x8F9B,0x4E93,0x4E93,0x4E93,0x4E93,0x2E83,0x2E83,0x0D83,0x2E83,0x2E83,0x0D83,
    0x2E83,0x2E83,0x2E83,0x0D83,0x0D7B,0xCD72,0xCD72,0xCD72,0xCD72,0xCD72,0xCD72,0xCD72,
    0xAD62,0xAD62,0xCD72,0xCD72,0xCE6A,0xCE6A,0xCE6A,0xCE6A,0xCE6A,0xAD62,0xAD62,0xAD62,
    0x8D5A,0x8D5A,0x6D52,0x6D52,0x6D52,0x6D52,0x6D52,0x6D52,0x2C42,0x2C42,0x2C42,0x2C42,
    0x2C42,0x2C42,0x2C42,0x2C42,0x2C42,0x2C42,0x0C3A,0xEC31,0xEC31,0xEC31,0xEC31,0xEC31,
    0xEC31,0xEC31,0xEC31,0xEC31,0xEC31,0xEC31,0xEC31,0xEC31,0xEC31,0xEC31,0xEC31,0xCC21,
    0xCC21,0xCC21,0xCC21,0xEC31,0xEC31,0xEC31,0xEC31,0xEC31,0xEC31,0xEC31,0x0C3A,0x0C3A,
    0x0C3A,0x0C3A,0x0C3A,0x0C3A,0x0C3A,0x0C3A,0x0C3A,0x0C3A,0x2C42,0x2C42,0x2C42,0x2C42,
    0x2C42,0x2C42,0x2C42,0x2C42,0x2C42,0x2C42,0x2C42,0x2C42,0x6D52,0x6D52,0x6D52,0x6D52,
    0x6D52,0x6D52,0x8D5A,0x8D5A,0x8D5A,0xAD62,0xAD62,0xAD62,0xAD62,0xAD62,0xAD62,0xAD62,
    0xCD72,0xCD72,0xCD72,0xEE72,0x0E7B,0x0E7B,0x0E7B,0x2E83,0x2E83,0x2E83,0x2E83,0x2E83,
    0x2E83,0x2E83,0x4E93,0x8F9B,0x8F9B,0x8F9B,0x8F9B,0x8F9B,0x8F9B,0xB09B,0xB09B,0xD0A3,
    0xD0A3,0xD0A3,0xD0A3,0x11AC,0x11AC,0x11AC,0x31B4,0x31B4,0x72BC,0x92BC,0x92BC,0x92BC,
    0x92BC,0x92BC,0x92BC,0x92BC,0x92BC,0xD2CC,0xD2CC,0xD2CC,0xD2CC,0xD2CC,0xD2CC,0xD2CC,
    0xD2CC,0xD2CC,0xD2CC,0xD2CC,0xD2CC,0xD2CC,0xD2CC,0xD2CC,0xD2CC,0xD2CC,0xD2CC,0x13CD,
    0x13CD,0x13CD,0xD2CC,0xD2CC,0xD2CC,0x13CD,0x13CD,0x13CD,0xD2CC,0xD2CC,0xD2CC,0xD2CC,
    0xD2CC,0xD2CC,0xD2CC,0xD2CC,0xD2CC,0xD2CC,0xD2CC,0xD2CC,0xD2CC,0xD2CC,0xD2CC,0xD2CC,
    0xD2CC,0xD2CC,0xD2CC,0xD2CC,0xD2CC,0xD2CC,0xD2CC,0xD2CC,0x92BC,0x91BC,0xD2CC,0x92BC,
    0x31B4,0x31B4,0x31B4,0x31B4,0x31B4,0x31B4,0x31B4,0x11AC,0xAFA3,0xD0A3,0xD0A3,0xAFA3,
    0xAFA3,0xAFA3,0xAFA3,0xAFA3,0xAFA3,0x8F9B,0x8F9B,0x8F9B,0x8F9B,0x8F9B,0x4E93,0x8F9B,
    0x8F9B,0x8F9B,0x4E93,0x4E93,0x4E93,0x4E93,0x2E83,0x2E83,0x2E83,0x2E83,0x2E83,0x0D83,
    0x2E83,0x2E83,0x0E7B,0x0D7B,0xCD72,0xCD72,0xCD72,0xCD72,0xCD72,0xCD72,0xCD72,0xCD72,
    0xAD62,0xAD62,0xAD62,0xAD62,0xAD62,0xAD62,0xAD62,0xAD62,0xAD62,0xAD62,0x8D5A,0x8D5A,
    0x8D5A,0x6D52,0x6D52,0x6D52,0x6D52,0x6D52,0x6D52,0x2C42,0x2C42,0x2C42,0x2C42,0x2C42,
    0x2C42,0x2C42,0x2C42,0x2C42,0x2C42,0x0C3A,0x0C3A,0xEC31,0xEC31,0xEC31,0xEC31,0xEC31,
    0xEC31,0xEC31,0xEC31,0xEC31,0xEC31,0xEC31,0xEC31,0xEC31,0xEC31,0xEC31,0xEC31,0xCC21,
    0xCC21,0xCC21,0xCC21,0xEC31,0xEC31,0xEC31,0xEC31,0xEC31,0xEC31,0xEC31,0x0C3A,0x0C3A,
    0x0C3A,0x0C3A,0x0C3A,0x0C3A,0x0C3A,0x0C3A,0x0C3A,0x2C42,0x2C42,0x2C42,0x2C42,0x2C42,
    0x2C42,0x2C42,0x2C42,0x2C42,0x2C42,0x2C42,0x2C42,0x2C42,0x6D52,0x6D52,0x6D52,0x6D52,
    0x6D52,0x6D52,0x8D5A,0x8D5A,0x8D5A,0xAD62,0xAD62,0xAD62,0xAD62,0xAD62,0xAD62,0xAD62,
    0xAD62,0xCD72,0xEE72,0xEE72,0x0E7B,0x0E7B,0x0E7B,0x2E83,0x2E83,0x2E83,0x2E83,0x2E83,
    0x2E83,0x2E83,0x2E83,0x4E93,0x8F9B,0x8F9B,0x8F9B,0x8F9B,0x8F9B,0xB09B,0xB09B,0xD0A3,
    0xD0A3,0xD0A3,0xD0A3,0x11AC,0x11AC,0x11AC,0x11AC,0x11AC,0x31B4,0x72BC,0x92BC,0x92BC,
    0x92BC,0x92BC,0x92BC,0x92BC,0x92BC,0x92BC,0x92BC,0xD2CC,0xD2CC,0xD2CC,0xD2CC,0xD2CC,
    0xD2CC,0xD2CC,0xD2CC,0xD2CC,0xD2CC,0xD2CC,0xD2CC,0xD2CC,0xD2CC,0xD2CC,0xD2CC,0xD2CC,
    0xD2CC,0xD2CC,0xD2CC,0xD2CC,0xD2CC,0xD2CC,0xD2CC,0xD2CC,0xD2CC,0xD2CC,0xD2CC,0xD2CC,
    0xD2CC,0xD2CC,0xD2CC,0xD2CC,0xD2CC,0xD2CC,0xD2CC,0xD2CC,0xD2CC,0xD2CC,0xD2CC,0xD2CC,
    0xD2CC,0xD2CC,0xD2CC,0xD2CC,0xD2CC,0x92BC,0xD2CC,0xD2CC,0xD2CC,0x31B4,0x31B4,0x31B4,
    0x31B4,0x31B4,0x31B4,0x31B4,0x11AC,0x11AC,0xD0A3,0xD0A3,0xD0A3,0xD0A3,0xAFA3,0xAFA3,
    0xAFA3,0xAFA3,0xAFA3,0xAFA3,0x8F9B,0x8F9B,0x8F9B,0x4E93,0x8F9B,0x8F9B,0x8F9B,0x8F9B,
    0x4E93,0x8F9B,0x4E93,0x4E93,0x4E93,0x2E83,0x2E83,0x2E83,0x2E83,0x2E83,0x0D83,0x2E83,
    0xEE72,0x0E7B,0x0D7B,0xCD72,0xCD72,0xCD72,0xCD72,0xCD72,0xCD72,0xCD72,0xCD72,0xCD72,
    0xAD62,0xAD62,0xAD62,0xAD62,0xAD62,0xAD62,0xAD62,0xAD62,0xAD62,0xAD62,0x8D5A,0x8D5A,
    0x6D52,0x6D52,0x6D52,0x6D52,0x6D52,0x6D52,0x6D52,0x2C42,0x2C42,0x2C42,0x2C42,0x2C42,
    0x2C42,0x2C42,0x2C42,0x2C42,0x0C3A,0x0C3A,0xEC31,0xEC31,0xEC31,0xEC31,0xEC31,0xEC31,
    0xEC31,0xEC31,0xEC31,0xEC31,0xEC31,0xEC31,0xEC31,0xEC31,0xEC31,0xEC31,0xCC21,0xCC21,
    0xCC21,0xCC21,0xCC21,0xEC31,0xEC31,0xEC31,0xEC31,0xEC31,0xEC31,0xEC31,0xEC31,0x0C3A,
    0x0C3A,0x0C3A,0x0C3A,0x0C3A,0x0C3A,0x0C3A,0x0C3A,0x0C3A,0x2C42,0x2C42,0x2C42,0x2C42,
    0x2C42,0x2C42,0x2C42,0x2C42,0x2C42,0x2C42,0x2C42,0x2C42,0x2C42,0x6D52,0x6D52,0x6D52,
    0x6D52,0x6D52,0x8D5A,0x8D5A,0x8D5A,0x8D5A,0xAD62,0xAD62,0xAD62,0xAD62,0xAD62,0xAD62,
    0xAD62,0xAD62,0xEE72,0xEE72,0xEE72,0x0E7B,0x0E7B,0x0E7B,0x2E83,0x2E83,0x2E83,0x2E83,
    0x2E83,0x2E83,0x2E83,0x2E83,0x4E93,0x8F9B,0x8F9B,0xB09B,0x8F9B,0x8F9B,0x8F9B,0xB09B,
    0xD0A3,0xD0A3,0xD0A3,0xD0A3,0xD0A3,0x11AC,0x11AC,0x11AC,0x11AC,0x31B4,0x72BC,0x72BC,
    0x92BC,0x92BC,0x92BC,0x92BC,0x92BC,0x92BC,0x92BC,0x92BC,0x92BC,0xD2CC,0xD2CC,0xD2CC,
    0xD2CC,0xD2CC,0xD2CC,0xD2CC,0xD2CC,0xD2CC,0xD2CC,0xD2CC,0xD2CC,0xD2CC,0xD2CC,0xD2CC,
    0xD2CC,0xD2CC,0xD2CC,0xD2CC,0xD2CC,0xD2CC,0xD2CC,0xD2CC,0xD2CC,0xD2CC,0xD2CC,0xD2CC,
    0xD2CC,0xD2CC,0xD2CC,0xD2CC,0xD2CC,0xD2CC,0xD2CC,0xD2CC,0xD2CC,0xD2CC,0xD2CC,0xD2CC,
    0xD2CC,0xD2CC,0xD2CC,0xD2CC,0x91BC,0x91BC,0x91BC,0x92BC,0x92BC,0x31B4,0x31B4,0x31B4,
    0x31B4,0x31B4,0x31B4,0x31B4,0xD0A3,0xD0A3,0xD0A3,0xD0A3,0xAFA3,0xAFA3,0xAFA3,0xAFA3,
    0xAFA3,0xAFA3,0xAFA3,0x8F9B,0x8F9B,0x8F9B,0x4E93,0x4E93,0x8F9B,0x8F9B,0x8F9B,0x4E93,
    0x4E93,0x4E93,0x4E93,0x4E93,0x4E93,0x2E83,0x2E83,0x2E83,0x2E83,0x2E83,0x2E83,0x2E83,
    0x0D7B,0x0D7B,0xCD72,0xCD72,0xCD72,0xCD72,0xCD72,0xCD72,0xCD72,0xCD72,0xCD72,0xCD72,
    0xAD62,0xAD62,0xAD62,0xAD62,0xAD62,0xAD62,0xAD62,0xAD62,0xAD62,0x8D5A,0x8D5A,0x8D5A,
    0x6D52,0x6D52,0x6D52,0x6D52,0x6D52,0x6D52,0x2C42,0x2C42,0x2C42,0x2C42,0x2C42,0x2C42,
    0x2C42,0x2C42,0x2C42,0x2C42,0x0C3A,0x0C3A,0x0C3A,0xEC31,0xEC31,0xEC31,0xEC31,0xEC31,
    0xEC31,0xEC31,0xEC31,0xEC31,0xEC31,0xEC31,0xEC31,0xEC31,0xEC31,0xCC21,0xAB29,0xCC21,
    0xCC21,0xCC21,0xEC31,0xEC31,0xEC31,0xEC31,0xEC31,0xEC31,0xEC31,0xEC31,0xEC31,0x0C3A,
    0x0C3A,0x0C3A,0x0C3A,0x0C3A,0x0C3A,0x0C3A,0x0C3A,0x0C3A,0x0C3A,0x2C42,0x2C42,0x2C42,
    0x2C42,0x2C42,0x2C42,0x2C42,0x2C42,0x2C42,0x2C42,0x2C42,0x2C42,0x2C42,0x6D52,0x6D52,
    0x6D52,0x6D52,0x6D52,0x8D5A,0x8D5A,0x8D5A,0x8D5A,0xAD62,0xAD62,0xAD62,0xAD62,0xAD62,
    0xAD62,0xAD62,0xAD62,0xEE72,0xEE72,0xEE72,0x0E7B,0x0E7B,0x0E7B,0x2E83,0x2E83,0x2E83,
    0x2E83,0x2E83,0x2E83,0x2E83,0x2E83,0x4E93,0x8F9B,0x8F9B,0xB09B,0x8F9B,0x8F9B,0x8F9B,
    0xB09B,0xD0A3,0xD0A3,0xD0A3,0xD0A3,0xD0A3,0x11AC,0x11AC,0x11AC,0x11AC,0x31B4,0x72BC,
    0x72BC,0x92BC,0x92BC,0x92BC,0x72BC,0x92BC,0x92BC,0x92BC,0x92BC,0x92BC,0x92BC,0x92BC,
    0xD2CC,0xD2CC,0xD2CC,0xD2CC,0xD2CC,0xD2CC,0xD2CC,0xD2CC,0xD2CC,0xD2CC,0xD2CC,0xD2CC,
    0xD2CC,0xD2CC,0xD2CC,0xD2CC,0xD2CC,0xD2CC,0xD2CC,0xD2CC,0xD2CC,0xD2CC,0xD2CC,0xD2CC,
    0xD2CC,0xD2CC,0xD2CC,0xD2CC,0xD2CC,0xD2CC,0xD2CC,0xD2CC,0xD2CC,0xD2CC,0xD2CC,0xD2CC,
    0xD2CC,0xD2CC,0x92BC,0x91BC,0x31B4,0x31B4,0x31B4,0x31B4,0x31B4,0x31B4,0x31B4,0x31B4,
    0x31B4,0x31B4,0x31B4,0xD0A3,0xD0A3,0xD0A3,0xD0A3,0xAFA3,0xAFA3,0xAFA3,0xAFA3,0xAFA3,
    0xAFA3,0xAFA3,0x8F9B,0x8F9B,0x8F9B,0x4E93,0x4E93,0x4E93,0x4E93,0x4E93,0x8F9B,0x4E93,
    0x4E93,0x4E93,0x4E93,0x4E93,0x4E93,0x2E83,0x2E83,0x2E83,0x2E83,0x2E83,0x2E83,0x0E7B,
    0xCD72,0xCD72,0xCD72,0xCD72,0xCD72,0xCD72,0xCD72,0xCD72,0xCD72,0xAD62,0xCD72,0xAD62,
    0xAD62,0xAD62,0xAD62,0xAD62,0xAD62,0xAD62,0xAD62,0xAD62,0xAD62,0xAD62,0x8D5A,0x8D5A,
    0x6D52,0x6D52,0x6D52,0x6D52,0x2C42,0x2C42,0x2C42,0x2C42,0x2C42,0x2C42,0x2C42,0x2C42,
    0x2C42,0x2C42,0x2C42,0x2C42,0x0C3A,0x0C3A,0xEC31,0xEC31,0xEC31,0xEC31,0xEC31,0xEC31,
    0xEC31,0xEC31,0xEC31,0xEC31,0xEC31,0xEC31,0xEC31,0xEC31,0xEC31,0xCC21,0xCC21,0xAB29,
    0xCC21,0xCC21,0xEC31,0xEC31,0xEC31,0xEC31,0x0C3A,0xEC31,0xEC31,0xEC31,0xEC31,0xEC31,
    0x0C3A,0x0C3A,0x0C3A,0x0C3A,0x0C3A,0x0C3A,0x0C3A,0x0C3A,0x2C42,0x2C42,0x2C42,0x2C42,
    0x2C42,0x2C42,0x2C42,0x2C42,0x2C42,0x2C42,0x2C42,0x2C42,0x2C42,0x2C42,0x2C42,0x6D52,
    0x6D52,0x6D52,0x6D52,0x6D52,0x8D5A,0x8D5A,0x8D5A,0xAD62,0xAD62,0xAD62,0xAD62,0xAD62,
    0xAD62,0xAD62,0xAD62,0xCE6A,0xEE72,0xEE72,0xEE72,0x0E7B,0x0E7B,0x0E7B,0x2E83,0x2E83,
    0x2E83,0x2E83,0x2E83,0x2E83,0x2E83,0x2E83,0x4E93,0x8F9B,0x8F9B,0xB09B,0xB09B,0xB09B,
    0xB09B,0xD0A3,0xD0A3,0xD0A3,0xD0A3,0x11AC,0x11AC,0x11AC,0x11AC,0x11AC,0x11AC,0x11AC,
    0x31B4,0x72BC,0x92BC,0x92BC,0x72BC,0x72BC,0x72BC,0x92BC,0x72BC,0x92BC,0x92BC,0x92BC,
    0x92BC,0x92BC,0x92BC,0xD2CC,0xD2CC,0xD2CC,0xD2CC,0xD2CC,0xD2CC,0xD2CC,0xD2CC,0xD2CC,
    0xD2CC,0xD2CC,0xD2CC,0xD2CC,0xD2CC,0xD2CC,0xD2CC,0xD2CC,0xD2CC,0xD2CC,0xD2CC,0xD2CC,
    0xD2CC,0xD2CC,0xD2CC,0xD2CC,0xD2CC,0xD2CC,0xD2CC,0xD2CC,0xD2CC,0xD2CC,0x92BC,0xD2CC,
    0x91BC,0x91BC,0x31B4,0x31B4,0x31B4,0x31B4,0x31B4,0x31B4,0x31B4,0x31B4,0x31B4,0x31B4,
    0x31B4,0x11AC,0xD0A3,0xD0A3,0xD0A3,0xD0A3,0xAFA3,0xAFA3,0xAFA3,0xAFA3,0xAFA3,0xAFA3,
    0xAFA3,0x8F9B,0x8F9B,0x8F9B,0x4E93,0x4E93,0x4E93,0x4E93,0x4E93,0x4E93,0x8F9B,0x4E93,
    0x4E93,0x4E93,0x4E93,0x4E93,0x2E83,0x2E83,0x2E83,0x2E83,0x2E83,0x2E83,0x0E7B,0xEE72,
    0xCD72,0xCD72,0xCD72,0xCD72,0xCD72,0xCD72,0xCD72,0xCD72,0xAD62,0xAD62,0xAD62,0xAD62,
    0xAD62,0xAD62,0xAD62,0xAD62,0xAD62,0xAD62,0xAD62,0xAD62,0xAD62,0xAD62,0x8D5A,0x8D5A,
    0x6D52,0x6D52,0x6D52,0x6D52,0x2C42,0x2C42,0x2C42,0x2C42,0x2C42,0x2C42,0x2C42,0x2C42,
    0x2C42,0x2C42,0x2C42,0x0C3A,0x0C3A,0x0C3A,0xEC31,0xEC31,0xEC31,0xEC31,0xEC31,0xEC31,
    0xEC31,0xEC31,0xEC31,0xEC31,0xEC31,0xEC31,0xEC31,0xEC31,0xEC31,0xCC21,0xCC21,0xCC21,
    0xCC21,0xEC31,0xEC31,0xEC31,0xEC31,0xEC31,0xEC31,0xEC31,0xEC31,0xEC31,0xEC31,0x0C3A,
    0x0E32,0x0C3A,0x0C3A,0x0C3A,0x0C3A,0x0C3A,0x0C3A,0x0C3A,0x0C3A,0x2C42,0x2C42,0x2C42,
    0x2C42,0x2C42,0x2C42,0x2C42,0x2C42,0x2C42,0x2C42,0x2C42,0x2C42,0x2C42,0x2C42,0x6D52,
    0x6D52,0x6D52,0x6D52,0x6D52,0x6D52,0x8D5A,0x8D5A,0x8D5A,0xAD62,0xAD62,0xAD62,0xAD62,
    0xAD62,0xAD62,0xAD62,0xAD62,0xEE72,0xEE72,0xEE72,0x0E7B,0x0E7B,0x0E7B,0x0E7B,0x2E83,
    0x2E83,0x2E83,0x2E83,0x2E83,0x2E83,0x2E83,0x2E83,0x8F9B,0x8F9B,0x8F9B,0xB09B,0xB09B,
    0xB09B,0xB09B,0xB09B,0xD0A3,0xD0A3,0xD0A3,0xD0A3,0x11AC,0x11AC,0x11AC,0x11AC,0x11AC,
    0x11AC,0x31B4,0x72BC,0x72BC,0x31B4,0x72BC,0x72BC,0x72BC,0x72BC,0x72BC,0x72BC,0x92BC,
    0x92BC,0x92BC,0x92BC,0x92BC,0x92BC,0x92BC,0xD2CC,0xD2CC,0xD2CC,0xD2CC,0xD2CC,0xD2CC,
    0xD2CC,0xD2CC,0xD2CC,0xD2CC,0xD2CC,0xD2CC,0xD2CC,0xD2CC,0xD2CC,0xD2CC,0xD2CC,0xD2CC,
    0xD2CC,0xD2CC,0xD2CC,0xD2CC,0xD2CC,0xD2CC,0xD2CC,0x92BC,0x92BC,0x92BC,0x92BC,0x92BC,
    0x31B4,0x31B4,0x31B4,0x31B4,0x31B4,0x31B4,0x31B4,0x31B4,0x31B4,0x31B4,0x31B4,0x31B4,
    0xF0B3,0xD0A3,0xD0A3,0xD0A3,0xD0A3,0xD0A3,0xAFA3,0xAFA3,0xAFA3,0xAFA3,0xAFA3,0x8F9B,
    0x8F9B,0x8F9B,0x8F9B,0x8F9B,0x8F9B,0x4E93,0x8F9B,0x4E93,0x4E93,0x4E93,0x4E93,0x8F9B,
    0x4E93,0x4E93,0x4E93,0x4E93,0x2E83,0x2E83,0x2E83,0x2E83,0x2E83,0x2E83,0x0E7B,0x0E7B,
    0xEE72,0xCD72,0xCD72,0xCD72,0xCD72,0xCD72,0xCD72,0xCD72,0xAD62,0xAD62,0xAD62,0xAD62,
    0xAD62,0xAD62,0xAD62,0xAD62,0xAD62,0xAD62,0xAD62,0xAD62,0xAD62,0xAD62,0x8D5A,0x6D52,
    0x6D52,0x6D52,0x6D52,0x2C42,0x2C42,0x2C42,0x2C42,0x2C42,0x2C42,0x2C42,0x2C42,0x2C42,
    0x2C42,0x2C42,0x2C42,0x0C3A,0x0C3A,0x0C3A,0xEC31,0xEC31,0xEC31,0xEC31,0xEC31,0xEC31,
    0xEC31,0xEC31,0xEC31,0xEC31,0xEC31,0xEC31,0xEC31,0xCC21,0xCC21,0xCC21,0xCC21,0xCC21,
    0xCC21,0xCC21,0xEC31,0xEC31,0xEC31,0xEC31,0xEC31,0xEC31,0xEC31,0xEC31,0x0C3A,0x0C3A,
    0x0E32,0x0E32,0x0C3A,0x0C3A,0x0C3A,0x0C3A,0x0C3A,0x0C3A,0x0C3A,0x2C42,0x2C42,0x2C42,
    0x2C42,0x2C42,0x2C42,0x2C42,0x2C42,0x2C42,0x2C42,0x2C42,0x2C42,0x2C42,0x2C42,0x2C42,
    0x6D52,0x6D52,0x6D52,0x6D52,0x6D52,0x8D5A,0x8D5A,0x8D5A,0x8D5A,0xAD62,0xAD62,0xAD62,
    0xAD62,0xAD62,0xAD62,0xAD62,0xAD62,0xEE72,0xEE72,0xEE72,0xEE72,0x0E7B,0x0E7B,0x0E7B,
    0x2E83,0x2E83,0x2E83,0x2E83,0x2E83,0x2E83,0x2E83,0x2E83,0x8F9B,0x8F9B,0x8F9B,0xB09B,
    0xB09B,0xB09B,0xB09B,0xD0A3,0xD0A3,0xD0A3,0xD0A3,0xD0A3,0x11AC,0x11AC,0x11AC,0x11AC,
    0x11AC,0x11AC,0x31B4,0x31B4,0x31B4,0x72BC,0x72BC,0x72BC,0x72BC,0x72BC,0x72BC,0x92BC,
    0x72BC,0x92BC,0x92BC,0x92BC,0x92BC,0x92BC,0x92BC,0x92BC,0x92BC,0x92BC,0x92BC,0x92BC,
    0x92BC,0xD2CC,0xD2CC,0xD2CC,0xD2CC,0xD2CC,0xD2CC,0xD2CC,0xD2CC,0xD2CC,0xD2CC,0xD2CC,
    0xD2CC,0xD2CC,0xD2CC,0xD2CC,0x92BC,0x92BC,0x92BC,0x92BC,0x92BC,0x72BC,0x31B4,0x72BC,
    0x31B4,0x31B4,0x31B4,0x31B4,0x31B4,0x31B4,0x31B4,0x31B4,0x31B4,0x31B4,0x31B4,0x31B4,
    0xD0A3,0xD0A3,0xD0A3,0xAFA3,0xAFA3,0xAFA3,0xAFA3,0xAFA3,0xAFA3,0xAFA3,0x8F9B,0x8F9B,
    0x8F9B,0x8F9B,0x8F9B,0x8F9B,0x4E93,0x4E93,0x8F9B,0x4E93,0x4E93,0x4E93,0x8F9B,0x8F9B,
    0x8F9B,0x4E93,0x4E93,0x2E83,0x2E83,0x2E83,0x2E83,0x2E83,0x2E83,0x0E7B,0x0E7B,0x0E7B,
    0xCD72,0xCD72,0xCD72,0xCD72,0xCD72,0xCD72,0xCD72,0xAD62,0xAD62,0xAD62,0xAD62,0xAD62,
    0xAD62,0xAD62,0xAD62,0xAD62,0xAD62,0x8D5A,0xAD62,0x8D5A,0x8D5A,0x8D5A,0x6D52,0x6D52,
    0x6D52,0x6D52,0x2C42,0x2C42,0x2C42,0x2C42,0x2C42,0x2C42,0x2C42,0x2C42,0x2C42,0x2C42,
    0x2C42,0x2C42,0x2C42,0xEC31,0xEC31,0x0C3A,0xEC31,0xEC31,0xEC31,0xEC31,0xEC31,0xEC31,
    0xEC31,0xEC31,0xEC31,0xEC31,0xEC31,0xEC31,0xCC21,0xCC21,0xCC21,0xCC21,0xCC21,0xCC21,
    0xCC21,0xCC21,0xCC21,0xCC21,0x0C3A,0x0D2A,0x0C3A,0x0C3A,0x0C3A,0x0C3A,0x0C3A,0x0C3A,
    0x0C3A,0x0E32,0x0E32,0x0C3A,0x0C3A,0x0C3A,0x0C3A,0x0C3A,0x0C3A,0x0C3A,0x0C3A,0x2C42,
    0x2C42,0x2C42,0x2C42,0x2C42,0x2C42,0x2C42,0x2C42,0x2C42,0x2C42,0x2C42,0x2C42,0x2C42,
    0x2C42,0x6D52,0x6D52,0x6D52,0x6D52,0x6D52,0x6D52,0x8D5A,0x8D5A,0x8D5A,0xAD62,0xAD62,
    0xAD62,0xAD62,0xAD62,0xAD62,0xCE6A,0xAD62,0xEE72,0xEE72,0xEE72,0xEE72,0x0E7B,0x0E7B,
    0x0E7B,0x2E83,0x2E83,0x2E83,0x2E83,0x2E83,0x2E83,0x2E83,0x2E83,0x8F9B,0x8F9B,0x8F9B,
    0xB09B,0xB09B,0xB09B,0xB09B,0xB09B,0xD0A3,0xD0A3,0xD0A3,0xD0A3,0x11AC,0x11AC,0x11AC,
    0x11AC,0x11AC,0x11AC,0x11AC,0x31B4,0x31B4,0x31B4,0x31B4,0x31B4,0x31B4,0x72BC,0x72BC,
    0x72BC,0x72BC,0x72BC,0x72BC,0x92BC,0x92BC,0x92BC,0x92BC,0x92BC,0x92BC,0x92BC,0x92BC,
    0x92BC,0x92BC,0x92BC,0x92BC,0x92BC,0x92BC,0x92BC,0xD2CC,0xD2CC,0xD2CC,0xD2CC,0x92BC,
    0x92BC,0x92BC,0x92BC,0x92BC,0x92BC,0x92BC,0x72BC,0x72BC,0x72BC,0x72BC,0x72BC,0x31B4,
    0x31B4,0x31B4,0x31B4,0x31B4,0x31B4,0x31B4,0x31B4,0x31B4,0x31B4,0x31B4,0x11AC,0xD0A3,
    0xD0A3,0xD0A3,0xD0A3,0xD0A3,0xAFA3,0xAFA3,0xAFA3,0xAFA3,0x8F9B,0x8F9B,0x8F9B,0x8F9B,
    0x8F9B,0x8F9B,0x8F9B,0x4E93,0x4E93,0x4E93,0x4E93,0x4E93,0x4E93,0x4E93,0x4E93,0x4E93,
    0x8F9B,0x8F9B,0x4E93,0x2E83,0x2E83,0x2E83,0x2E83,0x0E7B,0x0E7B,0x0E7B,0x0E7B,0x0E7B,
    0xCD72,0xCD72,0xCD72,0xCD72,0xAD62,0xAD62,0xCD72,0xAD62,0xAD62,0xAD62,0xAD62,0xAD62,
    0xAD62,0xAD62,0xAD62,0xAD62,0x8D5A,0x8D5A,0x8D5A,0x8D5A,0x8D5A,0x8D5A,0x6D52,0x6D52,
    0x6D52,0x6D52,0x2C42,0x2C42,0x2C42,0x2C42,0x2C42,0x2C42,0x2C42,0x2C42,0x2C42,0x2C42,
    0x2C42,0x2C42,0x0C3A,0xEC31,0xEC31,0xEC31,0xEC31,0xEC31,0xEC31,0xEC31,0xEC31,0xEC31,
    0xEC31,0xEC31,0xEC31,0xEC31,0xEC31,0xEC31,0xCC21,0xCC21,0xCC21,0xCC21,0xCC21,0xCC21,
    0xCC21,0xCC21,0xCC21,0xCC21,0xEC31,0x0D2A,0x0C3A,0x0C3A,0x0C3A,0x0C3A,0x0C3A,0x0C3A,
    0x0C3A,0x0C3A,0x0E32,0x0C3A,0xEC31,0xEC31,0x0C3A,0x0C3A,0x0C3A,0x0C3A,0x0C3A,0x2C42,
    0x2C42,0x2C42,0x2C42,0x2C42,0x2C42,0x2C42,0x2C42,0x2C42,0x2C42,0x2C42,0x2C42,0x2C42,
    0x2C42,0x2C42,0x6D52,0x6D52,0x6D52,0x6D52,0x6D52,0x6D52,0x8D5A,0x8D5A,0x8D5A,0xAD62,
    0xAD62,0xAD62,0xAD62,0xAD62,0xAD62,0xAD62,0xAD62,0xEE72,0xEE72,0xEE72,0x0E7B,0x0E7B,
    0x0E7B,0x0E7B,0x2E83,0x2E83,0x2E83,0x2E83,0x2E83,0x2E83,0x2E83,0x2E83,0x8F9B,0x8F9B,
    0xB09B,0xB09B,0xB09B,0xB09B,0xB09B,0xB09B,0xD0A3,0xD0A3,0xD0A3,0xD0A3,0xD0A3,0x11AC,
    0x11AC,0x11AC,0x11AC,0x11AC,0x11AC,0x11AC,0x11AC,0x31B4,0x31B4,0x31B4,0x31B4,0x72BC,
    0x72BC,0x72BC,0x72BC,0x72BC,0x92BC,0x72BC,0x72BC,0x72BC,0x72BC,0x92BC,0x31B4,0x31B4,
    0x72BC,0x92BC,0x92BC,0x92BC,0x92BC,0x92BC,0x92BC,0x92BC,0x92BC,0x92BC,0x92BC,0x92BC,
    0x92BC,0x92BC,0x92BC,0x92BC,0x72BC,0x72BC,0x72BC,0x72BC,0x72BC,0x31B4,0x31B4,0x31B4,
    0x31B4,0x31B4,0x31B4,0x31B4,0x31B4,0x11AC,0x31B4,0x11AC,0x11AC,0x11AC,0xD0A3,0xD0A3,
    0xD0A3,0xD0A3,0xAFA3,0xD0A3,0xAFA3,0xAFA3,0x8F9B,0x8F9B,0x8F9B,0x8F9B,0x8F9B,0x4E93,
    0x8F9B,0x8F9B,0x8F9B,0x4E93,0x4E93,0x4E93,0x4E93,0x4E93,0x4E93,0x4E93,0x4E93,0x4E93,
    0x4E93,0x8F9B,0x4E93,0x2E83,0x2E83,0x2E83,0x0E7B,0x0E7B,0x0E7B,0xCD72,0xCD72,0x0D7B,
    0xCD72,0xCD72,0xCD72,0xCD72,0xAD62,0xAD62,0xAD62,0xAD62,0xAD62,0xAD62,0xAD62,0xAD62,
    0xAD62,0xAD62,0xAD62,0x8D5A,0x8D5A,0x8D5A,0x8D5A,0x8D5A,0x8D5A,0x8D5A,0x6D52,0x6D52,
    0x6D52,0x6D52,0x2C42,0x2C42,0x2C42,0x2C42,0x2C42,0x2C42,0x2C42,0x2C42,0x2C42,0x2C42,
    0x2C42,0x0C3A,0x0C3A,0xEC31,0xEC31,0xEC31,0xEC31,0xEC31,0xEC31,0xEC31,0xEC31,0xEC31,
    0xEC31,0xEC31,0xEC31,0xEC31,0xEC31,0xEC31,0xCC21,0xCC21,0xCC21,0xCC21,0xCC21,0xCC21,
    0xCC21,0xCC21,0xCC21,0xCC21,0xEC31,0x0D2A,0x0C3A,0x0C3A,0x0C3A,0x0C3A,0x0C3A,0x0C3A,
    0x0C3A,0x0C3A,0x0E32,0x0C3A,0xEC31,0xEC31,0xEC31,0xEC31,0xEC31,0x0C3A,0x0C3A,0x0C3A,
    0x0C3A,0x2C42,0x2C42,0x2C42,0x2C42,0x2C42,0x2C42,0x2C42,0x2C42,0x2C42,0x2C42,0x2C42,
    0x2C42,0x2C42,0x6D52,0x6D52,0x6D52,0x6D52,0x6D52,0x6D52,0x6D52,0x8D5A,0x8D5A,0x8D5A,
    0xAD62,0xAD62,0xAD62,0xAD62,0xAD62,0xAD62,0xAD62,0xCE6A,0xCE6A,0xEE72,0xEE72,0x0E7B,
    0x0E7B,0x0E7B,0x0E7B,0x2E83,0x2E83,0x2E83,0x2E83,0x2E83,0x2E83,0x2E83,0x2E83,0x8F9B,
    0x8F9B,0xB09B,0xB09B,0xB09B,0xB09B,0xB09B,0xB09B,0xD0A3,0xD0A3,0xD0A3,0xD0A3,0xD0A3,
    0x11AC,0x11AC,0x11AC,0x11AC,0x11AC,0x11AC,0x11AC,0x11AC,0x11AC,0x31B4,0x31B4,0x31B4,
    0x31B4,0x31B4,0x31B4,0x72BC,0x72BC,0x72BC,0x72BC,0x72BC,0x72BC,0x72BC,0x72BC,0x72BC,
    0x31B4,0x92BC,0x92BC,0x92BC,0x92BC,0x92BC,0x92BC,0x92BC,0x92BC,0x72BC,0x92BC,0x92BC,
    0x92BC,0x72BC,0x72BC,0x72BC,0x31B4,0x72BC,0x72BC,0x31B4,0x31B4,0x31B4,0x31B4,0x31B4,
    0x31B4,0x31B4,0x31B4,0x11AC,0x11AC,0x11AC,0x11AC,0xD0A3,0xD0A3,0xD0A3,0xD0A3,0xD0A3,
    0xD0A3,0xD0A3,0xAFA3,0xAFA3,0x8F9B,0x8F9B,0x8F9B,0x8F9B,0x8F9B,0x4E93,0x4E93,0x4E93,
    0x8F9B,0x8F9B,0x8F9B,0x4E93,0x4E93,0x4E93,0x4E93,0x4E93,0x4E93,0x4E93,0x4E93,0x4E93,
    0x4E93,0x4E93,0x2E83,0x2E83,0x0E7B,0x0E7B,0x0E7B,0x0E7B,0x0D7B,0xCD72,0xCD72,0xCD72,
    0xCD72,0xCD72,0xAD62,0xAD62,0xAD62,0xAD62,0xAD62,0xAD62,0xAD62,0xAD62,0xAD62,0xAD62,
    0xAD62,0xAD62,0x8D5A,0x8D5A,0x8D5A,0x8D5A,0x8D5A,0x8D5A,0x8D5A,0x8D5A,0x6D52,0x6D52,
    0x6D52,0x2C42,0x2C42,0x2C42,0x2C42,0x2C42,0x2C42,0x2C42,0x2C42,0x2C42,0x2C42,0x2C42,
    0x2C42,0x0C3A,0xEC31,0xEC31,0xEC31,0xEC31,0xEC31,0xEC31,0xEC31,0xEC31,0xEC31,0xEC31,
    0xEC31,0xEC31,0xEC31,0xEC31,0xEC31,0xEC31,0xCC21,0xCC21,0xCC21,0xCC21,0xCC21,0xCC21,
    0xCC21,0xCC21,0xCC21,0xCC21,0xCC21,0x0C3A,0x0C3A,0xEC31,0x0C3A,0x0C3A,0xEC31,0x0C3A,
    0x0C3A,0xEC31,0xEC31,0xEC31,0xEC31,0xEC31,0xEC31,0xEC31,0xEC31,0xEC31,0x0C3A,0x0C3A,
    0x0C3A,0x0C3A,0x2C42,0x2C42,0x2C42,0x2C42,0x2C42,0x2C42,0x2C42,0x2C42,0x2C42,0x2C42,
    0x2C42,0x2C42,0x2C42,0x6D52,0x6D52,0x6D52,0x6D52,0x6D52,0x8D5A,0x8D5A,0x8D5A,0x8D5A,
    0xAD62,0xAD62,0xAD62,0xAD62,0xAD62,0xAD62,0xAD62,0xAD62,0xCE6A,0xEE72,0xEE72,0xEE72,
    0x0E7B,0x0E7B,0x0E7B,0x2E83,0x2E83,0x2E83,0x2E83,0x2E83,0x2E83,0x2E83,0x2E83,0x8F8B,
    0x8F9B,0x8F9B,0xB09B,0xB09B,0xB09B,0xB09B,0xB09B,0xB09B,0xB09B,0xD0A3,0xD0A3,0xD0A3,
    0x11AC,0x11AC,0x11AC,0x11AC,0x11AC,0x11AC,0x11AC,0x11AC,0x11AC,0x11AC,0x11AC,0x31B4,
    0x11AC,0x31B4,0x31B4,0x72BC,0x31B4,0x72BC,0x31B4,0x31B4,0x31B4,0x31B4,0x31B4,0x31B4,
    0x31B4,0x31B4,0x72BC,0x72BC,0x72BC,0x72BC,0x72BC,0x72BC,0x72BC,0x72BC,0x72BC,0x72BC,
    0x72BC,0x72BC,0x72BC,0x31B4,0x31B4,0x31B4,0x31B4,0x31B4,0x31B4,0x31B4,0x31B4,0x31B4,
    0x31B4,0x11AC,0x11AC,0x11AC,0x11AC,0x11AC,0xD0A3,0xD0A3,0xD0A3,0xD0A3,0xD0A3,0xD0A3,
    0xD0A3,0xD0A3,0x8F9B,0x8F9B,0x8F9B,0x8F9B,0x8F9B,0x8F9B,0x4E93,0x4E93,0x4E93,0x8F9B,
    0x4E93,0x4E93,0x8F9B,0x8F9B,0x4E93,0x4E93,0x4E93,0x4E93,0x2E83,0x4E93,0x2E83,0x4E93,
    0x4E93,0x2E83,0x2E83,0x2E83,0x0E7B,0x0E7B,0x0E7B,0x0D7B,0x0E7B,0xCD72,0xCD72,0xCD72,
    0xCD72,0xCD72,0xAD62,0xAD62,0xAD62,0xAD62,0xAD62,0xAD62,0xAD62,0xAD62,0xAD62,0xAD62,
    0xAD62,0x6D52,0x6D52,0x8D5A,0x8D5A,0x8D5A,0x8D5A,0x8D5A,0x8D5A,0x6D52,0x6D52,0x6D52,
    0x2C42,0x2C42,0x2C42,0x2C42,0x2C42,0x2C42,0x2C42,0x2C42,0x2C42,0x2C42,0x0C3A,0x2C42,
    0x2C42,0x0C3A,0xEC31,0xEC31,0xEC31,0xEC31,0xEC31,0xEC31,0xEC31,0xEC31,0xEC31,0xEC31,
    0xEC31,0xEC31,0xEC31,0xEC31,0xEC31,0xCC21,0xCC21,0xCC21,0xCC21,0xCC21,0xCC21,0xCC21,
    0xCC21,0xCC21,0xCC21,0xCC21,0xCC21,0xEE29,0x0C3A,0x0C3A,0xEC31,0xEC31,0xEC31,0x0C3A,
    0xEC31,0xEC31,0xEC31,0xEC31,0xEC31,0xEC31,0xEC31,0xEC31,0xEC31,0xEC31,0xEC31,0xEC31,
    0x0C3A,0x0C3A,0x0C3A,0x2C42,0x2C42,0x2C42,0x2C42,0x2C42,0x2C42,0x2C42,0x2C42,0x2C42,
    0x2C42,0x6D52,0x6D52,0x2C42,0x6D52,0x6D52,0x6D52,0x6D52,0x6D52,0x6D52,0x8D5A,0x8D5A,
    0x8D5A,0xAD62,0xAD62,0xAD62,0xAD62,0xAD62,0xAD62,0xAD62,0xAD62,0xCE6A,0xEE72,0xEE72,
    0xEE72,0x0E7B,0x0E7B,0x0E7B,0x0E7B,0x2E83,0x2E83,0x2E83,0x2E83,0x2E83,0x2E83,0x2E83,
    0x708B,0x908B,0xB09B,0xB09B,0xB09B,0xB09B,0xB09B,0xB09B,0xB09B,0xB09B,0xD0A3,0xD0A3,
    0xD0A3,0xD0A3,0x11AC,0x11AC,0x11AC,0x11AC,0x11AC,0x11AC,0x11AC,0x11AC,0x11AC,0x11AC,
    0x11AC,0x11AC,0x11AC,0x11AC,0x31B4,0x31B4,0x31B4,0x31B4,0x31B4,0x31B4,0x31B4,0x31B4,
    0x31B4,0x31B4,0x31B4,0x31B4,0x31B4,0x72BC,0x72BC,0x31B4,0x31B4,0x72BC,0x31B4,0x31B4,
    0x72BC,0x72BC,0x72BC,0x31B4,0x31B4,0x31B4,0x31B4,0x31B4,0x31B4,0x31B4,0x11AC,0x11AC,
    0x11AC,0x11AC,0x11AC,0x11AC,0xD0A3,0xD0A3,0xD0A3,0xD0A3,0xD0A3,0xD0A3,0xD0A3,0xD0A3,
    0xAFA3,0x8F9B,0x8F9B,0x8F9B,0x8F9B,0x8F9B,0x8F9B,0x4E93,0x4E93,0x4E93,0x4E93,0x4E93,
    0x4E93,0x8F9B,0x4E93,0x4E93,0x8F9B,0x4E93,0x2E83,0x2E83,0x2E83,0x2E83,0x2E83,0x2E83,
    0x2E83,0x2E83,0x2E83,0x2E83,0x0E7B,0x0E7B,0x0E7B,0x0E7B,0xCD72,0xCD72,0xCD72,0xCD72,
    0xCD72,0xAD62,0xAD62,0xAD62,0xAD62,0xAD62,0xAD62,0xAD62,0xAD62,0xAD62,0xAD62,0xAD62,
    0xAD62,0x6D52,0x8D5A,0x6D52,0x6D52,0x8D5A,0x8D5A,0x8D5A,0x6D52,0x6D52,0x6D52,0x6D52,
    0x2C42,0x2C42,0x2C42,0x2C42,0x2C42,0x2C42,0x2C42,0x2C42,0x2C42,0x2C42,0x0C3A,0x0C3A,
    0x0C3A,0xEC31,0xEC31,0xEC31,0xEC31,0xEC31,0xEC31,0xEC31,0xEC31,0xEC31,0xEC31,0xEC31,
    0xEC31,0xEC31,0xEC31,0xEC31,0xEC31,0xCC21,0xCC21,0xCC21,0xCC21,0xCC21,0xCC21,0xCC21,
    0xCC21,0xCC21,0xCC21,0xCC21,0xEC31,0x0E2A,0x0E32,0x0C3A,0x0C3A,0x0C3A,0xEC31,0xEC31,
    0xEC31,0xEC31,0xEC31,0xEC31,0xEC31,0xEC31,0xEC31,0xEC31,0xEC31,0xEC31,0xEC31,0xEC31,
    0xEC31,0x0C3A,0x0C3A,0x0C3A,0x2C42,0x2C42,0x2C42,0x2C42,0x2C42,0x2C42,0x2C42,0x2C42,
    0x2C42,0x2C42,0x6D52,0x6D52,0x6D52,0x6D52,0x6D52,0x6D52,0x6D52,0x6D52,0x6D52,0x8D5A,
    0x8D5A,0x8D5A,0xAD62,0xAD62,0xAD62,0xAD62,0xAD62,0xAD62,0xAD62,0xAD62,0xCE6A,0xEE72,
    0xEE72,0x0E7B,0x0E7B,0x0E7B,0x0E7B,0x0E7B,0x2E83,0x2E83,0x2E83,0x2E83,0x2E83,0x2E83,
    0x2E83,0x708B,0x8F8B,0xB09B,0xB09B,0xB09B,0xB09B,0xB09B,0xB09B,0xB09B,0xB09B,0xD0A3,
    0xD0A3,0xD0A3,0xD0A3,0x11AC,0x11AC,0x11AC,0x11AC,0x11AC,0x11AC,0x11AC,0x11AC,0x11AC,
    0x11AC,0x11AC,0x11AC,0x11AC,0x11AC,0x11AC,0x11AC,0x11AC,0x31B4,0x31B4,0x31B4,0x31B4,
    0x31B4,0x31B4,0x72BC,0x31B4,0x31B4,0x72BC,0x72BC,0x31B4,0x31B4,0x31B4,0x31B4,0x31B4,
    0x72BC,0x72BC,0x31B4,0x31B4,0x31B4,0x11AC,0x11AC,0x11AC,0x11AC,0x31B4,0x11AC,0x11AC,
    0x11AC,0x11AC,0xD0A3,0xD0A3,0xD0A3,0xD0A3,0xD0A3,0xD0A3,0xD0A3,0xD0A3,0xD0A3,0xAFA3,
    0x8F9B,0x8F9B,0x8F9B,0x8F9B,0x8F9B,0x8F9B,0x4E93,0x4E93,0x4E93,0x4E93,0x4E93,0x4E93,
    0x4E93,0x4E93,0x4E93,0x4E93,0x4E93,0x2E83,0x2E83,0x2E83,0x2E83,0x2E83,0x2E83,0x2E83,
    0x2E83,0xEE72,0x0E7B,0x0D7B,0x0E7B,0xCD72,0xCD72,0xCD72,0xCD72,0xCD72,0xCD72,0xCD72,
    0xCD72,0xAD62,0xAD62,0xAD62,0xAD62,0xAD62,0xAD62,0xAD62,0xAD62,0xAD62,0xAD62,0x8D5A,
    0x6D52,0x6D52,0x6D52,0x8D5A,0x8D5A,0x8D5A,0x6D52,0x6D52,0x6D52,0x6D52,0x6D52,0x2C42,
    0x2C42,0x2C42,0x2C42,0x2C42,0x2C42,0x2C42,0x2C42,0x2C42,0x2C42,0x2C42,0x0C3A,0x0C3A,
    0x0C3A,0x0C3A,0xEC31,0xEC31,0xEC31,0xEC31,0xEC31,0xEC31,0xEC31,0xEC31,0xEC31,0xEC31,
    0xEC31,0xEC31,0xEC31,0xEC31,0xEC31,0xCC21,0xCC21,0xCC21,0xCC21,0xCC21,0xCC21,0xCC21,
    0xCC21,0xCC21,0xCC21,0xEE29,0xCC21,0xEC31,0x0E2A,0xEE31,0xEC31,0x0C3A,0xEC31,0xCC21,
    0xEC31,0xCC21,0xEC31,0xEC31,0xEC31,0xEC31,0xEC31,0xEC31,0xEC31,0xEC31,0xEC31,0xEC31,
    0xEC31,0xEC31,0x0C3A,0x0C3A,0x0C3A,0x2C42,0x2C42,0x2C42,0x2C42,0x2C42,0x2C42,0x2C42,
    0x2C42,0x2C42,0x6D52,0x6D52,0x6D52,0x6D52,0x6D52,0x6D52,0x6D52,0x6D52,0x6D52,0x6D52,
    0x8D5A,0x8D5A,0x8D5A,0x8D5A,0xAD62,0xAD62,0xAD62,0xAD62,0xAD62,0xAD62,0xCE6A,0xCE6A,
    0xEE72,0xEE72,0x0E7B,0x0E7B,0x0E7B,0x0E7B,0x0E7B,0x2E83,0x2E83,0x2E83,0x2E83,0x2E83,
    0x2E83,0x2E83,0x708B,0x8F8B,0xB09B,0xB09B,0xB09B,0xB09B,0xB09B,0xB09B,0xB09B,0xB09B,
    0xB09B,0xD0A3,0xD0A3,0xD0A3,0xD0A3,0x11AC,0x11AC,0x11AC,0x11AC,0x11AC,0x11AC,0x11AC,
    0x11AC,0x11AC,0x11AC,0x11AC,0x11AC,0x11AC,0x11AC,0x11AC,0x11AC,0x11AC,0x11AC,0x11AC,
    0x31B4,0x11AC,0x31B4,0x31B4,0x31B4,0x31B4,0x72BC,0x72BC,0x31B4,0x31B4,0x31B4,0x72BC,
    0x72BC,0x31B4,0x11AC,0x11AC,0x11AC,0x11AC,0x11AC,0x11AC,0x11AC,0x11AC,0x11AC,0x11AC,
    0xD0A3,0xD0A3,0xD0A3,0xD0A3,0xD0A3,0xD0A3,0xD0A3,0xD0A3,0xD0A3,0xD0A3,0xD0A3,0xD0A3,
    0x8F9B,0x8F9B,0x8F9B,0x8F9B,0x4E93,0x4E93,0x4E93,0x4E93,0x4E93,0x4E93,0x4E93,0x4E93,
    0x4E93,0x4E93,0x4E93,0x4E93,0x2E83,0x2E83,0x2E83,0x2E83,0x2E83,0x2E83,0x2E83,0x2E83,
    0x0D7B,0x0E7B,0xCD72,0xCD72,0xCD72,0xCD72,0xCD72,0xCD72,0xCD72,0xCD72,0xCD72,0xCD72,
    0xAD62,0xAD62,0xAD62,0xAD62,0xAD62,0xAD62,0xAD62,0xAD62,0xAD62,0xAD62,0xAD62,0x6D52,
    0x6D52,0x6D52,0x6D52,0x6D52,0x6D52,0x6D52,0x6D52,0x6D52,0x6D52,0x6D52,0x2C42,0x2C42,
    0x2C42,0x2C42,0x2C42,0x2C42,0x2C42,0x2C42,0x2C42,0x2C42,0x2C42,0x0C3A,0x0C3A,0xEC31,
    0xEC31,0xEC31,0xEC31,0xEC31,0xEC31,0xEC31,0xEC31,0xEC31,0xEC31,0xEC31,0xEC31,0xEC31,
    0xEC31,0xEC31,0xEC31,0xEC31,0xCC21,0xCC21,0xCC21,0xCC21,0xCC21,0xCC21,0xCC21,0xCC21,
    0xCC21,0xCC21,0xCC21,0xCC21,0xEE29,0xEE31,0xEC31,0xEE31,0xEE31,0xEC31,0xEC31,0xCC21,
    0xEC31,0xEC31,0xEC31,0xEC31,0xEC31,0xEC31,0xEC31,0xEC31,0xEC31,0xEC31,0xEC31,0xEC31,
    0xEC31,0xEC31,0xEC31,0xEC31,0x0C3A,0x0C3A,0x2C42,0x2C42,0x2C42,0x2C42,0x2C42,0x2C42,
    0x2C42,0x2C42,0x2C42,0x2C42,0x6D52,0x6D52,0x6D52,0x6D52,0x6D52,0x6D52,0x6D52,0x6D52,
    0x6D52,0x8D5A,0x8D5A,0x8D5A,0xAD62,0xAD62,0xAD62,0xAD62,0xAD62,0xAD62,0xCE6A,0xCE6A,
    0xCE6A,0xEE72,0xEE72,0x0E7B,0x0E7B,0x0E7B,0x0E7B,0x0E7B,0x2E83,0x2E83,0x2E83,0x2E83,
    0x2E83,0x2E83,0x2E83,0x2E83,0x2E83,0xB09B,0xB09B,0xB09B,0xB09B,0xB09B,0xB09B,0xB09B,
    0xB09B,0xB09B,0xB09B,0xB09B,0xD0A3,0xD0A3,0xD0A3,0xD0A3,0xD0A3,0xD0A3,0x11AC,0x11AC,
    0xD0A3,0x11AC,0x11AC,0x11AC,0x11AC,0x11AC,0x11AC,0x11AC,0x11AC,0x11AC,0x11AC,0x11AC,
    0x11AC,0x11AC,0x11AC,0x11AC,0x11AC,0x11AC,0x31B4,0x72BC,0x11AC,0x11AC,0x11AC,0x11AC,
    0x11AC,0x11AC,0x11AC,0x11AC,0x11AC,0x11AC,0x11AC,0x11AC,0xD0A3,0xD0A3,0xD0A3,0xD0A3,
    0xD0A3,0xD0A3,0xD0A3,0xD0A3,0xD0A3,0xD0A3,0xD0A3,0xD0A3,0xD0A3,0xD0A3,0xD0A3,0x8F9B,
    0x8F9B,0x8F9B,0x4E93,0x4E93,0x4E93,0x4E93,0x4E93,0x4E93,0x2E83,0x2E83,0x4E93,0x4E93,
    0x4E93,0x4E93,0x4E93,0x2E83,0x2E83,0x2E83,0x2E83,0x2E83,0x2E83,0x2E83,0x2E83,0x2E83,
    0xCD72,0x0D7B,0xCD72,0xCD72,0xCD72,0xCD72,0xCD72,0xCD72,0xCD72,0xCD72,0xCD72,0xAD62,
    0xAD62,0xAD62,0xAD62,0xAD62,0xAD62,0xAD62,0xAD62,0xAD62,0xAD62,0xAD62,0x8D5A,0x6D52,
    0x6D52,0x6D52,0x6D52,0x6D52,0x6D52,0x6D52,0x6D52,0x6D52,0x6D52,0x2C42,0x2C42,0x2C42,
    0x2C42,0x2C42,0x2C42,0x2C42,0x2C42,0x2C42,0x2C42,0x0C3A,0x0C3A,0xEC31,0xEC31,0xEC31,
    0xEC31,0xEC31,0xEC31,0xEC31,0xEC31,0xEC31,0xEC31,0xEC31,0xEC31,0xEC31,0xEC31,0xEC31,
    0xEC31,0xEC31,0xEC31,0xEC31,0xEC31,0xCC21,0xCC21,0xCC21,0xCC21,0xCC21,0xCC21,0xCC21,
    0xCC21,0xCC21,0xCC21,0xCC21,0xCC21,0x0E2A,0xEE31,0xEC31,0xEC31,0xEC31,0xEC31,0xCC21,
    0xEC31,0xEC31,0xCC21,0xEC31,0xEC31,0xEC31,0xEC31,0xEC31,0xCB31,0xEC31,0xEC31,0xEC31,
    0xEC31,0xEC31,0xEC31,0xEC31,0x0C3A,0x0C3A,0x0C3A,0x2C42,0x2C42,0x2C42,0x2C42,0x2C42,
    0x2C42,0x2C42,0x2C42,0x2C42,0x2C42,0x2C42,0x6D52,0x6D52,0x6D52,0x6D52,0x6D52,0x6D52,
    0x6D52,0x6D52,0x8D5A,0x8D5A,0x8D5A,0xAD62,0xAD62,0xAD62,0xAD62,0xAD62,0xCE6A,0xCE6A,
    0xCE6A,0xEE72,0xEE72,0xEE72,0x0E7B,0x0E7B,0x0E7B,0x0E7B,0x0E7B,0x2E83,0x2E83,0x2E83,
    0x2E83,0x2E83,0x2E83,0x2E83,0x708B,0x708B,0x908B,0xB09B,0xB09B,0xB09B,0xB09B,0xB09B,
    0xB09B,0xB09B,0xB09B,0xB09B,0xB09B,0xB09B,0xD0A3,0xD0A3,0xD0A3,0xD0A3,0xD0A3,0xD0A3,
    0xD0A3,0xD0A3,0xD0A3,0x11AC,0x11AC,0x11AC,0x11AC,0x11AC,0x11AC,0x11AC,0x11AC,0x11AC,
    0x11AC,0x11AC,0x11AC,0x11AC,0x11AC,0x11AC,0x11AC,0x11AC,0x11AC,0x11AC,0x11AC,0x11AC,
    0x11AC,0x11AC,0x11AC,0x11AC,0x11AC,0x11AC,0x11AC,0xD0A3,0xD0A3,0xD0A3,0xD0A3,0xD0A3,
    0xD0A3,0xD0A3,0xD0A3,0xD0A3,0xD0A3,0xD0A3,0xD0A3,0xD0A3,0xD0A3,0xD0A3,0xD0A3,0x8F9B,
    0x8F9B,0x4E93,0x4E93,0x4E93,0x4E93,0x4E93,0x2E83,0x2E83,0x2E83,0x2E83,0x2E83,0x4E93,
    0x2E83,0x4E93,0x2E83,0x2E83,0x2E83,0x2E83,0x2E83,0x2E83,0x2E83,0x2E83,0x2E83,0x0E7B,
    0xCD72,0xCD72,0xCD72,0xCD72,0xCD72,0xCD72,0xCD72,0xCD72,0xCD72,0xCD72,0xAD62,0xAD62,
    0xAD62,0xAD62,0xAD62,0xAD62,0xAD62,0xAD62,0xAD62,0xAD62,0xAD62,0x6D52,0x8D5A,0x6D52,
    0x6D52,0x6D52,0x6D52,0x6D52,0x6D52,0x6D52,0x6D52,0x6D52,0x6D52,0x2C42,0x2C42,0x2C42,
    0x2C42,0x2C42,0x2C42,0x2C42,0x2C42,0x2C42,0x2C42,0x0C3A,0x0C3A,0xEC31,0xEC31,0xEC31,
    0xEC31,0xEC31,0xEC31,0xEC31,0xEC31,0xEC31,0xEC31,0xEC31,0xEC31,0xEC31,0xEC31,0xEC31,
    0xEC31,0xEC31,0xCC21,0xCC21,0xCC21,0xCC21,0xCC21,0xCC21,0xCC21,0xCC21,0xCC21,0xCC21,
    0xCC21,0xCC21,0xCC21,0xCC21,0xCC21,0xCC21,0xEC31,0xEE31,0xEE31,0xEE31,0xEC31,0xCC21,
    0xCC21,0xCC21,0xCC21,0xCC21,0xEC31,0xEC31,0xEC31,0xEC31,0xEC31,0xCB31,0xEC31,0xEC31,
    0xEC31,0xEC31,0xEC31,0xEC31,0xEC31,0x0C3A,0x0C3A,0x0C3A,0x2C42,0x2C42,0x2C42,0x2C42,
    0x2C42,0x2C42,0x2C42,0x2C42,0x2C42,0x2C42,0x2C42,0x2C42,0x6D52,0x6D52,0x6D52,0x6D52,
    0x6D52,0x6D52,0x6D52,0x8D5A,0x8D5A,0xAD62,0xAD62,0xAD62,0xAD62,0xAD62,0xAD62,0xAD62,
    0xCE6A,0xCE6A,0xEE72,0xEE72,0xEE72,0xEE72,0x0E7B,0x0E7B,0x0E7B,0x0E7B,0x2E83,0x2E83,
    0x2E83,0x2E83,0x2E83,0x2E83,0x2E83,0x2E83,0x708B,0x8F8B,0xB09B,0xB09B,0xB09B,0xB09B,
    0xB09B,0xB09B,0xB09B,0xB09B,0xB09B,0xB09B,0xB09B,0xB09B,0xB09B,0xD0A3,0xD0A3,0xD0A3,
    0xD0A3,0xD0A3,0xD0A3,0xD0A3,0xD0A3,0xD0A3,0xD0A3,0x11AC,0x11AC,0x11AC,0x11AC,0x11AC,
    0x11AC,0x11AC,0x11AC,0x11AC,0x11AC,0x11AC,0x11AC,0x11AC,0x11AC,0x11AC,0x11AC,0x11AC,
    0x11AC,0x11AC,0x11AC,0xD0A3,0xD0A3,0xD0A3,0xD0A3,0xD0A3,0xD0A3,0xD0A3,0xD0A3,0xD0A3,
    0xD0A3,0xD0A3,0xD0A3,0xD0A3,0xD0A3,0xD0A3,0xD0A3,0xD0A3,0xD0A3,0xD0A3,0x8F9B,0x8F9B,
    0x4E93,0x4E93,0x4E93,0x4E93,0x2E83,0x2E83,0x2E83,0x2E83,0x2E83,0x2E83,0x2E83,0x2E83,
    0x2E83,0x2E83,0x2E83,0x2E83,0x2E83,0x2E83,0x2E83,0x2E83,0x2E83,0x2E83,0x2E83,0xCD72,
    0xCD72,0xCD72,0xCD72,0xCD72,0xCD72,0xCD72,0xCD72,0xCD72,0xAD62,0xAD62,0xAD62,0xAD62,
    0xAD62,0xAD62,0xAD62,0xAD62,0xAD62,0xAD62,0xAD62,0x8D5A,0x6D52,0x6D52,0x6D52,0x6D52,
    0x6D52,0x6D52,0x6D52,0x6D52,0x6D52,0x6D52,0x6D52,0x6D52,0x2C42,0x2C42,0x2C42,0x2C42,
    0x2C42,0x2C42,0x2C42,0x2C42,0x2C42,0x2C42,0x0C3A,0x0C3A,0xEC31,0xEC31,0xEC31,0xEC31,
    0xEC31,0xEC31,0xEC31,0xEC31,0xEC31,0xEC31,0xEC31,0xEC31,0xEC31,0xEC31,0xEC31,0xEC31,
    0xEC31,0xEC31,0xCC21,0xCC21,0xCC21,0xCC21,0xCC21,0xCC21,0xCC21,0xCC21,0xCC21,0xCC21,
    0xCC21,0xCC21,0xCC21,0xCC21,0xCC21,0xCC21,0xEE29,0xEE31,0xEE31,0x0E32,0xCC21,0xCC21,
    0xAB29,0xCC21,0xCC21,0xCC21,0xEC31,0xEC31,0xEC31,0xEC31,0xEC31,0xEC31,0xCB31,0xEC31,
    0xEC31,0xEC31,0xEC31,0xEC31,0xEC31,0xEC31,0x0C3A,0x0C3A,0x0C3A,0x2C42,0x2C42,0x2C42,
    0x2C42,0x2C42,0x2C42,0x2C42,0x2C42,0x2C42,0x2C42,0x2C42,0x2C42,0x6D52,0x6D52,0x6D52,
    0x6D52,0x6D52,0x6D52,0x6D52,0x8D5A,0x8D5A,0xAD62,0xAD62,0xAD62,0xAD62,0xAD62,0xAD62,
    0xAD62,0xCE6A,0xEE72,0xEE72,0xEE72,0xEE72,0x0E7B,0x0E7B,0x0E7B,0x0E7B,0x0E7B,0x0E7B,
    0x2E83,0x2E83,0x2E83,0x2E83,0x2E83,0x2E83,0x2E83,0x2E83,0x908B,0xB09B,0xB09B,0xB09B,
    0xB09B,0xB09B,0xB09B,0xB09B,0xB09B,0xB09B,0xB09B,0xB09B,0xB09B,0xB09B,0xB09B,0xB09B,
    0xD0A3,0xD0A3,0xD0A3,0xD0A3,0xD0A3,0xD0A3,0xD0A3,0xD0A3,0xD0A3,0xD0A3,0xD0A3,0xD0A3,
    0xD0A3,0xD0A3,0x11AC,0x11AC,0x11AC,0x11AC,0x11AC,0x11AC,0x11AC,0x11AC,0x11AC,0xD0A3,
    0x11AC,0xD0A3,0xD0A3,0xD0A3,0xD0A3,0xD0A3,0xD0A3,0xD0A3,0xD0A3,0xD0A3,0xD0A3,0xD0A3,
    0xD0A3,0xD0A3,0xD0A3,0xD0A3,0xD0A3,0xD0A3,0xD0A3,0xD0A3,0xB09B,0x8F9B,0x8F9B,0x8F9B,
    0x4E93,0x4E93,0x4E93,0x4E93,0x2E83,0x2E83,0x2E83,0x2E83,0x2E83,0x2E83,0x2E83,0x2E83,
    0x2E83,0x2E83,0x2E83,0x2E83,0x2E83,0x2E83,0x2E83,0x2E83,0x2E83,0x2E83,0x0D7B,0xCD72,
    0xCD72,0xCD72,0xCD72,0xCD72,0xCD72,0xCD72,0xCD72,0xAD62,0xAD62,0xAD62,0xAD62,0xAD62,
    0xAD62,0xAD62,0xAD62,0xAD62,0xAD62,0xAD62,0x8D5A,0x8D5A,0x8D5A,0x6D52,0x6D52,0x6D52,
    0x6D52,0x6D52,0x6D52,0x6D52,0x6D52,0x6D52,0x2C42,0x2C42,0x2C42,0x2C42,0x2C42,0x2C42,
    0x2C42,0x2C42,0x2C42,0x2C42,0x2C42,0x2C42,0x2C42,0xEC31,0xEC31,0xEC31,0xEC31,0xEC31,
    0xEC31,0xEC31,0xEC31,0xEC31,0xEC31,0xEC31,0xEC31,0xEC31,0xEC31,0xEC31,0xEC31,0xEC31,
    0xCC21,0xCC21,0xCC21,0xCC21,0xCC21,0xCC21,0xCC21,0xCC21,0xCC21,0xCC21,0xCC21,0xCC21,
    0xCC21,0xCC21,0xCC21,0xCC21,0xCC21,0xCC21,0xCC21,0x0E2A,0xEC31,0xEC31,0xCC21,0xCC21,
    0xCC21,0xAB29,0xCC21,0xCC21,0xCC21,0xEC31,0xEC31,0xEC31,0xEC31,0xEC31,0xEC31,0xEC31,
    0xEC31,0xEC31,0xEC31,0xEC31,0xEC31,0xEC31,0x0C3A,0x0C3A,0x0C3A,0x0C3A,0x2C42,0x2C42,
    0x2C42,0x2C42,0x2C42,0x2C42,0x2C42,0x2C42,0x2C42,0x2C42,0x2C42,0x2C42,0x6D52,0x6D52,
    0x6D52,0x6D52,0x6D52,0x6D52,0x6D52,0x8D5A,0x8D5A,0x8D5A,0xAD62,0xAD62,0xAD62,0xAD62,
    0xAD62,0xCE6A,0xCE6A,0xCE6A,0xEE72,0xEE72,0x0E7B,0x0E7B,0x0E7B,0x0E7B,0x0E7B,0x0E7B,
    0x0E7B,0x2E83,0x2E83,0x2E83,0x2E83,0x2E83,0x2E83,0x2E83,0x708B,0x8F8B,0xB09B,0xB09B,
    0xB09B,0xB09B,0xB09B,0xB09B,0xB09B,0xB09B,0xB09B,0xB09B,0xB09B,0xB09B,0xB09B,0xB09B,
    0xB09B,0xB09B,0xB09B,0xD0A3,0xB09B,0xD0A3,0xD0A3,0xD0A3,0xD0A3,0xD0A3,0xD0A3,0xD0A3,
    0xD0A3,0xD0A3,0xD0A3,0xD0A3,0xD0A3,0xD0A3,0xD0A3,0xD0A3,0xD0A3,0x11AC,0xD0A3,0xD0A3,
    0xD0A3,0xD0A3,0xD0A3,0xD0A3,0xD0A3,0xD0A3,0xD0A3,0xD0A3,0xD0A3,0xB09B,0xB09B,0xB09B,
    0xD0A3,0xD0A3,0xD0A3,0xD0A3,0xD0A3,0xD0A3,0xD0A3,0xB09B,0xB09B,0x8F9B,0x8F9B,0x4E93,
    0x4E93,0x2E83,0x2E83,0x2E83,0x2E83,0x2E83,0x2E83,0x2E83,0x2E83,0x2E83,0x2E83,0x2E83,
    0x2E83,0x2E83,0x2E83,0x2E83,0x2E83,0x2E83,0x0E7B,0x0E7B,0x0E7B,0x0E7B,0xEE72,0xCD72,
    0xCD72,0xCD72,0xCD72,0xCD72,0xAD62,0xAD62,0xAD62,0xAD62,0xAD62,0xAD62,0xAD62,0xAD62,
    0xAD62,0xAD62,0xAD62,0x6D52,0x6D52,0x8D5A,0x6D52,0x8D5A,0x6D52,0x6D52,0x6D52,0x6D52,
    0x6D52,0x6D52,0x6D52,0x6D52,0x6D52,0x2C42,0x2C42,0x2C42,0x2C42,0x2C42,0x2C42,0x2C42,
    0x2C42,0x2C42,0x2C42,0x2C42,0x0C3A,0x0C3A,0x0C3A,0x0C3A,0xEC31,0xEC31,0xEC31,0xEC31,
    0xEC31,0xEC31,0xEC31,0xEC31,0xEC31,0xEC31,0xEC31,0xEC31,0xEC31,0xEC31,0xCC21,0xCC21,
    0xCC21,0xCC21,0xCC21,0xCC21,0xCC21,0xCC21,0xCC21,0xCC21,0xCC21,0xCC21,0xCC21,0xCC21,
    0xCC21,0xCC21,0xCC21,0xCC21,0xCC21,0xCC21,0xCC21,0xCC21,0x0E2A,0x0E2A,0xCC21,0xCC21,
    0xCC21,0xCC21,0xCC21,0xCC21,0xCC21,0xEC31,0xEC31,0xEC31,0xEC31,0xEC31,0xEC31,0xEC31,
    0xEC31,0xEC31,0xEC31,0xEC31,0xEC31,0xEC31,0xEC31,0x0C3A,0x0C3A,0x0C3A,0x2C42,0x2C42,
    0x2C42,0x2C42,0x2C42,0x2C42,0x2C42,0x2C42,0x2C42,0x2C42,0x2C42,0x2C42,0x2C42,0x6D52,
    0x6D52,0x6D52,0x6D52,0x6D52,0x8D5A,0x6D52,0x8D5A,0x8D5A,0x8D5A,0xAD62,0xAD62,0xAD62,
    0xCE6A,0xCE6A,0xCE6A,0xCE6A,0xCE6A,0xEE72,0xEE72,0x0E7B,0x0E7B,0x0E7B,0x0E7B,0x0E7B,
    0x0E7B,0x0E7B,0x2E83,0x2E83,0x2E83,0x2E83,0x2E83,0x2E83,0x2E83,0x708B,0x708B,0x708B,
    0xB09B,0xB09B,0xB09B,0xB09B,0xB09B,0xB09B,0xB09B,0xB09B,0xB09B,0xB09B,0xB09B,0xB09B,
    0xB09B,0xB09B,0xB09B,0xB09B,0xB09B,0xB09B,0xB09B,0xD0A3,0xB09B,0xD0A3,0xD0A3,0xD0A3,
    0xD0A3,0xD0A3,0xD0A3,0xD0A3,0xD0A3,0xD0A3,0xD0A3,0xD0A3,0xD0A3,0xD0A3,0xD0A3,0xD0A3,
    0xD0A3,0xD0A3,0xD0A3,0xD0A3,0xD0A3,0xB09B,0xD0A3,0xB09B,0xB09B,0xB09B,0xB09B,0xB09B,
    0xB09B,0xB09B,0xB09B,0xB09B,0xB09B,0xB09B,0xB09B,0xB09B,0x8F9B,0x8F9B,0x4E93,0x2E83,
    0x2E83,0x2E83,0x2E83,0x2E83,0x2E83,0x2E83,0x2E83,0x2E83,0x2E83,0x2E83,0x2E83,0x2E83,
    0x2E83,0x2E83,0x2E83,0x2E83,0x2E83,0x0E7B,0x0E7B,0x0E7B,0xEE72,0x0E7B,0xCD72,0xCD72,
    0xCD72,0xCD72,0xAD62,0xAD62,0xAD62,0xAD62,0xAD62,0xAD62,0xAD62,0xAD62,0xAD62,0xAD62,
    0xAD62,0xAD62,0xAD62,0x6D52,0x6D52,0x6D52,0x6D52,0x6D52,0x6D52,0x6D52,0x6D52,0x6D52,
    0x6D52,0x6D52,0x6D52,0x6D52,0x2C42,0x2C42,0x2C42,0x2C42,0x2C42,0x2C42,0x2C42,0x2C42,
    0x2C42,0x2C42,0x2C42,0x0C3A,0x0C3A,0x0C3A,0x0C3A,0x0C3A,0xEC31,0xEC31,0xEC31,0xEC31,
    0xEC31,0xEC31,0xEC31,0xEC31,0xEC31,0xEC31,0xEC31,0xEC31,0xEC31,0xCC21,0xAB29,0xCC21,
    0xCC21,0xCC21,0xCC21,0xCC21,0xCC21,0xCC21,0xCC21,0xCC21,0xCC21,0xCC21,0xCC21,0xCC21,
    0xCC21,0xCC21,0xCC21,0xCC21,0xCC21,0xCC21,0xCC21,0xCC21,0xCC21,0x0E2A,0x0E2A,0xCC21,
    0xCC21,0xAB29,0xCC21,0xCC21,0xCC21,0xEC31,0xEC31,0xEC31,0xEC31,0xEC31,0xEC31,0xEC31,
    0xEC31,0xEC31,0xEC31,0xEC31,0xEC31,0xEC31,0xEC31,0xEC31,0x0C3A,0x0C3A,0x0C3A,0x2C42,
    0x2C42,0x2C42,0x2C42,0x2C42,0x2C42,0x2C42,0x2C42,0x2C42,0x2C42,0x2C42,0x2C42,0x6D52,
    0x6D52,0x6D52,0x6D52,0x6D52,0x6D52,0x8D5A,0x6D52,0x8D5A,0x8D5A,0xAD62,0xAD62,0xAD62,
    0xAD62,0xAD62,0xCE6A,0xCE6A,0xCE6A,0xEE72,0xEE72,0xEE72,0xEE72,0x0E7B,0x0E7B,0x0E7B,
    0x0E7B,0x0E7B,0x0E7B,0x2E83,0x2E83,0x2E83,0x2E83,0x2E83,0x2E83,0x2E83,0x708B,0x708B,
    0x708B,0x908B,0xB09B,0xB09B,0xB09B,0xB09B,0xB09B,0xB09B,0xB09B,0xB09B,0xB09B,0xB09B,
    0xB09B,0xB09B,0xB09B,0xB09B,0xB09B,0xB09B,0xB09B,0xB09B,0xB09B,0xB09B,0xB09B,0xB09B,
    0xD0A3,0xD0A3,0xD0A3,0xD0A3,0xD0A3,0xD0A3,0xD0A3,0xB09B,0xD0A3,0xD0A3,0xD0A3,0xD0A3,
    0xD0A3,0xD0A3,0xD0A3,0xD0A3,0xB09B,0xB09B,0xB09B,0xB09B,0xB09B,0xB09B,0xB09B,0x8F9B,
    0xB09B,0xB09B,0xB09B,0xB09B,0xB09B,0x8F9B,0x8F9B,0xB09B,0x8F9B,0x2E83,0x4E93,0x2E83,
    0x2E83,0x2E83,0x2E83,0x2E83,0x2E83,0x2E83,0x2E83,0x2E83,0x2E83,0x2E83,0x2E83,0x2E83,
    0x2E83,0x2E83,0x2E83,0x2E83,0x2E83,0x0E7B,0x0E7B,0xCD72,0xCD72,0xCD72,0xCD72,0xCD72,
    0xCD72,0xAD62,0xAD62,0xAD62,0xAD62,0xAD62,0xAD62,0xAD62,0xAD62,0xAD62,0xAD62,0xAD62,
    0xAD62,0xAD62,0x8D5A,0x6D52,0x6D52,0x6D52,0x6D52,0x6D52,0x6D52,0x6D52,0x6D52,0x6D52,
    0x6D52,0x6D52,0x6D52,0x2C42,0x2C42,0x2C42,0x2C42,0x2C42,0x2C42,0x2C42,0x2C42,0x2C42,
    0x2C42,0x2C42,0x2C42,0x0C3A,0x0C3A,0x0C3A,0xEC31,0xEC31,0xEC31,0xEC31,0xEC31,0xEC31,
    0xEC31,0xEC31,0xEC31,0xEC31,0xEC31,0xEC31,0xEC31,0xEC31,0xCC21,0xCC21,0xAB29,0xAB29,
    0xCC21,0xCC21,0xCC21,0xCC21,0xCC21,0xCC21,0xCC21,0xCC21,0xCC21,0xCC21,0xCC21,0xCC21,
    0xCC21,0xCC21,0xCC21,0xCC21,0xCC21,0xCC21,0xCC21,0xCC21,0xCC21,0xCC21,0x0E2A,0xCC21,
    0xCC21,0xCC21,0xAB29,0xCC21,0xCC21,0xCC21,0xEC31,0xEC31,0xEC31,0xEC31,0xEC31,0xEC31,
    0xEC31,0xEC31,0xEC31,0xEC31,0xEC31,0xEC31,0xEC31,0xEC31,0xEC31,0x0C3A,0x0C3A,0x0C3A,
    0x2C42,0x2C42,0x2C42,0x2C42,0x2C42,0x2C42,0x2C42,0x2C42,0x2C42,0x2C42,0x2C42,0x2C42,
    0x2C42,0x6D52,0x6D52,0x6D52,0x6D52,0x6D52,0x8D5A,0x8D5A,0x8D5A,0x8D5A,0xAD62,0xAD62,
    0xAD62,0xAD62,0xAD62,0xCE6A,0xCE6A,0xCE6A,0xCE6A,0xEE72,0xEE72,0x0E7B,0x0E7B,0x0E7B,
    0x0E7B,0x0E7B,0x0E7B,0x0E7B,0x0E7B,0x2E83,0x2E83,0x2E83,0x2E83,0x2E83,0x2E83,0x2E83,
    0x708B,0x708B,0x708B,0x908B,0x8F8B,0xB09B,0xB09B,0xB09B,0xB09B,0xB09B,0xB09B,0xB09B,
    0xB09B,0xB09B,0xB09B,0xB09B,0xB09B,0xB09B,0xB09B,0xB09B,0xB09B,0xB09B,0xB09B,0xB09B,
    0xB09B,0xB09B,0xB09B,0xB09B,0xB09B,0xB09B,0xB09B,0xB09B,0xB09B,0xB09B,0xB09B,0xD0A3,
    0xD0A3,0xD0A3,0xB09B,0xB09B,0xB09B,0xB09B,0xB09B,0xB09B,0xB09B,0xB09B,0xB09B,0xB09B,
    0xB09B,0xB09B,0x8F9B,0xB09B,0x8F9B,0x8F9B,0x8F9B,0x4E93,0x4E93,0x2E83,0x2E83,0x2E83,
    0x2E83,0x2E83,0x2E83,0x2E83,0x2E83,0x2E83,0x2E83,0x2E83,0x0E7B,0x0E7B,0x2E83,0x2E83,
    0x2E83,0x2E83,0x2E83,0x2E83,0x2E83,0x0E7B,0x0E7B,0xEE72,0xCD72,0xCD72,0xCD72,0xCD72,
    0xCD72,0xAD62,0xAD62,0xAD62,0xAD62,0xAD62,0xAD62,0xAD62,0xAD62,0xAD62,0xAD62,0xAD62,
    0x6D52,0x6D52,0x6D52,0x6D52,0x6D52,0x6D52,0x6D52,0x6D52,0x6D52,0x6D52,0x6D52,0x6D52,
    0x2C42,0x2C42,0x2C42,0x2C42,0x2C42,0x2C42,0x2C42,0x2C42,0x2C42,0x2C42,0x2C42,0x2C42,
    0x2C42,0x2C42,0x0C3A,0x0C3A,0xEC31,0xEC31,0xEC31,0xEC31,0xEC31,0xEC31,0xEC31,0xEC31,
    0xEC31,0xEC31,0xEC31,0xEC31,0xEC31,0xEC31,0xEC31,0xEC31,0xAB29,0xAB29,0xAB29,0xAB29,
    0xAB29,0xCC21,0xCC21,0xCC21,0xCC21,0xCC21,0xCC21,0xCC21,0xCC21,0xCC21,0xCC21,0xCC21,
    0xCC21,0xCC21,0xCC21,0xCC21,0xCC21,0xCC21,0xCC21,0xCC21,0xCC21,0xCC21,0xCC21,0xCC21,
    0xCC21,0xCC21,0xAB29,0xAB29,0xCC21,0xCC21,0xCC21,0xEC31,0xEC31,0xEC31,0xEC31,0xEC31,
    0xEC31,0xEC31,0xEC31,0xEC31,0xEC31,0xEC31,0xEC31,0xEC31,0xEC31,0xEC31,0x0C3A,0x0C3A,
    0x0C3A,0x2C42,0x2C42,0x2C42,0x2C42,0x2C42,0x2C42,0x2C42,0x2C42,0x2C42,0x2C42,0x2C42,
    0x6D52,0x6D52,0x6D52,0x6D52,0x6D52,0x6D52,0x6D52,0x8D5A,0x8D5A,0x8D5A,0x8D5A,0xAD62,
    0xAD62,0xCE6A,0xCE6A,0xAD62,0xCE6A,0xCE6A,0xCE6A,0xCE6A,0xCE6A,0xEE72,0xEE72,0x0E7B,
    0x0E7B,0x0E7B,0x0E7B,0x0E7B,0x0E7B,0x0E7B,0x2E83,0x2E83,0x2E83,0x2E83,0x2E83,0x2E83,
    0x2E83,0x2E83,0x2E83,0x708B,0x708B,0x2E83,0x2E83,0x8F8B,0x908B,0xB09B,0xB09B,0xB09B,
    0xB09B,0xB09B,0xB09B,0xB09B,0xB09B,0xB09B,0xB09B,0xB09B,0xB09B,0xB09B,0xB09B,0xB09B,
    0xB09B,0xB09B,0xB09B,0xB09B,0xB09B,0xB09B,0xB09B,0xB09B,0xB09B,0xB09B,0xB09B,0xB09B,
    0xB09B,0xB09B,0xB09B,0xB09B,0xB09B,0xB09B,0xB09B,0xB09B,0xB09B,0x8F9B,0x8F9B,0x8F9B,
    0xB09B,0x8F9B,0x8F9B,0x8F9B,0x8F9B,0x8F9B,0x8F9B,0x4E93,0x2E83,0x2E83,0x2E83,0x2E83,
    0x2E83,0x2E83,0x2E83,0x2E83,0x2E83,0x2E83,0x2E83,0x0E7B,0x0E7B,0x0E7B,0x0E7B,0x2E83,
    0x2E83,0x2E83,0x2E83,0x2E83,0x2E83,0x0E7B,0xEE72,0xEE72,0xCD72,0xCD72,0xAD62,0xAD62,
    0xAD62,0xAD62,0xAD62,0xAD62,0xAD62,0xAD62,0xAD62,0xAD62,0xAD62,0xAD62,0xAD62,0x6D52,
    0x6D52,0x6D52,0x6D52,0x6D52,0x6D52,0x6D52,0x6D52,0x6D52,0x6D52,0x6D52,0x6D52,0x2C42,
    0x2C42,0x2C42,0x2C42,0x2C42,0x2C42,0x2C42,0x2C42,0x2C42,0x2C42,0x2C42,0x2C42,0x2C42,
    0x2C42,0x0C3A,0x0C3A,0xEC31,0xEC31,0xEC31,0xEC31,0xEC31,0xEC31,0xEC31,0xEC31,0xEC31,
    0xEC31,0xEC31,0xEC31,0xEC31,0xEC31,0xEC31,0xEC31,0xEC31,0xEC31,0xAB29,0xAB29,0xAB29,
    0xAB29,0xAB29,0xCC21,0xCC21,0xCC21,0xCC21,0xCC21,0xCC21,0xCC21,0xCC21,0xCC21,0xCC21,
    0xCC21,0xCC21,0xCC21,0xCC21,0xCC21,0xCC21,0xCC21,0xCC21,0xCC21,0xCC21,0xCC21,0xCC21,
    0xCC21,0xCC21,0xCC21,0xAB29,0xCC21,0xCC21,0xCC21,0xCC21,0xCC21,0xCC21,0xEC31,0xEC31,
    0xEC31,0xEC31,0xEC31,0xEC31,0xEC31,0xEC31,0xEC31,0xEC31,0xEC31,0xEC31,0x0C3A,0x0C3A,
    0x0C3A,0x2C42,0x2C42,0x2C42,0x2C42,0x2C42,0x2C42,0x2C42,0x2C42,0x2C42,0x2C42,0x2C42,
    0x2C42,0x6D52,0x6D52,0x6D52,0x6D52,0x6D52,0x6D52,0x6D52,0x8D5A,0x8D5A,0x8D5A,0x8D5A,
    0xAD62,0xAD62,0xCE6A,0xAD62,0xCE6A,0xCE6A,0xCE6A,0xCE6A,0xCE6A,0xCE6A,0xEE72,0xEE72,
    0x0E7B,0x0E7B,0x0E7B,0x0E7B,0x0E7B,0x0E7B,0x0E7B,0x0E7B,0x2E83,0x2E83,0x2E83,0x2E83,
    0x2E83,0x2E83,0x2E83,0x2E83,0x2E83,0x2E83,0x2E83,0x2E83,0x2E83,0x708B,0x2E83,0x2E83,
    0x908B,0xB09B,0xB09B,0xB09B,0xB09B,0xB09B,0xB09B,0xB09B,0xB09B,0xB09B,0xB09B,0xB09B,
    0xB09B,0xB09B,0xB09B,0xB09B,0xB09B,0xB09B,0xB09B,0xB09B,0xB09B,0xB09B,0xB09B,0xB09B,
    0xB09B,0xB09B,0xB09B,0xB09B,0xB09B,0xB09B,0xB09B,0x4E93,0x4E93,0x8F9B,0x4E93,0x4E93,
    0x8F9B,0x8F9B,0x8F9B,0x4E93,0x4E93,0x8F9B,0x4E93,0x2E83,0x2E83,0x2E83,0x2E83,0x2E83,
    0x2E83,0x2E83,0x2E83,0x2E83,0x2E83,0x0E7B,0x0E7B,0x0E7B,0x0E7B,0x0E7B,0x0E7B,0x0E7B,
    0x0E7B,0x0E7B,0x2E83,0x2E83,0x2E83,0xEE72,0xEE72,0xCD72,0xAD62,0xAD62,0xAD62,0xAD62,
    0xAD62,0xAD62,0xAD62,0xAD62,0xAD62,0xAD62,0xAD62,0xAD62,0xAD62,0xAD62,0x8D5A,0x8D5A,
    0x6D52,0x6D52,0x6D52,0x6D52,0x6D52,0x6D52,0x6D52,0x6D52,0x6D52,0x6D52,0x2C42,0x2C42,
    0x2C42,0x2C42,0x2C42,0x2C42,0x2C42,0x2C42,0x2C42,0x2C42,0x2C42,0x2C42,0x2C42,0x2C42,
    0x2C42,0x0C3A,0x0C3A,0x0C3A,0xEC31,0xEC31,0xEC31,0xEC31,0xEC31,0xEC31,0xEC31,0xEC31,
    0xEC31,0xEC31,0xEC31,0xEC31,0xEC31,0xEC31,0xEC31,0xCC21,0xCC21,0xAB29,0xAB29,0xAB29,
    0xAB29,0xAB29,0xCC21,0xCC21,0xCC21,0xCC21,0xCC21,0xCC21,0xCC21,0xCC21,0xCC21,0xCC21,
    0xCC21,0xCC21,0xCC21,0xCC21,0xCC21,0xCC21,0xCC21,0xCC21,0xCC21,0xCC21,0xCC21,0xCC21,
    0xCC21,0xCC21,0xCC21,0xCC21,0xAB29,0xCC21,0xCC21,0xCC21,0xCC21,0xCC21,0xEC31,0xEC31,
    0xEC31,0xEC31,0xEC31,0xEC31,0xEC31,0xEC31,0xEC31,0xEC31,0xEC31,0xEC31,0xEC31,0x0C3A,
    0x0C3A,0x2C42,0x2C42,0x2C42,0x2C42,0x2C42,0x2C42,0x2C42,0x2C42,0x2C42,0x2C42,0x2C42,
    0x2C42,0x2C42,0x2C42,0x6D52,0x6D52,0x6D52,0x6D52,0x6D52,0x8D5A,0x8D5A,0x8D5A,0x8D5A,
    0x8D5A,0xAD62,0xAD62,0xCE6A,0xCE6A,0xCE6A,0xCE6A,0xCE6A,0xCE6A,0xCE6A,0xCE6A,0xCE6A,
    0xEE72,0x0E7B,0x0E7B,0x0E7B,0x0E7B,0x0E7B,0x0E7B,0x0E7B,0x0E7B,0x0E7B,0x2E83,0x2E83,
    0x2E83,0x2E83,0x2E83,0x2E83,0x2E83,0x2E83,0x2E83,0x2E83,0x2E83,0x2E83,0x2E83,0x2E83,
    0x2E83,0x8F8B,0x2E83,0x708B,0x908B,0xB09B,0xB09B,0xB09B,0xB09B,0xB09B,0xB09B,0xB09B,
    0xB09B,0xB09B,0xB09B,0xB09B,0xB09B,0xB09B,0xB09B,0xB09B,0xB09B,0xB09B,0xB09B,0xB09B,
    0xB09B,0x8F9B,0x8F9B,0x8F9B,0xB09B,0x8F9B,0x2E83,0x2E83,0x4E93,0x4E93,0x4E93,0x4E93,
    0x4E93,0x4E93,0x4E93,0x2E83,0x2E83,0x2E83,0x2E83,0x2E83,0x2E83,0x2E83,0x2E83,0x2E83,
    0x2E83,0x2E83,0x2E83,0x2E83,0x0E7B,0x0E7B,0x0E7B,0x0E7B,0x0E7B,0x0E7B,0x0E7B,0x0E7B,
    0x0E7B,0x0E7B,0x0E7B,0x2E83,0x0E7B,0xEE72,0xEE72,0xAD62,0xAD62,0xAD62,0xAD62,0xAD62,
    0xAD62,0xAD62,0xAD62,0xAD62,0xAD62,0xAD62,0xAD62,0xAD62,0xAD62,0xAD62,0x8D5A,0x6D52,
    0x6D52,0x6D52,0x6D52,0x6D52,0x6D52,0x6D52,0x6D52,0x6D52,0x6D52,0x2C42,0x2C42,0x2C42,
    0x2C42,0x2C42,0x2C42,0x2C42,0x2C42,0x2C42,0x2C42,0x2C42,0x2C42,0x2C42,0x2C42,0x2C42,
    0x0C3A,0x0C3A,0x0C3A,0x0C3A,0x0C3A,0xEC31,0xEC31,0xEC31,0xEC31,0xEC31,0xEC31,0xEC31,
    0xEC31,0xEC31,0xEC31,0xEC31,0xEC31,0xEC31,0xEC31,0xCC21,0xAB29,0xAB29,0xAB29,0xAB29,
    0xAB29,0xAB29,0xCC21,0xAB29,0xCC21,0xCC21,0xCC21,0xCC21,0xCC21,0xCC21,0xCC21,0xCC21,
    0xCC21,0xCC21,0xCC21,0xCC21,0xCC21,0xCC21,0xCC21,0xCC21,0xCC21,0xCC21,0xCC21,0xCC21,
    0xCC21,0xCC21,0xCC21,0xCC21,0xAB29,0xAB29,0xCC21,0xCC21,0xCC21,0xCC21,0xCC21,0xEC31,
    0xEC31,0xEC31,0xEC31,0xEC31,0xEC31,0xEC31,0xEC31,0xEC31,0xEC31,0xEC31,0xEC31,0xEC31,
    0x0C3A,0x0C3A,0x2C42,0x2C42,0x2C42,0x2C42,0x2C42,0x2C42,0x2C42,0x2C42,0x2C42,0x2C42,
    0x2C42,0x2C42,0x2C42,0x2C42,0x6D52,0x6D52,0x6D52,0x6D52,0x6D52,0x6D52,0x8D5A,0x8D5A,
    0x8D5A,0xAD62,0xAD62,0xCE6A,0xCE6A,0xCE6A,0xCE6A,0xCE6A,0xCE6A,0xCE6A,0xCE6A,0xCE6A,
    0xCE6A,0xEE72,0xEE72,0x0E7B,0x0E7B,0x0E7B,0x0E7B,0x0E7B,0x0E7B,0x0E7B,0x0E7B,0x0E7B,
    0x0E7B,0x2E83,0x2E83,0x2E83,0x2E83,0x2E83,0x2E83,0x2E83,0x2E83,0x2E83,0x2E83,0x2E83,
    0x2E83,0x2E83,0x2E83,0x2E83,0x708B,0x708B,0xB09B,0xB09B,0xB09B,0xB09B,0xB09B,0xB09B,
    0xB09B,0xB09B,0xB09B,0xB09B,0xB09B,0xB09B,0xB09B,0xB09B,0xB09B,0xB09B,0xB09B,0xB09B,
    0xB09B,0xB09B,0x4E93,0x2E83,0x2E83,0x2E83,0x2E83,0x2E83,0x2E83,0x2E83,0x2E83,0x2E83,
    0x2E83,0x2E83,0x2E83,0x2E83,0x2E83,0x2E83,0x2E83,0x2E83,0x2E83,0x2E83,0x2E83,0x2E83,
    0x2E83,0x2E83,0x2E83,0x0E7B,0x0E7B,0xCD72,0x0E7B,0x0E7B,0x0E7B,0x0E7B,0x0E7B,0x0E7B,
    0x0E7B,0x0E7B,0x0E7B,0x0E7B,0x0E7B,0x0E7B,0xCD72,0xAD62,0xAD62,0xAD62,0xAD62,0xAD62,
    0xAD62,0xAD62,0xAD62,0xAD62,0xAD62,0xAD62,0xAD62,0xAD62,0xAD62,0x8D5A,0x6D52,0x6D52,
    0x6D52,0x6D52,0x6D52,0x6D52,0x6D52,0x6D52,0x6D52,0x6D52,0x6D52,0x2C42,0x2C42,0x2C42,
    0x2C42,0x2C42,0x2C42,0x2C42,0x2C42,0x2C42,0x2C42,0x2C42,0x2C42,0x2C42,0x2C42,0x0C3A,
    0x0C3A,0xEC31,0xEC31,0xEC31,0xEC31,0xEC31,0xEC31,0xEC31,0xEC31,0xEC31,0xEC31,0xEC31,
    0xEC31,0xEC31,0xEC31,0xEC31,0xEC31,0xEC31,0xEC31,0xCC21,0xAB29,0xAB29,0xCC21,0xCC21,
    0xAB29,0xAB29,0xCC21,0xCC21,0xCC21,0xCC21,0xCC21,0xCC21,0xCC21,0xCC21,0xCC21,0xCC21,
    0xCC21,0xCC21,0xCC21,0xCC21,0xCC21,0xCC21,0xCC21,0xCC21,0xCC21,0xCC21,0xCC21,0xCC21,
    0xCC21,0xCC21,0xCC21,0xCC21,0xCC21,0xCC21,0xCC21,0xCC21,0xCC21,0xCC21,0xCC21,0xCC21,
    0xEC31,0xEC31,0xEC31,0xEC31,0xEC31,0xEC31,0xEC31,0xEC31,0xEC31,0xEC31,0xEC31,0xEC31,
    0x0C3A,0x2C42,0x0C3A,0x2C42,0x2C42,0x2C42,0x2C42,0x2C42,0x2C42,0x2C42,0x2C42,0x2C42,
    0x2C42,0x2C42,0x2C42,0x2C42,0x2C42,0x6D52,0x6D52,0x6D52,0x6D52,0x6D52,0x6D52,0x8D5A,
    0x8D5A,0x8D5A,0x8D5A,0xAD62,0xCE6A,0xCE6A,0xCE6A,0xCE6A,0xCE6A,0xCE6A,0xCE6A,0xCE6A,
    0xCE6A,0xCE6A,0xCE6A,0xEE72,0x0E7B,0x0E7B,0x0E7B,0x0E7B,0x0E7B,0x0E7B,0x0E7B,0x0E7B,
    0x0E7B,0x0E7B,0x2E83,0x2E83,0x2E83,0x2E83,0x2E83,0x2E83,0x2E83,0x2E83,0x2E83,0x2E83,
    0x2E83,0x2E83,0x2E83,0x2E83,0x2E83,0x2E83,0x708B,0x708B,0x708B,0xB09B,0x708B,0x708B,
    0xB09B,0xB09B,0xB09B,0xB09B,0xB09B,0xB09B,0xB09B,0xB09B,0xB09B,0xB09B,0xB09B,0xB09B,
    0x2E83,0x708B,0x2E83,0x2E83,0x2E83,0x2E83,0x2E83,0x2E83,0x2E83,0x2E83,0x2E83,0x2E83,
    0x2E83,0x2E83,0x2E83,0x2E83,0x2E83,0x2E83,0x2E83,0x2E83,0x2E83,0x2E83,0x2E83,0x2E83,
    0x2E83,0x2E83,0x2E83,0x0E7B,0x0E7B,0xCD72,0xCD72,0xCD72,0x0E7B,0x0E7B,0x0E7B,0x0E7B,
    0x0E7B,0x0E7B,0x0E7B,0x0E7B,0xEE72,0xEE72,0xEE72,0xAD62,0xAD62,0xAD62,0xAD62,0xAD62,
    0xAD62,0xAD62,0xAD62,0xAD62,0xAD62,0xAD62,0xAD62,0xAD62,0xAD62,0x8D5A,0x6D52,0x6D52,
    0x6D52,0x6D52,0x6D52,0x6D52,0x6D52,0x6D52,0x6D52,0x2C42,0x2C42,0x2C42,0x2C42,0x2C42,
    0x2C42,0x2C42,0x2C42,0x2C42,0x2C42,0x2C42,0x2C42,0x2C42,0x0C3A,0x0C3A,0x0C3A,0x0C3A,
    0xEC31,0x0C3A,0x0C3A,0xEC31,0xEC31,0xEC31,0xEC31,0xEC31,0xEC31,0xEC31,0xEC31,0xEC31,
    0xEC31,0xEC31,0xEC31,0xEC31,0xEC31,0xCC21,0xCC21,0xCC21,0xCC21,0xAB29,0xAB29,0xCC21,
    0xCC21,0xCC21,0xAB29,0xCC21,0xCC21,0xCC21,0xCC21,0xCC21,0xCC21,0xCC21,0xCC21,0xCC21,
    0xCC21,0xCC21,0xCC21,0xCC21,0xCC21,0xCC21,0xCC21,0xCC21,0xCC21,0xCC21,0xCC21,0xCC21,
    0xCC21,0xCC21,0xCC21,0xCC21,0xCC21,0xCC21,0xCC21,0xAB29,0xCC21,0xCC21,0xCC21,0xCC21,
    0xEC31,0xEC31,0xEC31,0xEC31,0xEC31,0xEC31,0xEC31,0xEC31,0xEC31,0xEC31,0xEC31,0xEC31,
    0x0C3A,0x2C42,0x2C42,0x2C42,0x2C42,0x2C42,0x2C42,0x2C42,0x2C42,0x2C42,0x2C42,0x2C42,
    0x2C42,0x2C42,0x2C42,0x2C42,0x2C42,0x2C42,0x6D52,0x6D52,0x6D52,0x6D52,0x6D52,0x6D52,
    0x8D5A,0x8D5A,0x8D5A,0x8D5A,0xCE6A,0xCE6A,0xCE6A,0xCE6A,0xCE6A,0xCE6A,0xCE6A,0xCE6A,
    0xCE6A,0xCE6A,0xCE6A,0xCE6A,0xEE72,0xEE72,0x0E7B,0x0E7B,0x0E7B,0x0E7B,0x0E7B,0x0E7B,
    0x0E7B,0x0E7B,0x0E7B,0x0E7B,0x0E7B,0x0E7B,0x2E83,0x2E83,0x2E83,0x2E83,0x2E83,0x2E83,
    0x2E83,0x2E83,0x2E83,0x2E83,0x2E83,0x2E83,0x2E83,0x2E83,0x2E83,0x2E83,0x2E83,0x2E83,
    0x708B,0x2E83,0x2E83,0x2E83,0x708B,0xB09B,0xB09B,0xB09B,0xB09B,0xB09B,0xB09B,0x2E83,
    0x2E83,0x2E83,0x2E83,0x2E83,0x2E83,0x2E83,0x2E83,0x2E83,0x2E83,0x2E83,0x2E83,0x2E83,
    0x2E83,0x2E83,0x2E83,0x2E83,0x2E83,0x2E83,0x2E83,0x2E83,0x2E83,0x2E83,0x2E83,0x2E83,
    0x2E83,0x0E7B,0x0E7B,0x0E7B,0xEE72,0xEE72,0xEE72,0xEE72,0xEE72,0x0E7B,0x0E7B,0x0E7B,
    0x0E7B,0x0E7B,0x0E7B,0x0E7B,0x0E7B,0xEE72,0xCE6A,0xAD62,0xAD62,0xAD62,0xAD62,0xAD62,
    0xAD62,0xAD62,0xAD62,0xAD62,0xAD62,0xAD62,0xAD62,0xAD62,0x8D5A,0x6D52,0x6D52,0x6D52,
    0x6D52,0x6D52,0x6D52,0x6D52,0x6D52,0x6D52,0x2C42,0x2C42,0x2C42,0x2C42,0x2C42,0x2C42,
    0x2C42,0x2C42,0x2C42,0x2C42,0x2C42,0x2C42,0x2C42,0x2C42,0x0C3A,0x0C3A,0xEC31,0xEC31,
    0xEC31,0x0C3A,0x0C3A,0xEC31,0xEC31,0xEC31,0xEC31,0xEC31,0xEC31,0xEC31,0xEC31,0xEC31,
    0xEC31,0xEC31,0xEC31,0xEC31,0xEC31,0xCC21,0xAB29,0xCC21,0xCC21,0xCC21,0xCC21,0xCC21,
    0xAB29,0xCC21,0xAB29,0xAB29,0xCC21,0xCC21,0xCC21,0xCC21,0xCC21,0xCC21,0xCC21,0xCC21,
    0xCC21,0xCC21,0xCC21,0xCC21,0xCC21,0xCC21,0xCC21,0xCC21,0xCC21,0xCC21,0xCC21,0xCC21,
    0xCC21,0xCC21,0xCC21,0xCC21,0xCC21,0xCC21,0xCC21,0xAB29,0xAB29,0xCC21,0xCC21,0xCC21,
    0xEC31,0xEC31,0xEC31,0xEC31,0xEC31,0xEC31,0xEC31,0xEC31,0xEC31,0xEC31,0xEC31,0xEC31,
    0x0C3A,0x0C3A,0x2C42,0x2C42,0x2C42,0x2C42,0x2C42,0x2C42,0x2C42,0x2C42,0x2C42,0x2C42,
    0x2C42,0x2C42,0x2C42,0x2C42,0x2C42,0x2C42,0x2C42,0x6D52,0x6D52,0x6D52,0x6D52,0x6D52,
    0x6D52,0x8D5A,0x8D5A,0x8D5A,0x8D5A,0xCE6A,0xCE6A,0xCE6A,0xCE6A,0xCE6A,0xCE6A,0xCE6A,
    0xCE6A,0xCE6A,0xCE6A,0xCE6A,0xCE6A,0xCE6A,0xEE72,0xEE72,0xEE72,0x0E7B,0x0E7B,0x0E7B,
    0x0E7B,0x0E7B,0x0E7B,0x0E7B,0x0E7B,0x0E7B,0x0E7B,0x0E7B,0x0E7B,0x2E83,0x2E83,0x2E83,
    0x2E83,0x2E83,0x2E83,0x2E83,0x2E83,0x2E83,0x2E83,0x2E83,0x2E83,0x2E83,0x2E83,0x2E83,
    0x2E83,0x2E83,0x2E83,0x2E83,0x2E83,0x2E83,0x2E83,0xB09B,0x708B,0x2E83,0x2E83,0x2E83,
    0x2E83,0x2E83,0x2E83,0x2E83,0x2E83,0x2E83,0x2E83,0x2E83,0x2E83,0x2E83,0x2E83,0x2E83,
    0x2E83,0x2E83,0x2E83,0x2E83,0x2E83,0x2E83,0x2E83,0x2E83,0x2E83,0x2E83,0x2E83,0x0E7B,
    0x0E7B,0x0E7B,0x0E7B,0xEE72,0xEE72,0xEE72,0xCD72,0xEE72,0xEE72,0x0E7B,0x0E7B,0x0E7B,
    0x0E7B,0x0E7B,0x0E7B,0xEE72,0xEE72,0xCE6A,0xCE6A,0xAD62,0xAD62,0xAD62,0xAD62,0xAD62,
    0xAD62,0xAD62,0xAD62,0xAD62,0xAD62,0xAD62,0xAD62,0x8D5A,0x6D52,0x6D52,0x6D52,0x6D52,
    0x6D52,0x6D52,0x6D52,0x6D52,0x2C42,0x2C42,0x2C42,0x2C42,0x2C42,0x2C42,0x2C42,0x2C42,
    0x2C42,0x2C42,0x2C42,0x2C42,0x2C42,0x2C42,0x0C3A,0x0C3A,0x0C3A,0xEC31,0xEC31,0xEC31,
    0x0C3A,0xEC31,0xEC31,0xEC31,0xEC31,0xEC31,0xEC31,0xEC31,0xEC31,0xEC31,0xEC31,0xEC31,
    0xEC31,0xEC31,0xEC31,0xEC31,0xCC21,0xAB29,0xAB29,0xAB29,0xAB29,0xCC21,0xCC21,0xAB29,
    0xAB29,0xCC21,0xCC21,0xCC21,0xCC21,0xCC21,0xCC21,0xCC21,0xCC21,0xCC21,0xCC21,0xCC21,
    0xCC21,0xCC21,0xCC21,0xCC21,0xCC21,0xCC21,0xCC21,0xCC21,0xCC21,0xCC21,0xCC21,0xCC21,
    0xCC21,0xCC21,0xCC21,0xCC21,0xCC21,0xCC21,0xCC21,0xAB29,0xAB29,0xAB29,0xCC21,0xCC21,
    0xEC31,0xCC21,0xEC31,0xEC31,0xEC31,0xEC31,0xEC31,0xEC31,0xEC31,0x0C3A,0xEC31,0xEC31,
    0xEC31,0x0C3A,0x0C3A,0x2C42,0x2C42,0x2C42,0x2C42,0x2C42,0x2C42,0x2C42,0x2C42,0x2C42,
    0x2C42,0x2C42,0x2C42,0x2C42,0x2C42,0x2C42,0x2C42,0x2C42,0x6D52,0x6D52,0x6D52,0x6D52,
    0x6D52,0x8D5A,0x8D5A,0x8D5A,0x8D5A,0x8D5A,0xCE6A,0xCE6A,0xCE6A,0xCE6A,0xCE6A,0xCE6A,
    0xCE6A,0xCE6A,0xCE6A,0xCE6A,0xCE6A,0xCE6A,0xCE6A,0xCE6A,0xEE72,0xEE72,0x0E7B,0x0E7B,
    0x0E7B,0x0E7B,0x0E7B,0x0E7B,0x0E7B,0x0E7B,0x0E7B,0x0E7B,0x0E7B,0x0E7B,0x0E7B,0x0E7B,
    0x2E83,0x2E83,0x2E83,0x2E83,0x2E83,0x2E83,0x2E83,0x2E83,0x2E83,0x2E83,0x2E83,0x2E83,
    0x2E83,0x2E83,0x2E83,0x2E83,0x2E83,0x2E83,0x2E83,0x2E83,0x2E83,0x2E83,0x2E83,0x2E83,
    0x2E83,0x2E83,0x2E83,0x2E83,0x2E83,0x2E83,0x2E83,0x2E83,0x2E83,0x2E83,0x2E83,0x2E83,
    0x2E83,0x2E83,0x2E83,0x2E83,0x2E83,0x2E83,0x2E83,0x2E83,0x2E83,0x2E83,0x0E7B,0x0E7B,
    0x0E7B,0x0E7B,0x0E7B,0xEE72,0xEE72,0xCD72,0xCD72,0xCD72,0xEE72,0xEE72,0x0E7B,0x0E7B,
    0x0E7B,0x0E7B,0xEE72,0xCE6A,0xCE6A,0xCE6A,0xAD62,0xAD62,0xAD62,0xAD62,0xAD62,0xAD62,
    0x8D5A,0x8D5A,0x8D5A,0x8D5A,0x8D5A,0x8D5A,0xAD62,0x8D5A,0x6D52,0x6D52,0x6D52,0x6D52,
    0x6D52,0x6D52,0x6D52,0x2C42,0x2C42,0x2C42,0x2C42,0x2C42,0x2C42,0x2C42,0x2C42,0x2C42,
    0x2C42,0x2C42,0x2C42,0x2C42,0x2C42,0x2C42,0x0C3A,0x0C3A,0xEC31,0xEC31,0xEC31,0xEC31,
    0xEC31,0xEC31,0xEC31,0xEC31,0xEC31,0xEC31,0xEC31,0xEC31,0xEC31,0xEC31,0xEC31,0xEC31,
    0xEC31,0xEC31,0xEC31,0xCC21,0xCC21,0xAB29,0xAB29,0xAB29,0xAB29,0xAB29,0xCC21,0xCC21,
    0xCC21,0xCC21,0xCC21,0xCC21,0xCC21,0xCC21,0xCC21,0xCC21,0xCC21,0xCC21,0xCC21,0xCC21,
    0xCC21,0xCC21,0xCC21,0xCC21,0xCC21,0xCC21,0xCC21,0xCC21,0xCC21,0xCC21,0xCC21,0xCC21,
    0xCC21,0xCC21,0xCC21,0xCC21,0xCC21,0xCC21,0xCC21,0xAB29,0xAB29,0xAB29,0xAB29,0xCC21,
    0xCC21,0xCC21,0xCC21,0xEC31,0xEC31,0xEC31,0xEC31,0xEC31,0xEC31,0xEC31,0x0C3A,0xEC31,
    0xEC31,0x0C3A,0x0C3A,0x0C3A,0x2C42,0x2C42,0x2C42,0x2C42,0x2C42,0x2C42,0x2C42,0x2C42,
    0x2C42,0x2C42,0x2C42,0x2C42,0x2C42,0x2C42,0x2C42,0x2C42,0x2C42,0x2C42,0x6D52,0x6D52,
    0x6D52,0x6D52,0x8D5A,0x8D5A,0x8D5A,0x8D5A,0x8D5A,0xCE6A,0xCE6A,0xCE6A,0xCE6A,0xCE6A,
    0xCE6A,0xCE6A,0xCE6A,0xCE6A,0xCE6A,0xCE6A,0xCE6A,0xCE6A,0xCE6A,0xCE6A,0xEE72,0xEE72,
    0xEE72,0x0E7B,0x0E7B,0x0E7B,0x0E7B,0x0E7B,0x0E7B,0x0E7B,0x0E7B,0x0E7B,0x0E7B,0x0E7B,
    0x0E7B,0x0E7B,0x2E83,0x2E83,0x2E83,0x2E83,0x2E83,0x2E83,0x2E83,0x2E83,0x2E83,0x2E83,
    0x2E83,0x2E83,0x2E83,0x2E83,0x2E83,0x2E83,0x2E83,0x2E83,0x2E83,0x2E83,0x2E83,0x2E83,
    0x2E83,0x2E83,0x2E83,0x2E83,0x0E7B,0x2E83,0x2E83,0x2E83,0x2E83,0x2E83,0x2E83,0x2E83,
    0x2E83,0x2E83,0x2E83,0x2E83,0x2E83,0x0E7B,0x0E7B,0x0E7B,0x0E7B,0x0E7B,0x0E7B,0x0E7B,
    0x0E7B,0x0E7B,0xEE72,0xEE72,0xCD72,0xCD72,0xEE72,0xAD62,0xEE72,0xEE72,0xEE72,0x0E7B,
    0x0E7B,0x0E7B,0xCE6A,0xAD62,0xAD62,0xAD62,0xAD62,0xAD62,0xAD62,0xAD62,0xAD62,0x8D5A,
    0x8D5A,0x8D5A,0x8D5A,0x8D5A,0x8D5A,0x8D5A,0x8D5A,0x6D52,0x6D52,0x6D52,0x6D52,0x6D52,
    0x6D52,0x6D52,0x2C42,0x2C42,0x2C42,0x2C42,0x2C42,0x2C42,0x2C42,0x2C42,0x2C42,0x2C42,
    0x2C42,0x2C42,0x2C42,0x2C42,0x2C42,0x0C3A,0x0C3A,0xEC31,0xEC31,0xEC31,0xEC31,0xEC31,
    0xEC31,0xEC31,0xEC31,0xEC31,0xEC31,0xEC31,0xEC31,0xEC31,0xEC31,0xEC31,0xEC31,0xEC31,
    0xEC31,0xEC31,0xEC31,0xCC21,0xCC21,0xAB29,0xAB29,0xAB29,0xAB29,0xAB29,0xCC21,0xCC21,
    0xCC21,0xCC21,0xCC21,0xCC21,0xCC21,0xCC21,0xCC21,0xCC21,0xCC21,0xCC21,0xCC21,0xCC21,
    0xCC21,0xCC21,0xCC21,0xCC21,0xCC21,0xCC21,0xCC21,0xCC21,0xCC21,0xCC21,0xCC21,0xCC21,
    0xCC21,0xCC21,0xCC21,0xCC21,0xCC21,0xCC21,0xCC21,0xCC21,0xAB29,0xAB29,0xAB29,0xCC21,
    0xCC21,0xCC21,0xCC21,0xEC31,0xEC31,0xEC31,0xEC31,0xEC31,0xEC31,0xEC31,0x0C3A,0x0C3A,
    0x0C3A,0x0C3A,0x0C3A,0x0C3A,0x2C42,0x2C42,0x2C42,0x2C42,0x2C42,0x2C42,0x2C42,0x2C42,
    0x2C42,0x2C42,0x2C42,0x2C42,0x2C42,0x2C42,0x2C42,0x2C42,0x2C42,0x2C42,0x6D52,0x6D52,
    0x6D52,0x6D52,0x6D52,0x8D5A,0x8D5A,0x8D5A,0x8D5A,0x8D5A,0x8D5A,0xCE6A,0xCE6A,0xCE6A,
    0xCE6A,0xCE6A,0xCE6A,0xCE6A,0xCE6A,0xCE6A,0xCE6A,0xCE6A,0xCE6A,0xCE6A,0xCE6A,0xCE6A,
    0xEE72,0xEE72,0x0E7B,0x0E7B,0x0E7B,0x0E7B,0x0E7B,0x0E7B,0x0E7B,0x0E7B,0x0E7B,0x0E7B,
    0x0E7B,0x0E7B,0x0E7B,0x0E7B,0x0E7B,0x0E7B,0x0E7B,0x0E7B,0x0E7B,0x0E7B,0x2E83,0x2E83,
    0x0E7B,0x0E7B,0x2E83,0x2E83,0x2E83,0x2E83,0x0E7B,0x0E7B,0x2E83,0x2E83,0x0E7B,0x0E7B,
    0x0E7B,0x0E7B,0x0E7B,0x0E7B,0x0E7B,0x0E7B,0x0E7B,0x2E83,0x2E83,0x2E83,0x2E83,0x2E83,
    0x0E7B,0x0E7B,0x2E83,0x0E7B,0x0E7B,0x0E7B,0x0E7B,0x0E7B,0x0E7B,0x0E7B,0x0E7B,0x0E7B,
    0xEE72,0x0E7B,0xEE72,0xEE72,0xCD72,0xAD62,0xCE6A,0xCE6A,0xCE6A,0xCE6A,0xEE72,0xEE72,
    0x0E7B,0x0E7B,0xCE6A,0xAD62,0xAD62,0xAD62,0xAD62,0xAD62,0xAD62,0x8D5A,0x8D5A,0x6D52,
    0x8D5A,0x6D52,0x6D52,0x6D52,0x8D5A,0x8D5A,0x6D52,0x6D52,0x6D52,0x6D52,0x6D52,0x2C42,
    0x2C42,0x2C42,0x2C42,0x2C42,0x2C42,0x2C42,0x2C42,0x2C42,0x2C42,0x2C42,0x2C42,0x2C42,
    0x2C42,0x2C42,0x2C42,0x2C42,0x0C3A,0x0C3A,0xEC31,0xEC31,0xEC31,0xEC31,0xEC31,0xEC31,
    0xEC31,0xEC31,0xEC31,0xEC31,0xEC31,0xEC31,0xEC31,0xEC31,0xEC31,0xEC31,0xEC31,0xEC31,
    0xEC31,0xEC31,0xCC21,0xCC21,0xAB29,0xAB29,0xCC21,0xCC21,0xCC21,0xCC21,0xCC21,0xCC21,
    0xCC21,0xCC21,0xCC21,0xCC21,0xCC21,0xCC21,0xCC21,0xCC21,0xCC21,0xCC21,0xCC21,0xCC21,
    0xCC21,0xCC21,0xCC21,0xCC21,0xCC21,0xCC21,0xCC21,0xCC21,0xCC21,0xCC21,0xCC21,0xCC21,
    0xCC21,0xCC21,0xCC21,0xCC21,0xCC21,0xCC21,0xCC21,0xCC21,0xCC21,0xAB29,0xAB29,0xAB29,
    0xCC21,0xCC21,0xCC21,0xCC21,0xEC31,0xEC31,0xEC31,0xEC31,0xEC31,0xEC31,0x0C3A,0x0C3A,
    0x0C3A,0x0C3A,0x0C3A,0x0C3A,0x0C3A,0x0C3A,0x2C42,0x2C42,0x2C42,0x2C42,0x2C42,0x2C42,
    0x2C42,0x2C42,0x2C42,0x2C42,0x2C42,0x2C42,0x2C42,0x2C42,0x2C42,0x2C42,0x2C42,0x6D52,
    0x6D52,0x6D52,0x6D52,0x6D52,0x8D5A,0x8D5A,0x8D5A,0x8D5A,0x8D5A,0x8D5A,0x8D5A,0xCE6A,
    0xCE6A,0xCE6A,0xCE6A,0xCE6A,0xCE6A,0xCE6A,0xCE6A,0xCE6A,0xCE6A,0xCE6A,0xCE6A,0xCE6A,
    0xCE6A,0xEE72,0xEE72,0xEE72,0x0E7B,0x0E7B,0x0E7B,0x0E7B,0x0E7B,0x0E7B,0x0E7B,0x0E7B,
    0x0E7B,0x0E7B,0x0E7B,0x0E7B,0x0E7B,0x0E7B,0x0E7B,0x0E7B,0x0E7B,0x0E7B,0x0E7B,0x0E7B,
    0x0E7B,0x0E7B,0x0E7B,0x0E7B,0x0E7B,0x0E7B,0x0E7B,0x0E7B,0x0E7B,0x0E7B,0x0E7B,0x0E7B,
    0x0E7B,0x0E7B,0x0E7B,0x0E7B,0x0E7B,0x0E7B,0x0E7B,0x0E7B,0x2E83,0x0E7B,0x0E7B,0x0E7B,
    0x0E7B,0x0E7B,0x0E7B,0x0E7B,0x0E7B,0x0E7B,0x0E7B,0x0E7B,0x0E7B,0x0E7B,0x0E7B,0x0E7B,
    0xEE72,0xEE72,0xEE72,0xEE72,0xAD62,0xAD62,0xAD62,0xAD62,0xCE6A,0xCE6A,0xCE6A,0xEE72,
    0xEE72,0xEE72,0xCE6A,0xAD62,0xAD62,0xAD62,0xAD62,0xAD62,0x8D5A,0x8D5A,0x6D52,0x6D52,
    0x6D52,0x6D52,0x6D52,0x6D52,0x6D52,0x6D52,0x6D52,0x6D52,0x6D52,0x6D52,0x2C42,0x2C42,
    0x2C42,0x2C42,0x2C42,0x2C42,0x2C42,0x2C42,0x2C42,0x2C42,0x2C42,0x2C42,0x2C42,0x2C42,
    0x2C42,0x2C42,0x0C3A,0x0C3A,0xEC31,0xEC31,0xEC31,0xEC31,0xEC31,0xEC31,0xEC31,0xEC31,
    0xEC31,0xEC31,0xEC31,0xEC31,0xEC31,0xEC31,0xEC31,0xEC31,0xEC31,0xEC31,0xEC31,0xEC31,
    0xEC31,0xCC21,0xCC21,0xCC21,0xAB29,0xAB29,0xAB29,0xAB29,0xCC21,0xAB29,0xCC21,0xCC21,
    0xCC21,0xCC21,0xCC21,0xCC21,0xCC21,0xCC21,0xCC21,0xCC21,0xCC21,0xCC21,0xCC21,0xCC21,
    0xCC21,0xCC21,0xCC21,0xCC21,0xCC21,0xCC21,0xCC21,0xCC21,0xCC21,0xCC21,0xCC21,0xCC21,
    0xCC21,0xCC21,0xCC21,0xCC21,0xCC21,0xCC21,0xCC21,0xAB29,0xCC21,0xCC21,0xAB29,0xAB29,
    0xCC21,0xCC21,0xCC21,0xCC21,0xEC31,0xEC31,0xEC31,0xEC31,0xEC31,0xEC31,0xEC31,0xEC31,
    0x0C3A,0x0C3A,0x0C3A,0x0C3A,0x0C3A,0x0C3A,0x0C3A,0x0C3A,0x2C42,0x2C42,0x2C42,0x2C42,
    0x2C42,0x2C42,0x2C42,0x2C42,0x2C42,0x2C42,0x2C42,0x2C42,0x2C42,0x2C42,0x2C42,0x2C42,
    0x2C42,0x6D52,0x6D52,0x6D52,0x6D52,0x8D5A,0x8D5A,0x8D5A,0x8D5A,0x8D5A,0x8D5A,0x8D5A,
    0xCE6A,0xCE6A,0xCE6A,0xCE6A,0xCE6A,0xCE6A,0xCE6A,0xCE6A,0xCE6A,0xCE6A,0xCE6A,0xCE6A,
    0xCE6A,0xCE6A,0xCE6A,0xEE72,0xEE72,0xEE72,0xEE72,0xEE72,0x0E7B,0x0E7B,0x0E7B,0x0E7B,
    0x0E7B,0x0E7B,0x0E7B,0x0E7B,0x0E7B,0x0E7B,0x0E7B,0x0E7B,0x0E7B,0x0E7B,0x0E7B,0x0E7B,
    0x0E7B,0x0E7B,0x0E7B,0x0E7B,0x0E7B,0x0E7B,0x0E7B,0x0E7B,0x0E7B,0x0E7B,0x0E7B,0x0E7B,
    0x0E7B,0x0E7B,0x0E7B,0x0E7B,0x0E7B,0x0E7B,0x0E7B,0x0E7B,0x0E7B,0x0E7B,0x0E7B,0x0E7B,
    0x0E7B,0x0E7B,0x0E7B,0xEE72,0xCD72,0xEE72,0xEE72,0x0E7B,0x0E7B,0x0E7B,0xEE72,0xEE72,
    0xEE72,0xEE72,0xEE72,0xAD62,0xAD62,0xAD62,0xAD62,0xAD62,0xAD62,0xCE6A,0xCE6A,0xCE6A,
    0xCE6A,0xCE6A,0xAD62,0xAD62,0xAD62,0xAD62,0x8D5A,0x6D52,0x8D5A,0x6D52,0x6D52,0x6D52,
    0x6D52,0x6D52,0x6D52,0x6D52,0x6D52,0x6D52,0x6D52,0x6D52,0x6D52,0x2C42,0x2C42,0x2C42,
    0x2C42,0x2C42,0x2C42,0x2C42,0x2C42,0x2C42,0x2C42,0x2C42,0x2C42,0x2C42,0x2C42,0x2C42,
    0x2C42,0x0C3A,0x0C3A,0x0C3A,0xEC31,0xEC31,0xEC31,0xEC31,0xEC31,0xEC31,0xEC31,0xEC31,
    0xEC31,0xEC31,0xEC31,0xEC31,0xEC31,0xEC31,0xEC31,0xEC31,0xEC31,0xCC21,0xCC21,0xEC31,
    0xCC21,0xCC21,0xCC21,0xCC21,0xAB29,0xAB29,0xAB29,0xAB29,0xAB29,0xCC21,0xCC21,0xCC21,
    0xCC21,0xCC21,0xCC21,0xCC21,0xCC21,0xCC21,0xCC21,0xCC21,0xCC21,0xCC21,0xCC21,0xCC21,
    0xCC21,0xCC21,0xCC21,0xCC21,0xCC21,0xCC21,0xCC21,0xCC21,0xCC21,0xCC21,0xCC21,0xCC21,
    0xCC21,0xCC21,0xCC21,0xCC21,0xCC21,0xCC21,0xCC21,0xAB29,0xCC21,0xCC21,0xCC21,0xCC21,
    0xCC21,0xCC21,0xCC21,0xCC21,0xCC21,0xEC31,0xEC31,0xEC31,0xEC31,0xEC31,0xEC31,0xEC31,
    0x0C3A,0x0C3A,0x0C3A,0x0C3A,0x0C3A,0x0C3A,0x0C3A,0x0C3A,0x0C3A,0x2C42,0x2C42,0x2C42,
    0x2C42,0x2C42,0x2C42,0x2C42,0x2C42,0x2C42,0x2C42,0x2C42,0x2C42,0x2C42,0x2C42,0x2C42,
    0x2C42,0x2C42,0x6D52,0x6D52,0x6D52,0x6D52,0x8D5A,0x8D5A,0x8D5A,0x8D5A,0x8D5A,0x8D5A,
    0x8D5A,0xCE6A,0xCE6A,0xCE6A,0xCE6A,0xCE6A,0xCE6A,0xCE6A,0xCE6A,0xCE6A,0xCE6A,0xCE6A,
    0xCE6A,0xCE6A,0xCE6A,0xCE6A,0xCE6A,0xEE72,0xEE72,0xEE72,0xEE72,0xEE72,0x0E7B,0x0E7B,
    0x0E7B,0x0E7B,0x0E7B,0x0E7B,0x0E7B,0xEE72,0xEE72,0x0E7B,0xEE72,0x0E7B,0x0E7B,0x0E7B,
    0x0E7B,0x0E7B,0x0E7B,0x0E7B,0x0E7B,0x0E7B,0x0E7B,0x0E7B,0x0E7B,0x0E7B,0xEE72,0xEE72,
    0x0E7B,0x0E7B,0x0E7B,0xEE72,0xEE72,0x0E7B,0x0E7B,0x0E7B,0x0E7B,0x0E7B,0x0E7B,0x0E7B,
    0x0E7B,0x0E7B,0xEE72,0xAD62,0xCE6A,0xCE6A,0xCE6A,0xEE72,0xEE72,0xEE72,0xEE72,0xEE72,
    0xEE72,0xCE6A,0xCE6A,0xAD62,0xAD62,0xAD62,0xAD62,0xAD62,0xAD62,0xCE6A,0xCE6A,0xCE6A,
    0xCE6A,0xCE6A,0xAD62,0xAD62,0xAD62,0x8D5A,0x6D52,0x8D5A,0x6D52,0x6D52,0x6D52,0x6D52,
    0x6D52,0x6D52,0x6D52,0x6D52,0x6D52,0x6D52,0x6D52,0x2C42,0x2C42,0x2C42,0x2C42,0x2C42,
    0x2C42,0x2C42,0x2C42,0x2C42,0x2C42,0x2C42,0x2C42,0x2C42,0x2C42,0x2C42,0x2C42,0x2C42,
    0x0C3A,0x0C3A,0x0C3A,0x0C3A,0xEC31,0xEC31,0xEC31,0xEC31,0xEC31,0xEC31,0xEC31,0xEC31,
    0xEC31,0xEC31,0xEC31,0xEC31,0xEC31,0xEC31,0xEC31,0xEC31,0xEC31,0xEC31,0xCC21,0xCC21,
    0xCC21,0xCC21,0xCC21,0xCC21,0xAB29,0xCC21,0xCC21,0xCC21,0xCC21,0xCC21,0xCC21,0xCC21,
    0xCC21,0xCC21,0xCC21,0xCC21,0xCC21,0xCC21,0xCC21,0xCC21,0xCC21,0xCC21,0xCC21,0xCC21,
    0xCC21,0xCC21,0xCC21,0xCC21,0xCC21,0xCC21,0xCC21,0xCC21,0xCC21,0xCC21,0xCC21,0xCC21,
    0xCC21,0xCC21,0xCC21,0xCC21,0xCC21,0xCC21,0xCC21,0xCC21,0xCC21,0xCC21,0xCC21,0xCC21,
    0xCC21,0xCC21,0xCC21,0xCC21,0xCC21,0xCC21,0xCC21,0xEC31,0xEC31,0xEC31,0xEC31,0xEC31,
    0xEC31,0x0C3A,0x0C3A,0x0C3A,0x0C3A,0x0C3A,0x0C3A,0x0C3A,0x0C3A,0x0C3A,0x2C42,0x2C42,
    0x2C42,0x2C42,0x2C42,0x2C42,0x2C42,0x2C42,0x2C42,0x2C42,0x2C42,0x2C42,0x2C42,0x2C42,
    0x2C42,0x2C42,0x2C42,0x6D52,0x6D52,0x6D52,0x6D52,0x6D52,0x8D5A,0x8D5A,0x8D5A,0x8D5A,
    0x8D5A,0x8D5A,0x8D5A,0x8E5A,0xCE6A,0xCE6A,0xCE6A,0xCE6A,0xCE6A,0xCE6A,0xCE6A,0xCE6A,
    0xCE6A,0xCE6A,0xCE6A,0xCE6A,0xCE6A,0xCE6A,0xCE6A,0xCE6A,0xCE6A,0xCE6A,0xEE72,0xEE72,
    0xEE72,0xEE72,0xEE72,0xEE72,0xEE72,0xEE72,0xEE72,0xEE72,0xEE72,0xEE72,0xEE72,0xEE72,
    0xEE72,0xEE72,0xEE72,0xEE72,0xEE72,0xEE72,0x0E7B,0xEE72,0xEE72,0xEE72,0xEE72,0xEE72,
    0xEE72,0xEE72,0xEE72,0xEE72,0xEE72,0xEE72,0xEE72,0xEE72,0xEE72,0xEE72,0x0E7B,0x0E7B,
    0x0E7B,0xEE72,0xCE6A,0xCE6A,0xCE6A,0xCE6A,0xCE6A,0xCE6A,0xCE6A,0xCE6A,0xEE72,0xEE72,
    0xAD62,0xAD62,0xAD62,0xAD62,0xAD62,0xAD62,0xAD62,0xAD62,0xAD62,0xAD62,0xCE6A,0xCE6A,
    0xCE6A,0xAD62,0x8D5A,0x8D5A,0x8D5A,0x8D5A,0x6D52,0x6D52,0x6D52,0x6D52,0x6D52,0x6D52,
    0x6D52,0x6D52,0x6D52,0x6D52,0x6D52,0x2C42,0x2C42,0x2C42,0x2C42,0x2C42,0x2C42,0x2C42,
    0x2C42,0x2C42,0x2C42,0x2C42,0x2C42,0x2C42,0x2C42,0x2C42,0x2C42,0x2C42,0x2C42,0x0C3A,
    0x0C3A,0x0C3A,0xEC31,0xEC31,0xEC31,0xEC31,0xEC31,0xEC31,0xEC31,0xEC31,0xEC31,0xEC31,
    0xEC31,0xEC31,0xEC31,0xEC31,0xEC31,0xEC31,0xEC31,0xEC31,0xEC31,0xEC31,0xCC21,0xCC21,
    0xCC21,0xCC21,0xCC21,0xCC21,0xCC21,0xCC21,0xCC21,0xCC21,0xCC21,0xCC21,0xCC21,0xCC21,
    0xCC21,0xCC21,0xCC21,0xCC21,0xCC21,0xCC21,0xCC21,0xCC21,0xCC21,0xCC21,0xCC21,0xCC21,
    0xCC21,0xCC21,0xCC21,0xCC21,0xCC21,0xCC21,0xCC21,0xCC21,0xCC21,0xCC21,0xCC21,0xCC21,
    0xCC21,0xCC21,0xCC21,0xCC21,0xCC21,0xCC21,0xCC21,0xCC21,0xCC21,0xCC21,0xCC21,0xCC21,
    0xCC21,0xCC21,0xCC21,0xCC21,0xCC21,0xCC21,0xCC21,0xEC31,0xEC31,0xEC31,0xEC31,0xEC31,
    0xEC31,0xEC31,0x0C3A,0x0C3A,0x0C3A,0x0C3A,0x0C3A,0xEC31,0xEC31,0xEC31,0x0C3A,0x0C3A,
    0x0C3A,0x2C42,0x2C42,0x2C42,0x2C42,0x2C42,0x2C42,0x2C42,0x2C42,0x2C42,0x2C42,0x2C42,
    0x2C42,0x2C42,0x2C42,0x2C42,0x2C42,0x6D52,0x6D52,0x6D52,0x6D52,0x8D5A,0x8D5A,0x8D5A,
    0x8D5A,0x8E5A,0x8D5A,0x8D5A,0x8E5A,0x8E5A,0xCE6A,0xCE6A,0xCE6A,0xCE6A,0xCE6A,0xCE6A,
    0xCE6A,0xCE6A,0xCE6A,0xCE6A,0xCE6A,0xCE6A,0xCE6A,0xCE6A,0xCE6A,0xCE6A,0xCE6A,0xCE6A,
    0xCE6A,0xCE6A,0xCE6A,0xCE6A,0xCE6A,0xCE6A,0xCE6A,0xEE72,0xEE72,0xEE72,0xEE72,0xEE72,
    0xEE72,0xEE72,0xCE6A,0xEE72,0xEE72,0xEE72,0xEE72,0xEE72,0xCE6A,0xEE72,0xEE72,0xCE6A,
    0xEE72,0xEE72,0xEE72,0xEE72,0xEE72,0xCE6A,0xCE6A,0xCE6A,0xCE6A,0xCE6A,0xEE72,0xEE72,
    0xCE6A,0xCE6A,0xCE6A,0xCE6A,0xCE6A,0xAD62,0xAD62,0xAD62,0xAD62,0xAD62,0xCD72,0xAD62,
    0xAD62,0xAD62,0xAD62,0xAD62,0xAD62,0xAD62,0xAD62,0xAD62,0xAD62,0xAD62,0xCE6A,0xAD62,
    0xCE6A,0x8D5A,0x8D5A,0x6D52,0x8D5A,0x8D5A,0x6D52,0x6D52,0x6D52,0x6D52,0x6D52,0x6D52,
    0x6D52,0x6D52,0x6D52,0x6D52,0x2C42,0x2C42,0x2C42,0x2C42,0x2C42,0x2C42,0x2C42,0x2C42,
    0x2C42,0x2C42,0x2C42,0x2C42,0x2C42,0x2C42,0x2C42,0x2C42,0x2C42,0x2C42,0x2C42,0x0C3A,
    0x0C3A,0x0C3A,0xEC31,0xEC31,0xEC31,0xEC31,0xEC31,0xEC31,0xEC31,0xEC31,0xEC31,0xCB31,
    0xEC31,0xEC31,0xEC31,0xEC31,0xEC31,0xEC31,0xEC31,0xEC31,0xCC21,0xCC21,0xCC21,0xCC21,
    0xCC21,0xCC21,0xCC21,0xCC21,0xCC21,0xCC21,0xCC21,0xCC21,0xCC21,0xCC21,0xCC21,0xCC21,
    0xCC21,0xCC21,0xCC21,0xCC21,0xCC21,0xCC21,0xCC21,0xCC21,0xCC21,0xCC21,0xCC21,0xCC21,
    0xCC21,0xCC21,0xCC21,0xCC21,0xCC21,0xCC21,0xCC21,0xCC21,0xCC21,0xCC21,0xCC21,0xCC21,
    0xCC21,0xCC21,0xCC21,0xCC21,0xCC21,0xCC21,0xCC21,0xCC21,0xCC21,0xCC21,0xCC21,0xCC21,
    0xCC21,0xCC21,0xCC21,0xCC21,0xCC21,0xCC21,0xCC21,0xCC21,0xCC21,0xEC31,0xEC31,0xEC31,
    0xEC31,0xEC31,0xEC31,0x0C3A,0xEC31,0xEC31,0xEC31,0xEC31,0xEC31,0xEC31,0xEC31,0x0C3A,
    0x0C3A,0x0C3A,0x0C3A,0x2C42,0x2C42,0x2C42,0x2C42,0x2C42,0x2C42,0x2C42,0x2C42,0x2C42,
    0x2C42,0x2C42,0x2C42,0x2C42,0x2C42,0x2C42,0x6D52,0x6D52,0x6D52,0x6D52,0x6D52,0x8D5A,
    0x8D5A,0x8D5A,0x8D5A,0x8E5A,0x8D5A,0x8E5A,0x8E5A,0xCE6A,0xCE6A,0xCE6A,0xCE6A,0xCE6A,
    0xCE6A,0xCE6A,0xCE6A,0xCE6A,0xCE6A,0xCE6A,0xCE6A,0xCE6A,0xCE6A,0xCE6A,0xCE6A,0xCE6A,
    0xCE6A,0xCE6A,0xCE6A,0xCE6A,0xCE6A,0xCE6A,0xCE6A,0xCE6A,0xEE72,0xEE72,0xCE6A,0xCE6A,
    0xCE6A,0xCE6A,0xCE6A,0xCE6A,0xCE6A,0xCE6A,0xCE6A,0xCE6A,0xCE6A,0xCE6A,0xCE6A,0xCE6A,
    0xCE6A,0xCE6A,0xEE72,0xEE72,0xEE72,0xCE6A,0xCE6A,0xAD62,0xAD62,0xAD62,0xAD62,0xEE72,
    0xCE6A,0xAD62,0xAD62,0xAD62,0xAD62,0xAD62,0xAD62,0xAD62,0xCE6A,0xCE6A,0xAD62,0xAD62,
    0xAD62,0xAD62,0xAD62,0xAD62,0xAD62,0xAD62,0x8D5A,0x8D5A,0xAD62,0xAD62,0xAD62,0xAD62,
    0xCE6A,0x8D5A,0x8D5A,0x6D52,0x6D52,0x6D52,0x6D52,0x6D52,0x6D52,0x6D52,0x6D52,0x6D52,
    0x6D52,0x6D52,0x6D52,0x2C42,0x2C42,0x2C42,0x2C42,0x2C42,0x2C42,0x2C42,0x2C42,0x2C42,
    0x2C42,0x2C42,0x2C42,0x2C42,0x2C42,0x2C42,0x2C42,0x2C42,0x2C42,0x0C3A,0x0C3A,0x0C3A,
    0xEC31,0xEC31,0xEC31,0xEC31,0xEC31,0xEC31,0xEC31,0xEC31,0xEC31,0xEC31,0xEC31,0xEC31,
    0xEC31,0xEC31,0xEC31,0xEC31,0xEC31,0xEC31,0xEC31,0xEC31,0xEC31,0xCC21,0xCC21,0xCC21,
    0xCC21,0xCC21,0xCC21,0xCC21,0xCC21,0xCC21,0xCC21,0xCC21,0xCC21,0xCC21,0xCC21,0xCC21,
    0xCC21,0xCC21,0xCC21,0xCC21,0xCC21,0xCC21,0xCC21,0xCC21,0xCC21,0xCC21,0xCC21,0xCC21,
    0xCC21,0xCC21,0xCC21,0xCC21,0xCC21,0xCC21,0xCC21,0xCC21,0xCC21,0xCC21,0xCC21,0xCC21,
    0xCC21,0xCC21,0xCC21,0xCC21,0xCC21,0xCC21,0xCC21,0xCC21,0xCC21,0xCC21,0xCC21,0xCC21,
    0xCC21,0xCC21,0xCC21,0xCC21,0xCC21,0xCC21,0xCC21,0xCC21,0xCC21,0xCC21,0xEC31,0xEC31,
    0xEC31,0xEC31,0xEC31,0xEC31,0xEC31,0xEC31,0xEC31,0xEC31,0xEC31,0xEC31,0xEC31,0xEC31,
    0xEC31,0x0C3A,0x0C3A,0x0C3A,0x2C42,0x2C42,0x2C42,0x2C42,0x2C42,0x2C42,0x2C42,0x2C42,
    0x2C42,0x2C42,0x2C42,0x2C42,0x2C42,0x2C42,0x2C42,0x2C42,0x6D52,0x6D52,0x6D52,0x6D52,
    0x6D52,0x8D5A,0x8D5A,0x8E5A,0x8E5A,0x8D5A,0x8E5A,0x8D5A,0x8E5A,0xCE6A,0xCE6A,0xCE6A,
    0xCE6A,0xCE6A,0xCE6A,0xCE6A,0xCE6A,0xCE6A,0xCE6A,0xCE6A,0xCE6A,0xCE6A,0xCE6A,0xCE6A,
    0xCE6A,0xCE6A,0xCE6A,0xCE6A,0xCE6A,0xCE6A,0xCE6A,0xCE6A,0xCE6A,0xCE6A,0xCE6A,0xCE6A,
    0xCE6A,0xCE6A,0xCE6A,0xCE6A,0xCE6A,0xCE6A,0xCE6A,0xCE6A,0xCE6A,0xCE6A,0xCE6A,0xCE6A,
    0xCE6A,0xCE6A,0xCE6A,0xCE6A,0xCE6A,0xAD62,0xAD62,0xAD62,0xAD62,0xAD62,0xAD62,0xAD62,
    0xAD62,0xAD62,0xAD62,0xAD62,0xAD62,0xAD62,0xAD62,0xAD62,0xAD62,0xAD62,0xAD62,0xAD62,
    0xAD62,0xAD62,0xAD62,0xAD62,0xAD62,0x8D5A,0x8D5A,0x8D5A,0x8D5A,0x8D5A,0xAD62,0xAD62,
    0xAD62,0x8D5A,0x6D52,0x6D52,0x6D52,0x6D52,0x6D52,0x6D52,0x6D52,0x6D52,0x6D52,0x6D52,
    0x2C42,0x2C42,0x2C42,0x2C42,0x2C42,0x2C42,0x2C42,0x2C42,0x2C42,0x2C42,0x2C42,0x2C42,
    0x2C42,0x2C42,0x2C42,0x2C42,0x2C42,0x2C42,0x2C42,0x2C42,0x0C3A,0x0C3A,0xEC31,0x0C3A,
    0x0C3A,0xEC31,0xEC31,0xEC31,0xEC31,0xEC31,0xEC31,0xEC31,0xEC31,0xEC31,0xEC31,0xEC31,
    0xEC31,0xEC31,0xEC31,0xEC31,0xEC31,0xEC31,0xEC31,0xCC21,0xCC21,0xCC21,0xCC21,0xCC21,
    0xCC21,0xCC21,0xCC21,0xCC21,0xCC21,0xCC21,0xCC21,0xCC21,0xCC21,0xCC21,0xCC21,0xCC21,
    0xCC21,0xCC21,0xCC21,0xCC21,0xCC21,0xCC21,0xCC21,0xCC21,0xCC21,0xCC21,0xCC21,0x8C19,
    0xCC21,0xCC21,0xCC21,0xCC21,0xCC21,0xCC21,0xCC21,0xCC21,0xCC21,0xCC21,0xCC21,0xCC21,
    0xCC21,0xCC21,0xCC21,0xCC21,0xCC21,0xCC21,0xCC21,0xCC21,0xCC21,0xCC21,0xCC21,0xCC21,
    0xCC21,0xCC21,0xCC21,0xCC21,0xCC21,0xCC21,0xCC21,0xCC21,0xCC21,0xCC21,0xEC31,0xEC31,
    0xEC31,0xEC31,0xEC31,0xEC31,0xEC31,0xEC31,0xEC31,0xEC31,0xEC31,0xEC31,0xEC31,0xEC31,
    0xEC31,0xEC31,0x0C3A,0x0C3A,0x0C3A,0x2C42,0x2C42,0x2C42,0x2C42,0x2C42,0x2C42,0x2C42,
    0x2C42,0x2C42,0x2C42,0x2C42,0x2C42,0x2C42,0x2C42,0x2C42,0x2C42,0x2C42,0x6D52,0x6D52,
    0x6D52,0x6D52,0x6D52,0x8D5A,0x8D5A,0x8E5A,0x8E5A,0x8D5A,0x8D5A,0x8E5A,0x8E5A,0xCE6A,
    0xCE6A,0xCE6A,0xCE6A,0xCE6A,0xCE6A,0xCE6A,0xCE6A,0xCE6A,0xCE6A,0xCE6A,0xCE6A,0xCE6A,
    0xCE6A,0xCE6A,0xCE6A,0xAD62,0xAD62,0xCE6A,0xCE6A,0xCE6A,0xCE6A,0xCE6A,0xCE6A,0xCE6A,
    0xAD62,0xAD62,0xCE6A,0xCE6A,0xCE6A,0xAD62,0xCE6A,0xAD62,0xCE6A,0xAD62,0xAD62,0xAD62,
    0xAD62,0xCE6A,0xCE6A,0xCE6A,0xCE6A,0xAD62,0xAD62,0xAD62,0xAD62,0xAD62,0xAD62,0xAD62,
    0xAD62,0xAD62,0xAD62,0xAD62,0xAD62,0xAD62,0xAD62,0xAD62,0xAD62,0xAD62,0xAD62,0x8D5A,
    0x8D5A,0x8D5A,0x8D5A,0x8D5A,0x8D5A,0x8D5A,0x8D5A,0x8D5A,0x8D5A,0x8D5A,0x8D5A,0xAD62,
    0x6D52,0x6D52,0x6D52,0x6D52,0x6D52,0x6D52,0x6D52,0x6D52,0x6D52,0x2C42,0x6D52,0x2C42,
    0x2C42,0x2C42,0x2C42,0x2C42,0x2C42,0x2C42,0x2C42,0x2C42,0x2C42,0x2C42,0x2C42,0x2C42,
    0x2C42,0x2C42,0x2C42,0x2C42,0x2C42,0x2C42,0x0C3A,0x0C3A,0x0C3A,0xEC31,0xEC31,0xEC31,
    0xEC31,0xEC31,0xEC31,0xEC31,0xEC31,0xEC31,0xEC31,0xEC31,0xEC31,0xEC31,0xEC31,0xEC31,
    0xEC31,0xEC31,0xEC31,0xEC31,0xEC31,0xEC31,0xCC21,0xCC21,0xCC21,0xAB29,0xCC21,0xCC21,
    0xCC21,0xCC21,0xCC21,0xCC21,0xCC21,0xCC21,0xCC21,0xCC21,0xCC21,0xCC21,0xCC21,0xCC21,
    0xCC21,0xCC21,0xCC21,0xCC21,0xCC21,0xCC21,0xCC21,0xCC21,0xCC21,0xCC21,0x8C19,0x8C19,
    0xCC21,0xCC21,0xCC21,0xCC21,0xCC21,0xCC21,0xCC21,0xCC21,0xCC21,0xCC21,0xCC21,0xCC21,
    0xCC21,0xCC21,0xCC21,0xCC21,0xCC21,0xCC21,0xCC21,0xCC21,0xCC21,0xCC21,0xCC21,0xCC21,
    0xCC21,0xCC21,0xCC21,0xCC21,0xCC21,0xCC21,0xCC21,0xCC21,0xCC21,0xCC21,0xCC21,0xEC31,
    0xEC31,0xEC31,0xEC31,0xEC31,0xEC31,0xEC31,0xEC31,0xEC31,0xEC31,0xEC31,0xEC31,0xEC31,
    0xEC31,0xEC31,0xEC31,0xEC31,0x0C3A,0x0C3A,0x0C3A,0x2C42,0x2C42,0x2C42,0x2C42,0x2C42,
    0x2C42,0x2C42,0x2C42,0x2C42,0x2C42,0x2C42,0x2C42,0x2C42,0x2C42,0x2C42,0x2C42,0x2C42,
    0x6D52,0x6D52,0x6D52,0x6D52,0x6D52,0x8E5A,0x8E5A,0x8E5A,0x8D5A,0x8D5A,0x8D5A,0x8E5A,
    0x8E5A,0x8D5A,0x8E5A,0x8E5A,0xCE6A,0xCE6A,0xCE6A,0xCE6A,0xCE6A,0xCE6A,0xCE6A,0xCE6A,
    0xCE6A,0xCE6A,0xCE6A,0xCE6A,0xCE6A,0xCE6A,0xCE6A,0xCE6A,0xCE6A,0xCE6A,0xCE6A,0xCE6A,
    0xAD62,0xCE6A,0xCE6A,0xCE6A,0xCE6A,0xAD62,0xAD62,0xAD62,0xAD62,0xAD62,0xAD62,0xAD62,
    0xAD62,0xAD62,0xAD62,0xAD62,0xAD62,0xAD62,0xAD62,0xAD62,0xAD62,0xAD62,0xAD62,0xAD62,
    0xAD62,0xAD62,0xAD62,0xAD62,0xAD62,0x8D5A,0x8D5A,0x8D5A,0x8D5A,0x8D5A,0x8D5A,0x8D5A,
    0x8D5A,0x8D5A,0x8D5A,0x8D5A,0x8D5A,0x8D5A,0x8D5A,0x8D5A,0x8D5A,0x8D5A,0x8D5A,0x8D5A,
    0x6D52,0x6D52,0x6D52,0x6D52,0x6D52,0x6D52,0x6D52,0x6D52,0x6D52,0x6D52,0x2C42,0x2C42,
    0x2C42,0x2C42,0x2C42,0x2C42,0x2C42,0x2C42,0x2C42,0x2C42,0x2C42,0x2C42,0x2C42,0x2C42,
    0x2C42,0x2C42,0x2C42,0x2C42,0x2C42,0x0C3A,0x0C3A,0xEC31,0xEC31,0xEC31,0xEC31,0xEC31,
    0xEC31,0xEC31,0xEC31,0xEC31,0xEC31,0xEC31,0xEC31,0xEC31,0xEC31,0xEC31,0xEC31,0xEC31,
    0xEC31,0xEC31,0xEC31,0xEC31,0xEC31,0xCC21,0xCC21,0xCC21,0xAB29,0xAB29,0xCC21,0xCC21,
    0xCC21,0xCC21,0xCC21,0xCC21,0xCC21,0xCC21,0xCC21,0xCC21,0xCC21,0xCC21,0xCC21,0xCC21,
    0xCC21,0xCC21,0xCC21,0xCC21,0xCC21,0xCC21,0xCC21,0xCC21,0xCC21,0x8B19,0x8B19,0x8C19,
    0xCC21,0xCC21,0xCC21,0xCC21,0xCC21,0xCC21,0xCC21,0xCC21,0xCC21,0xCC21,0xCC21,0xCC21,
    0xCC21,0xCC21,0xCC21,0xCC21,0xCC21,0xCC21,0xCC21,0xCC21,0xCC21,0xCC21,0xCC21,0xCC21,
    0xCC21,0xCC21,0xCC21,0xCC21,0xCC21,0xCC21,0xCC21,0xCC21,0xCC21,0xCC21,0xCC21,0xCC21,
    0xEC31,0xEC31,0xEC31,0xEC31,0xEC31,0xEC31,0xEC31,0xEC31,0xEC31,0xEC31,0xEC31,0xEC31,
    0xEC31,0xEC31,0xEC31,0xEC31,0xEC31,0x0C3A,0x0C3A,0x0C3A,0x0C3A,0x2C42,0x2C42,0x2C42,
    0x2C42,0x2C42,0x2C42,0x2C42,0x2C42,0x2C42,0x2C42,0x2C42,0x2C42,0x2C42,0x2C42,0x2C42,
    0x2C42,0x6D52,0x6D52,0x6D52,0x6D52,0x6D52,0x8D5A,0x8E5A,0x8E5A,0x8E5A,0x8E5A,0x8E5A,
    0x8E5A,0x8E5A,0x8D5A,0x8D5A,0x8D5A,0x8D5A,0x8E5A,0xCE6A,0xCE6A,0xCE6A,0xCE6A,0xCE6A,
    0xCE6A,0xAD62,0xAD62,0xCE6A,0xCE6A,0xCE6A,0xCE6A,0xCE6A,0xCE6A,0xCE6A,0xCE6A,0xCE6A,
    0xCE6A,0xCE6A,0xCE6A,0xAD62,0xCE6A,0xCE6A,0xAD62,0xAD62,0xAD62,0xAD62,0xAD62,0xAD62,
    0xAD62,0xAD62,0xAD62,0xAD62,0xCE6A,0xAD62,0xAD62,0xAD62,0xAD62,0xAD62,0xAD62,0xAD62,
    0x8D5A,0x8D5A,0x8D5A,0x8D5A,0x8D5A,0x8D5A,0x8D5A,0x8D5A,0x8D5A,0x8D5A,0x8D5A,0x8D5A,
    0x8D5A,0x8D5A,0x8D5A,0x8D5A,0x8D5A,0x6D52,0x6D52,0x8D5A,0x8D5A,0x8D5A,0x8D5A,0x8D5A,
    0x6D52,0x6D52,0x6D52,0x6D52,0x6D52,0x6D52,0x6D52,0x6D52,0x6D52,0x6D52,0x2C42,0x2C42,
    0x2C42,0x2C42,0x2C42,0x2C42,0x2C42,0x2C42,0x2C42,0x2C42,0x2C42,0x2C42,0x2C42,0x2C42,
    0x2C42,0x2C42,0x2C42,0x0C3A,0xEC31,0xEC31,0xEC31,0xEC31,0xEC31,0xEC31,0xEC31,0xEC31,
    0xEC31,0xEC31,0xEC31,0xEC31,0xEC31,0xEC31,0xEC31,0xEC31,0xEC31,0xEC31,0xEC31,0xEC31,
    0xEC31,0xEC31,0xEC31,0xCC21,0xCC21,0xCC21,0xCC21,0xAB29,0xAB29,0xAB29,0xCC21,0xCC21,
    0xCC21,0xCC21,0xCC21,0xCC21,0xCC21,0xCC21,0xCC21,0xCC21,0xAB29,0xCC21,0xCC21,0xCC21,
    0xCC21,0xCC21,0xCC21,0xCC21,0xCC21,0xCC21,0xCC21,0xCC21,0x8C19,0x8C19,0x8B19,0x8C19,
    0xCC21,0xCC21,0xCC21,0xCC21,0xCC21,0xCC21,0xCC21,0xCC21,0xCC21,0xCC21,0xCC21,0xCC21,
    0xCC21,0xCC21,0xCC21,0xCC21,0xCC21,0xCC21,0xCC21,0xCC21,0xCC21,0xCC21,0xCC21,0xCC21,
    0xCC21,0xCC21,0xCC21,0xCC21,0xCC21,0xCC21,0xCC21,0xCC21,0xCC21,0xCC21,0xCC21,0xCC21,
    0xCC21,0xEC31,0xEC31,0xEC31,0xEC31,0xEC31,0xEC31,0xEC31,0xEC31,0xEC31,0xEC31,0xEC31,
    0xEC31,0xEC31,0xEC31,0xEC31,0xEC31,0xEC31,0xEC31,0x0C3A,0x0C3A,0x0C3A,0x2C42,0x2C42,
    0x2C42,0x2C42,0x2C42,0x2C42,0x2C42,0x2C42,0x2C42,0x2C42,0x2C42,0x2C42,0x2C42,0x2C42,
    0x2C42,0x2C42,0x2C42,0x6D52,0x6D52,0x6D52,0x6D52,0x6D52,0x8D5A,0x6D52,0x8D5A,0x8D5A,
    0x8D5A,0x8E5A,0x8E5A,0x8E5A,0x8E5A,0x8D5A,0x8D5A,0x8D5A,0x8D5A,0x8D5A,0x8D5A,0x8D5A,
    0x8D5A,0x8D5A,0xAD62,0xCE6A,0xCE6A,0xCE6A,0xCE6A,0xCE6A,0xCE6A,0xCE6A,0xCE6A,0xCE6A,
    0xCE6A,0xCE6A,0xCE6A,0xCE6A,0xCE6A,0xCE6A,0xCE6A,0xAD62,0xAD62,0xAD62,0xAD62,0xAD62,
    0x8D5A,0xAD62,0xAD62,0xAD62,0xAD62,0xAD62,0x8D5A,0x8D5A,0x8D5A,0x8D5A,0x8D5A,0x8D5A,
    0x8D5A,0x8D5A,0x8D5A,0x8D5A,0x6D52,0x8D5A,0x8D5A,0x8D5A,0x8D5A,0x8D5A,0x8D5A,0x8D5A,
    0x8D5A,0x6D52,0x6D52,0x6D52,0x6D52,0x6D52,0x6D52,0x6D52,0x6D52,0x6D52,0x6D52,0x6D52,
    0x6D52,0x6D52,0x6D52,0x6D52,0x6D52,0x6D52,0x6D52,0x6D52,0x6D52,0x6D52,0x2C42,0x2C42,
    0x2C42,0x2C42,0x2C42,0x2C42,0x2C42,0x2C42,0x2C42,0x2C42,0x2C42,0x2C42,0x2C42,0x2C42,
    0x2C42,0x2C42,0x0C3A,0xEC31,0x0C3A,0xEC31,0xEC31,0xEC31,0xEC31,0xEC31,0xEC31,0xEC31,
    0xEC31,0xEC31,0xEC31,0xEC31,0xEC31,0xEC31,0xEC31,0xEC31,0xEC31,0xEC31,0xEC31,0xEC31,
    0xEC31,0xEC31,0xCC21,0xAB29,0xCC21,0xCC21,0xCC21,0xCC21,0xAB29,0xAB29,0xCC21,0xCC21,
    0xCC21,0xCC21,0xAB29,0xAB29,0xCC21,0xCC21,0xCC21,0xCC21,0xCC21,0xCC21,0xCC21,0xCC21,
    0xCC21,0xCC21,0xCC21,0xCC21,0xCC21,0xCC21,0xCC21,0x8C19,0x8C19,0x8B19,0x8C19,0x8C19,
    0xCC21,0xCC21,0xCC21,0xCC21,0xCC21,0xCC21,0xCC21,0xCC21,0xCC21,0xCC21,0xCC21,0xCC21,
    0xCC21,0xCC21,0xCC21,0xCC21,0xCC21,0xCC21,0xCC21,0xCC21,0xCC21,0xCC21,0xCC21,0xCC21,
    0xCC21,0xCC21,0xCC21,0xCC21,0xCC21,0xCC21,0xCC21,0xCC21,0xCC21,0xCC21,0xCC21,0xCC21,
    0xCC21,0xCC21,0xCC21,0xEC31,0xEC31,0xEC31,0xEC31,0xEC31,0xEC31,0xEC31,0xEC31,0xEC31,
    0xEC31,0xEC31,0xEC31,0xEC31,0xEC31,0xEC31,0xEC31,0x0C3A,0x0C3A,0x0C3A,0x0C3A,0x0C3A,
    0x2C42,0x2C42,0x2C42,0x2C42,0x2C42,0x2C42,0x2C42,0x2C42,0x2C42,0x2C42,0x2C42,0x2C42,
    0x2C42,0x2C42,0x2C42,0x2C42,0x2C42,0x2C42,0x6D52,0x6D52,0x6D52,0x6D52,0x6D52,0x6D52,
    0x8D5A,0x8D5A,0x8E5A,0x8E5A,0x8E5A,0x8D5A,0x8D5A,0x8D5A,0x8D5A,0x8D5A,0x8D5A,0x8D5A,
    0x8D5A,0x8D5A,0x8D5A,0x8D5A,0xCE6A,0xCE6A,0xCE6A,0xCE6A,0xCE6A,0xAD62,0xCE6A,0xCE6A,
    0xCE6A,0xCE6A,0xCE6A,0xAD62,0xAD62,0xAD62,0xAD62,0xAD62,0x8D5A,0x8D5A,0x8D5A,0x8D5A,
    0x8D5A,0x8D5A,0x8D5A,0xAD62,0xAD62,0x8D5A,0x8D5A,0x8D5A,0x8D5A,0x6D52,0x8D5A,0x8D5A,
    0x8D5A,0x8D5A,0x8D5A,0x8D5A,0x8D5A,0x8D5A,0x8D5A,0x8D5A,0x6D52,0x6D52,0x6D52,0x6D52,
    0x6D52,0x6D52,0x6D52,0x6D52,0x6D52,0x6D52,0x6D52,0x6D52,0x6D52,0x6D52,0x6D52,0x6D52,
    0x6D52,0x6D52,0x6D52,0x6D52,0x6D52,0x6D52,0x6D52,0x6D52,0x6D52,0x6D52,0x2C42,0x2C42,
    0x2C42,0x2C42,0x2C42,0x2C42,0x2C42,0x2C42,0x2C42,0x2C42,0x2C42,0x2C42,0x0C3A,0x0C3A,
    0x0C3A,0x2C42,0x0C3A,0xEC31,0xEC31,0xEC31,0xEC31,0xEC31,0xEC31,0xEC31,0xEC31,0xEC31,
    0xEC31,0xEC31,0xEC31,0xEC31,0xEC31,0xEC31,0xEC31,0xEC31,0xEC31,0xEC31,0xEC31,0xEC31,
    0xEC31,0xCC21,0xCC21,0xCC21,0xAB29,0xAB29,0xCC21,0xCC21,0xCC21,0xCC21,0xAB29,0xCC21,
    0xCC21,0xCC21,0xCC21,0xCC21,0xCC21,0xCC21,0xCC21,0xCC21,0xCC21,0xCC21,0xCC21,0xCC21,
    0xCC21,0xCC21,0xCC21,0xCC21,0xCC21,0xCC21,0x8C19,0x8C19,0x8C19,0x8B19,0x8C19,0x8C19,
    0xCC21,0xCC21,0xCC21,0xCC21,0xCC21,0xCC21,0xCC21,0xCC21,0xCC21,0xCC21,0xCC21,0xCC21,
    0xCC21,0xCC21,0xCC21,0xCC21,0xCC21,0xCC21,0xCC21,0xCC21,0xCC21,0xCC21,0xCC21,0xCC21,
    0xCC21,0xCC21,0xCC21,0xCC21,0xCC21,0xCC21,0xCC21,0xCC21,0xCC21,0xCC21,0xCC21,0xCC21,
    0xCC21,0xCC21,0xCC21,0xCC21,0xEC31,0xEC31,0xEC31,0xEC31,0xEC31,0xEC31,0xEC31,0xEC31,
    0xEC31,0xEC31,0xEC31,0xEC31,0xEC31,0xEC31,0xEC31,0xEC31,0x0C3A,0x0C3A,0x0C3A,0x0C3A,
    0x0C3A,0x0C3A,0x2C42,0x2C42,0x2C42,0x2C42,0x2C42,0x2C42,0x2C42,0x2C42,0x2C42,0x2C42,
    0x2C42,0x2C42,0x2C42,0x2C42,0x2C42,0x2C42,0x2C42,0x2C42,0x6D52,0x6D52,0x6D52,0x6D52,
    0x6D52,0x6D52,0x6D52,0x6D52,0x8D5A,0x8D5A,0x8D5A,0x8D5A,0x8D5A,0x8D5A,0x8D5A,0x8D5A,
    0x8D5A,0x8D5A,0x8D5A,0x8D5A,0x8D5A,0xCE6A,0xCE6A,0xCE6A,0xCE6A,0xCE6A,0xCE6A,0xCE6A,
    0xAD62,0x8E5A,0x8D5A,0xAD62,0xAD62,0xAD62,0xCE6A,0x8D5A,0x8D5A,0x8D5A,0x8D5A,0x8D5A,
    0x8D5A,0x8D5A,0x8D5A,0x8D5A,0x8D5A,0x8D5A,0x8D5A,0x8D5A,0x8D5A,0x8D5A,0x6D52,0x8D5A,
    0x8D5A,0x6D52,0x8D5A,0x6D52,0x6D52,0x6D52,0x6D52,0x6D52,0x6D52,0x6D52,0x6D52,0x6D52,
    0x6D52,0x6D52,0x6D52,0x6D52,0x6D52,0x6D52,0x6D52,0x6D52,0x6D52,0x6D52,0x6D52,0x6D52,
    0x6D52,0x6D52,0x6D52,0x6D52,0x6D52,0x6D52,0x6D52,0x6D52,0x6D52,0x2C42,0x2C42,0x2C42,
    0x2C42,0x2C42,0x2C42,0x2C42,0x2C42,0x2C42,0x0C3A,0x2C42,0x2C42,0xEC31,0xEC31,0x0C3A,
    0x0C3A,0x0C3A,0x0C3A,0xEC31,0xEC31,0xEC31,0xEC31,0xEC31,0xEC31,0xEC31,0xEC31,0xEC31,
    0xEC31,0xEC31,0xEC31,0xEC31,0xEC31,0xEC31,0xEC31,0xEC31,0xEC31,0xEC31,0xEC31,0xCC21,
    0xCC21,0xCC21,0xCC21,0xAB29,0xCC21,0xCC21,0xCC21,0xCC21,0xAB29,0xCC21,0xCC21,0xCC21,
    0xCC21,0xCC21,0xCC21,0xCC21,0xCC21,0xCC21,0xCC21,0xCC21,0xCC21,0xCC21,0xCC21,0xCC21,
    0xCC21,0xCC21,0xCC21,0xCC21,0xCC21,0xCC21,0xCC21,0x8C19,0x8C19,0x8B19,0x8B19,0x8B19,
    0xCC21,0xCC21,0xCC21,0xCC21,0xCC21,0xCC21,0xCC21,0xCC21,0xCC21,0xCC21,0xCC21,0xCC21,
    0xCC21,0xCC21,0xCC21,0xCC21,0xCC21,0xCC21,0xCC21,0xCC21,0xCC21,0xCC21,0xCC21,0xCC21,
    0xCC21,0xCC21,0xCC21,0xCC21,0xCC21,0xCC21,0xCC21,0xCC21,0xCC21,0xCC21,0xCC21,0xCC21,
    0xCC21,0xCC21,0xCC21,0xCC21,0xCC21,0xEC31,0xEC31,0xEC31,0xEC31,0xEC31,0xEC31,0xEC31,
    0xEC31,0xEC31,0xEC31,0xEC31,0xEC31,0xEC31,0xEC31,0xEC31,0xEC31,0xEC31,0x0C3A,0x0C3A,
    0x0C3A,0x0C3A,0x0C3A,0x0C3A,0x2C42,0x2C42,0x2C42,0x2C42,0x2C42,0x2C42,0x2C42,0x2C42,
    0x2C42,0x2C42,0x2C42,0x2C42,0x2C42,0x2C42,0x2C42,0x2C42,0x2C42,0x2C42,0x2C42,0x6D52,
    0x6E52,0x6D52,0x6D52,0x6D52,0x6D52,0x6D52,0x6D52,0x6D52,0x6D52,0x8D5A,0x8D5A,0x8D5A,
    0x8D5A,0x8D5A,0x8D5A,0x8D5A,0x8D5A,0x8E5A,0x8E5A,0xCE6A,0xCE6A,0xCE6A,0xCE6A,0x8D5A,
    0x8D5A,0x8D5A,0x8D5A,0x8D5A,0x8D5A,0x8D5A,0x8D5A,0x8D5A,0x6D52,0x6D52,0x8D5A,0x8D5A,
    0x8D5A,0x8D5A,0x8D5A,0x8D5A,0x8D5A,0x6D52,0x8D5A,0x6D52,0x6D52,0x6D52,0x6D52,0x6D52,
    0x6D52,0x6D52,0x6D52,0x6D52,0x6D52,0x6D52,0x6D52,0x6D52,0x6D52,0x6D52,0x6D52,0x6D52,
    0x6D52,0x6D52,0x6D52,0x6D52,0x6D52,0x6D52,0x6D52,0x6D52,0x6D52,0x6D52,0x6D52,0x2C42,
    0x6D52,0x6D52,0x6D52,0x6D52,0x6D52,0x2C42,0x2C42,0x6D52,0x6D52,0x2C42,0x2C42,0x2C42,
    0x2C42,0x2C42,0x2C42,0x2C42,0x2C42,0x0C3A,0x0C3A,0xEC31,0x0C3A,0xEC31,0xEC31,0x0C3A,
    0xEC31,0x0C3A,0x0C3A,0x0C3A,0xEC31,0xEC31,0xEC31,0xEC31,0xEC31,0xEC31,0xEC31,0xEC31,
    0xEC31,0xEC31,0xEC31,0xEC31,0xEC31,0xEC31,0xEC31,0xEC31,0xEC31,0xCC21,0xCC21,0xAB29,
    0xCC21,0xCC21,0xAB29,0xCC21,0xCC21,0xCC21,0xCC21,0xCC21,0xCC21,0xCC21,0xCC21,0xCC21,
    0xCC21,0xCC21,0xCC21,0xCC21,0xCC21,0xCC21,0xCC21,0xCC21,0xCC21,0xCC21,0xCC21,0xCC21,
    0xCC21,0xCC21,0xCC21,0xCC21,0xCC21,0x8C19,0xCC21,0x8C19,0x8C19,0x8C19,0x8B19,0x8C19,
    0xCC21,0xCC21,0xCC21,0xCC21,0xCC21,0xCC21,0xCC21,0xCC21,0xCC21,0xCC21,0xCC21,0xCC21,
    0xCC21,0xCC21,0xCC21,0xCC21,0xCC21,0xCC21,0xCC21,0xCC21,0xCC21,0xCC21,0xCC21,0xCC21,
    0xCC21,0xCC21,0xCC21,0xCC21,0xCC21,0xCC21,0xCC21,0xCC21,0xCC21,0xCC21,0xCC21,0xCC21,
    0xCC21,0xCC21,0xCC21,0xCC21,0xCC21,0xCC21,0xCC21,0xEC31,0xCC21,0xEC31,0xEC31,0xEC31,
    0xEC31,0xEC31,0xEC31,0xEC31,0xEC31,0xEC31,0xEC31,0xEC31,0xEC31,0xEC31,0xEC31,0x0C3A,
    0x0C3A,0x0C3A,0x0C3A,0x0C3A,0x0C3A,0x2C42,0x2C42,0x2C42,0x2C42,0x2C42,0x2C42,0x2C42,
    0x2C42,0x2C42,0x2C42,0x2C42,0x2C42,0x2C42,0x2C42,0x2C42,0x2C42,0x2C42,0x2C42,0x2C42,
    0x6D52,0x6D52,0x6D52,0x6D52,0x6D52,0x6D52,0x6D52,0x6D52,0x6D52,0x6D52,0x6D52,0x6D52,
    0x6D52,0x6D52,0x8D5A,0x8D5A,0x8D5A,0x8E5A,0x8E5A,0x8E5A,0x8E5A,0xCE6A,0x8E5A,0x8D5A,
    0x8D5A,0x8D5A,0x8D5A,0x8D5A,0x8D5A,0x8D5A,0x8D5A,0x8D5A,0x8D5A,0x8D5A,0x6D52,0x6D52,
    0x6D52,0x6D52,0x6D52,0x6D52,0x6D52,0x6D52,0x6D52,0x6D52,0x6D52,0x6D52,0x6D52,0x6D52,
    0x6D52,0x6D52,0x6D52,0x6D52,0x6D52,0x6D52,0x6D52,0x6D52,0x6D52,0x6D52,0x6D52,0x6D52,
    0x6D52,0x6D52,0x6D52,0x6D52,0x6D52,0x6D52,0x2C42,0x6D52,0x6D52,0x6D52,0x2C42,0x2C42,
    0x2C42,0x6D52,0x6D52,0x6D52,0x2C42,0x2C42,0x2C42,0x2C42,0x2C42,0x2C42,0x2C42,0x2C42,
    0x2C42,0x2C42,0x2C42,0x2C42,0x0C3A,0x0C3A,0xEC31,0xEC31,0xEC31,0xEC31,0xEC31,0xEC31,
    0xEC31,0xEC31,0xEC31,0xEC31,0xEC31,0xEC31,0xEC31,0xEC31,0xEC31,0xEC31,0xEC31,0xEC31,
    0xEC31,0xEC31,0xEC31,0xEC31,0xEC31,0xEC31,0xEC31,0xEC31,0xEC31,0xCC21,0xCC21,0xAB29,
    0xCC21,0xCC21,0xAB29,0xAB29,0xCC21,0xCC21,0xCC21,0xCC21,0xCC21,0xCC21,0xCC21,0xCC21,
    0xCC21,0xCC21,0xCC21,0xCC21,0xCC21,0xCC21,0xCC21,0xCC21,0xCC21,0xCC21,0xCC21,0xCC21,
    0xCC21,0xCC21,0xCC21,0xCC21,0xCC21,0xCC21,0xCC21,0x8C19,0x8C19,0x8C19,0x8C19,0x8C19,
    0xCC21,0xCC21,0xCC21,0xCC21,0xCC21,0xCC21,0xCC21,0xCC21,0xCC21,0xCC21,0xCC21,0xCC21,
    0xCC21,0xCC21,0xCC21,0xCC21,0xCC21,0xCC21,0xCC21,0xCC21,0xCC21,0xCC21,0xCC21,0xCC21,
    0xCC21,0xCC21,0xCC21,0xCC21,0xCC21,0xCC21,0xCC21,0xCC21,0xCC21,0xCC21,0xCC21,0xCC21,
    0xCC21,0xCC21,0xCC21,0xCC21,0xCC21,0xCC21,0xCC21,0xCC21,0xEC31,0xEC31,0xCC21,0xEC31,
    0xEC31,0xEC31,0xEC31,0xEC31,0xEC31,0xEC31,0xEC31,0xEC31,0xEC31,0xEC31,0xEC31,0xEC31,
    0xEC31,0x0C3A,0x0C3A,0x0C3A,0x0C3A,0x0C3A,0x0C3A,0x2C42,0x2C42,0x2C42,0x2C42,0x2C42,
    0x2C42,0x2C42,0x2C42,0x2C42,0x2C42,0x2C42,0x2C42,0x2C42,0x2C42,0x2C42,0x2C42,0x2C42,
    0x2C42,0x2C42,0x2C42,0x2C42,0x2C42,0x6D52,0x6D52,0x6D52,0x6D52,0x6D52,0x6D52,0x6D52,
    0x6D52,0x6D52,0x6D52,0x8D5A,0x8D5A,0x8E5A,0x8E5A,0x8E5A,0x8E5A,0x8E5A,0x8E5A,0x6D52,
    0x8D5A,0x8D5A,0x6D52,0x6D52,0x6D52,0x6D52,0x6D52,0x6D52,0x6D52,0x6D52,0x6D52,0x6D52,
    0x6D52,0x6D52,0x6D52,0x6D52,0x6D52,0x6D52,0x6D52,0x6D52,0x6D52,0x6D52,0x6D52,0x6D52,
    0x6D52,0x6D52,0x6D52,0x6D52,0x6D52,0x6D52,0x6D52,0x2C42,0x6D52,0x6D52,0x6D52,0x6D52,
    0x6D52,0x6D52,0x6D52,0x6D52,0x2C42,0x2C42,0x2C42,0x2C42,0x2C42,0x2C42,0x2C42,0x2C42,
    0x2C42,0x2C42,0x6D52,0x2C42,0x2C42,0x2C42,0x2C42,0x2C42,0x2C42,0x2C42,0x2C42,0x2C42,
    0x2C42,0x0C3A,0x2C42,0xEC31,0x0C3A,0x0C3A,0xEC31,0xEC31,0xEC31,0xEC31,0xEC31,0xEC31,
    0xEC31,0xEC31,0xEC31,0xEC31,0xEC31,0xEC31,0xEC31,0xEC31,0xEC31,0xEC31,0xEC31,0xEC31,
    0xEC31,0xEC31,0xEC31,0xEC31,0xEC31,0xEC31,0xCC21,0xCC21,0xEC31,0xCC21,0xCC21,0xCC21,
    0xAB29,0xAB29,0xAB29,0xAB29,0xCC21,0xCC21,0xAB29,0xCC21,0xCC21,0xCC21,0xCC21,0xCC21,
    0xCC21,0xCC21,0xCC21,0xCC21,0xCC21,0xCC21,0xCC21,0xCC21,0xCC21,0xCC21,0xCC21,0xCC21,
    0xCC21,0xCC21,0xCC21,0xCC21,0xCC21,0xCC21,0xCC21,0xCC21,0x8C19,0x8C19,0x8C19,0x8C19,
    0xCC21,0xCC21,0xCC21,0xCC21,0xCC21,0xCC21,0xCC21,0xCC21,0xCC21,0xCC21,0xCC21,0xCC21,
    0xCC21,0xCC21,0xCC21,0xCC21,0xCC21,0xCC21,0xCC21,0xCC21,0xCC21,0xCC21,0xCC21,0xCC21,
    0xCC21,0xCC21,0xCC21,0xCC21,0xCC21,0xCC21,0xCC21,0xCC21,0xCC21,0xCC21,0xCC21,0xCC21,
    0xCC21,0xCC21,0xCC21,0xCC21,0xCC21,0xCC21,0xCC21,0xCC21,0xCC21,0xCC21,0xCC21,0xCC21,
    0xEC31,0xEC31,0xEC31,0xEC31,0xEC31,0xEC31,0xEC31,0xEC31,0xEC31,0xEC31,0xEC31,0xEC31,
    0xEC31,0xEC31,0xEC31,0x0C3A,0x0C3A,0x0C3A,0x0C3A,0x0C3A,0x2C42,0x2C42,0x2C42,0x2C42,
    0x2C42,0x2C42,0x2C42,0x2C42,0x2C42,0x2C42,0x2C42,0x2C42,0x2C42,0x2C42,0x2C42,0x2C42,
    0x2C42,0x2C42,0x2C42,0x2C42,0x2C42,0x2C42,0x2C42,0x2C42,0x2C42,0x2C42,0x2C42,0x6D52,
    0x6D52,0x6D52,0x6D52,0x6D52,0x8D5A,0x8D5A,0x8E5A,0x8E5A,0x8E5A,0x8E5A,0x8E5A,0x6D52,
    0x6D52,0x6D52,0x6D52,0x6D52,0x6D52,0x6D52,0x6D52,0x6D52,0x6D52,0x6D52,0x6D52,0x6D52,
    0x6D52,0x6D52,0x6D52,0x6D52,0x6D52,0x6D52,0x6D52,0x6D52,0x6D52,0x6D52,0x6D52,0x6D52,
    0x6D52,0x6D52,0x6D52,0x6D52,0x2C42,0x2C42,0x2C42,0x2C42,0x2C42,0x2C42,0x2C42,0x2C42,
    0x2C42,0x2C42,0x2C42,0x6D52,0x2C42,0x2C42,0x2C42,0x2C42,0x2C42,0x2C42,0x2C42,0x2C42,
    0x2C42,0x2C42,0x2C42,0x2C42,0x4E42,0x2C42,0x2C42,0x2C42,0x2C42,0x2C42,0x2C42,0x2C42,
    0x2C42,0x0C3A,0x0C3A,0xEC31,0xEC31,0xEC31,0xEC31,0xEC31,0xEC31,0xEC31,0xEC31,0xEC31,
    0xEC31,0xEC31,0xEC31,0xEC31,0xEC31,0xEC31,0xEC31,0xEC31,0xEC31,0xEC31,0xEC31,0xEC31,
    0xEC31,0xEC31,0xEC31,0xEC31,0xEC31,0xEC31,0xCC21,0xCC21,0xCC21,0xCC21,0xCC21,0xCC21,
    0xCC21,0xAB29,0xCC21,0xCC21,0xCC21,0xAB29,0xAB29,0xCC21,0xCC21,0xCC21,0xCC21,0xCC21,
    0xCC21,0xCC21,0xCC21,0xCC21,0xCC21,0xCC21,0xCC21,0xCC21,0xCC21,0xCC21,0xCC21,0xCC21,
    0xCC21,0xCC21,0xCC21,0xCC21,0xCC21,0xCC21,0xCC21,0xCC21,0xCC21,0x8C19,0x8C19,0x8C19,
    0xCC21,0xCC21,0xCC21,0xCC21,0xCC21,0xCC21,0xCC21,0xCC21,0xCC21,0xCC21,0xCC21,0xCC21,
    0xCC21,0xCC21,0xCC21,0xCC21,0xCC21,0xCC21,0xCC21,0xCC21,0xCC21,0xCC21,0xCC21,0xCC21,
    0xCC21,0xCC21,0xCC21,0xCC21,0xCC21,0xCC21,0xCC21,0xCC21,0xCC21,0xCC21,0xCC21,0xCC21,
    0xCC21,0xCC21,0xCC21,0xCC21,0xCC21,0xCC21,0xCC21,0xCC21,0xCC21,0xCC21,0xCC21,0xCC21,
    0xCC21,0xEC31,0xEC31,0xEC31,0xEC31,0xEC31,0xEC31,0xEC31,0xEC31,0xEC31,0xEC31,0xEC31,
    0xEC31,0xEC31,0xEC31,0xEC31,0x0C3A,0x0C3A,0x0C3A,0x0C3A,0x0C3A,0x2C42,0x2C42,0x2C42,
    0x2C42,0x2C42,0x2C42,0x2C42,0x2C42,0x2C42,0x2C42,0x2C42,0x2C42,0x2C42,0x2C42,0x2C42,
    0x2C42,0x2C42,0x2C42,0x2C42,0x2C42,0x2C42,0x2C42,0x2C42,0x2C42,0x2C42,0x2C42,0x2C42,
    0x6D52,0x6D52,0x6D52,0x6D52,0x6D52,0x6D52,0x6D52,0x8E5A,0x8E5A,0x8E5A,0x8E5A,0x8D5A,
    0x6D52,0x6D52,0x6D52,0x6D52,0x6D52,0x6D52,0x6D52,0x2C42,0x6D52,0x6D52,0x2C42,0x6D52,
    0x6D52,0x2C42,0x2C42,0x2C42,0x2C42,0x2C42,0x2C42,0x2C42,0x2C42,0x2C42,0x2C42,0x2C42,
    0x2C42,0x2C42,0x2C42,0x2C42,0x2C42,0x2C42,0x2C42,0x2C42,0x2C42,0x2C42,0x2C42,0x2C42,
    0x2C42,0x2C42,0x2C42,0x2C42,0x2C42,0x2C42,0x2C42,0x2C42,0x2C42,0x2C42,0x2C42,0x2C42,
    0x2C42,0x2C42,0x2C42,0x2C42,0x2C42,0x2C42,0x2C42,0x2C42,0x2C42,0x2C42,0x2C42,0x2C42,
    0x2C42,0x0C3A,0xEC31,0xEC31,0xEC31,0xEC31,0xEC31,0xEC31,0xEC31,0xEC31,0xEC31,0xEC31,
    0xEC31,0xEC31,0xEC31,0xEC31,0xEC31,0xEC31,0xEC31,0xEC31,0xEC31,0xEC31,0xEC31,0xEC31,
    0xEC31,0xEC31,0xCC21,0xEC31,0xCC21,0xCC21,0xCC21,0xCC21,0xCC21,0xCC21,0xCC21,0xCC21,
    0xCC21,0xCC21,0xCC21,0xAB29,0xCC21,0xAB29,0xCC21,0xCC21,0xCC21,0xCC21,0xCC21,0xCC21,
    0xCC21,0xCC21,0xCC21,0xCC21,0xCC21,0xCC21,0xCC21,0xCC21,0xCC21,0xCC21,0xCC21,0xCC21,
    0xCC21,0xCC21,0xCC21,0xCC21,0xCC21,0xCC21,0xCC21,0x8C19,0xCC21,0xCC21,0x8C19,0x8C19,
    0xCC21,0xCC21,0xCC21,0xCC21,0xCC21,0xCC21,0xCC21,0xCC21,0xCC21,0xCC21,0xCC21,0xCC21,
    0xCC21,0xCC21,0xCC21,0xCC21,0xCC21,0xCC21,0xCC21,0xCC21,0xCC21,0xCC21,0xCC21,0xCC21,
    0xCC21,0xCC21,0xCC21,0xCC21,0xCC21,0xCC21,0xCC21,0xCC21,0xCC21,0xCC21,0xCC21,0xCC21,
    0xCC21,0xCC21,0xCC21,0xCC21,0xCC21,0xCC21,0xCC21,0xCC21,0xCC21,0xCC21,0xCC21,0xCC21,
    0xCC21,0xCC21,0xCC21,0xEC31,0xEC31,0xEC31,0xEC31,0xEC31,0xEC31,0xEC31,0xEC31,0xEC31,
    0xEC31,0xEC31,0xEC31,0xEC31,0xEC31,0xEC31,0xEC31,0x0C3A,0x0C3A,0x0C3A,0x0C3A,0x0C3A,
    0x0C3A,0x0C3A,0x2C42,0x2C42,0x2C42,0x2C42,0x2C42,0x2C42,0x2C42,0x2C42,0x2C42,0x2C42,
    0x2C42,0x2C42,0x2C42,0x2C42,0x2C42,0x2C42,0x2C42,0x2C42,0x2C42,0x2C42,0x2C42,0x2C42,
    0x2C42,0x2C42,0x2C42,0x6D52,0x6D52,0x6D52,0x6D52,0x6D52,0x8D5A,0x8E5A,0x8E5A,0x8E5A,
    0x6D52,0x6D52,0x6D52,0x6D52,0x2C42,0x2C42,0x2C42,0x2C42,0x2C42,0x2C42,0x2C42,0x2C42,
    0x2C42,0x2C42,0x2C42,0x2C42,0x2C42,0x2C42,0x2C42,0x2C42,0x2C42,0x2C42,0x2C42,0x2C42,
    0x2C42,0x2C42,0x2C42,0x2C42,0x2C42,0x2C42,0x2C42,0x2C42,0x2C42,0x2C42,0x2C42,0x2C42,
    0x2C42,0x2C42,0x2C42,0x2C42,0x2C42,0x2C42,0x2C42,0x2C42,0x2C42,0x2C42,0x2C42,0x2C42,
    0x2C42,0x2C42,0x2C42,0x2C42,0x2C42,0x2C42,0x2C42,0x2C42,0x2C42,0x2C42,0x2C42,0x2C42,
    0x0C3A,0x0C3A,0xEC31,0xEC31,0xEC31,0xEC31,0xEC31,0xEC31,0xEC31,0xEC31,0xEC31,0xEC31,
    0xEC31,0xEC31,0xEC31,0xEC31,0xEC31,0xEC31,0xEC31,0xEC31,0xEC31,0xEC31,0xEC31,0xEC31,
    0xCC21,0xCC21,0xCC21,0xEC31,0xCC21,0xCC21,0xCC21,0xCC21,0xCC21,0xCC21,0xCC21,0xCC21,
    0xCC21,0xCC21,0xAB29,0xCC21,0xCC21,0xCC21,0xCC21,0xCC21,0xCC21,0xCC21,0xCC21,0xCC21,
    0xCC21,0xCC21,0xCC21,0xCC21,0xCC21,0xCC21,0xCC21,0xCC21,0xCC21,0xCC21,0xCC21,0xCC21,
    0xCC21,0xCC21,0xCC21,0xCC21,0xCC21,0xCC21,0xCC21,0xCC21,0x8C19,0x8C19,0x8C19,0x8C19,
    0xCC21,0xCC21,0xCC21,0xCC21,0xCC21,0xCC21,0xCC21,0xCC21,0xCC21,0xCC21,0xCC21,0xCC21,
    0xCC21,0xCC21,0xCC21,0xCC21,0xCC21,0xCC21,0xCC21,0xCC21,0xCC21,0xCC21,0xCC21,0xCC21,
    0xCC21,0xCC21,0xCC21,0xCC21,0xCC21,0xCC21,0xCC21,0xCC21,0xCC21,0xCC21,0xCC21,0xCC21,
    0xCC21,0xCC21,0xCC21,0xCC21,0xCC21,0xCC21,0xCC21,0xCC21,0xCC21,0xCC21,0xCC21,0xCC21,
    0xCC21,0xCC21,0xCC21,0xCC21,0xEC31,0xEC31,0xEC31,0xEC31,0xEC31,0xEC31,0xEC31,0xEC31,
    0xEC31,0xEC31,0xEC31,0xEC31,0xEC31,0xEC31,0xEC31,0xEC31,0x0C3A,0x0C3A,0x0C3A,0x0C3A,
    0x0C3A,0x0C3A,0x0C3A,0x2C42,0x2C42,0x2C42,0x2C42,0x2C42,0x2C42,0x2C42,0x2C42,0x2C42,
    0x2C42,0x2C42,0x2C42,0x2C42,0x2C42,0x2C42,0x2C42,0x2C42,0x2C42,0x2C42,0x2C42,0x2C42,
    0x2C42,0x2C42,0x2C42,0x2C42,0x2C42,0x6D52,0x6D52,0x6D52,0x6D52,0x6D52,0x8E5A,0x8E5A,
    0x6D52,0x6D52,0x2C42,0x6D52,0x2C42,0x2C42,0x2C42,0x2C42,0x2C42,0x2C42,0x2C42,0x2C42,
    0x2C42,0x2C42,0x2C42,0x2C42,0x2C42,0x2C42,0x2C42,0x2C42,0x2C42,0x2C42,0x2C42,0x2C42,
    0x2C42,0x2C42,0x2C42,0x2C42,0x2C42,0x2C42,0x2C42,0x2C42,0x2C42,0x2C42,0x2C42,0x2C42,
    0x2C42,0x2C42,0x2C42,0x2C42,0x2C42,0x2C42,0x2C42,0x2C42,0x2C42,0x2C42,0x2C42,0x2C42,
    0x2C42,0x2C42,0x2C42,0x2C42,0x2C42,0x2C42,0x2C42,0x2C42,0x4E42,0x2C42,0x2C42,0x0C3A,
    0x0C3A,0xEC31,0xEC31,0xEC31,0xEC31,0xEC31,0xEC31,0xEC31,0xEC31,0xEC31,0xEC31,0xEC31,
    0xEC31,0xEC31,0xEC31,0xEC31,0xEC31,0xEC31,0xEC31,0xEC31,0xEC31,0xEC31,0xEC31,0xEC31,
    0xEC31,0xCC21,0xCC21,0xCC21,0xCC21,0xCC21,0xCC21,0xCC21,0xCC21,0xCC21,0xCC21,0xCC21,
    0xCC21,0xCC21,0xCC21,0xCC21,0xCC21,0xCC21,0xCC21,0xCC21,0xCC21,0xCC21,0xCC21,0xCC21,
    0xCC21,0xCC21,0xCC21,0xCC21,0xCC21,0xCC21,0xCC21,0xCC21,0xCC21,0xCC21,0xCC21,0xCC21,
    0xCC21,0xCC21,0xCC21,0xCC21,0xCC21,0xCC21,0xCC21,0xCC21,0xCC21,0x8C19,0x8C19,0x8C19,
    0xCC21,0xCC21,0xCC21,0xCC21,0xCC21,0xCC21,0xCC21,0xCC21,0xCC21,0xCC21,0xCC21,0xCC21,
    0xCC21,0xCC21,0xCC21,0xCC21,0xCC21,0xCC21,0xCC21,0xCC21,0xCC21,0xCC21,0xCC21,0xCC21,
    0xCC21,0xCC21,0xCC21,0xCC21,0xCC21,0xCC21,0xCC21,0xCC21,0xCC21,0xCC21,0xCC21,0xCC21,
    0xCC21,0xCC21,0xCC21,0xCC21,0xCC21,0xCC21,0xCC21,0xCC21,0xCC21,0xCC21,0xCC21,0xCC21,
    0xCC21,0xCC21,0xCC21,0xCC21,0xCC21,0xCC21,0xEC31,0xEC31,0xEC31,0xEC31,0xEC31,0xEC31,
    0xEC31,0xEC31,0xEC31,0xEC31,0xEC31,0xEC31,0xEC31,0xEC31,0xEC31,0xEC31,0x0C3A,0x0C3A,
    0x0C3A,0x0C3A,0x0C3A,0x0C3A,0x0C3A,0x0C3A,0x2C42,0x2C42,0x2C42,0x2C42,0x2C42,0x2C42,
    0x2C42,0x2C42,0x2C42,0x2C42,0x2C42,0x2C42,0x2C42,0x2C42,0x2C42,0x2C42,0x2C42,0x2C42,
    0x2C42,0x2C42,0x2C42,0x2C42,0x2C42,0x2C42,0x2C42,0x6D52,0x6E52,0x6D52,0x6D52,0x6D52,
    0x6D52,0x6D52,0x6D52,0x2C42,0x2C42,0x2C42,0x2C42,0x2C42,0x2C42,0x2C42,0x2C42,0x2C42,
    0x2C42,0x2C42,0x2C42,0x2C42,0x2C42,0x2C42,0x2C42,0x2C42,0x2C42,0x2C42,0x2C42,0x2C42,
    0x2C42,0x2C42,0x2C42,0x2C42,0x2C42,0x2C42,0x2C42,0x2C42,0x2C42,0x2C42,0x2C42,0x2C42,
    0x2C42,0x2C42,0x2C42,0x2C42,0x2C42,0x2C42,0x2C42,0x2C42,0x2C42,0x2C42,0x2C42,0x2C42,
    0x2C42,0x2C42,0x2C42,0x2C42,0x2C42,0x2C42,0x2C42,0x2C42,0x4E42,0x2C42,0x2C42,0x0C3A,
    0x0C3A,0xEC31,0xEC31,0xEC31,0xEC31,0xEC31,0xEC31,0xEC31,0xEC31,0xEC31,0xEC31,0xEC31,
    0xEC31,0xEC31,0xEC31,0xEC31,0xEC31,0xEC31,0xEC31,0xEC31,0xEC31,0xEC31,0xCC21,0xCC21,
    0xCC21,0xCC21,0xCC21,0xCC21,0xCC21,0xCC21,0xCC21,0xCC21,0xCC21,0xCC21,0xCC21,0xCC21,
    0xCC21,0xCC21,0xCC21,0xCC21,0xCC21,0xCC21,0xCC21,0xCC21,0xCC21,0xCC21,0xCC21,0xCC21,
    0xCC21,0xCC21,0xCC21,0xCC21,0xCC21,0xCC21,0xCC21,0xCC21,0xCC21,0xCC21,0xCC21,0xCC21,
    0xCC21,0xCC21,0xCC21,0xCC21,0xCC21,0xCC21,0xCC21,0xCC21,0xCC21,0xCC21,0x8C19,0x8C19,
    0xCC21,0xCC21,0xCC21,0xCC21,0xCC21,0xCC21,0x8C19,0xCC21,0xCC21,0xCC21,0xCC21,0xCC21,
    0x8C19,0xCC21,0xCC21,0xCC21,0xCC21,0xCC21,0xCC21,0xCC21,0xCC21,0xCC21,0xCC21,0xCC21,
    0xCC21,0xCC21,0xCC21,0xCC21,0xCC21,0xCC21,0xCC21,0xCC21,0xCC21,0xCC21,0xCC21,0xCC21,
    0xEE29,0xEE29,0xCC21,0xCC21,0xCC21,0xCC21,0xCC21,0xCC21,0xCC21,0xCC21,0xCC21,0xCC21,
    0xCC21,0xCC21,0xCC21,0xCC21,0xCC21,0xCC21,0xCC21,0xEC31,0xEC31,0xEC31,0xEC31,0xEC31,
    0xEC31,0xEC31,0xEC31,0xEC31,0xEC31,0xEC31,0xEC31,0xEC31,0xEC31,0xEC31,0xEC31,0xEC31,
    0xEC31,0x0C3A,0x0C3A,0x0C3A,0x0C3A,0x0C3A,0x0C3A,0x0C3A,0x0C3A,0x0C3A,0x0C3A,0x2C42,
    0x2C42,0x2C42,0x2C42,0x2C42,0x2C42,0x2C42,0x2C42,0x2C42,0x2C42,0x2C42,0x2C42,0x2C42,
    0x2C42,0x2C42,0x2C42,0x2C42,0x2C42,0x2C42,0x2C42,0x2C42,0x2C42,0x6D52,0x2C42,0x2C42,
    0x2C42,0x2C42,0x2C42,0x2C42,0x2C42,0x2C42,0x2C42,0x2C42,0x2C42,0x2C42,0x2C42,0x2C42,
    0x2C42,0x2C42,0x2C42,0x2C42,0x2C42,0x2C42,0x2C42,0x2C42,0x2C42,0x2C42,0x2C42,0x2C42,
    0x2C42,0x2C42,0x2C42,0x2C42,0x2C42,0x2C42,0x2C42,0x2C42,0x2C42,0x2C42,0x2C42,0x2C42,
    0x2C42,0x2C42,0x2C42,0x2C42,0x2C42,0x2C42,0x2C42,0x2C42,0x2C42,0x2C42,0x0C3A,0x2C42,
    0x2C42,0x2C42,0x2C42,0x2C42,0x2C42,0x2C42,0x2C42,0x4E42,0x4E42,0x4E42,0x2C42,0x0C3A,
    0xEC31,0xEC31,0xEC31,0xEC31,0xEC31,0xEC31,0xEC31,0xEC31,0xEC31,0xEC31,0xEC31,0xEC31,
    0xEC31,0xEC31,0xEC31,0xEC31,0xEC31,0xEC31,0xEC31,0xEC31,0xCC21,0xCC21,0xCC21,0xCC21,
    0xCC21,0xCC21,0xCC21,0xCC21,0xCC21,0xCC21,0xCC21,0xCC21,0xCC21,0xCC21,0xCC21,0xCC21,
    0xCC21,0xCC21,0xCC21,0xCC21,0xCC21,0xCC21,0xCC21,0xCC21,0xCC21,0xCC21,0xCC21,0xCC21,
    0xCC21,0xCC21,0xCC21,0xCC21,0xCC21,0xCC21,0xCC21,0xCC21,0xCC21,0xCC21,0xCC21,0xCC21,
    0xCC21,0xCC21,0xCC21,0xCC21,0xCC21,0xCC21,0xCC21,0xCC21,0xCC21,0xCC21,0xCC21,0x8C19,
    0x8C19,0xCC21,0xCC21,0xCC21,0x8C19,0x8C19,0x8C19,0x8C19,0x8C19,0x8C19,0x8C19,0xCC21,
    0x8C19,0xCC21,0xCC21,0xCC21,0xCC21,0xCC21,0xCC21,0xCC21,0xCC21,0xCC21,0xCC21,0xCC21,
    0xCC21,0xCC21,0xCC21,0xCC21,0xCC21,0xCC21,0xCC21,0xCC21,0xCC21,0xCC21,0xCC21,0xCC21,
    0xCC21,0xEE29,0xCC21,0xCC21,0xCC21,0xCC21,0xCC21,0xCC21,0xCC21,0xCC21,0xCC21,0xCC21,
    0xCC21,0xCC21,0xCC21,0xCC21,0xCC21,0xCC21,0xCC21,0xCC21,0xCC21,0xEC31,0xEC31,0xEC31,
    0xEC31,0xEC31,0xEC31,0xEC31,0xEC31,0xEC31,0xEC31,0xEC31,0xEC31,0xEC31,0xEC31,0xEC31,
    0xEC31,0xEC31,0xEC31,0xEC31,0xEC31,0x0C3A,0x0C3A,0x0C3A,0x0C3A,0x0C3A,0x0C3A,0x0C3A,
    0x0C3A,0x2C42,0x2C42,0x2C42,0x2C42,0x2C42,0x2C42,0x2C42,0x2C42,0x2C42,0x2C42,0x2C42,
    0x2C42,0x2C42,0x2C42,0x2C42,0x2C42,0x2C42,0x2C42,0x2C42,0x2C42,0x2C42,0x2C42,0x2C42,
    0x2C42,0x2C42,0x2C42,0x2C42,0x2C42,0x2C42,0x2C42,0x2C42,0x2C42,0x2C42,0x2C42,0x2C42,
    0x2C42,0x2C42,0x2C42,0x2C42,0x2C42,0x2C42,0x2C42,0x2C42,0x2C42,0x2C42,0x2C42,0x2C42,
    0x2C42,0x2C42,0x2C42,0x2C42,0x2C42,0x2C42,0x2C42,0x2C42,0x2C42,0x2C42,0x2C42,0x2C42,
    0x2C42,0x2C42,0x2C42,0x2C42,0x2C42,0x2C42,0x2C42,0x2C42,0x2C42,0x0C3A,0x0C3A,0x2C42,
    0x2C42,0x0C3A,0x0C3A,0x2C42,0x2C42,0x2C42,0x2C42,0x4E42,0x2C42,0x0C3A,0x0C3A,0x0C3A,
    0xEC31,0xEC31,0xEC31,0xEC31,0xEC31,0xEC31,0xEC31,0xEC31,0xEC31,0xEC31,0xEC31,0xEC31,
    0xEC31,0xEC31,0xEC31,0xEC31,0xEC31,0xEC31,0xEC31,0xEC31,0xCC21,0xCC21,0xCC21,0xCC21,
    0xCC21,0xCC21,0xCC21,0xCC21,0xCC21,0xCC21,0xCC21,0xCC21,0xCC21,0xCC21,0xCC21,0xCC21,
    0xCC21,0xCC21,0xCC21,0xCC21,0xCC21,0xCC21,0xCC21,0xCC21,0xCC21,0xCC21,0xCC21,0xCC21,
    0xCC21,0xCC21,0xCC21,0xCC21,0xCC21,0xCC21,0xCC21,0xCC21,0xCC21,0xCC21,0xCC21,0xCC21,
    0xCC21,0xCC21,0xCC21,0xCC21,0xCC21,0xCC21,0xCC21,0xCC21,0xCC21,0xCC21,0xCC21,0x8C19,
    0x8C19,0x8C19,0x8C19,0x8C19,0x8C19,0x8C19,0x8C19,0x8C19,0x8C19,0x8C19,0x8C19,0xCC21,
    0xCC21,0xCC21,0x8C19,0xCC21,0xCC21,0xCC21,0xCC21,0xCC21,0xCC21,0xCC21,0xCC21,0xCC21,
    0xCC21,0xCC21,0xCC21,0xCC21,0xCC21,0xCC21,0xCC21,0xCC21,0xCC21,0xCC21,0xCC21,0xCC21,
    0xCC21,0xCC21,0xEE29,0xCC21,0xCC21,0xCC21,0xCC21,0xCC21,0xCC21,0xCC21,0xCC21,0xCC21,
    0xCC21,0xCC21,0xCC21,0xCC21,0xCC21,0xCC21,0xCC21,0xCC21,0xCC21,0xCC21,0xCC21,0xEC31,
    0xEC31,0xEC31,0xEC31,0xEC31,0xEC31,0xEC31,0xEC31,0xEC31,0xEC31,0xEC31,0xEC31,0xEC31,
    0xEC31,0xEC31,0xEC31,0xEC31,0xEC31,0xEC31,0xEC31,0xEC31,0x0C3A,0x0C3A,0x0C3A,0x0C3A,
    0x0C3A,0x0C3A,0x0C3A,0x2C42,0x0C3A,0x0C3A,0x2C42,0x2C42,0x2C42,0x2C42,0x2C42,0x2C42,
    0x2C42,0x2C42,0x2C42,0x2C42,0x2C42,0x2C42,0x2C42,0x2C42,0x2C42,0x2C42,0x2C42,0x2C42,
    0x2C42,0x2C42,0x2C42,0x2C42,0x2C42,0x2C42,0x2C42,0x2C42,0x2C42,0x2C42,0x2C42,0x2C42,
    0x2C42,0x2C42,0x2C42,0x2C42,0x2C42,0x2C42,0x2C42,0x2C42,0x2C42,0x2C42,0x2C42,0x2C42,
    0x2C42,0x2C42,0x2C42,0x2C42,0x2C42,0x2C42,0x2C42,0x2C42,0x2C42,0x2C42,0x2C42,0x2C42,
    0x2C42,0x2C42,0x2C42,0x2C42,0x2C42,0x2C42,0x2C42,0x2C42,0x0C3A,0x0C3A,0x0C3A,0x0C3A,
    0x0C3A,0x0C3A,0x0C3A,0x0C3A,0x0C3A,0x0C3A,0x2C42,0x0C3A,0x0C3A,0x0C3A,0x0C3A,0xEC31,
    0xEC31,0xEC31,0xEC31,0xEC31,0xEC31,0xEC31,0xEC31,0xEC31,0xEC31,0xEC31,0xEC31,0xEC31,
    0xEC31,0xEC31,0xEC31,0xEC31,0xEC31,0xEC31,0xEC31,0xEC31,0xEC31,0xCC21,0xCC21,0xCC21,
    0xCC21,0xCC21,0xCC21,0xCC21,0xCC21,0xCC21,0xCC21,0xCC21,0xCC21,0xCC21,0xCC21,0xCC21,
    0xCC21,0xCC21,0xCC21,0xCC21,0xCC21,0xCC21,0xCC21,0xCC21,0xCC21,0xCC21,0xCC21,0xCC21,
    0xCC21,0xCC21,0xCC21,0xCC21,0xCC21,0xCC21,0xCC21,0xCC21,0xCC21,0xCC21,0xCC21,0xCC21,
    0xCC21,0xCC21,0xCC21,0xCC21,0xCC21,0xCC21,0xCC21,0xCC21,0xCC21,0xCC21,0xCC21,0xCC21,
    0x8C19,0x8C19,0x8C19,0x8C19,0x8C19,0x8C19,0xCC21,0x8C19,0x8C19,0x8C19,0x8C19,0x8C19,
    0xCC21,0xCC21,0xCC21,0x8C19,0xCC21,0xCC21,0xCC21,0xCC21,0xCC21,0xCC21,0xCC21,0xCC21,
    0xCC21,0xCC21,0xCC21,0xCC21,0xCC21,0xCC21,0xCC21,0xCC21,0xCC21,0xCC21,0xCC21,0xCC21,
    0xCC21,0xCC21,0x0D2A,0xCC21,0xCC21,0xCC21,0xCC21,0xCC21,0xCC21,0xCC21,0xCC21,0xCC21,
    0xCC21,0xCC21,0xCC21,0xCC21,0xCC21,0xCC21,0xCC21,0xCC21,0xCC21,0xCC21,0xCC21,0xCC21,
    0xEC31,0xEC31,0xEC31,0xEC31,0xEC31,0xEC31,0xEC31,0xEC31,0xEC31,0xEC31,0xEC31,0xEC31,
    0xEC31,0xEC31,0xEC31,0xEC31,0xEC31,0xEC31,0xEC31,0xEC31,0xEC31,0xEC31,0xEC31,0xEC31,
    0x0C3A,0x0C3A,0x0C3A,0x0C3A,0x0C3A,0x0C3A,0x0C3A,0x0C3A,0x2C42,0x2C42,0x2C42,0x2C42,
    0x2C42,0x2C42,0x2C42,0x2C42,0x2C42,0x2C42,0x2C42,0x2C42,0x2C42,0x2C42,0x2C42,0x2C42,
    0x2C42,0x2C42,0x2C42,0x2C42,0x2C42,0x2C42,0x2C42,0x2C42,0x2C42,0x2C42,0x2C42,0x2C42,
    0x2C42,0x2C42,0x2C42,0x2C42,0x2C42,0x2C42,0x2C42,0x2C42,0x2C42,0x2C42,0x2C42,0x2C42,
    0x2C42,0x2C42,0x2C42,0x2C42,0x2C42,0x2C42,0x2C42,0x2C42,0x2C42,0x2C42,0x2C42,0x2C42,
    0x2C42,0x2C42,0x2C42,0x2C42,0x2C42,0x2C42,0x2C42,0x2C42,0x0C3A,0x0C3A,0x0C3A,0x0C3A,
    0x0C3A,0x0C3A,0x0C3A,0x0C3A,0x0C3A,0x0C3A,0x0C3A,0x0C3A,0x0C3A,0xEC31,0xEC31,0xEC31,
    0xEC31,0xEC31,0xEC31,0xEC31,0xEC31,0xEC31,0xEC31,0xEC31,0xEC31,0xEC31,0xEC31,0xEC31,
    0xEC31,0xEC31,0xEC31,0xEC31,0xEC31,0xEC31,0xEC31,0xCC21,0xCC21,0xCC21,0xCC21,0xCC21,
    0xCC21,0xCC21,0xCC21,0xCC21,0xCC21,0xCC21,0xCC21,0xCC21,0xCC21,0xCC21,0xCC21,0xCC21,
    0xCC21,0xCC21,0xCC21,0xCC21,0xCC21,0xCC21,0xCC21,0xCC21,0xCC21,0xCC21,0xCC21,0xCC21,
    0xCC21,0xCC21,0xCC21,0xCC21,0xCC21,0xCC21,0xCC21,0xCC21,0xCC21,0xCC21,0xCC21,0xCC21,
    0xCC21,0xCC21,0xCC21,0xCC21,0xCC21,0xCC21,0xCC21,0xCC21,0xCC21,0xCC21,0xCC21,0x8C19,
    0x8C19,0x8C19,0x8C19,0x8C19,0x8C19,0x8C19,0x8C19,0xCC21,0x8C19,0x8C19,0x8C19,0x8C19,
    0x8C19,0x8C19,0x8C19,0xCC21,0xCC21,0xCC21,0xCC21,0xCC21,0xCC21,0xCC21,0xCC21,0xCC21,
    0xCC21,0xCC21,0xCC21,0xCC21,0xEE29,0xCC21,0xCC21,0xCC21,0xCC21,0xCC21,0xEE29,0xCC21,
    0xCC21,0xCC21,0xCC21,0x0D2A,0xCC21,0xCC21,0xCC21,0xCC21,0xCC21,0xCC21,0xCC21,0xCC21,
    0xCC21,0xCC21,0xCC21,0xCC21,0xCC21,0xCC21,0xCC21,0xCC21,0xCC21,0xCC21,0xCC21,0xCC21,
    0xCC21,0xCC21,0xEC31,0xEC31,0xEC31,0xEC31,0xEC31,0xEC31,0xEC31,0xEC31,0xEC31,0xEC31,
    0xEC31,0xEC31,0xEC31,0xEC31,0xEC31,0xEC31,0xEC31,0xEC31,0xEC31,0xEC31,0xEC31,0xEC31,
    0xEC31,0xEC31,0x0C3A,0x0C3A,0x0C3A,0x0C3A,0x0C3A,0x0C3A,0x0C3A,0x0C3A,0x0C3A,0x0C3A,
    0x0C3A,0x0C3A,0x2C42,0x2C42,0x2C42,0x2C42,0x2C42,0x2C42,0x2C42,0x2C42,0x2C42,0x2C42,
    0x2C42,0x2C42,0x2C42,0x2C42,0x2C42,0x2C42,0x2C42,0x2C42,0x2C42,0x2C42,0x2C42,0x2C42,
    0x2C42,0x2C42,0x2C42,0x2C42,0x2C42,0x2C42,0x2C42,0x2C42,0x2C42,0x2C42,0x2C42,0x2C42,
    0x2C42,0x2C42,0x2C42,0x2C42,0x0C3A,0x0C3A,0x2C42,0x2C42,0x2C42,0x2C42,0x2C42,0x2C42,
    0x2C42,0x4E42,0x4E42,0x4E42,0x4E42,0x2C42,0x2C42,0x2C42,0x0C3A,0x0C3A,0x0C3A,0x0C3A,
    0x0C3A,0x0C3A,0x0C3A,0x0C3A,0x0C3A,0x0C3A,0x0C3A,0x0C3A,0xEC31,0xEC31,0xEC31,0xEC31,
    0xEC31,0xEC31,0xEC31,0xEC31,0xEC31,0xEC31,0xEC31,0xEC31,0xEC31,0xEC31,0xEC31,0xEC31,
    0xEC31,0xEC31,0xEC31,0xEC31,0xCC21,0xCC21,0xCC21,0xCC21,0xCC21,0xCC21,0xCC21,0xCC21,
    0xCC21,0xCC21,0xCC21,0xCC21,0xCC21,0xCC21,0xCC21,0xCC21,0xCC21,0xCC21,0xCC21,0xCC21,
    0xCC21,0xCC21,0xCC21,0xCC21,0xCC21,0xCC21,0xCC21,0xCC21,0xCC21,0xCC21,0xCC21,0xCC21,
    0xCC21,0xCC21,0xCC21,0xCC21,0xCC21,0xCC21,0xCC21,0xCC21,0xCC21,0xCC21,0xCC21,0xCC21,
    0xCC21,0xCC21,0xCC21,0xCC21,0xCC21,0xCC21,0xCC21,0xCC21,0xCC21,0xCC21,0xCC21,0xCC21,
    0x8C19,0x8C19,0x8C19,0x8C19,0x8C19,0x8C19,0x8C19,0xCC21,0x8C19,0x8C19,0x8C19,0x8C19,
    0x8C19,0x8C19,0x8C19,0x8C19,0xCC21,0xCC21,0xCC21,0xCC21,0xCC21,0xCC21,0xCC21,0xCC21,
    0xCC21,0xCC21,0xCC21,0xCC21,0xEE29,0xCC21,0xCC21,0xCC21,0xCC21,0xCC21,0xEE29,0xEE29,
    0xEE29,0xCC21,0xCC21,0xCC21,0xCC21,0xCC21,0xCC21,0xCC21,0xCC21,0xCC21,0xCC21,0xCC21,
    0xCC21,0xCC21,0xCC21,0xCC21,0xCC21,0xCC21,0xCC21,0xCC21,0xCC21,0xCC21,0xCC21,0xCC21,
    0xCC21,0xCC21,0xCC21,0xCC21,0xEC31,0xEC31,0xEC31,0xEC31,0xEC31,0xEC31,0xEC31,0xEC31,
    0xEC31,0xEC31,0xEC31,0xEC31,0xEC31,0xEC31,0xEC31,0xEC31,0xEC31,0xEC31,0xEC31,0xEC31,
    0xEC31,0xEC31,0xEC31,0xEC31,0xEC31,0xEC31,0x0C3A,0x0C3A,0x0C3A,0x0C3A,0x0C3A,0x0C3A,
    0x0C3A,0x0C3A,0x0C3A,0x0C3A,0x0C3A,0x0C3A,0x2C42,0x0C3A,0x0C3A,0x0C3A,0x0C3A,0x0C3A,
    0x0C3A,0x0C3A,0x2C42,0x2C42,0x2C42,0x2C42,0x2C42,0x2C42,0x2C42,0x2C42,0x2C42,0x2C42,
    0x2C42,0x2C42,0x2C42,0x2C42,0x2C42,0x2C42,0x2C42,0x2C42,0x2C42,0x2C42,0x0C3A,0x0C3A,
    0x0C3A,0x0C3A,0x0C3A,0x0C3A,0x0C3A,0x0C3A,0x0C3A,0x2C42,0x2C42,0x2C42,0x2C42,0x2C42,
    0x2C42,0x4E42,0x4E42,0x4E42,0x4E42,0x2C42,0x0C3A,0x0C3A,0x0C3A,0x0C3A,0x0C3A,0x0C3A,
    0x0C3A,0x0C3A,0x0C3A,0x0C3A,0x0C3A,0x0C3A,0xEC31,0xEC31,0x0C3A,0xEC31,0xEC31,0xEC31,
    0xEC31,0xEC31,0xEC31,0xEC31,0xEC31,0xEC31,0xEC31,0xEC31,0xEC31,0xEC31,0xEC31,0xEC31,
    0xEC31,0xEC31,0xEC31,0xCC21,0xCC21,0xCC21,0xCC21,0xCC21,0xCC21,0xCC21,0xCC21,0xCC21,
    0xCC21,0xCC21,0xCC21,0xCC21,0xCC21,0xCC21,0xCC21,0xCC21,0xCC21,0xCC21,0xCC21,0xCC21,
    0xCC21,0xCC21,0xCC21,0xCC21,0xCC21,0xCC21,0xCC21,0xCC21,0xCC21,0xCC21,0xCC21,0xCC21,
    0xCC21,0xCC21,0xCC21,0xCC21,0xCC21,0xCC21,0xCC21,0xCC21,0xCC21,0xCC21,0xCC21,0xCC21,
    0xCC21,0xCC21,0xCC21,0xCC21,0xCC21,0xCC21,0xCC21,0xCC21,0xCC21,0xCC21,0x8C19,0xCC21,
    0x8C19,0x8C19,0x8C19,0x8C19,0x8C19,0x8C19,0x8C19,0x8C19,0x8C19,0x8C19,0x8C19,0x8C19,
    0x8C19,0x8C19,0x8C19,0x8C19,0x8C19,0xCC21,0xCC21,0xCC21,0xCC21,0xCC21,0xCC21,0xCC21,
    0xCC21,0xCC21,0xCC21,0xCC21,0xCC21,0xCC21,0xCC21,0xCC21,0xCC21,0xCC21,0xEE29,0xEE29,
    0xEE29,0xEE29,0xCC21,0xCC21,0xCC21,0xCC21,0xCC21,0xCC21,0xCC21,0xAB29,0xCC21,0xCC21,
    0xCC21,0xCC21,0xCC21,0xCC21,0xCC21,0xCC21,0xCC21,0xCC21,0xCC21,0xCC21,0xCC21,0xCC21,
    0xCC21,0xCC21,0xCC21,0xCC21,0xCC21,0xEC31,0xEC31,0xEC31,0xEC31,0xEC31,0xEC31,0xEC31,
    0xEC31,0xEC31,0xEC31,0xEC31,0xEC31,0xEC31,0xEC31,0xEC31,0xEC31,0xEC31,0xEC31,0xEC31,
    0xEC31,0xEC31,0xEC31,0xEC31,0xEC31,0xEC31,0xEC31,0xEC31,0xEC31,0xEC31,0xEC31,0xEC31,
    0xEC31,0xEC31,0xEC31,0x0C3A,0x0C3A,0x0C3A,0x0C3A,0x0C3A,0x0C3A,0x0C3A,0x0C3A,0x0C3A,
    0x0C3A,0x0C3A,0x0C3A,0x0C3A,0x0C3A,0x0C3A,0x0C3A,0x0C3A,0x0C3A,0x0C3A,0x0C3A,0x0C3A,
    0x0C3A,0x0C3A,0x0C3A,0x0C3A,0x0C3A,0x0C3A,0x0C3A,0x0C3A,0x0C3A,0x0C3A,0x0C3A,0xEC31,
    0x0C3A,0x0C3A,0x0C3A,0x0C3A,0x0C3A,0x0C3A,0x0C3A,0x0C3A,0x0C3A,0x0C3A,0x0C3A,0x0C3A,
    0x2C42,0x2C42,0x2C42,0x4E42,0x2C42,0x0C3A,0x0C3A,0x0C3A,0x0C3A,0x0C3A,0x0C3A,0x0C3A,
    0x0C3A,0x0C3A,0x0C3A,0x0C3A,0x0C3A,0x0C3A,0xEC31,0xEC31,0xEC31,0xEC31,0xEC31,0xEC31,
    0xEC31,0xEC31,0xEC31,0xEC31,0xEC31,0xEC31,0xEC31,0xEC31,0xEC31,0xEC31,0xEC31,0xEC31,
    0xEC31,0xCC21,0xCC21,0xCC21,0xCC21,0xCC21,0xCC21,0xCC21,0xCC21,0xCC21,0xCC21,0xCC21,
    0xCC21,0xCC21,0xCC21,0xCC21,0xCC21,0xCC21,0xCC21,0xCC21,0xCC21,0xCC21,0xCC21,0xCC21,
    0xCC21,0xCC21,0xCC21,0xCC21,0xCC21,0xCC21,0xCC21,0xCC21,0xCC21,0xCC21,0xCC21,0xCC21,
    0xCC21,0xCC21,0x8C19,0xCC21,0xCC21,0xCC21,0xCC21,0xCC21,0xCC21,0xCC21,0xCC21,0xCC21,
    0xCC21,0xCC21,0xCC21,0xCC21,0xCC21,0xCC21,0xCC21,0xCC21,0xCC21,0xCC21,0x8C19,0x8C19,
    0x8C19,0x8B19,0x8B19,0x8B19,0x8C19,0x8C19,0x8C19,0x8C19,0x8C19,0x8C19,0x8C19,0x8C19,
    0x8C19,0x8C19,0x8C19,0x8C19,0x8C19,0x8C19,0xCC21,0xCC21,0xCC21,0xCC21,0xCC21,0xCC21,
    0xCC21,0xCC21,0xCC21,0xCC21,0xCC21,0xCC21,0xCC21,0xCC21,0xCC21,0xEE29,0xEE29,0xEE29,
    0xEE29,0xEE29,0xEE29,0xCC21,0xCC21,0xCC21,0xCC21,0xCC21,0xCC21,0xCC21,0xCC21,0xCC21,
    0xCC21,0xCC21,0xCC21,0xCC21,0xCC21,0xCC21,0xCC21,0xCC21,0xCC21,0xCC21,0xCC21,0xCC21,
    0xCC21,0xCC21,0xCC21,0xCC21,0xCC21,0xCC21,0xCC21,0xEC31,0xEC31,0xEC31,0xEC31,0xEC31,
    0xEC31,0xEC31,0xEC31,0xEC31,0xEC31,0xEC31,0xEC31,0xEC31,0xEC31,0xEC31,0xEC31,0xEC31,
    0xEC31,0xEC31,0xEC31,0xEC31,0xEC31,0xEC31,0xEC31,0xEC31,0xEC31,0xEC31,0xEC31,0xEC31,
    0xEC31,0xEC31,0xEC31,0xEC31,0x0C3A,0xEC31,0x0C3A,0xEC31,0x0C3A,0x0C3A,0x0C3A,0x0C3A,
    0x0C3A,0x0C3A,0x0C3A,0x0C3A,0x0C3A,0x0C3A,0x0C3A,0x0C3A,0x0C3A,0x0C3A,0x0C3A,0x0C3A,
    0x0C3A,0x0C3A,0x0C3A,0x0C3A,0x0C3A,0x0C3A,0x0C3A,0x0C3A,0x0C3A,0xEC31,0xEC31,0x0C3A,
    0xEC31,0xEC31,0xEC31,0xEC31,0xEC31,0xEC31,0x0C3A,0x0C3A,0x0C3A,0x0C3A,0x0C3A,0x0C3A,
    0x0C3A,0x0C3A,0x2C42,0x2C42,0x0C3A,0x0C3A,0x0C3A,0x0C3A,0x0C3A,0x0C3A,0x0C3A,0x0C3A,
    0x0C3A,0x0C3A,0x0C3A,0x0C3A,0x0C3A,0xEC31,0xEC31,0xEC31,0xEC31,0xEC31,0xEC31,0xEC31,
    0xEC31,0xEC31,0xEC31,0xEC31,0xEC31,0xEC31,0xEC31,0xEC31,0xEC31,0xEC31,0xEC31,0xEC31,
    0xEC31,0xCC21,0xCC21,0xCC21,0xCC21,0xCC21,0xCC21,0xCC21,0xCC21,0xCC21,0xCC21,0xCC21,
    0xCC21,0xCC21,0xCC21,0xCC21,0xCC21,0xCC21,0xCC21,0xCC21,0xCC21,0xCC21,0xCC21,0xCC21,
    0xCC21,0xCC21,0xCC21,0xCC21,0xCC21,0xCC21,0xCC21,0xCC21,0xCC21,0xCC21,0xCC21,0xCC21,
    0xCC21,0x8C19,0x8C19,0x8C19,0xCC21,0xCC21,0xCC21,0xCC21,0x8C19,0xCC21,0xCC21,0xCC21,
    0xCC21,0xCC21,0xCC21,0xCC21,0xCC21,0xCC21,0xCC21,0xCC21,0xCC21,0x8C19,0x8C19,0x8C19,
    0x8C19,0x8C19,0x8B19,0x8B19,0x8B19,0x8B19,0x8B19,0x8C19,0x8C19,0x8C19,0x8C19,0x8C19,
    0x8C19,0xCC21,0x8C19,0x8C19,0x8C19,0x8C19,0x8C19,0xCC21,0xCC21,0xCC21,0xCC21,0xCC21,
    0xCC21,0xCC21,0xCC21,0xCC21,0xCC21,0xCC21,0xCC21,0xCC21,0xEE29,0xEE29,0xEE29,0xEE29,
    0xEE29,0xEE29,0xEE29,0xEE29,0xCC21,0xCC21,0xCC21,0xCC21,0xCC21,0xCC21,0xCC21,0xCC21,
    0xCC21,0xCC21,0xCC21,0xCC21,0xCC21,0xCC21,0xCC21,0xCC21,0xCC21,0xCC21,0xCC21,0xCC21,
    0xCC21,0xCC21,0xCC21,0xCC21,0xCC21,0xCC21,0xCC21,0xCC21,0xCC21,0xEC31,0xEC31,0xEC31,
    0xEC31,0xEC31,0xEC31,0xEC31,0xEC31,0xEC31,0xEC31,0xEC31,0xEC31,0xEC31,0xEC31,0xEC31,
    0xEC31,0xEC31,0xEC31,0xEC31,0xEC31,0xEC31,0xEC31,0xEC31,0xEC31,0xEC31,0xEC31,0xEC31,
    0xEC31,0xEC31,0xEC31,0xEC31,0xEC31,0xEC31,0xEC31,0xEC31,0xEC31,0xEC31,0xEC31,0xEC31,
    0xEC31,0xEC31,0xEC31,0xEC31,0xEC31,0x0C3A,0x0C3A,0x0C3A,0xEC31,0xEC31,0xEC31,0x0C3A,
    0x0C3A,0x0C3A,0x0C3A,0x0C3A,0x0C3A,0xEC31,0xEC31,0xEC31,0xEC31,0xEC31,0xEC31,0xEC31,
    0xEC31,0xEC31,0xEC31,0xEC31,0xEC31,0xEC31,0x0C3A,0x0C3A,0x0C3A,0x0C3A,0x0C3A,0x0C3A,
    0x0C3A,0x0C3A,0x0C3A,0x0C3A,0x0C3A,0x0C3A,0x0C3A,0x0C3A,0x0C3A,0x0C3A,0x0C3A,0x0C3A,
    0x0C3A,0x0C3A,0x0C3A,0x0C3A,0xEC31,0xEC31,0xEC31,0xEC31,0xEC31,0xEC31,0xEC31,0xEC31,
    0xEC31,0xEC31,0xEC31,0xEC31,0xEC31,0xCC21,0xCC21,0xCC21,0xCC21,0xCC21,0xCC21,0xCC21,
    0xCC21,0xCC21,0xCC21,0xCC21,0xCC21,0xCC21,0xCC21,0xCC21,0xCC21,0xCC21,0xCC21,0xCC21,
    0xCC21,0xCC21,0xCC21,0xCC21,0xCC21,0xCC21,0xCC21,0xCC21,0xCC21,0xCC21,0xCC21,0xCC21,
    0xCC21,0xCC21,0xCC21,0xCC21,0xCC21,0xCC21,0xCC21,0xCC21,0xCC21,0xCC21,0xCC21,0x8C19,
    0x8C19,0x8C19,0x8C19,0x8C19,0x8C19,0xCC21,0xCC21,0xCC21,0x8C19,0xCC21,0xCC21,0xCC21,
    0xCC21,0xCC21,0xCC21,0xCC21,0xCC21,0xCC21,0xCC21,0x8C19,0x8C19,0x8C19,0x8C19,0x8C19,
    0x8B19,0x8B19,0x8B19,0x8B19,0x8B19,0x8B19,0x8B19,0x8B19,0x8C19,0x8C19,0x8C19,0x8C19,
    0xCC21,0x8C19,0x8C19,0x8C19,0x8C19,0xCC21,0x8C19,0x8C19,0xCC21,0xCC21,0xCC21,0xCC21,
    0xCC21,0xCC21,0xCC21,0xCC21,0xCC21,0xCC21,0xCC21,0xCC21,0xCC21,0xEE29,0xEE29,0xEE29,
    0xEE29,0xEE29,0xEE29,0xEE29,0xCC21,0xCC21,0xCC21,0xCC21,0xCC21,0xCC21,0xCC21,0xAB29,
    0xCC21,0xCC21,0xCC21,0xCC21,0xCC21,0xCC21,0xCC21,0xCC21,0xCC21,0xCC21,0xCC21,0xCC21,
    0xCC21,0xCC21,0xCC21,0xCC21,0xCC21,0xCC21,0xCC21,0xCC21,0xCC21,0xEC31,0xEC31,0xEC31,
    0xEC31,0xEC31,0xEC31,0xEC31,0xEC31,0xEC31,0xEC31,0xEC31,0xEC31,0xEC31,0xEC31,0xEC31,
    0xEC31,0xEC31,0xEC31,0xEC31,0xEC31,0xEC31,0xEC31,0xEC31,0xEC31,0xEC31,0xEC31,0xEC31,
    0xEC31,0xEC31,0xEC31,0xEC31,0xEC31,0xEC31,0xEC31,0xEC31,0xEC31,0xEC31,0xEC31,0xEC31,
    0xEC31,0xEC31,0xEC31,0xEC31,0xEC31,0xEC31,0xEC31,0xEC31,0xEC31,0xEC31,0xEC31,0xEC31,
    0xEC31,0xEC31,0xEC31,0xEC31,0xEC31,0xEC31,0xEC31,0xEC31,0xEC31,0xEC31,0xEC31,0xEC31,
    0xEC31,0xEC31,0xEC31,0xEC31,0xEC31,0xEC31,0xEC31,0xEC31,0x0C3A,0x0C3A,0x0C3A,0x0C3A,
    0x0C3A,0x0C3A,0x0C3A,0x0C3A,0x0C3A,0x0C3A,0x0C3A,0x0C3A,0x0C3A,0x0C3A,0x0C3A,0x0C3A,
    0x0C3A,0x0C3A,0x0C3A,0x0C3A,0xEC31,0xEC31,0xEC31,0xEC31,0xEC31,0xEC31,0xEC31,0xEC31,
    0xEC31,0xEC31,0xCC21,0xEC31,0xEC31,0xCC21,0xCC21,0xCC21,0xCC21,0xCC21,0xCC21,0xCC21,
    0xCC21,0xCC21,0xCC21,0xCC21,0xCC21,0xCC21,0xCC21,0xCC21,0xCC21,0xCC21,0xCC21,0xCC21,
    0xCC21,0xCC21,0xCC21,0xCC21,0xCC21,0xCC21,0xCC21,0xCC21,0xCC21,0xCC21,0xCC21,0xCC21,
    0xCC21,0xCC21,0xCC21,0xCC21,0xCC21,0xCC21,0xCC21,0xCC21,0xCC21,0xCC21,0x8C19,0x8C19,
    0x8C19,0x8C19,0x8C19,0x8C19,0x8C19,0x8C19,0x8C19,0x8C19,0x8C19,0x8C19,0x8C19,0x8C19,
    0x8C19,0xCC21,0xCC21,0xCC21,0xCC21,0xCC21,0xCC21,0x8C19,0x8C19,0x8C19,0x8C19,0x8C19,
    0x8B19,0x8B19,0x8B19,0x8B19,0x8B19,0x8B19,0x8B19,0x8B19,0x8B19,0x8C19,0x8C19,0x8C19,
    0x8C19,0xCC21,0xCC21,0xCC21,0xCC21,0xCC21,0xCC21,0xCC21,0xCC21,0xCC21,0xCC21,0xCC21,
    0xCC21,0xCC21,0xCC21,0xCC21,0xCC21,0xCC21,0xCC21,0xCC21,0xCC21,0xEE29,0xEE29,0xEE29,
    0xEE29,0xEE29,0xEE29,0xEE29,0xCC21,0xCC21,0xCC21,0xCC21,0xCC21,0xCC21,0xCC21,0xCC21,
    0xAB29,0xCC21,0xCC21,0xCC21,0xCC21,0xCC21,0xCC21,0xCC21,0xCC21,0xCC21,0xCC21,0xCC21,
    0xCC21,0xCC21,0xCC21,0xCC21,0xCC21,0xCC21,0xCC21,0xCC21,0xCC21,0xCC21,0xCC21,0xCC21,
    0xCC21,0xEC31,0xEC31,0xEC31,0xEC31,0xEC31,0xEC31,0xEC31,0xEC31,0xEC31,0xEC31,0xEC31,
    0xEC31,0xEC31,0xEC31,0xEC31,0xEC31,0xEC31,0xEC31,0xEC31,0xEC31,0xEC31,0xEC31,0xEC31,
    0xEC31,0xEC31,0xEC31,0xEC31,0xEC31,0xEC31,0xEC31,0xEC31,0xEC31,0xEC31,0xEC31,0xEC31,
    0xEC31,0xEC31,0xEC31,0xEC31,0xEC31,0xEC31,0xEC31,0xEC31,0xEC31,0xEC31,0xEC31,0xEC31,
    0xEC31,0xEC31,0xEC31,0xEC31,0xEC31,0xEC31,0xEC31,0xEC31,0xEC31,0xEC31,0xEC31,0xEC31,
    0xEC31,0xEC31,0xEC31,0xEC31,0xEC31,0xEC31,0xEC31,0xEC31,0x0C3A,0x0C3A,0x0C3A,0x0C3A,
    0x0C3A,0x0C3A,0x0C3A,0x0C3A,0x0C3A,0x0C3A,0x0C3A,0x0C3A,0x0C3A,0x0C3A,0x0C3A,0x0C3A,
    0x0C3A,0x0C3A,0x0C3A,0x0C3A,0xEC31,0xEC31,0xEC31,0xEC31,0xEC31,0xEC31,0xEC31,0xEC31,
    0xCC21,0xEC31,0xEC31,0xCC21,0xCC21,0xCC21,0xCC21,0xCC21,0xCC21,0xCC21,0xCC21,0xCC21,
    0xCC21,0xCC21,0xCC21,0xCC21,0xCC21,0xCC21,0xCC21,0xCC21,0xCC21,0xCC21,0xCC21,0xCC21,
    0xCC21,0xCC21,0xCC21,0xCC21,0xCC21,0xCC21,0xCC21,0xCC21,0xCC21,0xCC21,0xCC21,0xCC21,
    0xCC21,0xCC21,0xCC21,0xCC21,0xCC21,0xCC21,0xCC21,0xCC21,0x8B19,0x8B19,0x8B19,0x8C19,
    0x8C19,0x8C19,0x8C19,0x8C19,0x8C19,0x8C19,0x8C19,0x8C19,0x8C19,0x8C19,0x8C19,0x8C19,
    0x8C19,0x8C19,0xCC21,0x8C19,0xCC21,0xCC21,0x8C19,0x8C19,0x8C19,0x8C19,0x8C19,0x8C19,
    0x8B19,0x8B19,0x8B19,0x8B19,0x8B19,0x8B19,0x8B19,0x8B19,0x8B19,0x8C19,0x8C19,0x8C19,
    0x8C19,0x8C19,0xCC21,0xCC21,0xCC21,0xCC21,0xCC21,0xCC21,0xCC21,0xCC21,0xCC21,0xCC21,
    0xCC21,0xCC21,0xCC21,0xCC21,0xCC21,0xCC21,0xCC21,0xCC21,0xCC21,0xCC21,0xEE29,0xEE29,
    0xEE29,0xEE29,0xEE29,0xEE29,0xEE29,0xCC21,0xCC21,0xCC21,0xCC21,0xCC21,0xCC21,0xCC21,
    0xCC21,0xCC21,0xCC21,0xAB29,0xCC21,0xCC21,0xCC21,0xCC21,0xCC21,0xCC21,0xCC21,0xCC21,
    0xCC21,0xCC21,0xCC21,0xCC21,0xCC21,0xCC21,0xCC21,0xCC21,0xCC21,0xCC21,0xCC21,0xCC21,
    0xCC21,0xCC21,0xEC31,0xEC31,0xEC31,0xEC31,0xEC31,0xEC31,0xEC31,0xEC31,0xEC31,0xEC31,
    0xEC31,0xEC31,0xEC31,0xEC31,0xEC31,0xEC31,0xEC31,0xEC31,0xEC31,0xEC31,0xEC31,0xEC31,
    0xEC31,0xEC31,0xEC31,0xEC31,0xEC31,0xEC31,0xEC31,0xEC31,0xEC31,0xEC31,0xEC31,0xEC31,
    0xEC31,0xEC31,0xEC31,0xEC31,0xEC31,0xEC31,0xEC31,0xEC31,0xEC31,0xEC31,0xEC31,0xEC31,
    0xEC31,0xEC31,0xEC31,0xEC31,0xEC31,0xEC31,0xEC31,0xEC31,0xEC31,0xEC31,0xEC31,0xEC31,
    0xEC31,0xEC31,0xEC31,0xEC31,0xEC31,0xEC31,0xEC31,0xEC31,0x0C3A,0x0C3A,0x0E32,0x0E32,
    0x0C3A,0x0C3A,0x0C3A,0x0C3A,0x0C3A,0xEC31,0x0C3A,0x0C3A,0x0C3A,0x0C3A,0xEC31,0xEC31,
    0xEC31,0xEC31,0xEC31,0xEC31,0xEC31,0xEC31,0xEC31,0xEC31,0xEC31,0xEC31,0xEC31,0xEC31,
    0xCC21,0xCC21,0xCC21,0xCC21,0xCC21,0xCC21,0xCC21,0xCC21,0xCC21,0xCC21,0xCC21,0xCC21,
    0xCC21,0xCC21,0xCC21,0xCC21,0xCC21,0xCC21,0xCC21,0xCC21,0xCC21,0xCC21,0xCC21,0xCC21,
    0xCC21,0xCC21,0xCC21,0xCC21,0xCC21,0xCC21,0xCC21,0xCC21,0xCC21,0xCC21,0xCC21,0xCC21,
    0xCC21,0xCC21,0xCC21,0xCC21,0xCC21,0xCC21,0xCC21,0x8C19,0x8B19,0x8B19,0x8B19,0x8B19,
    0x8C19,0x8C19,0x8C19,0x8C19,0x8C19,0x8C19,0xCC21,0x8C19,0x8C19,0x8C19,0x8C19,0x8C19,
    0x8C19,0x8C19,0x8C19,0x8C19,0xCC21,0x8C19,0x8C19,0x8C19,0x8C19,0x8C19,0x8C19,0x8C19,
    0x8C19,0x8B19,0x8B19,0x8B19,0x8B19,0x8B19,0x8B19,0x8B19,0x8B19,0x8C19,0x8C19,0x8C19,
    0x8C19,0x8C19,0x8C19,0xCC21,0xCC21,0xCC21,0xCC21,0xCC21,0xCC21,0xCC21,0xCC21,0xCC21,
    0xCC21,0xCC21,0xCC21,0xCC21,0xCC21,0xCC21,0xCC21,0xCC21,0xCC21,0xCC21,0xCC21,0xEE29,
    0xEE29,0xEE29,0xEE29,0xEE29,0xCC21,0xCC21,0xCC21,0xCC21,0xCC21,0xCC21,0xCC21,0xCC21,
    0xCC21,0xCC21,0xCC21,0xCC21,0xCC21,0xCC21,0xCC21,0xCC21,0xCC21,0xCC21,0xCC21,0xCC21,
    0xCC21,0xCC21,0xCC21,0xCC21,0xCC21,0xCC21,0xCC21,0xCC21,0xCC21,0xCC21,0xCC21,0xCC21,
    0xCC21,0xCC21,0xCC21,0xCC21,0xCC21,0xEC31,0xEC31,0xEC31,0xEC31,0xEC31,0xEC31,0xEC31,
    0xEC31,0xEC31,0xEC31,0xEC31,0xEC31,0xEC31,0xEC31,0xEC31,0xEC31,0xEC31,0xEC31,0xEC31,
    0xEC31,0xEC31,0xEC31,0xEC31,0xEC31,0xEC31,0xEC31,0xEC31,0xEC31,0xEC31,0xEC31,0xEC31,
    0xEC31,0xEC31,0xEC31,0xEC31,0xEC31,0xEC31,0xEC31,0xEC31,0xEC31,0xEC31,0xEC31,0xEC31,
    0xEC31,0xEC31,0xEC31,0xEC31,0xEC31,0xEC31,0xEC31,0xEC31,0xEC31,0xEC31,0xEC31,0xEC31,
    0xEC31,0xEC31,0xEC31,0xEC31,0xEC31,0xEC31,0xEC31,0x0C3A,0x0C3A,0x0E32,0x0E32,0x0E32,
    0x0E32,0x0E32,0x0C3A,0x0C3A,0xEC31,0xEC31,0xEC31,0xEC31,0x0C3A,0xEC31,0xEC31,0xEC31,
    0xEC31,0xEC31,0xEC31,0xEC31,0xEC31,0xEC31,0xEC31,0xEC31,0xEC31,0xEC31,0xCC21,0xCC21,
    0xCC21,0xCC21,0xCC21,0xCC21,0xAB29,0xCC21,0xCC21,0xCC21,0xCC21,0xCC21,0xCC21,0xCC21,
    0xCC21,0xCC21,0xCC21,0xCC21,0xCC21,0xCC21,0xCC21,0xCC21,0xCC21,0xCC21,0xCC21,0xCC21,
    0xCC21,0xCC21,0xCC21,0xCC21,0xCC21,0xCC21,0xCC21,0xCC21,0xCC21,0xCC21,0xCC21,0xCC21,
    0xCC21,0xCC21,0xCC21,0xCC21,0xCC21,0xCC21,0x8C19,0x8C19,0x8C19,0x8B19,0x8B19,0x8B19,
    0x8C19,0x8C19,0x8C19,0x8C19,0xCC21,0xCC21,0x8C19,0x8C19,0x8C19,0x8C19,0x8C19,0x8C19,
    0x8C19,0x8C19,0x8C19,0x8C19,0xCC21,0xCC21,0xCC21,0x8C19,0x8C19,0x8C19,0x8C19,0x8C19,
    0x8C19,0x8C19,0x8B19,0x8B19,0x8B19,0x8B19,0x8B19,0x8B19,0x8B19,0x8C19,0x8C19,0x8C19,
    0x8C19,0x8C19,0x8C19,0x8C19,0xCC21,0xCC21,0xCC21,0xCC21,0xCC21,0xCC21,0xCC21,0xCC21,
    0xCC21,0xCC21,0xCC21,0xCC21,0xCC21,0xCC21,0xCC21,0xCC21,0xCC21,0xCC21,0xCC21,0xCC21,
    0xEE29,0xEE29,0xEE29,0xCC21,0xCC21,0xCC21,0xCC21,0xCC21,0xCC21,0xCC21,0xCC21,0xCC21,
    0xCC21,0xCC21,0xCC21,0xCC21,0xCC21,0xCC21,0xCC21,0xCC21,0xCC21,0xCC21,0xCC21,0xCC21,
    0xCC21,0xCC21,0xCC21,0xCC21,0xCC21,0xCC21,0xCC21,0xCC21,0xCC21,0xCC21,0xCC21,0xCC21,
    0xCC21,0xCC21,0xCC21,0xCC21,0xCC21,0xCC21,0xCC21,0xCC21,0xEC31,0xEC31,0xEC31,0xEC31,
    0xEC31,0xEC31,0xEC31,0xEC31,0xEC31,0xEC31,0xEC31,0xEC31,0xEC31,0xEC31,0xEC31,0xEC31,
    0xEC31,0xEC31,0xEC31,0xEC31,0xEC31,0xEC31,0xEC31,0xEC31,0xEC31,0xEC31,0xEC31,0xEC31,
    0xEC31,0xEC31,0xEC31,0xEC31,0xEC31,0xEC31,0xEC31,0xEC31,0xEC31,0xEC31,0xEC31,0xEC31,
    0xEC31,0xEC31,0xEC31,0xEC31,0xEC31,0xEC31,0xEC31,0xEC31,0xEC31,0xEC31,0xEC31,0xEC31,
    0xEC31,0xEC31,0xEC31,0xEC31,0xEC31,0xEC31,0xEC31,0x0C3A,0x0C3A,0x0C3A,0x0E32,0x0E32,
    0x0E32,0x0C3A,0x0C3A,0x0C3A,0xEC31,0xEC31,0xEC31,0xEC31,0xEC31,0xEC31,0xEC31,0xEC31,
    0xEC31,0xEC31,0xEC31,0xEC31,0xEC31,0xEC31,0xCC21,0xAB29,0xCC21,0xCC21,0xCC21,0xCC21,
    0xCC21,0xCC21,0xCC21,0xAB29,0xCC21,0xCC21,0xCC21,0xCC21,0xCC21,0xCC21,0xCC21,0xCC21,
    0xCC21,0xCC21,0xCC21,0xCC21,0xCC21,0xCC21,0xCC21,0xCC21,0xCC21,0xCC21,0xCC21,0xCC21,
    0xCC21,0xCC21,0xCC21,0xCC21,0xCC21,0xCC21,0xCC21,0xCC21,0xCC21,0xCC21,0xCC21,0xCC21,
    0xCC21,0xCC21,0xCC21,0xCC21,0xCC21,0xCC21,0x8C19,0x8C19,0x8C19,0x8C19,0x8C19,0x8B19,
    0x8B19,0x8C19,0x8C19,0xCC21,0xCC21,0xCC21,0x8C19,0x8C19,0x8C19,0x8C19,0x8C19,0x8C19,
    0x8C19,0x8C19,0x8C19,0x8C19,0x8C19,0xCC21,0xCC21,0xCC21,0xCC21,0x8C19,0x8C19,0x8C19,
    0x8C19,0x8C19,0x8C19,0x8C19,0x8C19,0x8C19,0x8B19,0x8B19,0x8C19,0x8C19,0x8C19,0x8C19,
    0x8C19,0x8C19,0x8C19,0xCC21,0x8C19,0xCC21,0xCC21,0xCC21,0xCC21,0xCC21,0xCC21,0xCC21,
    0xCC21,0xCC21,0xCC21,0xCC21,0xCC21,0xCC21,0xCC21,0xCC21,0xCC21,0xCC21,0xCC21,0xCC21,
    0xCC21,0xEE29,0xEE29,0xCC21,0xCC21,0xCC21,0xCC21,0xCC21,0xCC21,0xCC21,0xCC21,0xCC21,
    0xCC21,0xCC21,0xCC21,0xCC21,0xCC21,0xCC21,0xCC21,0xAB29,0xCC21,0xCC21,0xCC21,0xCC21,
    0xCC21,0xCC21,0xCC21,0xCC21,0xCC21,0xCC21,0xCC21,0xCC21,0xCC21,0xCC21,0xCC21,0xCC21,
    0xCC21,0xCC21,0xCC21,0xCC21,0xCC21,0xCC21,0xCC21,0xCC21,0xCC21,0xCC21,0xCC21,0xEC31,
    0xEC31,0xEC31,0xEC31,0xEC31,0xEC31,0xEC31,0xEC31,0xEC31,0xEC31,0xEC31,0xEC31,0xEC31,
    0xEC31,0xEC31,0xEC31,0xEC31,0xEC31,0xEC31,0xEC31,0xEC31,0xEC31,0xEC31,0xEC31,0xEC31,
    0xEC31,0xEC31,0xEC31,0xEC31,0xEC31,0xEC31,0xEC31,0xEC31,0xEC31,0xEC31,0xEC31,0xEC31,
    0xEC31,0xEC31,0xEC31,0xEC31,0xEC31,0xEC31,0xEC31,0xEC31,0xEC31,0xEC31,0xEC31,0xEC31,
    0xEC31,0xEC31,0xEC31,0xEC31,0xEC31,0xEC31,0xEC31,0x0C3A,0x0C3A,0x0E32,0x0C3A,0x0E32,
    0x0C3A,0x0C3A,0x0C3A,0x0C3A,0xEC31,0xEC31,0xEC31,0xEC31,0xEC31,0xEC31,0xEC31,0xEC31,
    0xEC31,0xCC21,0xCC21,0xCC21,0xCC21,0xCC21,0xCC21,0xAB29,0xCC21,0xCC21,0xCC21,0xCC21,
    0xAB29,0xAB29,0xAB29,0xCC21,0xCC21,0xCC21,0xCC21,0xCC21,0xCC21,0xCC21,0xCC21,0xCC21,
    0xCC21,0xCC21,0xCC21,0xCC21,0xCC21,0xCC21,0xCC21,0xCC21,0xCC21,0xCC21,0xCC21,0xCC21,
    0xCC21,0xCC21,0xCC21,0xCC21,0xCC21,0xCC21,0xCC21,0xCC21,0xCC21,0xCC21,0xCC21,0xCC21,
    0xCC21,0xCC21,0xCC21,0xCC21,0xCC21,0xCC21,0xCC21,0x8C19,0x8C19,0x8C19,0x8C19,0x8C19,
    0x8C19,0x8C19,0x8C19,0x8C19,0x8C19,0x8C19,0x8C19,0x8C19,0x8C19,0x8C19,0x8C19,0x8C19,
    0x8C19,0x8C19,0x8C19,0x8C19,0x8C19,0x8C19,0xCC21,0xCC21,0xCC21,0x8C19,0x8C19,0x8C19,
    0x8C19,0x8C19,0x8C19,0x8C19,0x8C19,0x8C19,0x8C19,0x8C19,0x8C19,0x8C19,0x8C19,0x8C19,
    0x8C19,0x8C19,0x8C19,0x8C19,0x8C19,0xCC21,0xCC21,0xCC21,0xCC21,0xCC21,0xCC21,0xCC21,
    0xCC21,0xCC21,0xCC21,0xCC21,0xCC21,0xCC21,0xCC21,0xCC21,0xCC21,0xCC21,0xCC21,0xEE29,
    0xCC21,0xCC21,0xEE29,0xCC21,0xCC21,0xCC21,0xCC21,0xCC21,0xCC21,0xCC21,0xCC21,0xCC21,
    0xCC21,0xCC21,0xCC21,0xCC21,0xCC21,0xCC21,0xCC21,0xCC21,0xCC21,0xCC21,0xCC21,0xCC21,
    0xCC21,0xCC21,0xCC21,0xCC21,0xCC21,0xCC21,0xCC21,0xCC21,0xCC21,0xCC21,0xCC21,0xCC21,
    0xCC21,0xCC21,0xCC21,0xCC21,0xCC21,0xCC21,0xCC21,0xCC21,0xCC21,0xCC21,0xCC21,0xCC21,
    0xCC21,0xCC21,0xEC31,0xEC31,0xEC31,0xEC31,0xEC31,0xEC31,0xEC31,0xEC31,0xEC31,0xEC31,
    0xEC31,0xEC31,0xEC31,0xEC31,0xEC31,0xEC31,0xEC31,0xEC31,0xEC31,0xEC31,0xEC31,0xEC31,
    0xEC31,0xEC31,0xEC31,0xEC31,0xEC31,0xEC31,0xEC31,0xEC31,0xEC31,0xEC31,0xEC31,0xEC31,
    0xEC31,0xEC31,0xEC31,0xEC31,0xEC31,0xEC31,0xEC31,0xEC31,0xEC31,0xEC31,0xEC31,0xEC31,
    0xEC31,0xEC31,0xEC31,0xEC31,0xEC31,0xEC31,0xEC31,0x0C3A,0x0E32,0x0E32,0x0C3A,0x0C3A,
    0x0C3A,0x0C3A,0x0C3A,0xEC31,0xEC31,0xEC31,0xEC31,0xEC31,0xEC31,0xEC31,0xEC31,0xEC31,
    0xCC21,0xEC31,0xCC21,0xCC21,0xAB29,0xAB29,0xAB29,0xCC21,0xCC21,0xCC21,0xCC21,0xCC21,
    0xCC21,0xCC21,0xCC21,0xCC21,0xCC21,0xCC21,0xCC21,0xCC21,0xCC21,0xCC21,0xCC21,0xCC21,
    0xCC21,0xCC21,0xCC21,0xCC21,0xCC21,0xCC21,0xCC21,0xCC21,0xCC21,0xCC21,0xCC21,0xCC21,
    0xCC21,0xCC21,0xCC21,0xCC21,0xCC21,0xCC21,0xCC21,0xCC21,0xCC21,0xCC21,0xCC21,0xCC21,
    0xCC21,0xCC21,0xCC21,0xCC21,0xCC21,0xCC21,0xCC21,0xCC21,0x8C19,0x8C19,0x8C19,0x8C19,
    0x8C19,0x8C19,0x8C19,0x8C19,0x8C19,0x8C19,0x8C19,0x8C19,0x8C19,0x8C19,0x8C19,0x8C19,
    0x8C19,0x8C19,0x8C19,0x8C19,0x8C19,0x8C19,0x8C19,0xCC21,0xCC21,0x8C19,0x8C19,0x8C19,
    0x8C19,0x8C19,0x8C19,0x8C19,0x8C19,0x8C19,0x8C19,0x8C19,0x8C19,0x8C19,0x8C19,0x8C19,
    0x8C19,0x8C19,0x8C19,0x8C19,0xCC21,0xCC21,0xCC21,0xCC21,0xCC21,0xCC21,0xCC21,0x8C19,
    0xCC21,0xCC21,0xCC21,0xCC21,0xCC21,0xCC21,0xCC21,0xCC21,0xCC21,0xCC21,0xCC21,0xEE29,
    0xEE29,0xCC21,0xCC21,0xCC21,0xCC21,0xCC21,0xCC21,0xCC21,0xCC21,0xCC21,0xCC21,0xCC21,
    0xCC21,0xCC21,0xCC21,0xCC21,0xCC21,0xCC21,0xCC21,0xCC21,0xCC21,0xCC21,0xCC21,0xCC21,
    0xCC21,0xCC21,0xCC21,0xCC21,0xCC21,0xCC21,0xCC21,0xCC21,0xCC21,0xCC21,0xCC21,0xCC21,
    0xCC21,0xCC21,0xCC21,0xCC21,0xCC21,0xCC21,0xCC21,0xCC21,0xCC21,0xCC21,0xCC21,0xCC21,
    0xCC21,0xCC21,0xCC21,0xCC21,0xEC31,0xEC31,0xEC31,0xEC31,0xEC31,0xEC31,0xEC31,0xEC31,
    0xEC31,0xEC31,0xEC31,0xEC31,0xEC31,0xEC31,0xEC31,0xEC31,0xEC31,0xEC31,0xEC31,0xEC31,
    0xEC31,0xEC31,0xEC31,0xEC31,0xEC31,0xEC31,0xEC31,0xEC31,0xEC31,0xEC31,0xEC31,0xEC31,
    0xEC31,0xEC31,0xEC31,0xEC31,0xEC31,0xEC31,0xEC31,0xEC31,0xEC31,0xEC31,0xEC31,0xEC31,
    0xEC31,0xEC31,0xEC31,0xEC31,0xEC31,0xEC31,0xEC31,0x0C3A,0x0E32,0x0E32,0x0E32,0x0E32,
    0x0C3A,0x0E32,0x0C3A,0xEC31,0xEC31,0xEC31,0xCC21,0xEC31,0xEC31,0xEC31,0xCC21,0xCC21,
    0xCC21,0xCC21,0xCC21,0xCC21,0xCC21,0xCC21,0xCC21,0xCC21,0xCC21,0xCC21,0xCC21,0xCC21,
    0xCC21,0xCC21,0xCC21,0xCC21,0xCC21,0xCC21,0xCC21,0xCC21,0xCC21,0xCC21,0xCC21,0xCC21,
    0xCC21,0xCC21,0xCC21,0xCC21,0xCC21,0xCC21,0xCC21,0xCC21,0xCC21,0xCC21,0xCC21,0xCC21,
    0xCC21,0xCC21,0xCC21,0xCC21,0xCC21,0xCC21,0xCC21,0xCC21,0xCC21,0xCC21,0xCC21,0xCC21,
    0xCC21,0xCC21,0xCC21,0xCC21,0xCC21,0xCC21,0x8C19,0xCC21,0x8C19,0x8C19,0x8C19,0x8C19,
    0x8C19,0x8C19,0x8C19,0x8C19,0x8C19,0x8C19,0x8C19,0x8C19,0x8C19,0x8C19,0x8C19,0x8C19,
    0x8C19,0x8C19,0x8C19,0x8C19,0x8C19,0x8C19,0x8C19,0xCC21,0xCC21,0xCC21,0xCC21,0x8C19,
    0x8C19,0x8C19,0x8C19,0x8C19,0x8C19,0x8C19,0x8C19,0x8C19,0x8C19,0x8C19,0x8C19,0x8C19,
    0x8C19,0x8C19,0x8C19,0x8C19,0x8C19,0xCC21,0xCC21,0xCC21,0xCC21,0xCC21,0xCC21,0xCC21,
    0x8C19,0xCC21,0xCC21,0xCC21,0xCC21,0xCC21,0xCC21,0xCC21,0xCC21,0xCC21,0xCC21,0xCC21,
    0xCC21,0xCC21,0xCC21,0xCC21,0xCC21,0xCC21,0xCC21,0xCC21,0xCC21,0xCC21,0xCC21,0xCC21,
    0xCC21,0xCC21,0xCC21,0xCC21,0xCC21,0xCC21,0xCC21,0xCC21,0xCC21,0xCC21,0xCC21,0xCC21,
    0xAB29,0xCC21,0xCC21,0xCC21,0xCC21,0xCC21,0xCC21,0xCC21,0xCC21,0xCC21,0xCC21,0xCC21,
    0xCC21,0xCC21,0xCC21,0xCC21,0xCC21,0xCC21,0xCC21,0xCC21,0xCC21,0xCC21,0xCC21,0xCC21,
    0xCC21,0xCC21,0xCC21,0xCC21,0xCC21,0xCC21,0xCC21,0xCC21,0xEC31,0xEC31,0xEC31,0xEC31,
    0xCC21,0xEC31,0xEC31,0xEC31,0xEC31,0xEC31,0xEC31,0xEC31,0xEC31,0xEC31,0xEC31,0xEC31,
    0xEC31,0xEC31,0xEC31,0xEC31,0xEC31,0xEC31,0xEC31,0xCC21,0xCC21,0xCC21,0xEC31,0xEC31,
    0xEC31,0xEC31,0xEC31,0xEC31,0xEC31,0xEC31,0xEC31,0xEC31,0xEC31,0xEC31,0xEC31,0xEC31,
    0xEC31,0xEC31,0xEC31,0xEC31,0xEC31,0xEC31,0x0C3A,0x0C3A,0x0C3A,0x0E32,0x0E32,0x0E32,
    0x0E32,0x0E32,0x0C3A,0xEC31,0xEC31,0xCC21,0xCC21,0xCC21,0xCC21,0xCC21,0xCC21,0xCC21,
    0xCC21,0xCC21,0xCC21,0xCC21,0xCC21,0xCC21,0xCC21,0xCC21,0xCC21,0xCC21,0xCC21,0xCC21,
    0xCC21,0xCC21,0xCC21,0xCC21,0xCC21,0xCC21,0xCC21,0xCC21,0xCC21,0xCC21,0xCC21,0xCC21,
    0xCC21,0xCC21,0xCC21,0xCC21,0xCC21,0xCC21,0xCC21,0xCC21,0xCC21,0xCC21,0xCC21,0xCC21,
    0xCC21,0xCC21,0xCC21,0xCC21,0xCC21,0xCC21,0xCC21,0xCC21,0xCC21,0xCC21,0xCC21,0xCC21,
    0xCC21,0xCC21,0xCC21,0xCC21,0xCC21,0xCC21,0xCC21,0xCC21,0xCC21,0xCC21,0x8C19,0xCC21,
    0x8C19,0x8C19,0x8C19,0x8C19,0x8C19,0x8C19,0x8C19,0x8C19,0x8C19,0x8C19,0x8C19,0x8C19,
    0x8C19,0x8C19,0x8C19,0x8C19,0x8C19,0x8C19,0x8C19,0x8C19,0xCC21,0xCC21,0xCC21,0x8C19,
    0x8C19,0x8C19,0x8C19,0x8C19,0x8C19,0x8C19,0x8C19,0x8C19,0x8C19,0x8C19,0x8C19,0x8C19,
    0x8C19,0x8C19,0x8C19,0x8C19,0x8C19,0x8C19,0x8C19,0xCC21,0xCC21,0xCC21,0xCC21,0xCC21,
    0xCC21,0x8C19,0x8C19,0xCC21,0xCC21,0xCC21,0xCC21,0xCC21,0xCC21,0xCC21,0xCC21,0xCC21,
    0xCC21,0xCC21,0xCC21,0xCC21,0xCC21,0xCC21,0xCC21,0xCC21,0xCC21,0xCC21,0xCC21,0xCC21,
    0xCC21,0xCC21,0xCC21,0xCC21,0xCC21,0xCC21,0xCC21,0xCC21,0xCC21,0xCC21,0xCC21,0xCC21,
    0xCC21,0xCC21,0xCC21,0xCC21,0xCC21,0xCC21,0xCC21,0xCC21,0xCC21,0xCC21,0xCC21,0xCC21,
    0xCC21,0xCC21,0xCC21,0xCC21,0xCC21,0xCC21,0xCC21,0xCC21,0xCC21,0xCC21,0xCC21,0xCC21,
    0xCC21,0xCC21,0xCC21,0xCC21,0xCC21,0xCC21,0xCC21,0xCC21,0xCC21,0xCC21,0xEC31,0xCC21,
    0xCC21,0xCC21,0xCC21,0xEC31,0xEC31,0xEC31,0xEC31,0xEC31,0xCC21,0xCC21,0xCC21,0xCC21,
    0xCC21,0xCC21,0xEC31,0xCC21,0xCC21,0xEC31,0xEC31,0xEC31,0xCC21,0xEC31,0xEC31,0xEC31,
    0xEC31,0xEC31,0xEC31,0xEC31,0xEC31,0xEC31,0xEC31,0xEC31,0xEC31,0xEC31,0xEC31,0xEC31,
    0xEC31,0xEC31,0xEC31,0xEC31,0x0E32,0x0E32,0x0E32,0x0E32,0x0E32,0x0E32,0x0E32,0x0E32,
    0x0E32,0x0C3A,0xEC31,0xEC31,0xCC21,0xCC21,0xCC21,0xCC21,0xCC21,0xCC21,0xCC21,0xCC21,
    0xCC21,0xCC21,0xCC21,0xCC21,0xCC21,0xCC21,0xCC21,0xCC21,0xCC21,0xCC21,0xCC21,0xAB29,
    0xCC21,0xAB29,0xCC21,0xCC21,0xCC21,0xCC21,0xCC21,0xCC21,0xCC21,0xCC21,0xCC21,0xCC21,
    0xCC21,0xCC21,0xCC21,0xCC21,0xCC21,0xCC21,0xCC21,0xCC21,0xCC21,0xCC21,0xCC21,0xCC21,
    0xCC21,0xCC21,0xCC21,0xCC21,0xCC21,0xCC21,0xCC21,0xCC21,0xCC21,0xCC21,0xCC21,0xCC21,
    0xCC21,0xCC21,0xCC21,0xCC21,0xCC21,0xCC21,0xCC21,0xCC21,0xCC21,0xCC21,0xCC21,0x8C19,
    0x8C19,0x8C19,0xCC21,0xCC21,0xCC21,0x8C19,0xCC21,0xCC21,0x8C19,0x8C19,0x8C19,0x8C19,
    0x8C19,0x8C19,0x8C19,0x8C19,0x8C19,0x8C19,0x8C19,0x8C19,0x8C19,0x8C19,0x8C19,0x8C19,
    0x8C19,0x8C19,0x8C19,0x8C19,0x8C19,0x8C19,0x8C19,0x8C19,0x8C19,0x8C19,0x8C19,0x8C19,
    0x8C19,0x8C19,0x8C19,0x8C19,0x8C19,0x8C19,0x8C19,0xCC21,0xCC21,0x8C19,0xCC21,0xCC21,
    0xCC21,0xCC21,0xCC21,0xCC21,0xCC21,0xCC21,0xCC21,0xCC21,0xCC21,0xCC21,0xCC21,0xCC21,
    0xCC21,0xCC21,0xCC21,0xCC21,0xCC21,0xCC21,0xCC21,0xCC21,0xCC21,0xCC21,0xCC21,0xCC21,
    0xCC21,0xCC21,0xCC21,0xCC21,0xCC21,0xCC21,0xCC21,0xCC21,0xCC21,0xCC21,0xCC21,0xCC21,
    0xCC21,0xCC21,0xCC21,0xCC21,0xCC21,0xCC21,0xCC21,0xCC21,0xCC21,0xCC21,0xCC21,0xCC21,
    0xCC21,0xCC21,0xCC21,0xCC21,0xCC21,0xCC21,0xCC21,0xCC21,0xCC21,0xCC21,0xCC21,0xCC21,
    0xCC21,0xCC21,0xCC21,0xCC21,0xCC21,0xCC21,0xCC21,0xCC21,0xCC21,0xCC21,0xCC21,0xCC21,
    0xCC21,0xCC21,0xCC21,0xCC21,0xCC21,0xCC21,0xCC21,0xCC21,0xCC21,0xCC21,0xCC21,0xCC21,
    0xCC21,0xCC21,0xCC21,0xCC21,0xCC21,0xCC21,0xEC31,0xEC31,0xEC31,0xEC31,0xEC31,0xEC31,
    0xEC31,0xCC21,0xCC21,0xCC21,0xCC21,0xCC21,0xCC21,0xCC21,0xEC31,0xEC31,0xEC31,0xEC31,
    0xEC31,0xEC31,0xEC31,0x0C3A,0x0E32,0x0E32,0x0E32,0x0E32,0x0E32,0x0E32,0x0E32,0x0E32,
    0x0C3A,0x0C3A,0xEC31,0xEC31,0xCC21,0xCC21,0xCC21,0xCC21,0xCC21,0xCC21,0xCC21,0xCC21,
    0xCC21,0xCC21,0xCC21,0xCC21,0xCC21,0xCC21,0xCC21,0xCC21,0xCC21,0xAB29,0xAB29,0xCC21,
    0xCC21,0xCC21,0xCC21,0xCC21,0xCC21,0xCC21,0xCC21,0xCC21,0xCC21,0xCC21,0xCC21,0xCC21,
    0xCC21,0xCC21,0xCC21,0xCC21,0xCC21,0xCC21,0xCC21,0xCC21,0xCC21,0xCC21,0xCC21,0xCC21,
    0xCC21,0xCC21,0xCC21,0xCC21,0xCC21,0xCC21,0xCC21,0xCC21,0xCC21,0xCC21,0xCC21,0xCC21,
    0xCC21,0xCC21,0xCC21,0xCC21,0xCC21,0xCC21,0xCC21,0xCC21,0xCC21,0xCC21,0xCC21,0xCC21,
    0xCC21,0xCC21,0xCC21,0x8C19,0xCC21,0x8C19,0xCC21,0xCC21,0xCC21,0xCC21,0xCC21,0x8C19,
    0x8C19,0x8C19,0x8C19,0x8C19,0x8C19,0x8C19,0x8C19,0x8C19,0x8C19,0x8C19,0x8C19,0x8C19,
    0x8C19,0x8C19,0x8C19,0x8C19,0x8C19,0x8C19,0x8C19,0x8C19,0x8C19,0x8C19,0x8C19,0x8C19,
    0x8C19,0x8C19,0xCC21,0x8C19,0x8C19,0x8C19,0x8C19,0x8C19,0xCC21,0x8C19,0x8C19,0x8C19,
    0xCC21,0xCC21,0xCC21,0xCC21,0xCC21,0xCC21,0xCC21,0xCC21,0xCC21,0xCC21,0xCC21,0xCC21,
    0xCC21,0xCC21,0xCC21,0xCC21,0xCC21,0xCC21,0xCC21,0xCC21,0xCC21,0xCC21,0xCC21,0xCC21,
    0xCC21,0xCC21,0xCC21,0xCC21,0xCC21,0xCC21,0xCC21,0xCC21,0xCC21,0xCC21,0xCC21,0xCC21,
    0xCC21,0xCC21,0xCC21,0xCC21,0xCC21,0xCC21,0xCC21,0xCC21,0xCC21,0xCC21,0xCC21,0xCC21,
    0xCC21,0xCC21,0xCC21,0xCC21,0xCC21,0xCC21,0xCC21,0xCC21,0xCC21,0xCC21,0xCC21,0xCC21,
    0xCC21,0xCC21,0xCC21,0xCC21,0xCC21,0xCC21,0xCC21,0xCC21,0xCC21,0xCC21,0xCC21,0xCC21,
    0xCC21,0xCC21,0xCC21,0xCC21,0xEC31,0xCC21,0xCC21,0xCC21,0xCC21,0xCC21,0xCC21,0xCC21,
    0xCC21,0xCC21,0xCC21,0xCC21,0xCC21,0xCC21,0xCC21,0xCC21,0xCC21,0xEC31,0xEC31,0xEC31,
    0xEC31,0xCC21,0xCC21,0xCC21,0xCC21,0xCC21,0xCC21,0xCC21,0xEC31,0xEC31,0xEC31,0xEC31,
    0xEC31,0xEC31,0x0E32,0x0E32,0x0E32,0x0E32,0x0E32,0x0E32,0x0E32,0x0E32,0x0C3A,0x0E32,
    0x0C3A,0x0C3A,0xEC31,0xCC21,0xCC21,0xCC21,0xCC21,0xCC21,0xCC21,0xCC21,0xCC21,0xCC21,
    0xCC21,0xCC21,0xCC21,0xCC21,0xCC21,0xCC21,0xCC21,0xCC21,0xCC21,0xCC21,0xCC21,0xCC21,
    0xCC21,0xCC21,0xCC21,0xCC21,0xCC21,0xCC21,0xCC21,0xCC21,0xCC21,0xCC21,0xCC21,0xCC21,
    0xCC21,0xCC21,0xCC21,0xCC21,0xCC21,0xCC21,0xCC21,0xCC21,0xCC21,0xCC21,0xCC21,0xCC21,
    0xCC21,0xCC21,0xCC21,0xCC21,0xCC21,0xCC21,0xCC21,0xCC21,0xCC21,0xCC21,0xCC21,0xCC21,
    0xCC21,0xCC21,0xCC21,0xCC21,0xCC21,0xCC21,0xCC21,0xCC21,0xCC21,0xCC21,0xCC21,0xCC21,
    0xCC21,0xCC21,0xCC21,0xCC21,0xCC21,0xCC21,0xCC21,0xCC21,0x8C19,0xCC21,0xCC21,0xCC21,
    0x8C19,0x8C19,0x8C19,0x8C19,0x8C19,0x8C19,0x8C19,0x8C19,0x8C19,0x8C19,0x8C19,0x8C19,
    0x8C19,0x8C19,0x8C19,0x8C19,0x8C19,0x8C19,0x8C19,0x8B19,0x8C19,0x8C19,0x8C19,0x8C19,
    0xCC21,0xCC21,0xCC21,0x8C19,0x8C19,0x8C19,0x8C19,0x8C19,0xCC21,0xCC21,0x8C19,0x8C19,
    0x8C19,0x8C19,0xCC21,0xCC21,0xCC21,0xCC21,0xCC21,0xCC21,0xCC21,0xCC21,0xCC21,0xCC21,
    0xCC21,0xCC21,0xCC21,0xCC21,0xCC21,0xCC21,0xCC21,0xCC21,0xCC21,0xCC21,0xCC21,0xCC21,
    0xCC21,0xCC21,0xCC21,0xCC21,0xCC21,0xCC21,0xCC21,0xCC21,0xCC21,0xCC21,0xCC21,0xCC21,
    0xCC21,0xCC21,0xCC21,0xCC21,0xCC21,0xCC21,0xCC21,0xCC21,0xCC21,0xCC21,0xCC21,0xCC21,
    0xCC21,0xCC21,0xCC21,0xCC21,0xCC21,0xCC21,0xCC21,0xCC21,0xCC21,0xCC21,0xCC21,0xCC21,
    0xCC21,0xCC21,0xCC21,0xCC21,0xCC21,0xCC21,0xCC21,0xCC21,0xCC21,0xCC21,0xCC21,0xEC31,
    0xEC31,0xCC21,0xCC21,0xCC21,0xCC21,0xCC21,0xCC21,0xCC21,0xCC21,0xCC21,0xCC21,0xCC21,
    0xCC21,0xCC21,0xCC21,0xCC21,0xCC21,0xCC21,0xCC21,0xCC21,0xCC21,0xCC21,0xCC21,0xCC21,
    0xCC21,0xCC21,0xCC21,0xCC21,0xCC21,0xCC21,0xCC21,0xCC21,0xCC21,0xEC31,0xCC21,0xEC31,
    0xCC21,0x0C3A,0x0E32,0x0E32,0x0E32,0x0E32,0x0E32,0x0E32,0x0E32,0x0E32,0x0C3A,0x0C3A,
    0x0C3A,0x0C3A,0xEC31,0xCC21,0xCC21,0xCC21,0xCC21,0xCC21,0xCC21,0xCC21,0xCC21,0xCC21,
    0xCC21,0xCC21,0xCC21,0xCC21,0xCC21,0xCC21,0xCC21,0xCC21,0xCC21,0xCC21,0xCC21,0xCC21,
    0xCC21,0xCC21,0xCC21,0xCC21,0xCC21,0xCC21,0xCC21,0xCC21,0xCC21,0xCC21,0xCC21,0xCC21,
    0xCC21,0xCC21,0xCC21,0xCC21,0xCC21,0xCC21,0xCC21,0xCC21,0xCC21,0xCC21,0xCC21,0xCC21,
    0xCC21,0xCC21,0xCC21,0xCC21,0xCC21,0xCC21,0xCC21,0xCC21,0xCC21,0xCC21,0xCC21,0xCC21,
    0xCC21,0xCC21,0xCC21,0xCC21,0xCC21,0xCC21,0xCC21,0xCC21,0xCC21,0xCC21,0xCC21,0xCC21,
    0xCC21,0xCC21,0xCC21,0xCC21,0xCC21,0xCC21,0xCC21,0xCC21,0x8C19,0xCC21,0xCC21,0x8C19,
    0xCC21,0x8C19,0x8C19,0x8C19,0x8C19,0x8C19,0x8C19,0x8C19,0x8C19,0x8C19,0x8C19,0x8C19,
    0x8C19,0x8C19,0x8C19,0x8C19,0x8C19,0x8C19,0x8C19,0x8B19,0x8B19,0x8C19,0x8C19,0x8C19,
    0x8C19,0x8C19,0x8C19,0x8C19,0x8C19,0x8C19,0x8C19,0x8C19,0xCC21,0x8C19,0x8C19,0x8C19,
    0x8C19,0x8C19,0x8C19,0xCC21,0xCC21,0xCC21,0xCC21,0xCC21,0xCC21,0xCC21,0xCC21,0xCC21,
    0xCC21,0xCC21,0xCC21,0xEE29,0xCC21,0xCC21,0xCC21,0xCC21,0xCC21,0xCC21,0xCC21,0xCC21,
    0xCC21,0xCC21,0xCC21,0xCC21,0xCC21,0xCC21,0xCC21,0xCC21,0xCC21,0xCC21,0xCC21,0xCC21,
    0xCC21,0xCC21,0xCC21,0xCC21,0xCC21,0xCC21,0xCC21,0xCC21,0xCC21,0xCC21,0xCC21,0xCC21,
    0xCC21,0xCC21,0xCC21,0xCC21,0xCC21,0xCC21,0xCC21,0xCC21,0xCC21,0xCC21,0xCC21,0xCC21,
    0xCC21,0xCC21,0xCC21,0xCC21,0xCC21,0xCC21,0xCC21,0xCC21,0xCC21,0xEE29,0xEE29,0xEC31,
    0xCC21,0xCC21,0xCC21,0xCC21,0xCC21,0xCC21,0xCC21,0xCC21,0xCC21,0xCC21,0xCC21,0xCC21,
    0xCC21,0xCC21,0xCC21,0xCC21,0xCC21,0xCC21,0xCC21,0xCC21,0xCC21,0xCC21,0xCC21,0xCC21,
    0xCC21,0xCC21,0xCC21,0xCC21,0xCC21,0xCC21,0xCC21,0xCC21,0xCC21,0xCC21,0xCC21,0xEC31,
    0xEC31,0xEC31,0x0C3A,0x0E32,0x0E32,0x0E32,0x0E32,0x0E32,0x0E32,0x0E32,0x0E32,0x0C3A,
    0x0C3A,0xEC31,0xEC31,0xCC21,0xCC21,0xCC21,0xCC21,0xCC21,0xCC21,0xCC21,0xCC21,0xCC21,
    0xCC21,0xCC21,0xCC21,0xCC21,0xCC21,0xCC21,0xCC21,0xCC21,0xCC21,0xCC21,0xCC21,0xCC21,
    0xCC21,0xCC21,0xCC21,0xCC21,0xCC21,0xCC21,0xCC21,0xCC21,0xCC21,0xCC21,0xCC21,0xCC21,
    0xCC21,0xCC21,0xCC21,0xCC21,0xCC21,0xCC21,0xCC21,0xCC21,0xCC21,0xCC21,0xCC21,0xCC21,
    0xCC21,0xCC21,0xCC21,0xCC21,0xCC21,0xCC21,0xCC21,0xCC21,0xCC21,0xCC21,0xCC21,0xCC21,
    0xCC21,0xCC21,0xCC21,0xCC21,0xCC21,0xCC21,0xCC21,0xCC21,0xCC21,0xCC21,0xCC21,0xCC21,
    0xCC21,0x8C19,0xCC21,0xCC21,0x8C19,0xCC21,0xCC21,0xCC21,0xCC21,0x8C19,0x8C19,0x8C19,
    0x8C19,0x8C19,0x8C19,0x8C19,0x8C19,0x8C19,0x8C19,0x8C19,0x8C19,0x8C19,0x8C19,0x8C19,
    0x8C19,0x8C19,0x8C19,0x8C19,0x8C19,0x8C19,0x8C19,0x8C19,0x8B19,0x8B19,0x8C19,0x8C19,
    0x8C19,0x8C19,0xCC21,0xCC21,0x8C19,0x8C19,0xCC21,0x8C19,0x8C19,0xCC21,0xCC21,0xCC21,
    0x8C19,0xCC21,0x8C19,0x8C19,0xCC21,0xCC21,0xCC21,0xCC21,0xCC21,0xCC21,0xCC21,0xCC21,
    0xCC21,0xCC21,0xCC21,0xCC21,0xCC21,0xCC21,0xCC21,0xCC21,0xCC21,0xCC21,0xCC21,0xCC21,
    0xCC21,0xCC21,0xCC21,0xCC21,0xCC21,0xCC21,0xCC21,0xCC21,0xCC21,0xCC21,0xCC21,0xCC21,
    0xCC21,0xCC21,0xCC21,0xCC21,0xCC21,0xCC21,0xCC21,0xCC21,0xCC21,0xCC21,0xCC21,0xCC21,
    0xCC21,0xCC21,0xCC21,0xCC21,0xCC21,0xCC21,0xCC21,0xEE29,0xCC21,0xCC21,0xCC21,0xCC21,
    0xCC21,0xCC21,0xCC21,0xEE29,0xCC21,0xEE29,0xEE29,0x0D2A,0xEE29,0xEE29,0xEE29,0xEE29,
    0xEE31,0xCC21,0xCC21,0xEC31,0xCC21,0xCC21,0xCC21,0xCC21,0xCC21,0xCC21,0xCC21,0xCC21,
    0xCC21,0xCC21,0xCC21,0xCC21,0xCC21,0xCC21,0xCC21,0xCC21,0xCC21,0xCC21,0xCC21,0xEC31,
    0xEC31,0xEC31,0xCC21,0xEC31,0xCC21,0xCC21,0xCC21,0xCC21,0x0C3A,0x0C3A,0x0C3A,0x0C3A,
    0x0D2A,0x0C3A,0xEE31,0x0E32,0x0E32,0x0E32,0x0E32,0x0E32,0x0E32,0x0E32,0x0E32,0x0E32,
    0x0E2A,0xCC21,0xCC21,0xCC21,0xCC21,0xCC21,0xCC21,0xCC21,0xCC21,0xCC21,0xCC21,0xCC21,
    0xCC21,0xCC21,0xCC21,0xCC21,0xCC21,0xCC21,0xCC21,0xCC21,0xCC21,0xCC21,0xCC21,0xCC21,
    0xCC21,0xCC21,0xCC21,0xCC21,0xCC21,0xCC21,0xCC21,0xCC21,0xCC21,0xCC21,0xCC21,0xCC21,
    0xCC21,0xCC21,0xCC21,0xCC21,0xCC21,0xCC21,0xCC21,0xCC21,0xCC21,0xCC21,0xCC21,0xCC21,
    0xCC21,0xCC21,0xCC21,0xCC21,0xCC21,0xCC21,0xCC21,0xCC21,0xCC21,0xCC21,0xCC21,0xCC21,
    0xCC21,0xCC21,0xCC21,0xCC21,0xCC21,0xCC21,0xCC21,0xCC21,0xCC21,0xCC21,0xCC21,0xCC21,
    0xCC21,0xCC21,0xCC21,0xCC21,0xCC21,0xCC21,0xCC21,0x8C19,0x8C19,0x8C19,0x8C19,0x8C19,
    0x8C19,0x8C19,0x8C19,0x8C19,0x8C19,0x8C19,0x8C19,0x8C19,0x8C19,0x8C19,0x8C19,0x8C19,
    0x8C19,0x8C19,0x8C19,0x8C19,0x8B19,0x8B19,0x6B19,0x8B19,0x8B19,0x8C19,0x8C19,0x8C19,
    0x8C19,0x8C19,0x8C19,0x8C19,0x8C19,0x8C19,0xCC21,0xCC21,0xCC21,0xCC21,0xCC21,0xCC21,
    0xCC21,0xCC21,0xCC21,0xCC21,0xCC21,0xCC21,0xCC21,0xCC21,0xCC21,0xCC21,0xCC21,0xCC21,
    0xCC21,0xCC21,0xCC21,0xCC21,0xCC21,0xCC21,0xCC21,0xCC21,0xCC21,0xCC21,0xCC21,0xCC21,
    0xCC21,0xCC21,0xCC21,0xCC21,0xCC21,0xCC21,0xCC21,0xCC21,0xCC21,0xCC21,0xCC21,0xCC21,
    0xCC21,0xCC21,0xCC21,0xCC21,0xCC21,0xCC21,0xCC21,0xCC21,0xCC21,0xCC21,0xCC21,0xCC21,
    0xCC21,0xCC21,0xCC21,0xCC21,0xCC21,0xCC21,0xCC21,0xCC21,0xEE29,0xCC21,0xCC21,0xCC21,
    0xCC21,0xCC21,0xCC21,0xCC21,0xCC21,0xCC21,0xCC21,0xCC21,0xEE29,0xEE29,0xEE29,0xEE29,
    0xEE29,0xEE29,0xCC21,0xCC21,0xCC21,0xCC21,0xCC21,0xCC21,0xCC21,0xCC21,0xCC21,0xCC21,
    0xCC21,0xCC21,0xCC21,0xCC21,0xCC21,0xCC21,0xCC21,0xCC21,0xCC21,0xCC21,0xCC21,0xEC31,
    0xEC31,0xEC31,0x0E2A,0xEC31,0xCC21,0xCC21,0x0D2A,0x0D2A,0xEC31,0xEC31,0x0E2A,0x0E2A,
    0x0E32,0x0E2A,0x0E32,0x0E32,0x0E32,0x0E32,0x0E32,0x0E32,0x0E32,0x0E32,0x0E32,0x0C3A,
    0xEC31,0xCC21,0xCC21,0xCC21,0xCC21,0xCC21,0xCC21,0xCC21,0xCC21,0xCC21,0xCC21,0xCC21,
    0xCC21,0xCC21,0xCC21,0xCC21,0xCC21,0xCC21,0xCC21,0xCC21,0xCC21,0xCC21,0xCC21,0xCC21,
    0xCC21,0xCC21,0xCC21,0xCC21,0xCC21,0xCC21,0xCC21,0xCC21,0xCC21,0xCC21,0xCC21,0xCC21,
    0xCC21,0xCC21,0xCC21,0xCC21,0xCC21,0xCC21,0xCC21,0xCC21,0xCC21,0xCC21,0xCC21,0xCC21,
    0xCC21,0xCC21,0xCC21,0xCC21,0xCC21,0xCC21,0xCC21,0xCC21,0xCC21,0xCC21,0xCC21,0xCC21,
    0xCC21,0xCC21,0xCC21,0xCC21,0xCC21,0xCC21,0xCC21,0xCC21,0xCC21,0xCC21,0xCC21,0xCC21,
    0x8C19,0xCC21,0xCC21,0xCC21,0xCC21,0xCC21,0xCC21,0xCC21,0x8C19,0x8C19,0x8C19,0x8C19,
    0x8C19,0x8C19,0x8C19,0x8C19,0x8C19,0x8C19,0x8C19,0x8C19,0x8C19,0x8C19,0x8C19,0x8C19,
    0x8B19,0x8C19,0x8C19,0x8C19,0x8C19,0x8B19,0x8B19,0x6B19,0x6B19,0x8B19,0x8C19,0x8C19,
    0x8C19,0x8C19,0x8C19,0x8C19,0x8C19,0x8C19,0xCC21,0xCC21,0xCC21,0xCC21,0xCC21,0xCC21,
    0xCC21,0xCC21,0xCC21,0xCC21,0x8C19,0xCC21,0xCC21,0xCC21,0xCC21,0xCC21,0xCC21,0xCC21,
    0xCC21,0xCC21,0xCC21,0xCC21,0xCC21,0xCC21,0xCC21,0xCC21,0xCC21,0xCC21,0xCC21,0xCC21,
    0xCC21,0xCC21,0xCC21,0xCC21,0xCC21,0xCC21,0xCC21,0xCC21,0xCC21,0xCC21,0xCC21,0xCC21,
    0xCC21,0xCC21,0xCC21,0xCC21,0xCC21,0xCC21,0xCC21,0xCC21,0xCC21,0xCC21,0xCC21,0xCC21,
    0xCC21,0xCC21,0xCC21,0xCC21,0xCC21,0xCC21,0xCC21,0xCC21,0xEE29,0x0D2A,0xCC21,0xCC21,
    0xCC21,0xCC21,0xCC21,0xCC21,0xCC21,0xCC21,0xCC21,0xCC21,0xEE29,0xEE29,0xEE29,0xEE29,
    0xEE29,0xEE29,0xEE29,0xCC21,0xCC21,0xCC21,0xCC21,0xCC21,0xCC21,0xCC21,0xCC21,0xCC21,
    0xCC21,0xCC21,0xCC21,0xCC21,0xCC21,0xCC21,0xCC21,0xCC21,0xCC21,0xCC21,0xCC21,0xCC21,
    0x0E2A,0x0E2A,0x0E2A,0x0E2A,0x0E2A,0x0E2A,0x0E2A,0x0E2A,0x0E2A,0x0E2A,0x0E2A,0x0E32,
    0x0E32,0x0E32,0x0E32,0x0E32,0x0E32,0x0E32,0x0E32,0x0E32,0x0E32,0x0E2A,0x0E2A,0xCC21,
    0xCC21,0xCC21,0xCC21,0xCC21,0xCC21,0xCC21,0xCC21,0xCC21,0xCC21,0xCC21,0xCC21,0xCC21,
    0xCC21,0xCC21,0xCC21,0xCC21,0xCC21,0xCC21,0xCC21,0xCC21,0xCC21,0xCC21,0xCC21,0xCC21,
    0xCC21,0xCC21,0xCC21,0xCC21,0xCC21,0xCC21,0xCC21,0xCC21,0xCC21,0xCC21,0xCC21,0xCC21,
    0xCC21,0xCC21,0xCC21,0xCC21,0xCC21,0xCC21,0xCC21,0xCC21,0xCC21,0xCC21,0xCC21,0xCC21,
    0xCC21,0xCC21,0xCC21,0xCC21,0xCC21,0xCC21,0xCC21,0xCC21,0xCC21,0xCC21,0xCC21,0xCC21,
    0xCC21,0xCC21,0xCC21,0xCC21,0xCC21,0xCC21,0xCC21,0xCC21,0xCC21,0xCC21,0xCC21,0xCC21,
    0x8C19,0xCC21,0xCC21,0xCC21,0xCC21,0xCC21,0xCC21,0xCC21,0xCC21,0xCC21,0x8C19,0x8C19,
    0x8C19,0x8C19,0x8C19,0x8C19,0x8C19,0x8C19,0x8C19,0x8C19,0x8C19,0x8C19,0x8C19,0x8C19,
    0x8B19,0x8B19,0x8C19,0x8C19,0x8C19,0x8C19,0x8B19,0x8B19,0x6B19,0x6B19,0x8B19,0x8C19,
    0x8C19,0x8C19,0x8C19,0x8C19,0x8C19,0xCC21,0xCC21,0xCC21,0xCC21,0xCC21,0xCC21,0xCC21,
    0xCC21,0xCC21,0xCC21,0xCC21,0xCC21,0xCC21,0xCC21,0xCC21,0xCC21,0xCC21,0xCC21,0xCC21,
    0xCC21,0xCC21,0xCC21,0xCC21,0xCC21,0xCC21,0xCC21,0xCC21,0xCC21,0xCC21,0xCC21,0xCC21,
    0xCC21,0xCC21,0xCC21,0xCC21,0xCC21,0xCC21,0xCC21,0xCC21,0xCC21,0xCC21,0xCC21,0xCC21,
    0xCC21,0xCC21,0xCC21,0xCC21,0xCC21,0xCC21,0xCC21,0xCC21,0xCC21,0xCC21,0xCC21,0xCC21,
    0xCC21,0xCC21,0xCC21,0xCC21,0xCC21,0xCC21,0xCC21,0xCC21,0xCC21,0xCC21,0x0E2A,0xCC21,
    0xCC21,0xCC21,0xCC21,0xCC21,0xCC21,0xCC21,0xCC21,0xCC21,0xCC21,0xCC21,0xEE29,0xCC21,
    0xEE29,0xEE29,0xEE29,0xCC21,0xCC21,0xCC21,0xCC21,0xCC21,0xCC21,0xCC21,0xCC21,0xCC21,
    0xCC21,0xCC21,0xCC21,0xCC21,0xCC21,0xCC21,0xCC21,0xCC21,0xCC21,0xCC21,0xCC21,0xCC21,
    0xCC21,0xEE31,0x0E2A,0x0E2A,0x0E32,0xEE31,0x0E2A,0x0E2A,0x0E2A,0x0E2A,0x0E2A,0x0E32,
    0x0E2A,0xEE31,0x0E2A,0x0E32,0x0E2A,0x0E2A,0x0E2A,0x0E2A,0xEE29,0xEE29,0xCC21,0xCC21,
    0xCC21,0xCC21,0xCC21,0xCC21,0xCC21,0xCC21,0xCC21,0xCC21,0xCC21,0xCC21,0xCC21,0xCC21,
    0xCC21,0xCC21,0xCC21,0xCC21,0xCC21,0xCC21,0xCC21,0xCC21,0xCC21,0xCC21,0xCC21,0xCC21,
    0xCC21,0xCC21,0xCC21,0xCC21,0xCC21,0xCC21,0xCC21,0xCC21,0xCC21,0xCC21,0xCC21,0xCC21,
    0xCC21,0xCC21,0xCC21,0xCC21,0xCC21,0xCC21,0xCC21,0xCC21,0xCC21,0xCC21,0xCC21,0xCC21,
    0xCC21,0xCC21,0xCC21,0xCC21,0xCC21,0xCC21,0xCC21,0xCC21,0xCC21,0xCC21,0xCC21,0xCC21,
    0xCC21,0xCC21,0xCC21,0xCC21,0xCC21,0xCC21,0xCC21,0xCC21,0xCC21,0xCC21,0xCC21,0xCC21,
    0xCC21,0xCC21,0xCC21,0xCC21,0xCC21,0xCC21,0xCC21,0xCC21,0xCC21,0xCC21,0xCC21,0xCC21,
    0x8C19,0x8C19,0x8C19,0x8C19,0x8C19,0x8C19,0x8C19,0x8C19,0x8C19,0x8C19,0x8C19,0x8C19,
    0x8B19,0x8B19,0x8B19,0x8C19,0x8C19,0x8C19,0x8C19,0x8B19,0x8B19,0x6B19,0x6B19,0x8B19,
    0x8C19,0x8C19,0x8C19,0x8C19,0x8C19,0x8C19,0xCC21,0xCC21,0xCC21,0xCC21,0xCC21,0xCC21,
    0xCC21,0xCC21,0xCC21,0xCC21,0xCC21,0xCC21,0xCC21,0xCC21,0xCC21,0xCC21,0xCC21,0xCC21,
    0xCC21,0xCC21,0xCC21,0xCC21,0xCC21,0xCC21,0xCC21,0xCC21,0xCC21,0xCC21,0xCC21,0xCC21,
    0xCC21,0xCC21,0xCC21,0xCC21,0xCC21,0xCC21,0xCC21,0xCC21,0xCC21,0xCC21,0xCC21,0xCC21,
    0xCC21,0xCC21,0xCC21,0xCC21,0xCC21,0xCC21,0xCC21,0xCC21,0xCC21,0xCC21,0xCC21,0xCC21,
    0xCC21,0xCC21,0xCC21,0xCC21,0xCC21,0xCC21,0xCC21,0xCC21,0xCC21,0xCC21,0xCC21,0xCC21,
    0xCC21,0xCC21,0xCC21,0xCC21,0xCC21,0xCC21,0xCC21,0xCC21,0xCC21,0xCC21,0xCC21,0xCC21,
    0xCC21,0xCC21,0xCC21,0xCC21,0xCC21,0xEE29,0xCC21,0xCC21,0xCC21,0xCC21,0xCC21,0xCC21,
    0xCC21,0xCC21,0xCC21,0xCC21,0xCC21,0xCC21,0xCC21,0xCC21,0xCC21,0xCC21,0xCC21,0xCC21,
    0xEE29,0x0E2A,0xEE31,0x0E2A,0x0E2A,0x0E2A,0x0E2A,0x0E2A,0x0E2A,0x0E2A,0x0E2A,0x0E2A,
    0x0E2A,0x0E2A,0x0E2A,0x0E2A,0x0E2A,0x0E2A,0xEE29,0xEE29,0xEE29,0xCC21,0xCC21,0xCC21,
    0xCC21,0xCC21,0xCC21,0xCC21,0xCC21,0xCC21,0xCC21,0xCC21,0xCC21,0xCC21,0xCC21,0xCC21,
    0xCC21,0xCC21,0xCC21,0xCC21,0xCC21,0xCC21,0xCC21,0xCC21,0xCC21,0xCC21,0xCC21,0xCC21,
    0xCC21,0xCC21,0xCC21,0xCC21,0xCC21,0xCC21,0xCC21,0xCC21,0xCC21,0xCC21,0xCC21,0xCC21,
    0xCC21,0xCC21,0xCC21,0xCC21,0xCC21,0xCC21,0xCC21,0xCC21,0xCC21,0xCC21,0xCC21,0xCC21,
    0xCC21,0xCC21,0xCC21,0xCC21,0xCC21,0xCC21,0xCC21,0xCC21,0xCC21,0xCC21,0xCC21,0xCC21,
    0xCC21,0xCC21,0xCC21,0xCC21,0xCC21,0xCC21,0xCC21,0xCC21,0xCC21,0xCC21,0xCC21,0xCC21,
    0xCC21,0xCC21,0xCC21,0xCC21,0xCC21,0xCC21,0xCC21,0xCC21,0xCC21,0xCC21,0xCC21,0xCC21,
    0x8C19,0x8C19,0x8C19,0x8C19,0x8C19,0x8C19,0x8C19,0x8C19,0x8C19,0x8C19,0x8C19,0x8C19,
    0x8B19,0x8C19,0x8B19,0x8C19,0x8C19,0x8C19,0x8C19,0x8C19,0x8C19,0x8B19,0x6B19,0x8B19,
    0x8C19,0x8C19,0x8C19,0x8C19,0x8C19,0x8C19,0x8C19,0xCC21,0xCC21,0xCC21,0xCC21,0xCC21,
    0xCC21,0xCC21,0xCC21,0xCC21,0xCC21,0xCC21,0xCC21,0xCC21,0xCC21,0xCC21,0xCC21,0xCC21,
    0xCC21,0xCC21,0xCC21,0xCC21,0xCC21,0xCC21,0xCC21,0xCC21,0xCC21,0xCC21,0xCC21,0xCC21,
    0xCC21,0xEE29,0xCC21,0xCC21,0xCC21,0xCC21,0xCC21,0xCC21,0xCC21,0xCC21,0xCC21,0xCC21,
    0xCC21,0xCC21,0xCC21,0xCC21,0xCC21,0xCC21,0xCC21,0xCC21,0xCC21,0xCC21,0xCC21,0xCC21,
    0xCC21,0xCC21,0xEE29,0xCC21,0xCC21,0xCC21,0xCC21,0xCC21,0xCC21,0xCC21,0xCC21,0xCC21,
    0xCC21,0xCC21,0xCC21,0xCC21,0xCC21,0xCC21,0xCC21,0xCC21,0xCC21,0xCC21,0xCC21,0xCC21,
    0xCC21,0xCC21,0xCC21,0xCC21,0xCC21,0xCC21,0xCC21,0xCC21,0xCC21,0xCC21,0xCC21,0xCC21,
    0xCC21,0xCC21,0xCC21,0xCC21,0xCC21,0xCC21,0xCC21,0xCC21,0xCC21,0xEE29,0xEE29,0xEE29,
    0xEE29,0x0E2A,0x0E2A,0x0E32,0x0E2A,0x0E2A,0x0E2A,0x0E2A,0x0E2A,0x0E2A,0x0E2A,0x0E2A,
    0x0E2A,0x0E2A,0x0E2A,0x0E2A,0x0E2A,0xEE29,0xEE29,0xCC21,0xCC21,0xCC21,0xCC21,0xCC21,
    0xCC21,0xCC21,0xCC21,0xCC21,0xCC21,0xCC21,0xCC21,0xCC21,0xCC21,0xCC21,0xCC21,0xCC21,
    0xCC21,0xCC21,0xCC21,0xCC21,0xCC21,0xCC21,0xCC21,0xCC21,0xCC21,0xCC21,0xCC21,0xCC21,
    0xCC21,0xCC21,0xCC21,0xCC21,0xCC21,0xCC21,0xCC21,0xCC21,0xCC21,0xCC21,0xCC21,0xCC21,
    0xCC21,0xCC21,0xCC21,0xCC21,0xCC21,0xCC21,0xCC21,0xCC21,0xCC21,0xCC21,0xCC21,0xCC21,
    0xCC21,0xCC21,0xCC21,0xCC21,0xCC21,0xCC21,0xCC21,0xCC21,0xCC21,0xCC21,0xCC21,0xCC21,
    0xCC21,0xCC21,0xCC21,0xCC21,0xCC21,0xCC21,0xCC21,0xCC21,0xCC21,0xCC21,0xCC21,0xCC21,
    0xCC21,0xCC21,0xCC21,0xCC21,0xCC21,0xCC21,0xCC21,0xCC21,0xCC21,0xCC21,0xCC21,0x8C19,
    0x8C19,0x8C19,0x8C19,0x8C19,0x8C19,0x8C19,0x8C19,0x8C19,0x8C19,0x8C19,0x8C19,0x8C19,
    0x8B19,0x8B19,0x8B19,0x8B19,0x8B19,0x8B19,0x8C19,0x8C19,0x8C19,0x8C19,0x8C19,0x8C19,
    0x8C19,0x8C19,0x8C19,0x8C19,0x8C19,0x8C19,0x8C19,0x8C19,0xCC21,0xCC21,0xCC21,0xCC21,
    0xCC21,0xCC21,0xCC21,0xCC21,0xCC21,0xCC21,0xCC21,0xCC21,0xCC21,0xCC21,0xCC21,0xCC21,
    0xCC21,0xCC21,0xCC21,0xCC21,0xCC21,0xCC21,0xCC21,0xCC21,0xCC21,0xCC21,0xCC21,0xCC21,
    0xCC21,0xCC21,0xCC21,0xCC21,0xCC21,0xCC21,0xCC21,0xCC21,0xCC21,0xCC21,0xCC21,0xCC21,
    0xCC21,0xCC21,0xCC21,0xCC21,0xCC21,0xCC21,0xCC21,0xCC21,0xCC21,0xCC21,0xCC21,0xCC21,
    0xCC21,0xCC21,0xCC21,0xCC21,0xCC21,0xCC21,0xCC21,0xCC21,0xCC21,0xCC21,0xCC21,0xCC21,
    0xCC21,0xCC21,0xCC21,0xCC21,0xCC21,0xCC21,0xCC21,0xCC21,0xCC21,0xCC21,0xCC21,0xCC21,
    0xCC21,0xCC21,0xCC21,0xCC21,0xCC21,0xCC21,0xCC21,0xCC21,0xCC21,0xCC21,0xCC21,0xCC21,
    0xCC21,0xCC21,0xCC21,0xCC21,0xCC21,0xCC21,0xCC21,0xCC21,0xEE29,0x0E2A,0x0E2A,0x0E2A,
    0x0E2A,0x0E2A,0x0E2A,0x0E2A,0x0E2A,0x0E2A,0x0E2A,0x0E2A,0x0E2A,0x0E2A,0x0D2A,0x0E2A,
    0x0E2A,0x0E2A,0xEE29,0xEE29,0xCC21,0x0D2A,0xCC21,0xCC21,0xCC21,0xCC21,0xCC21,0xCC21,
    0xCC21,0xCC21,0xCC21,0xCC21,0xCC21,0xCC21,0xCC21,0xCC21,0xCC21,0xCC21,0xCC21,0xCC21,
    0xCC21,0xCC21,0xCC21,0xCC21,0xCC21,0xCC21,0xCC21,0xCC21,0xCC21,0xCC21,0xCC21,0xCC21,
    0xCC21,0xCC21,0xCC21,0xCC21,0xCC21,0xCC21,0xCC21,0xCC21,0xCC21,0xCC21,0xCC21,0xCC21,
    0xCC21,0xCC21,0xCC21,0xCC21,0xCC21,0xCC21,0xCC21,0xCC21,0xCC21,0xCC21,0xCC21,0xCC21,
    0xCC21,0xCC21,0xCC21,0xCC21,0xCC21,0xCC21,0xCC21,0xCC21,0xCC21,0xCC21,0xCC21,0xCC21,
    0xCC21,0xCC21,0xCC21,0xCC21,0xCC21,0xCC21,0xCC21,0xCC21,0xCC21,0xCC21,0xCC21,0xCC21,
    0xCC21,0xCC21,0xCC21,0xCC21,0xCC21,0xCC21,0xCC21,0xCC21,0xCC21,0x8C19,0x8C19,0x8C19,
    0x8C19,0x8C19,0x8C19,0x8C19,0x8C19,0x8C19,0x8C19,0x8C19,0x8C19,0x8C19,0x8C19,0x8C19,
    0x8B19,0x8B19,0x8B19,0x8B19,0x8B19,0x8C19,0x8C19,0x8C19,0x8C19,0x8C19,0x8C19,0x8C19,
    0x8C19,0x8C19,0x8C19,0x8C19,0x8C19,0x8C19,0x8C19,0x8C19,0x8C19,0x8C19,0xCC21,0xCC21,
    0xCC21,0xCC21,0xCC21,0xCC21,0xCC21,0xCC21,0xCC21,0xCC21,0xCC21,0xCC21,0xCC21,0xCC21,
    0xCC21,0xCC21,0xCC21,0xCC21,0xCC21,0xEE29,0xCC21,0xCC21,0xCC21,0xEE29,0xCC21,0xEE29,
    0xEE29,0xCC21,0xCC21,0xCC21,0xCC21,0xCC21,0xCC21,0xCC21,0xCC21,0xCC21,0xCC21,0xCC21,
    0xCC21,0xCC21,0xCC21,0xCC21,0xCC21,0xCC21,0xCC21,0xCC21,0xCC21,0xCC21,0xCC21,0xCC21,
    0xCC21,0xCC21,0xCC21,0xCC21,0xCC21,0xCC21,0xCC21,0xCC21,0xCC21,0xCC21,0xCC21,0xCC21,
    0xCC21,0xCC21,0xCC21,0xCC21,0xCC21,0xCC21,0xCC21,0xCC21,0xCC21,0xCC21,0xCC21,0xCC21,
    0xCC21,0xCC21,0xCC21,0xCC21,0xCC21,0xCC21,0xCC21,0xCC21,0xCC21,0xCC21,0xCC21,0xCC21,
    0xCC21,0xCC21,0xCC21,0xCC21,0xCC21,0xCC21,0xCC21,0x0E2A,0xEE29,0x0E2A,0x0E2A,0x0E2A,
    0x0E2A,0x0E2A,0x0E2A,0x0E2A,0x0E2A,0x0E2A,0x0E2A,0x0E2A,0x0E2A,0x0E2A,0x0E2A,0x0E2A,
    0x0E2A,0xCC21,0xEE29,0xEE29,0x0D2A,0x0D2A,0xCC21,0xCC21,0xCC21,0xCC21,0xCC21,0xCC21,
    0xCC21,0xCC21,0xCC21,0xCC21,0xCC21,0xCC21,0xCC21,0xCC21,0xCC21,0xCC21,0xCC21,0xCC21,
    0xCC21,0xCC21,0xCC21,0xCC21,0xCC21,0xCC21,0xCC21,0xCC21,0xCC21,0xCC21,0xCC21,0xCC21,
    0xCC21,0xCC21,0xCC21,0xCC21,0xCC21,0xCC21,0xCC21,0xCC21,0xCC21,0xCC21,0xCC21,0xCC21,
    0xCC21,0xCC21,0xCC21,0xCC21,0xCC21,0xCC21,0xCC21,0xCC21,0xCC21,0xCC21,0xCC21,0xCC21,
    0xCC21,0xCC21,0xCC21,0xCC21,0xCC21,0xCC21,0xCC21,0xCC21,0xCC21,0xCC21,0xCC21,0xCC21,
    0xCC21,0xCC21,0xCC21,0xCC21,0xCC21,0xCC21,0xCC21,0xCC21,0xCC21,0xCC21,0xCC21,0xCC21,
    0xCC21,0xCC21,0xCC21,0xCC21,0xCC21,0xCC21,0xCC21,0xCC21,0x8C19,0x8C19,0x8C19,0x8C19,
    0x8C19,0x8C19,0x8C19,0x8C19,0x8C19,0x8C19,0x8C19,0x8C19,0x8C19,0x8C19,0x8C19,0x8C19,
    0x8B19,0x8B19,0x8B19,0x8C19,0x8C19,0x8B19,0x8C19,0x8C19,0x8C19,0x8C19,0x8C19,0x8C19,
    0x8C19,0x8C19,0x8C19,0x8C19,0x8C19,0x8C19,0x8C19,0x8C19,0x8C19,0x8C19,0x8C19,0xCC21,
    0xCC21,0xCC21,0xCC21,0xCC21,0xCC21,0xCC21,0xCC21,0xCC21,0xCC21,0xCC21,0xCC21,0xCC21,
    0xCC21,0xCC21,0xCC21,0xCC21,0xCC21,0xCC21,0xCC21,0xCC21,0xCC21,0xEE29,0xEE29,0xEE29,
    0xEE29,0xEE29,0xEE29,0xEE29,0xEE29,0xEE29,0xEE29,0xEE29,0xCC21,0xCC21,0xCC21,0xCC21,
    0xCC21,0xCC21,0xCC21,0xCC21,0xCC21,0xCC21,0xCC21,0xCC21,0xCC21,0xCC21,0xCC21,0xCC21,
    0xCC21,0xCC21,0xCC21,0xCC21,0xCC21,0xCC21,0xCC21,0xCC21,0xCC21,0xCC21,0xCC21,0xCC21,
    0xCC21,0xCC21,0xCC21,0xCC21,0xCC21,0xCC21,0xCC21,0xCC21,0xCC21,0xCC21,0xCC21,0xCC21,
    0xCC21,0xCC21,0xCC21,0xCC21,0xCC21,0xCC21,0xCC21,0xCC21,0xCC21,0xCC21,0xCC21,0xCC21,
    0xCC21,0xCC21,0xCC21,0xCC21,0xCC21,0xCC21,0xEE29,0xEE29,0xEE29,0xEE29,0x0E2A,0x0E2A,
    0x0E2A,0x0E2A,0x0E2A,0x0E2A,0x0E2A,0x0E2A,0x0E2A,0x0E2A,0x0E2A,0x0E2A,0x0D2A,0x0E2A,
    0xEE29,0xCC21,0xEE29,0x0D2A,0xCC21,0xCC21,0xCC21,0xCC21,0xCC21,0xCC21,0xCC21,0xCC21,
    0xCC21,0xCC21,0xCC21,0xCC21,0xCC21,0xCC21,0xCC21,0xCC21,0xCC21,0xCC21,0xCC21,0xCC21,
    0xCC21,0xCC21,0xCC21,0xCC21,0xCC21,0xCC21,0xCC21,0xCC21,0xCC21,0xCC21,0xCC21,0xCC21,
    0xCC21,0xCC21,0xCC21,0xCC21,0xCC21,0xCC21,0xCC21,0xCC21,0xCC21,0xCC21,0xCC21,0xCC21,
    0xCC21,0xCC21,0xCC21,0xCC21,0xCC21,0xCC21,0xCC21,0xCC21,0xCC21,0xCC21,0xCC21,0xCC21,
    0xCC21,0xCC21,0xCC21,0xCC21,0xCC21,0xCC21,0xCC21,0xCC21,0xCC21,0xCC21,0xCC21,0xCC21,
    0xCC21,0xCC21,0xCC21,0xCC21,0xCC21,0xCC21,0xCC21,0xCC21,0xCC21,0xCC21,0xCC21,0xCC21,
    0xCC21,0xCC21,0xCC21,0xCC21,0xCC21,0xCC21,0x8C19,0x8C19,0x8C19,0x8C19,0x8C19,0x8C19,
    0x8C19,0x8C19,0x8C19,0x8C19,0x8C19,0x8C19,0x8C19,0x8C19,0x8C19,0x8C19,0x8C19,0x8C19,
    0x8B19,0x8B19,0x8B19,0x8B19,0x8C19,0x8C19,0x8B19,0x8C19,0x8C19,0x8C19,0x8C19,0x8C19,
    0x8C19,0x8C19,0x8C19,0x8C19,0x8C19,0x8C19,0x8C19,0x8C19,0x8C19,0x8C19,0x8C19,0x8C19,
    0xCC21,0xCC21,0xCC21,0xCC21,0xCC21,0xCC21,0xCC21,0xCC21,0xCC21,0xCC21,0xCC21,0xCC21,
    0xCC21,0xCC21,0xCC21,0xCC21,0xCC21,0xCC21,0xCC21,0xCC21,0xCC21,0xEE29,0xEE29,0xEE29,
    0xEE29,0xEE29,0xEE29,0xEE29,0xEE29,0xEE29,0xEE29,0xEE29,0xEE29,0xCC21,0xCC21,0xCC21,
    0xCC21,0xCC21,0xCC21,0xCC21,0xCC21,0xCC21,0xCC21,0xCC21,0xCC21,0xCC21,0xCC21,0xCC21,
    0xCC21,0xCC21,0xCC21,0xCC21,0xCC21,0xCC21,0xCC21,0xCC21,0xCC21,0xCC21,0xCC21,0xCC21,
    0xCC21,0xEE29,0xEE29,0xEE29,0xEE29,0xEE29,0xEE29,0xCC21,0xCC21,0xCC21,0xCC21,0xCC21,
    0xCC21,0xCC21,0xCC21,0xCC21,0xCC21,0xCC21,0xCC21,0xCC21,0xCC21,0xCC21,0xCC21,0xCC21,
    0xCC21,0xCC21,0xCC21,0xCC21,0xCC21,0xEE29,0xEE29,0xEE29,0x0E2A,0xEE29,0xEE29,0xEE29,
    0x0E2A,0xEE29,0xEE29,0x0E2A,0x0E2A,0x0E2A,0x0E2A,0xEE29,0xEE29,0xCC21,0xCC21,0xCC21,
    0xCC21,0xCC21,0xCC21,0xCC21,0xCC21,0xCC21,0xCC21,0xCC21,0xCC21,0xCC21,0xCC21,0xCC21,
    0xCC21,0xCC21,0xCC21,0xCC21,0xCC21,0xCC21,0xCC21,0xCC21,0xCC21,0xCC21,0xCC21,0xCC21,
    0xCC21,0xCC21,0xCC21,0xCC21,0xCC21,0xCC21,0xCC21,0xCC21,0xCC21,0xCC21,0xCC21,0xCC21,
    0xCC21,0xCC21,0xCC21,0xCC21,0xCC21,0xCC21,0xCC21,0xCC21,0xCC21,0xCC21,0xCC21,0xCC21,
    0xCC21,0xCC21,0xCC21,0xCC21,0xCC21,0xCC21,0xCC21,0xCC21,0xCC21,0xCC21,0xCC21,0xCC21,
    0xCC21,0xCC21,0xCC21,0xCC21,0xCC21,0xCC21,0xCC21,0xCC21,0xCC21,0xCC21,0xCC21,0xCC21,
    0xCC21,0xCC21,0xCC21,0xCC21,0xCC21,0xCC21,0xCC21,0xCC21,0xCC21,0xCC21,0xCC21,0xCC21,
    0xCC21,0xCC21,0xCC21,0xCC21,0xCC21,0xCC21,0x8C19,0x8C19,0x8C19,0x8C19,0x8C19,0x8C19,
    0x8C19,0x8C19,0x8C19,0x8C19,0x8C19,0x8C19,0x8C19,0x8C19,0x8C19,0x8C19,0x8C19,0x8C19,
    0x8C19,0x8B19,0x8B19,0x8B19,0x8C19,0x8C19,0x8B19,0x8B19,0x8C19,0x8C19,0x8C19,0x8C19,
    0x8C19,0x8C19,0x8C19,0x8C19,0x8C19,0x8C19,0x8C19,0x8C19,0x8C19,0x8C19,0x8C19,0x8C19,
    0xCC21,0xCC21,0xCC21,0xCC21,0xCC21,0xCC21,0xCC21,0xCC21,0xCC21,0xCC21,0xCC21,0xCC21,
    0xCC21,0xCC21,0xCC21,0xCC21,0xCC21,0xCC21,0xCC21,0xCC21,0xCC21,0xCC21,0xEE29,0xEE29,
    0xEE29,0xEE29,0xEE29,0xEE29,0xEE29,0xEE29,0xEE29,0xEE29,0xEE29,0xEE29,0xEE29,0xCC21,
    0xCC21,0xEE29,0xEE29,0xCC21,0xCC21,0xCC21,0xCC21,0xCC21,0xCC21,0xCC21,0xCC21,0xCC21,
    0xCC21,0xCC21,0xCC21,0xCC21,0xCC21,0xCC21,0xCC21,0xCC21,0xEE29,0xEE29,0xEE29,0xEE29,
    0xCC21,0xEE29,0xEE29,0xEE29,0xEE29,0xEE29,0xEE29,0xCC21,0xCC21,0xCC21,0xEE29,0xEE29,
    0xEE29,0xCC21,0xCC21,0xCC21,0xCC21,0xCC21,0xCC21,0xCC21,0xCC21,0xCC21,0xCC21,0xCC21,
    0xCC21,0xCC21,0xEE29,0xEE29,0xCC21,0xEE29,0xEE29,0xEE29,0xEE29,0xEE29,0xEE29,0xEE29,
    0xEE29,0xEE29,0xEE29,0xEE29,0xEE29,0xCC21,0xEE29,0xCC21,0xCC21,0xCC21,0xCC21,0xCC21,
    0xCC21,0xCC21,0xCC21,0xCC21,0xCC21,0xCC21,0xCC21,0xCC21,0xCC21,0xCC21,0xCC21,0xCC21,
    0xCC21,0xCC21,0xCC21,0xCC21,0xCC21,0xCC21,0xCC21,0xCC21,0xCC21,0xCC21,0xCC21,0xCC21,
    0xCC21,0xCC21,0xCC21,0xCC21,0xCC21,0xCC21,0xCC21,0xCC21,0xCC21,0xCC21,0xCC21,0xCC21,
    0xCC21,0xCC21,0x8C19,0xCC21,0xCC21,0xCC21,0xCC21,0xCC21,0xCC21,0xCC21,0xCC21,0xCC21,
    0xCC21,0xCC21,0xCC21,0xCC21,0xCC21,0xCC21,0xCC21,0xCC21,0xCC21,0xCC21,0xCC21,0xCC21,
    0xCC21,0xCC21,0xCC21,0xCC21,0xCC21,0xCC21,0xCC21,0xCC21,0xCC21,0xCC21,0xCC21,0xCC21,
    0xCC21,0xCC21,0xCC21,0xCC21,0xCC21,0xCC21,0xCC21,0xCC21,0xCC21,0xCC21,0xCC21,0xCC21,
    0xCC21,0xCC21,0xCC21,0xCC21,0xCC21,0x8C19,0x8C19,0x8C19,0x8C19,0x8C19,0x8C19,0x8C19,
    0x8C19,0x8C19,0x8C19,0x8C19,0x8C19,0x8C19,0x8C19,0x8C19,0x8C19,0x8C19,0x8C19,0x8C19,
    0x8B19,0x8B19,0x8B19,0x8B19,0x8B19,0x8C19,0x8C19,0x8C19,0x8C19,0x8C19,0x8C19,0x8C19,
    0x8C19,0x8C19,0x8C19,0x8C19,0x8C19,0x8C19,0x8C19,0x8C19,0x8C19,0x8C19,0x8C19,0x8C19,
    0x8C19,0x8C19,0xCC21,0xCC21,0xCC21,0xCC21,0xCC21,0xCC21,0xCC21,0xCC21,0xCC21,0xCC21,
    0xCC21,0xCC21,0xCC21,0xCC21,0xCC21,0xCC21,0xCC21,0xCC21,0xCC21,0xCC21,0xCC21,0xEE29,
    0xEE29,0xEE29,0xEE29,0xEE29,0xEE29,0xEE29,0xEE29,0xEE29,0xEE29,0xEE29,0xEE29,0xCC21,
    0xEE29,0xCC21,0xCC21,0xEE29,0xEE29,0xEE29,0xEE29,0xEE29,0xCC21,0xCC21,0xCC21,0xCC21,
    0xCC21,0xCC21,0xCC21,0xCC21,0xCC21,0xCC21,0xCC21,0xCC21,0xEE29,0xEE29,0xEE29,0xEE29,
    0xEE29,0xEE29,0xEE29,0xEE29,0xEE29,0xEE29,0xCC21,0xCC21,0xCC21,0xCC21,0xCC21,0xCC21,
    0xCC21,0xEE29,0xEE29,0xCC21,0xCC21,0xCC21,0xCC21,0xCC21,0xCC21,0xCC21,0xCC21,0xCC21,
    0xCC21,0xEE29,0xEE29,0xEE29,0xEE29,0xCC21,0xCC21,0xEE29,0xEE29,0xEE29,0xEE29,0xEE29,
    0xEE29,0xCC21,0xCC21,0xCC21,0xEE29,0xCC21,0xCC21,0xCC21,0xCC21,0xCC21,0xCC21,0xCC21,
    0xCC21,0xCC21,0xCC21,0xCC21,0xCC21,0xCC21,0xCC21,0xCC21,0xCC21,0xCC21,0xCC21,0xCC21,
    0xCC21,0xCC21,0xCC21,0xCC21,0xCC21,0xCC21,0xCC21,0xCC21,0xCC21,0xCC21,0xCC21,0xCC21,
    0xCC21,0xCC21,0xCC21,0xCC21,0xCC21,0xCC21,0xCC21,0xCC21,0xCC21,0xCC21,0x8C19,0xCC21,
    0xCC21,0xCC21,0xCC21,0xCC21,0xCC21,0xCC21,0xCC21,0xCC21,0xCC21,0x8C19,0x8C19,0xCC21,
    0xCC21,0x8C19,0x8C19,0x8C19,0x8C19,0xCC21,0xCC21,0xCC21,0xCC21,0xCC21,0xCC21,0xCC21,
    0xCC21,0xCC21,0xCC21,0xCC21,0xCC21,0xCC21,0xCC21,0xCC21,0xCC21,0xCC21,0xCC21,0xCC21,
    0xCC21,0xCC21,0xCC21,0xCC21,0xCC21,0xCC21,0xCC21,0xCC21,0xCC21,0xCC21,0xCC21,0xCC21,
    0xCC21,0xCC21,0xCC21,0xCC21,0x8C19,0x8C19,0x8C19,0x8C19,0x8C19,0x8C19,0x8C19,0x8C19,
    0x8C19,0x8C19,0x8C19,0x8C19,0x8C19,0x8C19,0x8C19,0x8C19,0x8C19,0x8C19,0x8C19,0x8C19,
    0x8C19,0x8B19,0x8B19,0x8B19,0x8B19,0x8B19,0x8C19,0x8B19,0x8C19,0x8C19,0x8C19,0x8C19,
    0x8C19,0x8C19,0x8C19,0x8C19,0x8C19,0x8C19,0x8C19,0x8C19,0x8C19,0x8C19,0x8C19,0x8C19,
    0x8C19,0xCC21,0xCC21,0xCC21,0xCC21,0xCC21,0xCC21,0xCC21,0xCC21,0xCC21,0xCC21,0xCC21,
    0xCC21,0xCC21,0xCC21,0xCC21,0xCC21,0xCC21,0xCC21,0xCC21,0xCC21,0xCC21,0xCC21,0xCC21,
    0xCC21,0xCC21,0xCC21,0xEE29,0xCC21,0xCC21,0xEE29,0xEE29,0xEE29,0xEE29,0xCC21,0xCC21,
    0xCC21,0xCC21,0xCC21,0xCC21,0xCC21,0xEE29,0xEE29,0xEE29,0xEE29,0xCC21,0xCC21,0xCC21,
    0xCC21,0xCC21,0xCC21,0xCC21,0xCC21,0xCC21,0xCC21,0xCC21,0xCC21,0xCC21,0xCC21,0xCC21,
    0xCC21,0xEE29,0xEE29,0xEE29,0xEE29,0xEE29,0xEE29,0xEE29,0xEE29,0xCC21,0xCC21,0xCC21,
    0xCC21,0xCC21,0xCC21,0xEE29,0xCC21,0xCC21,0xCC21,0xCC21,0xCC21,0xCC21,0xCC21,0xEE29,
    0xEE29,0xEE29,0xEE29,0xEE29,0xEE29,0xCC21,0xEE29,0xEE29,0xEE29,0xEE29,0xCC21,0xEE29,
    0xEE29,0xCC21,0xCC21,0xCC21,0xCC21,0xCC21,0xCC21,0xCC21,0xCC21,0xCC21,0xCC21,0xCC21,
    0xCC21,0xCC21,0xCC21,0xCC21,0xCC21,0xCC21,0xCC21,0xCC21,0xCC21,0xCC21,0xCC21,0xCC21,
    0xCC21,0xCC21,0xCC21,0xCC21,0xCC21,0xCC21,0xCC21,0xCC21,0xCC21,0xCC21,0xCC21,0xCC21,
    0xCC21,0xCC21,0xCC21,0xCC21,0xCC21,0xCC21,0xCC21,0xCC21,0xCC21,0xCC21,0x8C19,0xCC21,
    0xCC21,0xCC21,0xCC21,0xCC21,0xCC21,0xCC21,0xCC21,0x8C19,0x8C19,0x8C19,0x8C19,0x8C19,
    0x8C19,0x8C19,0xCC21,0xCC21,0xCC21,0xCC21,0x8C19,0x8C19,0x8C19,0x8C19,0x8C19,0xCC21,
    0xCC21,0xCC21,0xCC21,0xCC21,0xCC21,0xCC21,0xCC21,0xCC21,0xCC21,0xCC21,0xCC21,0xCC21,
    0xCC21,0xCC21,0xCC21,0xCC21,0xCC21,0xCC21,0xCC21,0xCC21,0xCC21,0xCC21,0xCC21,0xCC21,
    0xCC21,0xCC21,0xCC21,0xCC21,0x8C19,0x8C19,0x8C19,0x8C19,0x8C19,0x8C19,0x8C19,0x8C19,
    0x8C19,0x8C19,0x8C19,0x8C19,0x8C19,0x8C19,0x8C19,0x8C19,0x8C19,0x8C19,0x8C19,0x8C19,
    0x8C19,0x8C19,0x8B19,0x8B19,0x8B19,0x8B19,0x8B19,0x8B19,0x8C19,0x8C19,0x8C19,0x8C19,
    0x8C19,0x8C19,0x8C19,0x8C19,0x8C19,0x8C19,0x8C19,0x8C19,0x8C19,0x8C19,0x8C19,0x8C19,
    0x8C19,0x8C19,0x8C19,0x8C19,0xCC21,0xCC21,0xCC21,0xCC21,0xCC21,0xCC21,0xCC21,0xCC21,
    0xCC21,0xCC21,0xCC21,0xCC21,0xCC21,0xCC21,0xCC21,0xCC21,0xCC21,0xCC21,0xCC21,0xCC21,
    0xCC21,0xCC21,0xCC21,0xEE29,0xCC21,0xCC21,0xCC21,0xEE29,0xEE29,0xCC21,0xCC21,0xCC21,
    0xCC21,0xCC21,0xCC21,0xCC21,0xCC21,0xCC21,0xEE29,0xEE29,0xEE29,0xCC21,0xCC21,0xCC21,
    0xCC21,0xCC21,0xCC21,0xCC21,0xCC21,0xCC21,0xCC21,0xCC21,0xCC21,0xCC21,0xCC21,0xCC21,
    0xCC21,0xEE29,0xCC21,0xEE29,0xEE29,0xEE29,0xEE29,0xEE29,0xEE29,0xCC21,0xCC21,0xCC21,
    0xCC21,0xCC21,0xCC21,0xCC21,0xCC21,0xCC21,0xCC21,0xCC21,0xCC21,0xCC21,0xCC21,0xCC21,
    0xEE29,0xEE29,0xCC21,0xEE29,0xEE29,0xEE29,0xEE29,0xEE29,0xEE29,0xEE29,0xCC21,0xCC21,
    0xCC21,0xCC21,0xCC21,0xCC21,0xCC21,0xCC21,0xCC21,0xCC21,0xCC21,0xCC21,0xCC21,0xCC21,
    0xCC21,0xCC21,0xCC21,0xCC21,0xCC21,0xCC21,0xCC21,0xCC21,0xCC21,0xCC21,0xCC21,0xCC21,
    0xCC21,0xCC21,0xCC21,0xCC21,0xCC21,0xCC21,0xCC21,0xCC21,0xCC21,0xCC21,0xCC21,0xCC21,
    0xCC21,0xCC21,0xCC21,0xCC21,0xCC21,0xCC21,0xCC21,0xCC21,0xCC21,0xCC21,0xCC21,0xCC21,
    0xCC21,0xCC21,0x8C19,0xCC21,0xCC21,0x8C19,0xCC21,0xCC21,0x8C19,0xCC21,0xCC21,0xCC21,
    0x8C19,0xCC21,0xCC21,0xCC21,0xCC21,0xCC21,0x8C19,0x8C19,0x8C19,0x8C19,0x8C19,0x8C19,
    0x8C19,0x8C19,0xCC21,0xCC21,0xCC21,0x8C19,0x8C19,0xCC21,0x8C19,0x8C19,0x8C19,0xCC21,
    0xCC21,0xCC21,0xCC21,0xCC21,0xCC21,0xCC21,0xCC21,0xCC21,0xCC21,0xCC21,0xCC21,0x8C19,
    0x8C19,0x8C19,0x8C19,0xCC21,0x8C19,0x8C19,0x8C19,0x8C19,0x8C19,0x8C19,0x8C19,0x8C19,
    0x8C19,0xCC21,0xCC21,0xCC21,0x8C19,0x8C19,0xCC21,0x8C19,0x8C19,0x8C19,0x8C19,0x8C19,
    0x8C19,0x8C19,0x8C19,0x8B19,0x8B19,0x8B19,0x8B19,0x8B19,0x8B19,0x8C19,0x8C19,0x8C19,
    0x8C19,0x8C19,0x8C19,0x8C19,0x8C19,0x8C19,0x8C19,0x8C19,0x8C19,0x8C19,0x8C19,0x8C19,
    0x8C19,0x8C19,0x8C19,0x8C19,0x8C19,0xCC21,0x8C19,0xCC21,0xCC21,0xCC21,0xCC21,0xCC21,
    0xCC21,0xCC21,0xCC21,0xCC21,0xCC21,0xCC21,0xCC21,0xCC21,0xCC21,0xCC21,0xCC21,0xCC21,
    0xCC21,0xCC21,0xCC21,0xCC21,0xCC21,0xCC21,0xCC21,0xEE29,0xEE29,0xCC21,0xCC21,0xCC21,
    0xCC21,0xCC21,0xCC21,0xCC21,0xCC21,0xCC21,0xCC21,0xEE29,0xEE29,0xEE29,0xCC21,0xCC21,
    0xCC21,0xCC21,0xCC21,0xCC21,0xCC21,0xCC21,0xCC21,0xCC21,0xCC21,0xCC21,0xCC21,0xCC21,
    0xCC21,0xCC21,0xCC21,0xCC21,0xCC21,0xCC21,0xCC21,0xCC21,0xCC21,0xCC21,0xCC21,0xCC21,
    0xCC21,0xCC21,0xCC21,0xCC21,0xCC21,0xCC21,0xCC21,0xCC21,0xCC21,0xCC21,0xCC21,0xCC21,
    0xCC21,0xEE29,0xEE29,0xEE29,0xEE29,0xEE29,0xEE29,0xCC21,0xCC21,0xCC21,0xCC21,0xCC21,
    0xCC21,0xEE29,0xCC21,0xCC21,0xCC21,0xCC21,0xCC21,0xCC21,0xCC21,0xCC21,0xCC21,0xCC21,
    0xCC21,0xCC21,0xCC21,0xCC21,0xCC21,0xCC21,0xCC21,0xCC21,0xCC21,0xCC21,0xCC21,0xCC21,
    0xCC21,0xCC21,0xCC21,0xCC21,0xCC21,0xCC21,0xCC21,0xCC21,0xCC21,0xCC21,0xCC21,0xCC21,
    0xCC21,0xCC21,0xCC21,0xCC21,0xCC21,0xCC21,0xCC21,0xCC21,0xCC21,0xCC21,0xCC21,0xCC21,
    0xCC21,0x8C19,0x8C19,0x8C19,0x8C19,0x8C19,0x8C19,0x8C19,0xCC21,0xCC21,0xCC21,0xCC21,
    0x8C19,0x8C19,0x8C19,0x8C19,0x8C19,0x8C19,0xCC21,0xCC21,0x8C19,0x8C19,0x8C19,0x8C19,
    0x8C19,0x8C19,0x8C19,0x8C19,0x8C19,0x8C19,0x8C19,0x8C19,0x8C19,0x8C19,0x8C19,0x8C19,
    0x8C19,0x8C19,0x8C19,0x8C19,0x8C19,0x8C19,0x8C19,0x8C19,0x8C19,0x8C19,0x8C19,0x8C19,
    0x8C19,0x8C19,0x8C19,0x8C19,0x8C19,0x8C19,0x8C19,0x8C19,0x8C19,0x8C19,0x8C19,0x8C19,
    0x8C19,0x8C19,0x8C19,0x8C19,0x8C19,0x8C19,0x8C19,0x8C19,0x8C19,0x8C19,0x8C19,0x8C19,
    0x8C19,0x8C19,0x8C19,0x8C19,0x8B19,0x8B19,0x8B19,0x8B19,0x8B19,0x8B19,0x8C19,0x8C19,
    0x8C19,0x8C19,0x8C19,0x8C19,0x8C19,0x8C19,0x8C19,0x8C19,0x8C19,0x8C19,0x8C19,0x8C19,
    0x8C19,0x8C19,0x8C19,0x8C19,0x8C19,0x8C19,0x8C19,0x8C19,0xCC21,0xCC21,0xCC21,0xCC21,
    0xCC21,0xCC21,0xCC21,0xCC21,0xCC21,0xCC21,0xCC21,0xCC21,0xCC21,0xCC21,0xCC21,0xCC21,
    0xCC21,0xCC21,0xCC21,0xCC21,0xCC21,0xCC21,0xCC21,0xCC21,0xCC21,0xCC21,0xCC21,0xCC21,
    0xCC21,0xCC21,0xCC21,0xCC21,0xCC21,0xEE29,0xCC21,0xCC21,0xEE29,0xEE29,0xCC21,0xEE29,
    0xCC21,0xCC21,0xCC21,0xCC21,0xCC21,0xCC21,0xCC21,0xCC21,0xCC21,0xCC21,0xCC21,0xCC21,
    0xCC21,0xCC21,0xCC21,0xCC21,0xCC21,0xCC21,0xCC21,0xCC21,0xCC21,0xCC21,0xCC21,0xCC21,
    0xCC21,0xCC21,0xCC21,0xCC21,0xCC21,0xCC21,0xCC21,0xCC21,0xCC21,0xCC21,0xCC21,0xCC21,
    0xCC21,0xCC21,0xCC21,0xCC21,0xCC21,0xCC21,0xCC21,0xCC21,0xCC21,0xCC21,0xCC21,0xCC21,
    0xCC21,0xCC21,0xCC21,0xCC21,0xCC21,0xCC21,0xCC21,0xCC21,0xCC21,0xCC21,0xCC21,0xCC21,
    0xCC21,0xCC21,0xCC21,0xCC21,0xCC21,0xCC21,0xCC21,0xCC21,0xCC21,0xCC21,0xCC21,0xCC21,
    0xCC21,0xCC21,0xCC21,0xCC21,0xCC21,0xCC21,0xCC21,0xCC21,0xCC21,0xCC21,0xCC21,0xCC21,
    0xCC21,0xCC21,0xCC21,0xCC21,0xCC21,0xCC21,0xCC21,0xCC21,0xCC21,0x8C19,0xCC21,0xCC21,
    0x8C19,0x8C19,0x8C19,0x8C19,0x8C19,0x8C19,0x8C19,0x8C19,0x8C19,0x8C19,0x8C19,0xCC21,
    0x8C19,0x8C19,0x8C19,0x8C19,0x8C19,0x8C19,0x8C19,0x8C19,0x8C19,0x8C19,0x8C19,0xCC21,
    0x8C19,0x8C19,0x8C19,0x8C19,0x8C19,0x8C19,0x8C19,0x8C19,0x8C19,0x8C19,0x8C19,0x8C19,
    0x8C19,0x8C19,0x8C19,0x8C19,0x8C19,0x8C19,0x8C19,0x8C19,0x8C19,0x8C19,0x8C19,0x8C19,
    0x8C19,0x8C19,0x8C19,0x8C19,0x8C19,0x8C19,0x8C19,0x8C19,0x8C19,0x8C19,0x8C19,0x8C19,
    0x8C19,0x8C19,0x8C19,0x8C19,0x8C19,0x8C19,0x8C19,0x8C19,0x8C19,0x8C19,0x8C19,0x8C19,
    0x8C19,0x8C19,0x8C19,0x8C19,0x8C19,0x8B19,0x8B19,0x8B19,0x8B19,0x8B19,0x8C19,0x8C19,
    0x8C19,0x8C19,0x8C19,0x8C19,0x8C19,0x8C19,0x8C19,0x8C19,0x8C19,0x8C19,0x8C19,0x8C19,
    0x8C19,0x8C19,0x8C19,0x8C19,0x8C19,0x8C19,0x8C19,0x8C19,0x8C19,0x8C19,0x8C19,0xCC21,
    0xCC21,0xCC21,0xCC21,0xCC21,0xCC21,0xCC21,0xCC21,0xCC21,0xCC21,0xCC21,0xCC21,0xCC21,
    0xCC21,0xCC21,0xCC21,0xCC21,0xCC21,0xCC21,0xCC21,0xCC21,0xCC21,0xCC21,0xCC21,0xCC21,
    0xCC21,0xCC21,0xCC21,0xCC21,0xCC21,0xCC21,0xCC21,0xCC21,0xCC21,0xCC21,0xCC21,0xCC21,
    0xCC21,0xCC21,0xCC21,0xCC21,0xCC21,0xCC21,0xCC21,0xCC21,0xCC21,0xCC21,0xCC21,0xCC21,
    0xCC21,0xCC21,0xCC21,0xCC21,0xCC21,0xCC21,0xCC21,0xCC21,0xCC21,0xCC21,0xCC21,0xCC21,
    0xCC21,0xCC21,0xCC21,0xCC21,0xCC21,0xCC21,0xCC21,0xCC21,0xCC21,0xCC21,0xCC21,0xCC21,
    0xCC21,0xCC21,0xCC21,0xCC21,0xCC21,0xCC21,0xCC21,0xCC21,0xCC21,0xCC21,0xCC21,0xCC21,
    0xCC21,0xCC21,0xCC21,0xCC21,0xCC21,0xCC21,0xCC21,0xCC21,0xCC21,0xCC21,0xCC21,0xCC21,
    0xCC21,0xCC21,0xCC21,0xCC21,0xCC21,0xCC21,0xCC21,0xCC21,0xCC21,0xCC21,0xCC21,0xCC21,
    0xCC21,0xCC21,0xCC21,0xCC21,0xCC21,0xCC21,0xCC21,0xCC21,0xCC21,0xCC21,0xCC21,0xCC21,
    0xCC21,0xCC21,0xCC21,0xCC21,0xCC21,0xCC21,0xCC21,0xCC21,0x8C19,0x8C19,0xCC21,0xCC21,
    0x8C19,0x8C19,0x8C19,0x8C19,0x8C19,0x8C19,0x8C19,0x8C19,0x8C19,0x8C19,0x8C19,0x8C19,
    0x8C19,0x8C19,0x8C19,0x8C19,0x8C19,0x8C19,0x8C19,0x8C19,0x8C19,0x8C19,0x8C19,0x8C19,
    0x8C19,0x8C19,0x8C19,0x8C19,0x8C19,0x8C19,0x8C19,0x8C19,0x8C19,0x8C19,0x8C19,0x8C19,
    0x8C19,0x8C19,0x8C19,0x8C19,0x8C19,0x8C19,0x8C19,0x8C19,0x8C19,0x8C19,0x8C19,0x8C19,
    0x8C19,0x8C19,0x8C19,0x8C19,0x8C19,0x8C19,0x8C19,0x8C19,0x8C19,0x8C19,0x8C19,0x8C19,
    0x8C19,0x8C19,0x8C19,0x8C19,0x8C19,0x8C19,0x8C19,0x8C19,0x8C19,0x8C19,0x8C19,0x8C19,
    0x8C19,0x8C19,0x8C19,0x8C19,0x8C19,0x8C19,0x8C19,0x8C19,0x8C19,0x8C19,0x8C19,0x8C19,
    0x8C19,0x8C19,0x8C19,0x8C19,0x8C19,0x8C19,0x8C19,0x8C19,0x8C19,0x8C19,0x8C19,0x8C19,
    0x8C19,0x8C19,0x8C19,0x8C19,0x8C19,0x8C19,0x8C19,0x8C19,0x8C19,0x8C19,0x8C19,0x8C19,
    0x8C19,0xCC21,0xCC21,0xCC21,0xCC21,0xCC21,0xCC21,0xCC21,0xCC21,0xCC21,0xCC21,0xCC21,
    0xCC21,0xCC21,0xCC21,0xCC21,0xCC21,0xCC21,0xCC21,0xCC21,0xCC21,0xCC21,0xCC21,0xCC21,
    0xCC21,0xCC21,0xCC21,0xCC21,0xCC21,0xCC21,0xCC21,0xCC21,0xCC21,0xCC21,0xCC21,0xCC21,
    0xCC21,0xCC21,0xCC21,0xCC21,0xCC21,0xCC21,0xCC21,0xCC21,0xCC21,0xCC21,0xCC21,0xCC21,
    0xCC21,0xCC21,0xCC21,0xCC21,0xCC21,0xCC21,0xCC21,0xCC21,0xCC21,0xCC21,0xCC21,0xCC21,
    0xCC21,0xCC21,0xCC21,0xCC21,0xCC21,0xCC21,0xCC21,0xCC21,0xCC21,0xCC21,0xCC21,0xCC21,
    0xCC21,0xCC21,0xCC21,0xCC21,0xCC21,0xCC21,0xCC21,0xCC21,0xCC21,0xCC21,0xCC21,0xCC21,
    0xCC21,0xCC21,0xCC21,0xCC21,0xCC21,0xCC21,0xCC21,0xCC21,0xCC21,0xCC21,0xCC21,0xCC21,
    0xCC21,0xCC21,0xCC21,0xCC21,0xCC21,0xCC21,0xCC21,0xCC21,0xCC21,0xCC21,0xCC21,0xCC21,
    0xCC21,0xCC21,0xCC21,0xCC21,0xCC21,0xCC21,0xCC21,0xCC21,0xCC21,0xCC21,0xCC21,0xCC21,
    0xCC21,0xCC21,0xCC21,0xCC21,0xCC21,0xCC21,0xCC21,0xCC21,0x8C19,0x8C19,0xCC21,0xCC21,
    0xCC21,0x8C19,0x8C19,0x8C19,0x8C19,0x8C19,0x8C19,0x8C19,0xCC21,0x8C19,0x8C19,0x8C19,
    0x8C19,0x8C19,0x8C19,0x8C19,0x8C19,0xCC21,0x8C19,0x8C19,0x8C19,0x8C19,0x8C19,0x8C19,
    0x8C19,0x8C19,0x8C19,0x8C19,0x8C19,0x8C19,0x8C19,0x8C19,0x8C19,0x8C19,0x8C19,0x8C19,
    0x8C19,0x8C19,0x8C19,0x8C19,0x8C19,0x8C19,0x8C19,0x8C19,0x8C19,0x8C19,0x8C19,0x8C19,
    0x8C19,0x8C19,0x8C19,0x8C19,0x8C19,0x8C19,0x8C19,0x8C19,0x8C19,0x8C19,0x8C19,0x8C19,
    0x8C19,0x8C19,0x8C19,0x8C19,0x8C19,0x8C19,0x8C19,0x8C19,0x8C19,0x8C19,0x8C19,0x8C19,
    0x8C19,0x8C19,0x8C19,0x8C19,0x8C19,0x8C19,0x8C19,0x8C19,0x8C19,0x8C19,0x8C19,0x8C19,
    0x8C19,0x8C19,0x8C19,0x8C19,0x8C19,0x8C19,0x8C19,0x8C19,0x8C19,0x8C19,0x8C19,0x8C19,
    0x8C19,0x8C19,0x8C19,0x8C19,0x8C19,0x8C19,0x8C19,0x8C19,0x8C19,0x8C19,0x8C19,0x8C19,
    0x8C19,0x8C19,0x8C19,0x8C19,0xCC21,0xCC21,0xCC21,0xCC21,0xCC21,0xCC21,0xCC21,0xCC21,
    0xCC21,0xCC21,0xCC21,0xCC21,0xCC21,0xCC21,0xCC21,0xCC21,0xCC21,0xCC21,0xCC21,0xCC21,
    0xCC21,0xCC21,0xCC21,0xCC21,0xCC21,0xCC21,0xCC21,0xCC21,0xCC21,0xCC21,0xCC21,0xCC21,
    0xCC21,0xCC21,0xCC21,0xCC21,0xCC21,0xCC21,0xCC21,0xCC21,0xCC21,0xCC21,0xCC21,0xCC21,
    0xCC21,0xCC21,0xCC21,0xCC21,0xCC21,0xCC21,0xCC21,0xCC21,0xCC21,0xCC21,0xCC21,0xCC21,
    0xCC21,0xCC21,0xCC21,0xCC21,0xCC21,0xCC21,0xCC21,0xCC21,0xCC21,0xCC21,0xCC21,0xCC21,
    0xCC21,0xCC21,0xCC21,0xCC21,0xCC21,0xCC21,0xCC21,0xCC21,0xCC21,0xCC21,0xCC21,0xCC21,
    0xCC21,0xCC21,0xCC21,0xCC21,0xCC21,0xCC21,0xCC21,0xCC21,0xCC21,0xCC21,0xCC21,0xCC21,
    0xCC21,0xCC21,0xCC21,0xCC21,0xCC21,0xCC21,0xCC21,0xCC21,0xCC21,0xCC21,0xCC21,0xCC21,
    0xCC21,0xCC21,0xCC21,0xCC21,0xCC21,0xCC21,0xCC21,0xCC21,0xCC21,0xCC21,0xCC21,0xCC21,
    0xCC21,0xCC21,0xCC21,0xCC21,0xCC21,0xCC21,0xCC21,0x8C19,0x8C19,0x8C19,0xCC21,0xCC21,
    0xCC21,0x8C19,0x8C19,0x8C19,0x8C19,0x8C19,0x8C19,0x8C19,0x8C19,0x8C19,0x8C19,0x8C19,
    0x8C19,0x8C19,0x8C19,0x8C19,0x8C19,0x8C19,0x8C19,0x8C19,0x8C19,0x8C19,0x8C19,0x8C19,
    0x8C19,0x8C19,0x8C19,0x8C19,0x8C19,0x8C19,0x8C19,0x8C19,0x8C19,0x8C19,0x8C19,0x8C19,
    0x8C19,0x8C19,0x8C19,0x8C19,0x8C19,0x8C19,0x8C19,0x8C19,0x8C19,0x8C19,0x8C19,0x8C19,
    0x8C19,0x8C19,0x8C19,0x8C19,0x8C19,0x8C19,0x8C19,0x8C19,0x8C19,0x8C19,0x8C19,0x8C19,
    0x8C19,0x8C19,0x8C19,0x8C19,0x8C19,0x8C19,0x8C19,0x8C19,0x8C19,0x8C19,0x8C19,0x8C19,
    0x8C19,0x8C19,0x8C19,0x8C19,0x8C19,0x8C19,0x8C19,0x8C19,0x8C19,0x8C19,0x8C19,0x8C19,
    0x8C19,0x8C19,0x8C19,0x8C19,0x8C19,0x8C19,0x8C19,0x8C19,0x8C19,0x8C19,0x8C19,0x8C19,
    0x8C19,0x8C19,0x8C19,0x8C19,0x8C19,0x8C19,0x8C19,0x8C19,0x8C19,0x8C19,0x8C19,0x8C19,
    0x8C19,0x8C19,0x8C19,0x8C19,0x8C19,0x8C19,0x8C19,0xCC21,0xCC21,0xCC21,0xCC21,0xCC21,
    0xCC21,0xCC21,0xCC21,0xCC21,0xCC21,0xCC21,0xCC21,0xCC21,0xCC21,0xCC21,0xCC21,0xCC21,
    0xCC21,0xCC21,0xCC21,0xCC21,0xCC21,0xCC21,0xCC21,0xCC21,0xCC21,0xCC21,0xCC21,0xCC21,
    0xCC21,0xCC21,0xCC21,0xCC21,0xCC21,0xCC21,0xCC21,0xCC21,0xCC21,0xCC21,0xCC21,0xCC21,
    0xCC21,0xCC21,0xCC21,0xCC21,0xCC21,0xCC21,0xCC21,0xCC21,0xCC21,0xCC21,0xCC21,0xCC21,
    0xCC21,0xCC21,0xCC21,0xCC21,0xCC21,0xCC21,0xCC21,0xCC21,0xCC21,0xCC21,0xCC21,0xCC21,
    0xCC21,0xCC21,0xCC21,0xCC21,0xCC21,0xCC21,0xCC21,0xCC21,0xCC21,0xCC21,0xCC21,0xCC21,
    0xCC21,0xCC21,0xCC21,0xCC21,0xCC21,0xCC21,0xCC21,0xCC21,0xCC21,0xCC21,0xCC21,0xCC21,
    0xCC21,0xCC21,0xCC21,0xCC21,0xCC21,0xCC21,0xCC21,0xCC21,0xCC21,0xCC21,0xCC21,0xCC21,
    0xCC21,0xCC21,0xCC21,0xCC21,0xCC21,0xCC21,0xCC21,0xCC21,0xCC21,0xCC21,0xCC21,0xCC21,
    0xCC21,0xCC21,0xCC21,0xCC21,0xCC21,0xCC21,0x8C19,0x8C19,0x8C19,0x8C19,0xCC21,0xCC21,
    0xCC21,0x8C19,0x8C19,0x8C19,0x8C19,0x8C19,0x8C19,0x8C19,0x8C19,0x8C19,0x8C19,0x8C19,
    0x8C19,0x8C19,0x8C19,0x8C19,0x8C19,0x8C19,0x8C19,0x8C19,0x8C19,0x8C19,0x8C19,0x8C19,
    0x8C19,0x8C19,0x8C19,0x8C19,0x8C19,0x8C19,0x8C19,0x8C19,0x8C19,0x8C19,0x8C19,0x8C19,
    0x8C19,0x8C19,0x8C19,0x8C19,0x8C19,0x8C19,0x8C19,0x8C19,0x8C19,0x8C19,0x8C19,0x8C19,
    0x8C19,0x8C19,0x8C19,0x8C19,0x8C19,0x8C19,0x8C19,0x8C19,0x8C19,0x8C19,0x8C19,0x8C19,
    0x8C19,0x8C19,0x8C19,0x8C19,0x8C19,0x8C19,0x8C19,0x8C19,0x8C19,0x8C19,0x8C19,0x8C19,
    0x8C19,0x8C19,0x8C19,0x8C19,0x8C19,0x8C19,0x8C19,0x8C19,0x8C19,0x8C19,0x8C19,0x8C19,
    0x8C19,0x8C19,0x8C19,0x8C19,0x8C19,0x8C19,0x8C19,0x8C19,0x8C19,0x8C19,0x8C19,0x8C19,
    0x8C19,0x8C19,0x8C19,0x8C19,0x8C19,0x8C19,0x8C19,0x8C19,0x8C19,0x8C19,0x8C19,0x8C19,
    0x8C19,0x8C19,0x8C19,0x8C19,0x8C19,0x8C19,0x8C19,0x8C19,0x8C19,0x8C19,0x8C19,0x8C19,
    0x8C19,0x8C19,0x8C19,0x8C19,0x8C19,0x8C19,0x8C19,0x8C19,0x8C19,0x8C19,0x8C19,0xCC21,
    0xCC21,0x8C19,0x8C19,0x8C19,0x8C19,0xCC21,0xCC21,0xCC21,0xCC21,0xCC21,0xCC21,0xCC21,
    0xCC21,0xCC21,0xCC21,0xCC21,0xCC21,0xCC21,0xCC21,0xCC21,0xCC21,0xCC21,0xCC21,0xCC21,
    0xCC21,0xCC21,0xCC21,0xCC21,0xCC21,0xCC21,0xCC21,0xCC21,0xCC21,0xCC21,0xCC21,0xCC21,
    0xCC21,0xCC21,0xCC21,0xCC21,0xCC21,0xCC21,0xCC21,0xCC21,0xCC21,0xCC21,0xCC21,0xCC21,
    0xCC21,0xCC21,0xCC21,0xCC21,0xCC21,0xCC21,0xCC21,0xCC21,0xCC21,0xCC21,0xCC21,0xCC21,
    0xCC21,0xCC21,0xCC21,0xCC21,0xCC21,0xCC21,0xCC21,0xCC21,0xCC21,0xCC21,0xCC21,0xCC21,
    0xCC21,0xCC21,0xCC21,0xCC21,0xCC21,0xCC21,0xCC21,0xCC21,0xCC21,0xCC21,0xCC21,0xCC21,
    0xCC21,0xCC21,0xCC21,0xCC21,0xCC21,0xCC21,0xCC21,0xCC21,0xCC21,0xCC21,0xCC21,0xCC21,
    0xCC21,0xCC21,0xCC21,0xCC21,0xCC21,0xCC21,0x8C19,0x8C19,0x8C19,0x8C19,0xCC21,0xCC21,
    0xCC21,0xCC21,0x8C19,0x8C19,0x8C19,0x8C19,0x8C19,0x8C19,0x8C19,0x8C19,0x8C19,0x8C19,
    0x8C19,0x8C19,0x8C19,0x8C19,0x8C19,0x8C19,0x8C19,0x8C19,0x8C19,0x8C19,0x8C19,0x8C19,
    0x8C19,0x8C19,0x8C19,0x8C19,0x8C19,0x8C19,0x8C19,0x8C19,0x8C19,0x8C19,0x8C19,0x8C19,
    0x8C19,0x8C19,0x8C19,0x8C19,0x8C19,0x8C19,0x8C19,0x8C19,0x8C19,0x8C19,0x8C19,0x8C19,
    0x8C19,0x8C19,0x8C19,0x8C19,0x8C19,0x8C19,0x8C19,0x8C19,0x8C19,0x8C19,0x8C19,0x8C19,
    0x8C19,0x8C19,0x8C19,0x8C19,0x8C19,0x8C19,0x8C19,0x8C19,0x8C19,0x8C19,0x8C19,0x8C19,
    0x8C19,0x8C19,0x8C19,0x8C19,0x8C19,0x8C19,0x8C19,0x8C19,0x8C19,0x8C19,0x8C19,0x8C19,
    0x8C19,0x8C19,0x8C19,0x8C19,0x8C19,0x8C19,0x8C19,0x8C19,0x8C19,0x8C19,0x8C19,0x8C19,
    0x8C19,0x8C19,0x8C19,0x8C19,0x8C19,0x8C19,0x8C19,0x8C19,0x8C19,0x8C19,0x8C19,0x8C19,
    0x8C19,0x8C19,0x8C19,0x8C19,0x8C19,0x8C19,0x8C19,0x8C19,0x8C19,0x8C19,0x8C19,0x8C19,
    0x8C19,0x8C19,0x8C19,0x8C19,0xCC21,0xCC21,0x8C19,0x8C19,0x8C19,0x8C19,0x8C19,0xCC21,
    0x8C19,0x8C19,0x8C19,0x8C19,0x8C19,0x8C19,0x8C19,0x8C19,0x8C19,0x8C19,0xCC21,0xCC21,
    0xCC21,0xCC21,0xCC21,0xCC21,0xCC21,0xCC21,0xCC21,0xCC21,0xCC21,0xCC21,0xCC21,0xCC21,
    0xCC21,0xCC21,0xCC21,0xCC21,0xCC21,0xCC21,0xCC21,0xCC21,0xCC21,0xCC21,0xCC21,0xCC21,
    0xCC21,0xCC21,0xCC21,0xCC21,0xCC21,0xCC21,0xCC21,0xCC21,0xCC21,0xCC21,0xCC21,0xCC21,
    0xCC21,0xCC21,0xCC21,0xCC21,0xCC21,0xCC21,0xCC21,0xCC21,0xCC21,0xCC21,0xCC21,0xCC21,
    0xCC21,0xCC21,0xCC21,0xCC21,0xCC21,0xCC21,0xCC21,0xCC21,0xCC21,0xCC21,0xCC21,0xCC21,
    0xCC21,0xCC21,0xCC21,0xCC21,0xCC21,0xCC21,0xCC21,0xCC21,0xCC21,0xCC21,0xCC21,0xCC21,
    0xCC21,0xCC21,0xCC21,0xCC21,0xCC21,0xCC21,0xCC21,0xCC21,0xCC21,0xCC21,0xCC21,0xCC21,
    0xCC21,0xCC21,0xCC21,0xCC21,0x8C19,0x8C19,0x8C19,0x8C19,0x8C19,0x8C19,0x8C19,0xCC21,
    0x8C19,0x8C19,0x8C19,0x8C19,0x8C19,0x8C19,0x8C19,0x8C19,0x8C19,0x8C19,0x8C19,0x8C19,
    0x8C19,0x8C19,0x8C19,0x8C19,0x8C19,0x8C19,0x8C19,0x8C19,0x8C19,0x8C19,0x8C19,0x8C19,
    0x8C19,0x8C19,0x8C19,0x8C19,0x8C19,0x8C19,0x8C19,0x8C19,0x8C19,0x8C19,0x8C19,0x8C19,
    0x8C19,0x8C19,0x8C19,0x8C19,0x8C19,0x8C19,0x8C19,0x8C19,0x8C19,0x8C19,0x8C19,0x8C19,
    0x8C19,0x8C19,0x8C19,0x8C19,0x8C19,0x8C19,0x8C19,0x8C19,0x8C19,0x8C19,0x8C19,0x8C19,
    0x8C19,0x8C19,0x8C19,0x8C19,0x8C19,0x8C19,0x8C19,0x8C19,0x8C19,0x8C19,0x8C19,0x8C19,
    0x8C19,0x8C19,0x8C19,0x8C19,0x8C19,0x8C19,0x8C19,0x8C19,0x8C19,0x8C19,0x8C19,0x8C19,
    0x8C19,0x8C19,0x8C19,0x8C19,0x8C19,0x8C19,0x8C19,0x8C19,0x8C19,0x8C19,0x8C19,0x8C19,
    0x8C19,0x8C19,0x8C19,0x8C19,0x8C19,0x8C19,0x8C19,0x8C19,0x8C19,0x8C19,0x8C19,0x8C19,
    0x8C19,0x8C19,0x8C19,0x8C19,0x8C19,0x8C19,0x8C19,0x8C19,0x8C19,0x8C19,0x8C19,0x8C19,
    0x8C19,0x8C19,0x8C19,0x8C19,0x8C19,0x8C19,0x8C19,0x8C19,0x8C19,0x8C19,0x8C19,0x8C19,
    0x8C19,0x8C19,0x8C19,0xCC21,0x8C19,0x8C19,0x8C19,0x8C19,0x8C19,0x8C19,0xCC21,0xCC21,
    0xCC21,0xCC21,0xCC21,0xCC21,0xCC21,0xCC21,0xCC21,0xCC21,0xCC21,0xCC21,0xCC21,0xCC21,
    0xCC21,0xCC21,0xCC21,0xCC21,0xCC21,0xCC21,0xCC21,0xCC21,0xCC21,0xCC21,0xCC21,0xCC21,
    0xCC21,0xCC21,0xCC21,0xCC21,0xCC21,0xCC21,0xCC21,0xCC21,0xCC21,0xCC21,0xCC21,0xCC21,
    0xCC21,0xCC21,0xCC21,0xCC21,0xCC21,0xCC21,0xCC21,0xCC21,0xCC21,0xCC21,0xCC21,0xCC21,
    0xCC21,0xCC21,0xCC21,0xCC21,0xCC21,0xCC21,0xCC21,0xCC21,0xCC21,0xCC21,0xCC21,0xCC21,
    0xCC21,0xCC21,0xCC21,0xCC21,0xCC21,0xCC21,0xCC21,0xCC21,0xCC21,0xCC21,0xCC21,0xCC21,
    0xCC21,0xCC21,0xCC21,0xCC21,0xCC21,0xCC21,0xCC21,0xCC21,0xCC21,0xCC21,0xCC21,0xCC21,
    0xCC21,0xCC21,0xCC21,0x8C19,0x8C19,0x8C19,0x8C19,0x8C19,0x8C19,0x8C19,0x8C19,0x8C19,
    0xCC21,0x8C19,0x8C19,0x8C19,0x8C19,0x8C19,0x8C19,0x8C19,0x8C19,0x8C19,0x8C19,0x8C19,
    0x8C19,0x8C19,0x8C19,0x8C19,0x8C19,0x8C19,0x8C19,0x8C19,0x8C19,0x8C19,0x8C19,0x8C19,
    0x8C19,0x8C19,0x8C19,0x8C19,0x8C19,0x8C19,0x8C19,0x8C19,0x8C19,0x8C19,0x8C19,0x8C19,
    0x8C19,0x8C19,0x8C19,0x8C19,0x8C19,0x8C19,0x8C19,0x8C19,0x8C19,0x8C19,0x8C19,0x8C19,
    0x8C19,0x8C19,0x8C19,0x8C19,0x8C19,0x8C19,0x8C19,0x8C19,0x8C19,0x8C19,0x8C19,0x8C19,
    0x8C19,0x8C19,0x8C19,0x8C19,0x8C19,0x8C19,0x8C19,0x8C19,0x8C19,0x8C19,0x8C19,0x8C19,
    0x8C19,0x8C19,0x8C19,0x8C19,0x8C19,0x8C19,0x8C19,0x8C19,0x8C19,0x8C19,0x8C19,0x8C19,
    0x8C19,0x8C19,0x8C19,0x8C19,0x8C19,0x8C19,0x8C19,0x8C19,0x8C19,0x8C19,0x8C19,0x8C19,
    0x8C19,0x8C19,0x8C19,0x8C19,0x8C19,0x8C19,0x8C19,0x8C19,0x8C19,0x8C19,0x8C19,0x8C19,
    0x8C19,0x8C19,0x8C19,0x8C19,0x8C19,0x8C19,0x8C19,0x8C19,0x8C19,0x8C19,0x8C19,0x8C19,
    0x8C19,0x8C19,0x8C19,0x8C19,0x8C19,0x8C19,0x8C19,0x8C19,0x8C19,0x8C19,0x8C19,0x8C19,
    0x8C19,0x8C19,0x8C19,0x8C19,0x8C19,0x8C19,0x8C19,0x8C19,0x8C19,0x8C19,0x8C19,0x8C19,
    0x8C19,0x8C19,0x8C19,0xCC21,0x8C19,0xCC21,0xCC21,0xCC21,0xCC21,0xCC21,0xCC21,0xCC21,
    0xCC21,0xCC21,0xCC21,0xCC21,0xCC21,0xCC21,0xCC21,0xCC21,0xCC21,0xCC21,0xCC21,0xCC21,
    0xCC21,0xCC21,0xCC21,0xCC21,0xCC21,0xCC21,0xCC21,0xCC21,0xCC21,0xCC21,0xCC21,0xCC21,
    0xCC21,0xCC21,0xCC21,0xCC21,0xCC21,0x8C19,0xCC21,0xCC21,0xCC21,0xCC21,0xCC21,0xCC21,
    0xCC21,0xCC21,0xCC21,0xCC21,0xCC21,0xCC21,0xCC21,0xCC21,0xCC21,0xCC21,0xCC21,0xCC21,
    0xCC21,0xCC21,0xCC21,0xCC21,0xCC21,0x8C19,0x8C19,0x8C19,0x8C19,0x8C19,0x8C19,0x8C19,
    0x8C19,0x8C19,0x8C19,0x8C19,0x8C19,0x8C19,0x8C19,0x8C19,0x8C19,0x8C19,0x8C19,0x8C19,
    0x8C19,0x8C19,0x8C19,0x8C19,0x8C19,0x8C19,0x8C19,0x8C19,0x8C19,0x8C19,0x8C19,0x8C19,
    0x8C19,0x8C19,0x8C19,0x8C19,0x8C19,0x8C19,0x8C19,0x8C19,0x8C19,0x8C19,0x8C19,0x8C19,
    0x8C19,0x8C19,0x8C19,0x8C19,0x8C19,0x8C19,0x8C19,0x8C19,0x8C19,0x8C19,0x8C19,0x8C19,
    0x8C19,0x8C19,0x8C19,0x8C19,0x8C19,0x8C19,0x8C19,0x8C19,0x8C19,0x8C19,0x8C19,0x8C19,
    0x8C19,0x8C19,0x8C19,0x8C19,0x8C19,0x8C19,0x8C19,0x8C19,0x8C19,0x8C19,0x8C19,0x8C19,
    0x8C19,0x8C19,0x8C19,0x8C19,0x8C19,0x8C19,0x8C19,0x8C19,0x8C19,0x8C19,0x8C19,0x8C19,
    0x8C19,0x8C19,0x8C19,0x8C19,0x8C19,0x8C19,0x8C19,0x8C19,0x8C19,0x8C19,0x8C19,0x8C19,
    0x8C19,0x8C19,0x8C19,0x8C19,0x8C19,0x8C19,0x8C19,0x8C19,0x8C19,0x8C19,0x8C19,0x8C19,
    0x8C19,0x8C19,0x8C19,0x8C19,0x8C19,0x8C19,0x8C19,0x8C19,0x8C19,0x8C19,0x8C19,0x8C19,
    0x8C19,0x8C19,0x8C19,0x8C19,0x8C19,0x8C19,0x8C19,0x8C19,0x8C19,0x8C19,0x8C19,0x8C19,
    0x8C19,0x8C19,0x8C19,0x8C19,0x8C19,0x8C19,0x8C19,0x8C19,0x8C19,0x8C19,0x8C19,0x8C19,
    0x8C19,0x8C19,0x8C19,0x8C19,0x8C19,0x8C19,0x8C19,0x8C19,0x8C19,0x8C19,0x8C19,0x8C19,
    0x8C19,0x8C19,0x8C19,0x8C19,0x8C19,0x8C19,0x8C19,0x8C19,0x8C19,0x8C19,0x8C19,0x8C19,
    0x8C19,0x8C19,0x8C19,0x8C19,0x8C19,0x8C19,0x8C19,0x8C19,0x8C19,0xCC21,0xCC21,0xCC21,
    0x8C19,0x8C19,0x8C19,0x8C19,0xCC21,0xCC21,0xCC21,0xCC21,0xCC21,0xCC21,0xCC21,0x8C19,
    0x8C19,0x8C19,0x8C19,0xCC21,0xCC21,0xCC21,0xCC21,0xCC21,0xCC21,0x8C19,0x8C19,0x8C19,
    0x8C19,0xCC21,0x8C19,0x8C19,0x8C19,0x8C19,0x8C19,0xCC21,0x8C19,0x8C19,0x8C19,0xCC21,
    0x8C19,0x8C19,0x8C19,0x8C19,0x8C19,0x8C19,0x8C19,0x8C19,0x8C19,0x8C19,0x8C19,0x8C19,
    0x8C19,0x8C19,0x8C19,0x8C19,0x8C19,0x8C19,0x8C19,0x8C19,0x8C19,0x8C19,0x8C19,0x8C19,
    0x8C19,0x8C19,0x8C19,0x8C19,0x8C19,0x8C19,0x8C19,0x8C19,0x8C19,0x8C19,0x8C19,0x8C19,
    0x8C19,0x8C19,0x8C19,0x8C19,0x8C19,0x8C19,0x8C19,0x8C19,0x8C19,0x8C19,0x8C19,0x8C19,
    0x8C19,0x8C19,0x8C19,0x8C19,0x8C19,0x8C19,0x8C19,0x8C19,0x8C19,0x8C19,0x8C19,0x8C19,
    0x8C19,0x8C19,0x8C19,0x8C19,0x8C19,0x8C19,0x8C19,0x8C19,0x8C19,0x8C19,0x8C19,0x8C19,
    0x8C19,0x8C19,0x8C19,0x8C19,0x8C19,0x8C19,0x8C19,0x8C19,0x8C19,0x8C19,0x8C19,0x8C19,
    0x8C19,0x8C19,0x8C19,0x8C19,0x8C19,0x8C19,0x8C19,0x8C19,0x8C19,0x8C19,0x8C19,0x8C19,
    0x8C19,0x8C19,0x8C19,0x8C19,0x8C19,0x8C19,0x8C19,0x8C19,0x8C19,0x8C19,0x8C19,0x8C19,
    0x8C19,0x8C19,0x8C19,0x8C19,0x8C19,0x8C19,0x8C19,0x8C19,0x8C19,0x8C19,0x8C19,0x8C19,
    0x8C19,0x8C19,0x8C19,0x8C19,0x8C19,0x8C19,0x8C19,0x8C19,0x8C19,0x8C19,0x8C19,0x8C19,
    0x8C19,0x8C19,0x8C19,0x8C19,0x8C19,0x8C19,0x8C19,0x8C19,0x8C19,0x8C19,0x8C19,0x8C19,
    0x8C19,0x8C19,0x8C19,0x8C19,0x8C19,0x8C19,0x8C19,0x8C19,0x8C19,0x8C19,0x8C19,0x8C19,
    0x8C19,0x8C19,0x8C19,0x8C19,0x8C19,0x8C19,0x8C19,0x8C19,0x8C19,0x8C19,0x8C19,0x8C19,
    0x8C19,0x8C19,0x8C19,0x8C19,0x8C19,0x8C19,0x8C19,0x8C19,0x8C19,0x8C19,0x8C19,0x8C19,
    0x8C19,0x8C19,0x8C19,0x8C19,0x8C19,0x8C19,0x8C19,0x8C19,0x8C19,0x8C19,0x8C19,0x8C19,
    0x8C19,0x8C19,0x8C19,0x8C19,0x8C19,0x8C19,0x8C19,0x8C19,0x8C19,0x8C19,0x8C19,0x8C19,
    0x8C19,0x8C19,0x8C19,0xCC21,0xCC21,0x8C19,0x8C19,0x8C19,0x8C19,0x8C19,0x8C19,0x8C19,
    0x8C19,0x8C19,0x8C19,0x8C19,0x8C19,0x8C19,0x8C19,0x8C19,0x8C19,0x8C19,0x8C19,0x8C19,
    0x8C19,0x8C19,0x8C19,0x8C19,0x8C19,0x8C19,0x8C19,0x8C19,0x8C19,0x8C19,0x8C19,0x8C19,
    0x8C19,0x8C19,0x8C19,0x8C19,0x8C19,0x8C19,0x8C19,0x8C19,0x8C19,0x8C19,0x8C19,0x8C19,
    0x8C19,0x8C19,0x8C19,0x8C19,0x8C19,0x8C19,0x8C19,0x8C19,0x8C19,0x8C19,0x8C19,0x8C19,
    0x8C19,0x8C19,0x8C19,0x8C19,0x8C19,0x8C19,0x8C19,0x8C19,0x8C19,0x8C19,0x8C19,0x8C19,
    0x8C19,0x8C19,0x8C19,0x8C19,0x8C19,0x8C19,0x8C19,0x8C19,0x8C19,0x8C19,0x8C19,0x8C19,
    0x8C19,0x8C19,0x8C19,0x8C19,0x8C19,0x8C19,0x8C19,0x8C19,0x8C19,0x8C19,0x8C19,0x8C19,
    0x8C19,0x8C19,0x8C19,0x8C19,0x8C19,0x8C19,0x8C19,0x8C19,0x8C19,0x8C19,0x8C19,0x8C19,
    0x8C19,0x8C19,0x8C19,0x8C19,0x8C19,0x8C19,0x8C19,0x8C19,0x8C19,0x8C19,0x8C19,0x8C19,
    0x8C19,0x8C19,0x8C19,0x8C19,0x8C19,0x8C19,0x8C19,0x8C19,0x8C19,0x8C19,0x8C19,0x8C19,
    0x8C19,0x8C19,0x8C19,0x8C19,0x8C19,0x8C19,0x8C19,0x8C19,0x8C19,0x8C19,0x8C19,0x8C19,
    0x8C19,0x8C19,0x8C19,0x8C19,0x8C19,0x8C19,0x8C19,0x8C19,0x8C19,0x8C19,0x8C19,0x8C19,
    0x8C19,0x8C19,0x8C19,0x8C19,0x8C19,0x8C19,0x8C19,0x8C19,0x8C19,0x8C19,0x8C19,0x8C19,
    0x8C19,0x8C19,0x8C19,0x8C19,0x8C19,0x8C19,0x8C19,0x8C19,0x8C19,0x8C19,0x8C19,0x8C19,
    0x8C19,0x8C19,0x8C19,0x8C19,0x8C19,0x8C19,0x8C19,0x8C19,0x8C19,0x8C19,0x8C19,0x8C19,
    0x8C19,0x8C19,0x8C19,0x8C19,0x8C19,0x8C19,0x8C19,0x8C19,0x8C19,0x8C19,0x8C19,0x8C19,
    0x8C19,0x8C19,0x8C19,0x8C19,0x8C19,0x8C19,0x8C19,0x8C19,0x8C19,0x8C19,0x8C19,0x8C19,
    0x8C19,0x8C19,0x8C19,0x8C19,0x8C19,0x8C19,0x8C19,0x8C19,0x8C19,0x8C19,0x8C19,0x8C19,
    0x8C19,0x8C19,0x8C19,0x8C19,0x8C19,0x8C19,0x8C19,0x8C19,0x8C19,0x8C19,0x8C19,0x8C19,
    0x8C19,0x8C19,0x8C19,0x8C19,0x8C19,0x8C19,0x8C19,0x8C19,0x8C19,0x8C19,0x8C19,0x8C19,
    0x8C19,0x8C19,0x8C19,0x8C19,0x8C19,0x8C19,0x8C19,0x8C19,0x8C19,0x8C19,0x8C19,0x8C19,
    0x8C19,0x8C19,0x8C19,0x8C19,0x8C19,0x8C19,0x8C19,0x8C19,0x8C19,0x8C19,0x8C19,0x8C19,
    0x8C19,0x8C19,0x8C19,0x8C19,0x8C19,0x8C19,0x8C19,0x8C19,0x8C19,0x8C19,0x8C19,0x8C19,
    0x8C19,0x8C19,0x8C19,0x8C19,0x8C19,0x8C19,0x8C19,0x8C19,0x8C19,0x8C19,0x8C19,0x8C19,
    0x8C19,0x8C19,0x8C19,0x8C19,0x8C19,0x8C19,0x8C19,0x8C19,0x8C19,0x8C19,0x8C19,0x8C19,
    0x8C19,0x8C19,0x8C19,0x8C19,0x8C19,0x8C19,0x8C19,0x8C19,0x8C19,0x8C19,0x8C19,0x8C19,
    0x8C19,0x8C19,0x8C19,0x8C19,0x8C19,0x8C19,0x8C19,0x8C19,0x8C19,0x8C19,0x8C19,0x8C19,
    0x8C19,0x8C19,0x8C19,0x8C19,0x8C19,0x8C19,0x8C19,0x8C19,0x8C19,0x8C19,0x8C19,0x8C19,
    0x8C19,0x8C19,0x8C19,0x8C19,0x8C19,0x8C19,0x8C19,0x8C19,0x8C19,0x8C19,0x8C19,0x8C19,
    0x8C19,0x8C19,0x8C19,0x8C19,0x8C19,0x8C19,0x8C19,0x8C19,0x8C19,0x8C19,0x8C19,0x8C19,
    0x8C19,0x8C19,0x8C19,0x8C19,0x8C19,0x8C19,0x8C19,0x8C19,0x8C19,0x8C19,0x8C19,0x8C19,
    0x8C19,0x8C19,0x8C19,0x8C19,0x8C19,0x8C19,0x8C19,0x8C19,0x8C19,0x8C19,0x8C19,0x8C19,
    0x8C19,0x8C19,0x8C19,0x8C19,0x8C19,0x8C19,0x8C19,0x8C19,0x8C19,0x8C19,0x8C19,0x8C19,
    0x8C19,0x8C19,0x8C19,0x8C19,0x8C19,0x8C19,0x8C19,0x8C19,0x8C19,0x8C19,0x8C19,0x8C19,
    0x8C19,0x8C19,0x8C19,0x8C19,0x8C19,0x8C19,0x8C19,0x8C19,0x8C19,0x8C19,0x8C19,0x8C19,
    0x8C19,0x8C19,0x8C19,0x8C19,0x8C19,0x8C19,0x8C19,0x8C19,0x8C19,0x8C19,0x8C19,0x8C19,
    0x8C19,0x8C19,0x8C19,0x8C19,0x8C19,0x8C19,0x8C19,0x8C19,0x8C19,0x8C19,0x8C19,0x8C19,
    0x8C19,0x8C19,0x8C19,0x8C19,0x8C19,0x8C19,0x8C19,0x8C19,0x8C19,0x8C19,0x8C19,0x8C19,
    0x8C19,0x8C19,0x8C19,0x8C19,0x8C19,0x8C19,0x8C19,0x8C19,0x8C19,0x8C19,0x8C19,0x8C19,
    0x8C19,0x8C19,0x8C19,0x8C19,0x8C19,0x8C19,0x8C19,0x8C19,0x8C19,0x8C19,0x8C19,0x8C19,
    0x8C19,0x8C19,0xCC21,0xCC21,0xCC21,0xCC21,0xCC21,0x8C19,0x8C19,0xCC21,0x8C19,0x8C19,
    0x8C19,0x8C19,0x8C19,0x8C19,0x8C19,0x8C19,0x8C19,0x8C19,0x8C19,0x8C19,0x8C19,0x8C19,
    0x8C19,0x8C19,0x8C19,0x8C19,0x8C19,0x8C19,0x8C19,0x8C19,0x8C19,0x8C19,0x8C19,0x8C19,
    0x8C19,0x8C19,0x8C19,0x8C19,0x8C19,0x8C19,0x8C19,0x8C19,0x8C19,0x8C19,0x8C19,0x8C19,
    0x8C19,0x8C19,0x8C19,0x8C19,0x8C19,0x8C19,0x8C19,0x8C19,0x8C19,0x8C19,0x8C19,0x8C19,
    0x8C19,0x8C19,0x8C19,0x8C19,0x8C19,0x8C19,0x8C19,0x8C19,0x8C19,0x8C19,0x8C19,0x8C19,
    0x8C19,0x8C19,0x8C19,0x8C19,0x8C19,0x8C19,0x8C19,0x8C19,0x8C19,0x8C19,0x8C19,0x8C19,
    0x8C19,0x8C19,0x8C19,0x8C19,0x8C19,0x8C19,0x8C19,0x8C19,0x8C19,0x8C19,0x8C19,0x8C19,
    0x8C19,0x8C19,0x8C19,0x8C19,0x8C19,0x8C19,0x8C19,0x8C19,0x8C19,0x8C19,0x8C19,0x8C19,
    0x8C19,0x8C19,0x8C19,0x8C19,0x8C19,0x8C19,0x8C19,0x8C19,0x8C19,0x8C19,0x8C19,0x8C19,
    0x8C19,0x8C19,0x8C19,0x8C19,0x8C19,0x8C19,0x8C19,0x8C19,0x8C19,0x8C19,0x8C19,0x8C19,
    0x8C19,0x8C19,0x8C19,0x8C19,0x8C19,0x8C19,0x8C19,0x8C19,0x8C19,0x8C19,0x8C19,0x8C19,
    0x8C19,0x8C19,0x8C19,0x8C19,0x8C19,0x8C19,0x8C19,0x8C19,0x8C19,0x8C19,0x8C19,0x8C19,
    0x8C19,0x8C19,0x8C19,0x8C19,0x8C19,0x8C19,0x8C19,0x8C19,0x8C19,0x8C19,0x8C19,0x8C19,
    0x8C19,0x8C19,0x8C19,0x8C19,0x8C19,0x8C19,0x8C19,0x8C19,0x8C19,0x8C19,0x8C19,0x8C19,
    0x8C19,0x8C19,0x8C19,0x8C19,0x8C19,0x8C19,0x8C19,0x8C19,0x8C19,0x8C19,0x8C19,0x8C19,
    0x8C19,0x8C19,0x8C19,0x8C19,0x8C19,0x8C19,0x8C19,0x8C19,0x8C19,0x8C19,0x8C19,0x8C19,
    0x8C19,0x8C19,0x8C19,0x8C19,0x8C19,0x8C19,0x8C19,0x8C19,0x8C19,0x8C19,0x8C19,0x8C19,
    0x8C19,0x8C19,0x8C19,0x8C19,0x8C19,0x8C19,0x8C19,0x8C19,0x8C19,0x8C19,0x8C19,0x8C19,
    0x8C19,0x8C19,0x8C19,0x8C19,0x8C19,0x8C19,0x8C19,0x8C19,0x8C19,0x8C19,0x8C19,0x8C19,
    0x8C19,0x8C19,0x8C19,0x8C19,0x8C19,0x8C19,0x8C19,0x8C19,0x8C19,0x8C19,0x8C19,0x8C19,
    0x8C19,0x8C19,0x8C19,0x8C19,0x8C19,0x8C19,0x8C19,0x8C19,0x8C19,0x8C19,0x8C19,0x8C19,
    0x8C19,0x8C19,0x8C19,0x8C19,0x8C19,0x8C19,0x8C19,0x8C19,0x8C19,0x8C19,0x8C19,0x8C19,
    0x8C19,0x8C19,0x8C19,0x8C19,0x8C19,0x8C19,0x8C19,0x8C19,0x8C19,0x8C19,0x8C19,0x8C19,
    0x8C19,0x8C19,0x8C19,0x8C19,0x8C19,0x8C19,0x8C19,0x8C19,0x8C19,0x8C19,0x8C19,0x8C19,
    0x8C19,0x8C19,0x8C19,0x8C19,0x8C19,0x8C19,0x8C19,0x8C19,0x8C19,0x8C19,0x8C19,0x8C19,
    0x8C19,0x8C19,0x8C19,0x8C19,0x8C19,0x8C19,0x8C19,0x8C19,0x8C19,0x8C19,0x8C19,0x8C19,
    0x8C19,0x8C19,0x8C19,0x8C19,0x8C19,0x8C19,0x8C19,0x8C19,0x8C19,0x8C19,0x8C19,0x8C19,
    0x8C19,0x8C19,0x8C19,0x8C19,0x8C19,0x8C19,0x8C19,0x8C19,0x8C19,0x8C19,0x8C19,0x8C19,
    0x8C19,0x8C19,0x8C19,0x8C19,0x8C19,0x8C19,0x8C19,0x8C19,0x8C19,0x8C19,0x8C19,0x8C19,
    0x8C19,0x8C19,0x8C19,0x8C19,0x8C19,0x8C19,0x8C19,0x8C19,0x8C19,0x8C19,0x8C19,0x8C19,
    0x8C19,0x8C19,0x8C19,0x8C19,0x8C19,0x8C19,0x8C19,0x8C19,0x8C19,0x8C19,0x8C19,0x8C19,
    0x8C19,0x8C19,0x8C19,0x8C19,0x8C19,0x8C19,0x8C19,0x8C19,0x8C19,0x8C19,0x8C19,0x8C19,
    0x8C19,0x8C19,0x8C19,0x8C19,0x8C19,0x8C19,0x8C19,0x8C19,0x8C19,0x8C19,0x8C19,0x8C19,
    0x8C19,0x8C19,0x8C19,0x8C19,0x8C19,0x8C19,0x8C19,0x8C19,0x8C19,0x8C19,0x8C19,0x8C19,
    0x8C19,0x8C19,0x8C19,0x8C19,0x8C19,0x8C19,0x8C19,0x8C19,0x8C19,0x8C19,0x8C19,0x8C19,
    0x8C19,0x8C19,0x8C19,0x8C19,0x8C19,0x8C19,0x8C19,0x8C19,0x8C19,0x8C19,0x8C19,0x8C19,
    0x8C19,0x8C19,0x8C19,0x8C19,0x8C19,0x8C19,0x8C19,0x8C19,0x8C19,0x8C19,0x8C19,0x8C19,
    0x8C19,0x8C19,0x8C19,0x8C19,0x8C19,0x8C19,0x8C19,0x8C19,0x8C19,0x8C19,0x8C19,0x8C19,
    0x8C19,0x8C19,0x8C19,0x8C19,0x8C19,0x8C19,0x8C19,0x8C19,0xCC21,0xCC21,0x8C19,0x8C19,
    0xCC21,0xCC21,0xCC21,0x8C19,0x8C19,0x8C19,0x8C19,0xCC21,0xCC21,0xCC21,0xCC21,0xCC21,
    0xCC21,0xCC21,0xCC21,0xCC21,0xCC21,0xCC21,0xCC21,0xCC21,0xCC21,0xCC21,0xCC21,0xCC21,
    0xCC21,0xCC21,0xCC21,0xCC21,0xCC21,0xCC21,0xCC21,0xCC21,0xCC21,0xCC21,0xCC21,0xCC21,
    0xCC21,0xCC21,0xCC21,0xCC21,0xCC21,0xCC21,0xCC21,0xCC21,0xCC21,0xCC21,0xCC21,0x8C19,
    0x8C19,0x8C19,0x8C19,0x8C19,0x8C19,0x8C19,0x8C19,0x8C19,0x8C19,0x8C19,0x8C19,0x8C19,
    0x8C19,0x8C19,0x8C19,0x8C19,0x8C19,0x8C19,0x8C19,0x8C19,0x8C19,0x8C19,0x8C19,0x8C19,
    0x8C19,0x8C19,0x8C19,0x8C19,0x8C19,0x8C19,0x8C19,0x8C19,0x8C19,0x8C19,0x8C19,0x8C19,
    0x8C19,0x8C19,0x8C19,0x8C19,0x8C19,0x8C19,0x8C19,0x8C19,0x8C19,0x8C19,0x8C19,0x8C19,
    0x8C19,0x8C19,0x8C19,0x8C19,0x8C19,0x8C19,0x8C19,0x8C19,0x8C19,0x8C19,0x8C19,0x8C19,
    0x8C19,0x8C19,0x8C19,0x8C19,0x8C19,0x8C19,0x8C19,0x8C19,0x8C19,0x8C19,0x8C19,0x8C19,
    0x8C19,0x8C19,0x8C19,0x8C19,0x8C19,0x8C19,0x8C19,0x8C19,0x8C19,0x8C19,0x8C19,0x8C19,
    0x8C19,0x8C19,0x8C19,0x8C19,0x8C19,0x8C19,0x8C19,0x8C19,0x8C19,0x8C19,0x8C19,0x8C19,

};

static const lv_img_dsc_t ship_sky_dsc = {
    { LV_IMG_CF_TRUE_COLOR, 0, 0, 240, 320 },
    153600,
    (const uint8_t*)ship_sky
};

#endif /* GRUDA_IMG_SHIP_SKY_H */
