/* Auto-generated by GRUDA img_to_c.py */
/* 1 frame(s), 240x80 RGB565 */
#ifndef GRUDA_IMG_GRUDGE_HEADER_H
#define GRUDA_IMG_GRUDGE_HEADER_H

#include <pgmspace.h>
#include <lvgl.h>

#define GRUDGE_HEADER_W 240
#define GRUDGE_HEADER_H 80
#define GRUDGE_HEADER_FRAMES 1

static const uint16_t grudge_header[] PROGMEM = {
    0x2C63,0x2C63,0x2C63,0x2C63,0x2C63,0x2C63,0x2C63,0x2C63,0x2C63,0x2C63,0x2C63,0x0B63,
    0x0B63,0x0B63,0x0B63,0x0B63,0xEB62,0xEB62,0xCA5A,0xCA5A,0xCA5A,0xCA5A,0xCA5A,0xCA5A,
    0xCA5A,0xCA5A,0xCA5A,0xCA5A,0xCA5A,0xCA5A,0xCA5A,0xCA5A,0xCA5A,0xCA5A,0xCA5A,0xCA5A,
    0xCA5A,0x8952,0x8952,0x8952,0x8952,0x4852,0x4852,0x4852,0x4852,0x8952,0x4852,0x4852,
    0x4852,0x4852,0x4852,0x4852,0x4852,0x4852,0x4852,0x4852,0x4852,0x4852,0x4852,0x4852,
    0x4852,0x4852,0x4852,0x4852,0x4852,0x4852,0x4852,0x4852,0x4852,0x4852,0x4852,0x484A,
    0x484A,0x484A,0x484A,0x484A,0x484A,0x484A,0x484A,0x484A,0x484A,0x484A,0x484A,0x484A,
    0x484A,0x074A,0x074A,0x484A,0x484A,0x074A,0x074A,0x074A,0x074A,0x074A,0x074A,0x074A,
    0x074A,0x074A,0x074A,0x074A,0x074A,0x074A,0x074A,0x074A,0x074A,0x074A,0x074A,0x074A,
    0x074A,0x074A,0x074A,0x074A,0x074A,0x074A,0x074A,0x074A,0x074A,0x074A,0x074A,0x074A,
    0x074A,0x074A,0x074A,0x074A,0x074A,0x074A,0x074A,0x074A,0x074A,0x2652,0x074A,0x074A,
    0x074A,0x074A,0x074A,0x074A,0x074A,0x074A,0x2652,0x2652,0x074A,0x2652,0x2652,0x074A,
    0x2652,0x2652,0x2652,0x4852,0x4852,0x4852,0x4852,0x4852,0x4852,0x4852,0x4852,0x4852,
    0x4852,0x4852,0x4852,0x4852,0x4852,0x4852,0x4852,0x4852,0x4852,0x4852,0x4852,0x4852,
    0x4852,0x4852,0x4852,0x4852,0x4852,0x4852,0x4852,0x4852,0x4852,0x8952,0x8952,0x4852,
    0x8952,0x8952,0x8952,0x8952,0x8952,0x8952,0x8952,0xCA5A,0xCA5A,0xCA5A,0xCA5A,0xCA5A,
    0xCA5A,0xCA5A,0xCA5A,0xCA5A,0xCA5A,0xCA5A,0xCA5A,0xCA5A,0xCA5A,0xEB62,0xEB62,0xEB62,
    0xEB62,0x0B63,0x0B63,0x2C63,0x2C63,0x2C63,0x2C63,0x2C63,0x2C63,0x2C63,0x2C63,0x2C63,
    0x2C63,0x2C63,0x2C63,0x2C63,0x2C63,0x2C63,0x2C63,0x2C63,0x8D73,0xAE73,0x8D73,0x8D73,
    0xAE73,0x8D73,0xAE73,0xAE73,0xAE73,0xAE73,0xAE73,0xAE73,0xAE73,0xAE73,0xAE73,0xAE73,
    0x2C63,0x2C63,0x2C63,0x2C63,0x2C63,0x2C63,0x2C63,0x2C63,0x0B63,0x0B63,0x0C5B,0xEB62,
    0x0B63,0xEB62,0xEB62,0xCA5A,0xCA5A,0xCA5A,0xCA5A,0xCA5A,0xCA5A,0xCA5A,0xCA5A,0xCA5A,
    0xCA5A,0xCA5A,0xCA5A,0xCA5A,0xCA5A,0xCA5A,0xCA5A,0xCA5A,0xCA5A,0xCA5A,0xCA5A,0xCA5A,
    0x8952,0x8952,0x8952,0x8952,0x4852,0x4852,0x4852,0x4852,0x4852,0x4852,0x4852,0x4852,
    0x4852,0x4852,0x4852,0x4852,0x4852,0x4852,0x4852,0x4852,0x4852,0x4852,0x4852,0x4852,
    0x4852,0x4852,0x4852,0x484A,0x484A,0x4852,0x484A,0x4852,0x484A,0x4852,0x484A,0x484A,
    0x484A,0x484A,0x484A,0x484A,0x484A,0x484A,0x484A,0x484A,0x484A,0x074A,0x074A,0x074A,
    0x074A,0x074A,0x074A,0x074A,0x074A,0x074A,0x074A,0x074A,0x074A,0x074A,0x074A,0x074A,
    0x074A,0x074A,0x074A,0x074A,0x074A,0x074A,0x074A,0x074A,0x074A,0x074A,0x074A,0x074A,
    0x074A,0x074A,0x074A,0x074A,0x074A,0x074A,0x074A,0x074A,0x074A,0x074A,0x074A,0x074A,
    0x074A,0x074A,0x074A,0x074A,0x074A,0x074A,0x074A,0x074A,0x074A,0x074A,0x074A,0x074A,
    0x074A,0x074A,0x074A,0x074A,0x074A,0x074A,0x074A,0x074A,0x2652,0x2652,0x2652,0x2652,
    0x2652,0x2652,0x2652,0x2652,0x2652,0x2652,0x2652,0x4852,0x4852,0x4852,0x4852,0x4852,
    0x4852,0x4852,0x4852,0x4852,0x4852,0x4852,0x4852,0x4852,0x4852,0x4852,0x4852,0x4852,
    0x4852,0x4852,0x4852,0x4852,0x4852,0x4852,0x4852,0x4852,0x4852,0x4852,0x4852,0x4852,
    0x8952,0x8952,0x8952,0x8952,0x8952,0x8952,0x8952,0x8952,0x8952,0x8952,0xCA5A,0xCA5A,
    0xCA5A,0xCA5A,0xCA5A,0xCA5A,0xCA5A,0xCA5A,0xCA5A,0xCA5A,0xCA5A,0xCA5A,0xCA5A,0xEB62,
    0xCA5A,0x0B63,0xEB62,0x0B63,0x2C63,0x2C63,0x2C63,0x2C63,0x2C63,0x2C63,0x2C63,0x2C63,
    0x2C63,0x2C63,0x2C63,0x2C63,0x2C63,0x2C63,0x2C63,0x2C63,0x6D73,0x6D73,0x2C63,0x6D73,
    0xAE73,0x8D73,0x8D73,0xAE73,0xAE73,0xAE73,0xAE73,0xAE73,0xAE73,0xAE73,0xAE73,0xAE73,
    0x2C63,0x2C63,0x2C63,0x2C63,0x2C63,0x0B63,0x0B63,0xEB62,0x0B63,0xEB62,0xCA5A,0xCA5A,
    0xCA5A,0xCA5A,0xCA5A,0xCA5A,0xCA5A,0xCA5A,0xCA5A,0xCA5A,0xCA5A,0xCA5A,0xCA5A,0xCA5A,
    0xCA5A,0xCA5A,0xCA5A,0xCA5A,0xCA5A,0xCA5A,0xCA5A,0xCA5A,0xCA5A,0xCA5A,0x8952,0x8952,
    0x8952,0x8952,0x4852,0x4852,0x8952,0x4852,0x4852,0x4852,0x4852,0x4852,0x4852,0x4852,
    0x4852,0x4852,0x4852,0x4852,0x4852,0x4852,0x4852,0x4852,0x4852,0x4852,0x4852,0x4852,
    0x4852,0x4852,0x4852,0x484A,0x484A,0x4852,0x484A,0x484A,0x484A,0x484A,0x484A,0x484A,
    0x074A,0x484A,0x484A,0x074A,0x484A,0x484A,0x074A,0x074A,0x074A,0x074A,0x074A,0x074A,
    0x074A,0x074A,0x074A,0x074A,0x074A,0x074A,0x074A,0x074A,0x074A,0x074A,0x074A,0x074A,
    0x074A,0x074A,0x074A,0x074A,0x074A,0x074A,0x074A,0x074A,0x074A,0x074A,0x074A,0x074A,
    0x074A,0x074A,0x074A,0x074A,0x074A,0x074A,0x074A,0x074A,0x074A,0x074A,0x074A,0x074A,
    0x074A,0x074A,0x074A,0x074A,0x074A,0x074A,0x074A,0x074A,0x074A,0x074A,0x074A,0x074A,
    0x074A,0x074A,0x074A,0x074A,0x074A,0x074A,0x074A,0x074A,0x074A,0x2652,0x2652,0x2652,
    0x2652,0x2652,0x2652,0x2652,0x2652,0x2652,0x2652,0x4852,0x4852,0x2652,0x2652,0x4852,
    0x4852,0x4852,0x4852,0x4852,0x4852,0x4852,0x4852,0x4852,0x4852,0x4852,0x4852,0x4852,
    0x4852,0x4852,0x4852,0x4852,0x4852,0x4852,0x4852,0x4852,0x4852,0x4852,0x4852,0x4852,
    0x4852,0x8952,0x8952,0x8952,0x8952,0x8952,0x8952,0x8952,0x8952,0x8952,0xCA5A,0xCA5A,
    0xCA5A,0xCA5A,0xCA5A,0xCA5A,0xCA5A,0xCA5A,0xCA5A,0xCA5A,0xCA5A,0xCA5A,0xCA5A,0xCA5A,
    0xCA5A,0xEB62,0xEB62,0x0B63,0x0B63,0x2C63,0x2C63,0x2C63,0x2C63,0x2C63,0x2C63,0x2C63,
    0x2C63,0x2C63,0x2C63,0x2C63,0x2C63,0x2C63,0x2C63,0x2C63,0x2C63,0x2C63,0x2C63,0x2C63,
    0x6D73,0x6D73,0x6D73,0xAE73,0x8D73,0xAE73,0xAE73,0xAE73,0xAE73,0xAE73,0xAE73,0xAE73,
    0x0B63,0xEB62,0xEB62,0xEB62,0x0C5B,0xEB62,0xEB62,0xCA5A,0xCA5A,0xCA5A,0xCA5A,0xCA5A,
    0xCA5A,0xCA5A,0xCA5A,0xCA5A,0xCA5A,0xCA5A,0xCA5A,0xCA5A,0xCA5A,0xCA5A,0xCA5A,0xCA5A,
    0xCA5A,0xCA5A,0xCA5A,0xCA5A,0xCA5A,0xCA5A,0xCA5A,0xCA5A,0xCA5A,0x8952,0x8952,0x8952,
    0x4852,0x8952,0x4852,0x4852,0x4852,0x4852,0x4852,0x4852,0x4852,0x4852,0x4852,0x4852,
    0x4852,0x4852,0x4852,0x4852,0x4852,0x4852,0x4852,0x4852,0x4852,0x4852,0x4852,0x4852,
    0x4852,0x4852,0x4852,0x484A,0x484A,0x4852,0x484A,0x484A,0x484A,0x484A,0x484A,0x074A,
    0x074A,0x484A,0x074A,0x074A,0x074A,0x074A,0x074A,0x074A,0x2652,0x074A,0x074A,0x074A,
    0x074A,0x074A,0x074A,0x074A,0x074A,0x074A,0x074A,0x2652,0x2652,0x074A,0x2652,0x2652,
    0x074A,0x074A,0x074A,0x074A,0x074A,0x074A,0x074A,0x074A,0x074A,0x074A,0x074A,0x074A,
    0x074A,0x074A,0x074A,0x074A,0x074A,0x074A,0x074A,0x074A,0x074A,0x074A,0x074A,0x074A,
    0x074A,0x074A,0x074A,0x074A,0x074A,0x074A,0x074A,0x074A,0x074A,0x074A,0x074A,0x074A,
    0x074A,0x074A,0x074A,0xE641,0x074A,0x074A,0x074A,0x074A,0x074A,0x074A,0x074A,0x2652,
    0x2652,0x2652,0x2652,0x2652,0x2652,0x2652,0x2652,0x2652,0x2652,0x2652,0x2652,0x4852,
    0x4852,0x2652,0x2652,0x4852,0x4852,0x2652,0x4852,0x4852,0x2652,0x4852,0x4852,0x4852,
    0x4852,0x4852,0x4852,0x4852,0x4852,0x4852,0x4852,0x4852,0x4852,0x4852,0x4852,0x4852,
    0x4852,0x4852,0x4852,0x4852,0x8952,0x8952,0x8952,0x8952,0x8952,0x8952,0x8952,0x8952,
    0x8952,0xCA5A,0xCA5A,0xCA5A,0xCA5A,0xCA5A,0xCA5A,0xCA5A,0xCA5A,0xCA5A,0xCA5A,0xCA5A,
    0xCA5A,0xEB62,0xEB62,0xCA5A,0x0B63,0x0B63,0x0B63,0x0B63,0x2C63,0x2C63,0x2C63,0x2C63,
    0x2C63,0x2C63,0x2C63,0x2C63,0x2C63,0x2C63,0x2C63,0x2C63,0x2C63,0x2C63,0x2C63,0x2C63,
    0x2C63,0x2C63,0x2C63,0x6D73,0x8D73,0x8D73,0x8D73,0xAE73,0xAE73,0xAE73,0x8D73,0xAE73,
    0x0B63,0xEB62,0xEB62,0x0B63,0xCA5A,0xCA5A,0xCA5A,0xCA5A,0xCA5A,0xCA5A,0xCA5A,0xCA5A,
    0xCA5A,0xCA5A,0xCA5A,0xCA5A,0xCA5A,0xCA5A,0xCA5A,0xCA5A,0xCA5A,0xCA5A,0xCA5A,0xCA5A,
    0xCA5A,0xCA5A,0xCA5A,0xCA5A,0xCA5A,0xCA5A,0xCA5A,0x8952,0x8952,0x8952,0x8952,0x8952,
    0x4852,0x4852,0x4852,0x4852,0x4852,0x4852,0x4852,0x4852,0x484A,0x4852,0x4852,0x4852,
    0x4852,0x4852,0x4852,0x4852,0x4852,0x4852,0x4852,0x4852,0x4852,0x4852,0x4852,0x4852,
    0x2652,0x4852,0x4852,0x4852,0x074A,0x4852,0x074A,0x074A,0x074A,0x074A,0x074A,0x074A,
    0x2652,0x2652,0x2652,0x2652,0x2652,0x2652,0x074A,0x074A,0x2652,0x074A,0x074A,0x074A,
    0x2652,0x074A,0x2652,0x2652,0x2652,0x2652,0x074A,0x2652,0x2652,0x2652,0x2652,0x2652,
    0x074A,0x074A,0x074A,0x2652,0x074A,0x074A,0x074A,0x074A,0x074A,0x074A,0x2652,0x074A,
    0x074A,0x2652,0x074A,0x074A,0x074A,0x074A,0x074A,0x074A,0x074A,0x074A,0x074A,0x074A,
    0x074A,0x074A,0x074A,0x074A,0xE641,0x074A,0x074A,0x074A,0x074A,0x074A,0x074A,0x074A,
    0x074A,0x074A,0x074A,0xE641,0x074A,0x074A,0x074A,0x074A,0x074A,0x074A,0x074A,0x2652,
    0x2652,0x2652,0x2652,0x2652,0x2652,0x2652,0x2652,0x2652,0x2652,0x2652,0x2652,0x2652,
    0x2652,0x2652,0x2652,0x2652,0x2652,0x2652,0x2652,0x4852,0x2652,0x2652,0x4852,0x4852,
    0x4852,0x4852,0x4852,0x4852,0x4852,0x4852,0x4852,0x4852,0x4852,0x4852,0x4852,0x4852,
    0x4852,0x4852,0x4852,0x4852,0x8952,0x8952,0x8952,0x8952,0x8952,0x8952,0x8952,0x8952,
    0x8952,0x8952,0xCA5A,0xCA5A,0xCA5A,0xCA5A,0xCA5A,0xCA5A,0xCA5A,0xCA5A,0xCA5A,0xCA5A,
    0xCA5A,0xCA5A,0xCA5A,0xCA5A,0xEB62,0xEB62,0x0B63,0x0B63,0x0B63,0x2C63,0x2C63,0x2C63,
    0x2C63,0x2C63,0x2C63,0x2C63,0x2C63,0x2C63,0x2C63,0x2C63,0x2C63,0x2C63,0x2C63,0x2C63,
    0x2C63,0x2C63,0x2C63,0x2C63,0x2C63,0x2C63,0x6D73,0x6D73,0xAE73,0x8D73,0x8D73,0x6D73,
    0xCA5A,0xCA5A,0xCA5A,0xCA5A,0xCA5A,0xCA5A,0xCA5A,0xCA5A,0xCA5A,0xCA5A,0xCA5A,0xCA5A,
    0xCA5A,0xCA5A,0xCA5A,0xCA5A,0xCA5A,0xCA5A,0xCA5A,0xCA5A,0xCA5A,0xCA5A,0xCA5A,0xCA5A,
    0xCA5A,0xCA5A,0xCA5A,0xCA5A,0x8952,0x8952,0x8952,0x8952,0x8952,0x8952,0x4852,0x4852,
    0x4852,0x484A,0x4852,0x4852,0x4852,0x484A,0x484A,0x4852,0x484A,0x4852,0x484A,0x4852,
    0x4852,0x4852,0x4852,0x4852,0x4852,0x4852,0x4852,0x4852,0x4852,0x4852,0x4852,0x4852,
    0x484A,0x4852,0x4852,0x2652,0x2652,0x2652,0x2652,0x2652,0x2652,0x2652,0x2652,0x2652,
    0x2652,0x2652,0x2652,0x074A,0x2652,0x2652,0x2652,0x2652,0x2652,0x2652,0x074A,0x074A,
    0x2652,0x2652,0x2652,0x2652,0x2652,0x2652,0x2652,0x2652,0x2652,0x2652,0x2652,0x2652,
    0x074A,0x074A,0x2652,0x2652,0x074A,0x2652,0x2652,0x074A,0x074A,0x2652,0x2652,0x2652,
    0x074A,0x2652,0x074A,0x074A,0x074A,0x074A,0x074A,0x074A,0x074A,0x074A,0x074A,0x074A,
    0x074A,0x074A,0x074A,0x074A,0x074A,0x074A,0x074A,0x074A,0x074A,0x074A,0xE641,0xE641,
    0xE641,0xE641,0xE641,0xE641,0xE641,0x074A,0x074A,0x074A,0x074A,0x074A,0x074A,0x074A,
    0x2652,0x2652,0x2652,0x2652,0x2652,0x2652,0x2652,0x2652,0x2652,0x2652,0x2652,0x2652,
    0x2652,0x2652,0x2652,0x2652,0x2652,0x2652,0x2652,0x2652,0x2652,0x2652,0x2652,0x2652,
    0x2652,0x2652,0x4852,0x4852,0x4852,0x4852,0x4852,0x4852,0x4852,0x4852,0x4852,0x4852,
    0x4852,0x4852,0x4852,0x4852,0x4852,0x4852,0x8952,0x8952,0x8952,0x8952,0x8952,0x8952,
    0x8952,0x8952,0x8952,0x8952,0xCA5A,0xCA5A,0xCA5A,0xCA5A,0xCA5A,0xCA5A,0xCA5A,0xCA5A,
    0xCA5A,0xCA5A,0xCA5A,0xCA5A,0xCA5A,0xEB62,0xEB62,0x0B63,0x0B63,0x0B63,0x0B63,0x0B63,
    0x2C63,0x2C63,0x2C63,0x2C63,0x2C63,0x2C63,0x2C63,0x2C63,0x2C63,0x2C63,0x2C63,0x2C63,
    0x2C63,0x2C63,0x2C63,0x2C63,0x2C63,0x2C63,0x2C63,0x2C63,0x2C63,0x2C63,0x2C63,0x6D73,
    0xCA5A,0xCA5A,0xCA5A,0xCA5A,0xCA5A,0xCA5A,0xCA5A,0xCA5A,0xCA5A,0xCA5A,0xCA5A,0xCA5A,
    0xCA5A,0xCA5A,0xCA5A,0xCA5A,0xCA5A,0xCA5A,0xCA5A,0xCA5A,0xCA5A,0xCA5A,0xCA5A,0x8952,
    0xCA5A,0x8952,0x8952,0x8952,0x8952,0x8952,0x8952,0x8952,0x4852,0x4852,0x4852,0x4852,
    0x4852,0x4852,0x4852,0x4852,0x4852,0x484A,0x484A,0x484A,0x484A,0x484A,0x484A,0x484A,
    0x484A,0x4852,0x4852,0x2652,0x4852,0x4852,0x4852,0x4852,0x2652,0x4852,0x074A,0x2652,
    0x2652,0x2652,0x2652,0x2652,0x2652,0x2652,0x2652,0x2652,0x2652,0x2652,0x2652,0x2652,
    0x2652,0x2652,0x2652,0x2652,0x2652,0x2652,0x2652,0x2652,0x2652,0x2652,0x2652,0x2652,
    0x2652,0x2652,0x2652,0x2652,0x2652,0x2652,0x2652,0x2652,0x2652,0x2652,0x2652,0x2652,
    0x2652,0x2652,0x2652,0x2652,0x2652,0x2652,0x2652,0x2652,0x2652,0x2652,0x2652,0x2652,
    0x2652,0x2652,0x074A,0x074A,0x074A,0x074A,0x2652,0x074A,0x074A,0x074A,0x074A,0x074A,
    0x074A,0x074A,0xE641,0xE641,0xC549,0xE641,0xE641,0xC549,0xE641,0xE641,0xE641,0xC549,
    0xE641,0xE641,0xC549,0xC549,0xE641,0xE641,0xE641,0x074A,0x074A,0x074A,0x074A,0x2652,
    0x2652,0x2652,0x2652,0x2652,0x2652,0x2652,0x2652,0x2652,0x2652,0x2652,0x2652,0x2652,
    0x2652,0x2652,0x2652,0x2652,0x2652,0x2652,0x2652,0x2652,0x2652,0x2652,0x2652,0x2652,
    0x2652,0x2652,0x2652,0x2652,0x2652,0x2652,0x4852,0x4852,0x4852,0x4852,0x4852,0x4852,
    0x4852,0x4852,0x4852,0x4852,0x4852,0x4852,0x4852,0x4852,0x4852,0x8952,0x8952,0x8952,
    0x8952,0x8952,0x8952,0x8952,0x8952,0x8952,0xCA5A,0xCA5A,0xCA5A,0xCA5A,0xCA5A,0xCA5A,
    0xCA5A,0xCA5A,0xCA5A,0xCA5A,0xCA5A,0xCA5A,0xEB62,0xEB62,0xEB62,0xEB62,0x0B63,0x0B63,
    0x0B63,0x2C63,0x2C63,0x2C63,0x2C63,0x2C63,0x2C63,0x2C63,0x2C63,0x2C63,0x2C63,0x2C63,
    0x2C63,0x2C63,0x2C63,0x2C63,0x2C63,0x2C63,0x2C63,0x2C63,0x2C63,0x2C63,0x2C63,0x2C63,
    0xCA5A,0xCA5A,0xCA5A,0xCA5A,0xCA5A,0xCA5A,0xCA5A,0xCA5A,0xCA5A,0xCA5A,0xCA5A,0xCA5A,
    0xCA5A,0xCA5A,0xCA5A,0xCA5A,0xCA5A,0xCA5A,0xCA5A,0xCA5A,0xCA5A,0xCA5A,0xCA5A,0xCA5A,
    0x8952,0x8952,0x8952,0x8952,0x8952,0x4852,0x4852,0x4852,0x4852,0x4852,0x4852,0x4852,
    0x4852,0x484A,0x484A,0x484A,0x484A,0x484A,0x484A,0x484A,0x484A,0x484A,0x484A,0x484A,
    0x4852,0x484A,0x4852,0x4852,0x2652,0x2652,0x2652,0x2652,0x2652,0x2652,0x2652,0x2652,
    0x2652,0x2652,0x2652,0x2652,0x2652,0x2652,0x2652,0x2652,0x2652,0x2652,0x2652,0x2652,
    0x2652,0x2652,0x2652,0x2652,0x2652,0x2652,0x2652,0x2652,0x2652,0x2652,0x2652,0x2652,
    0x2652,0x2652,0x2652,0x2652,0x2652,0x2652,0x2652,0x2652,0x2652,0x2652,0x2652,0x2652,
    0x2652,0x2652,0x2652,0x2652,0x2652,0x2652,0x2652,0x2652,0x2652,0x2652,0x2652,0x2652,
    0x2652,0x2652,0x074A,0x2652,0x074A,0x2652,0x2652,0x074A,0x074A,0x074A,0x074A,0x074A,
    0xC549,0xE641,0xE641,0xC549,0xC549,0xC549,0xC549,0xC549,0xC549,0xC549,0xC549,0xC549,
    0xC549,0xC549,0xC549,0xC549,0xC549,0xC549,0xE641,0xE641,0x074A,0x074A,0x074A,0x074A,
    0x2652,0x2652,0x2652,0x2652,0x2652,0x2652,0x2652,0x2652,0x2652,0x2652,0x2652,0x2652,
    0x2652,0x2652,0x2652,0x2652,0x2652,0x2652,0x2652,0x2652,0x2652,0x2652,0x2652,0x2652,
    0x2652,0x2652,0x2652,0x2652,0x2652,0x2652,0x2652,0x2652,0x2652,0x4852,0x4852,0x2652,
    0x4852,0x4852,0x4852,0x4852,0x4852,0x4852,0x4852,0x4852,0x4852,0x4852,0x4852,0x4852,
    0x4852,0x8952,0x8952,0x8952,0x8952,0x8952,0x8952,0xCA5A,0xCA5A,0xCA5A,0xCA5A,0xCA5A,
    0xCA5A,0xCA5A,0xCA5A,0xCA5A,0xCA5A,0xCA5A,0xCA5A,0xCA5A,0xEB62,0xCA5A,0x0B63,0xEB62,
    0x0B63,0x0B63,0x0B63,0x0B63,0x2C63,0x2C63,0x2C63,0x2C63,0x2C63,0x2C63,0x2C63,0x2C63,
    0x2C63,0x2C63,0x2C63,0x2C63,0x2C63,0x2C63,0x2C63,0x2C63,0x2C63,0x2C63,0x2C63,0x2C63,
    0xCA5A,0xCA5A,0xCA5A,0xCA5A,0xCA5A,0xCA5A,0xCA5A,0xCA5A,0xCA5A,0xCA5A,0xCA5A,0xCA5A,
    0xCA5A,0xCA5A,0xCA5A,0xCA5A,0xCA5A,0xCA5A,0xCA5A,0xCA5A,0xCA5A,0xCA5A,0x8952,0x8952,
    0x8952,0x8952,0x8952,0x4852,0x4852,0x4852,0x4852,0x4852,0x4852,0x4852,0x484A,0x484A,
    0x484A,0x484A,0x484A,0x484A,0x484A,0x484A,0x484A,0x484A,0x484A,0x484A,0x484A,0x484A,
    0x484A,0x4852,0x4852,0x2652,0x2652,0x2652,0x2652,0x2652,0x2652,0x2652,0x2652,0x2652,
    0x2652,0x2652,0x2652,0x2652,0x2652,0x2652,0x2652,0x2652,0x2652,0x2652,0x2652,0x2652,
    0x2652,0x2652,0x2652,0x2652,0x2652,0x2652,0x2652,0x2652,0x2652,0x2652,0x2652,0x2652,
    0x2652,0x2652,0x2652,0x2652,0x2652,0x2652,0x2652,0x2652,0x2652,0x2652,0x2652,0x2652,
    0x2652,0x2652,0x2652,0x2652,0x2652,0x2652,0x2652,0x2652,0x2652,0x2652,0x2652,0x2652,
    0x2652,0x2652,0x2652,0x074A,0x074A,0x074A,0x2652,0x074A,0x054A,0xE641,0xE641,0xC549,
    0xC549,0xC549,0xC549,0xC549,0xC549,0xC549,0xC549,0xC549,0xC549,0xC549,0xC549,0xC549,
    0xC549,0xC549,0xC549,0xC549,0x6439,0xC549,0xC549,0xE641,0xE641,0xE641,0x074A,0x074A,
    0x2652,0x2652,0x2652,0x2652,0x2652,0x2652,0x2652,0x2652,0x2652,0x2652,0x2652,0x2652,
    0x2652,0x2652,0x2652,0x2652,0x2652,0x2652,0x2652,0x2652,0x2652,0x2652,0x2652,0x2652,
    0x2652,0x2652,0x2652,0x2652,0x2652,0x2652,0x2652,0x2652,0x2652,0x2652,0x4852,0x2652,
    0x4852,0x4852,0x4852,0x4852,0x4852,0x4852,0x4852,0x4852,0x4852,0x4852,0x4852,0x4852,
    0x4852,0x4852,0x4852,0x4852,0x8952,0x8952,0x8952,0x8952,0xCA5A,0xCA5A,0xCA5A,0xCA5A,
    0xCA5A,0xCA5A,0xCA5A,0xCA5A,0xCA5A,0xCA5A,0xCA5A,0xCA5A,0xCA5A,0xCA5A,0xEB62,0xEB62,
    0xCA5A,0x0B63,0x0B63,0xEB62,0x0B63,0x2C63,0x2C63,0x2C63,0x2C63,0x2C63,0x2C63,0x2C63,
    0x2C63,0x2C63,0x2C63,0x2C63,0x2C63,0x2C63,0x2C63,0x2C63,0x2C63,0x2C63,0x2C63,0x2C63,
    0xCA5A,0xCA5A,0xCA5A,0xCA5A,0xCA5A,0xCA5A,0xCA5A,0xCA5A,0xCA5A,0xCA5A,0xCA5A,0xCA5A,
    0xCA5A,0xCA5A,0xCA5A,0xCA5A,0xCA5A,0xCA5A,0xCA5A,0xCA5A,0x8952,0x8952,0x8952,0x8952,
    0x8952,0x4852,0x4852,0x4852,0x4852,0x4852,0x4852,0x484A,0x484A,0x484A,0x484A,0x484A,
    0x484A,0x484A,0x484A,0x484A,0x484A,0x074A,0x484A,0x484A,0x074A,0x484A,0x074A,0x074A,
    0x2652,0x2652,0x2652,0x2652,0x2652,0x2652,0x2652,0x2652,0x2652,0x2652,0x2652,0x2652,
    0x2652,0x2652,0x2652,0x2652,0x2652,0x2652,0x2652,0x2652,0x2652,0x2652,0x2652,0x2652,
    0x2652,0x2652,0x2652,0x2652,0x2652,0x2652,0x2652,0x2652,0x2652,0x2652,0x2652,0x2652,
    0x2652,0x2652,0x2652,0x2652,0x2652,0x2652,0x2652,0x2652,0x2652,0x2652,0x2652,0x2652,
    0x2652,0x2652,0x2652,0x2652,0x2652,0x2652,0x2652,0x2652,0x2652,0x2652,0x2652,0x2652,
    0x2652,0x2652,0x2652,0x074A,0x074A,0x074A,0xE651,0xC549,0xC549,0xC549,0xC549,0xC549,
    0xC549,0xC549,0xC549,0xC549,0xC549,0xC549,0xC549,0xC549,0xC549,0xC549,0xC549,0xC549,
    0xC549,0xC549,0xC228,0x0000,0x8118,0xC549,0xC549,0xC549,0xC549,0xE641,0xC549,0x074A,
    0x2652,0x2652,0x2652,0x2652,0x2652,0x2652,0x2652,0x2652,0x2652,0x2652,0x2652,0x2652,
    0x2652,0x2652,0x2652,0x2652,0x2652,0x2652,0x2652,0x2652,0x2652,0x2652,0x2652,0x2652,
    0x2652,0x2652,0x2652,0x2652,0x2652,0x2652,0x2652,0x2652,0x2652,0x2652,0x2652,0x2652,
    0x2652,0x4852,0x4852,0x4852,0x4852,0x4852,0x4852,0x4852,0x4852,0x4852,0x4852,0x4852,
    0x4852,0x4852,0x4852,0x4852,0x8952,0x8952,0x8952,0x8952,0x8952,0x8952,0xCA5A,0xCA5A,
    0xCA5A,0xCA5A,0xCA5A,0xCA5A,0xCA5A,0xCA5A,0xCA5A,0xCA5A,0xCA5A,0xCA5A,0xCA5A,0xCA5A,
    0xCA5A,0xEB62,0xEB62,0xEB62,0x0B63,0xEB62,0x0B63,0x0B63,0x2C63,0x2C63,0x2C63,0x2C63,
    0x2C63,0x2C63,0x2C63,0x2C63,0x2C63,0x2C63,0x2C63,0x2C63,0x2C63,0x2C63,0x2C63,0x2C63,
    0xCA5A,0xCA5A,0xCA5A,0xCA5A,0xCA5A,0xCA5A,0xCA5A,0xCA5A,0xCA5A,0xCA5A,0xCA5A,0xCA5A,
    0xCA5A,0xCA5A,0xCA5A,0xCA5A,0x8952,0x8952,0x8952,0x8952,0x8952,0x8952,0x8952,0x4852,
    0x4852,0x4852,0x4852,0x4852,0x4852,0x4852,0x484A,0x484A,0x484A,0x484A,0x484A,0x484A,
    0x484A,0x484A,0x484A,0x484A,0x484A,0x074A,0x074A,0x074A,0x074A,0x074A,0x074A,0x074A,
    0x2652,0x2652,0x2652,0x2652,0x2652,0x2652,0x2652,0x2652,0x2652,0x2652,0x2652,0x2652,
    0x2652,0x2652,0x2652,0x2652,0x2652,0x2652,0x2652,0x2652,0x2652,0x2652,0x2652,0x2652,
    0x2652,0x2652,0x2652,0x2652,0x2652,0x2652,0x2652,0x2652,0x2652,0x2652,0x2652,0x2652,
    0x2652,0x2652,0x2652,0x2652,0x2652,0x2652,0x2652,0x2652,0x2652,0x2652,0x2652,0x2652,
    0x074A,0x2652,0x2652,0x2652,0x2652,0x2652,0x2652,0x2652,0x2652,0x2652,0x2652,0x2652,
    0x0552,0x2652,0x074A,0xC549,0xC549,0xC549,0xC549,0xC549,0xC549,0xC549,0xC549,0xC549,
    0xC549,0xC549,0xC549,0xC549,0xC549,0xC549,0xC549,0xC549,0xC549,0xC549,0xC549,0xC549,
    0xC228,0x0000,0x0000,0x0000,0xA120,0xC551,0xC549,0xC549,0xC549,0xC549,0xC549,0x074A,
    0x2652,0x2652,0x2652,0x2652,0x2652,0x2652,0x2652,0x2652,0x2652,0x2652,0x2652,0x2652,
    0x2652,0x2652,0x2652,0x2652,0x2652,0x2652,0x2652,0x2652,0x2652,0x2652,0x2652,0x2652,
    0x2652,0x2652,0x2652,0x2652,0x2652,0x2652,0x2652,0x2652,0x2652,0x2652,0x2652,0x2652,
    0x2652,0x2652,0x2652,0x2652,0x2652,0x4852,0x4852,0x4852,0x4852,0x4852,0x4852,0x4852,
    0x4852,0x4852,0x4852,0x4852,0x4852,0x8952,0x8952,0x4852,0x8952,0x8952,0x8952,0x8952,
    0x8952,0xCA5A,0xCA5A,0xCA5A,0xCA5A,0xCA5A,0xCA5A,0xCA5A,0xCA5A,0xCA5A,0xCA5A,0xCA5A,
    0xCA5A,0xCA5A,0xEB62,0xCA5A,0xEB62,0xEB62,0xEB62,0x0B63,0x0B63,0x0B63,0x0B63,0x0B63,
    0x2C63,0x2C63,0x2C63,0x2C63,0x2C63,0x2C63,0x2C63,0x2C63,0x2C63,0x2C63,0x2C63,0x2C63,
    0xCA5A,0xCA5A,0xCA5A,0xCA5A,0xCA5A,0xCA5A,0xCA5A,0xCA5A,0xCA5A,0xCA5A,0xCA5A,0xCA5A,
    0xCA5A,0xCA5A,0xCA5A,0x8952,0x8952,0x8952,0x8952,0x8952,0x8952,0x4852,0x4852,0x4852,
    0x4852,0x484A,0x484A,0x484A,0x484A,0x484A,0x484A,0x484A,0x484A,0x484A,0x484A,0x484A,
    0x484A,0x484A,0x484A,0x484A,0x074A,0x074A,0x074A,0x074A,0x074A,0x074A,0x074A,0x074A,
    0x074A,0x2652,0x2652,0x2652,0x2652,0x2652,0x2652,0x2652,0x2652,0x2652,0x2652,0x2652,
    0x2652,0x2652,0x2652,0x2652,0x2652,0x2652,0x2652,0x2652,0x2652,0x2652,0x2652,0x2652,
    0x2652,0x2652,0x2652,0x2652,0x2652,0x2652,0x2652,0x2652,0x2652,0x2652,0x2652,0x2652,
    0x2652,0x2652,0x2652,0x2652,0x2652,0x2652,0x2652,0x2652,0x2652,0x2652,0x2652,0x2652,
    0x2652,0x2652,0x2652,0x2652,0x2652,0x2652,0x2652,0x2652,0x0552,0x2652,0x2652,0x2652,
    0x2652,0x2652,0xC549,0xC549,0xC549,0xC549,0xC549,0xC549,0xC549,0xC549,0xC549,0xC549,
    0xC549,0xC549,0xC549,0xC549,0xC549,0xC549,0xC549,0xC549,0xC549,0x8349,0x2339,0x0000,
    0x0000,0x0000,0x0000,0x0000,0xA120,0xC549,0xC549,0xC549,0xC549,0xC549,0xC549,0xE641,
    0x2652,0x2652,0x2652,0x2652,0x2652,0x2652,0x2652,0x2652,0x2652,0x2652,0x2652,0x2652,
    0x2652,0x2652,0x2652,0x2652,0x2652,0x2652,0x2652,0x2652,0x2652,0x2652,0x2652,0x2652,
    0x2652,0x2652,0x2652,0x2652,0x2652,0x2652,0x2652,0x2652,0x2652,0x2652,0x2652,0x2652,
    0x2652,0x2652,0x2652,0x2652,0x2652,0x2652,0x2652,0x2652,0x4852,0x4852,0x4852,0x4852,
    0x4852,0x4852,0x4852,0x4852,0x4852,0x4852,0x4852,0x4852,0x8952,0x8952,0x8952,0x8952,
    0x8952,0xCA5A,0xCA5A,0xCA5A,0xCA5A,0xCA5A,0xCA5A,0xCA5A,0xCA5A,0xCA5A,0xCA5A,0xCA5A,
    0xCA5A,0xCA5A,0xCA5A,0xCA5A,0xCA5A,0xEB62,0xEB62,0xCA5A,0x0B63,0x0B63,0x0B63,0x0B63,
    0x0B63,0x0B63,0x0B63,0x2C63,0x2C63,0x2C63,0x2C63,0x2C63,0x2C63,0x2C63,0x2C63,0x2C63,
    0xCA5A,0xCA5A,0xCA5A,0xCA5A,0xCA5A,0xCA5A,0xCA5A,0xCA5A,0xCA5A,0x8952,0x8952,0x8952,
    0x8952,0x8952,0x8952,0x8952,0x8952,0x8952,0x8952,0x4852,0x4852,0x4852,0x4852,0x484A,
    0x484A,0x484A,0x484A,0x484A,0x484A,0x484A,0x484A,0x484A,0x484A,0x484A,0x484A,0x484A,
    0x484A,0x484A,0x074A,0x074A,0x074A,0x074A,0x074A,0x074A,0x074A,0x074A,0x074A,0x074A,
    0x074A,0x2652,0x2652,0x2652,0x2652,0x2652,0x2652,0x2652,0x2652,0x2652,0x2652,0x2652,
    0x2652,0x2652,0x2652,0x2652,0x2652,0x2652,0x2652,0x2652,0x2652,0x2652,0x074A,0x074A,
    0x074A,0x2652,0x074A,0x074A,0x2652,0x2652,0x2652,0x2652,0x2652,0x2652,0x2652,0x2652,
    0x2652,0x2652,0x2652,0x2652,0x2652,0x2652,0x2652,0x2652,0x2652,0x2652,0x2652,0x2652,
    0x0552,0x2652,0x2652,0x0552,0x2652,0x2652,0x2652,0xE651,0xE651,0x2652,0x2652,0x0552,
    0xC549,0xC549,0xC549,0xC549,0xC549,0xC549,0xC549,0xC549,0xC549,0xC549,0xC549,0xC549,
    0xC549,0xC549,0xC549,0xC549,0xC549,0xC549,0x8349,0x8349,0x2339,0x4010,0x0000,0x0000,
    0x0000,0x0000,0x0000,0x0000,0xA120,0xC551,0xC549,0xC549,0xC549,0xC549,0xC549,0xC549,
    0x2652,0x2652,0x2652,0x2652,0x2652,0x2652,0x2652,0x2652,0x2652,0x2652,0x2652,0x2652,
    0x2652,0x2652,0x2652,0x2652,0x2652,0x2652,0x2652,0x2652,0x2652,0x2652,0x2652,0x2652,
    0x2652,0x2652,0x2652,0x2652,0x2652,0x2652,0x2652,0x2652,0x2652,0x2652,0x2652,0x2652,
    0x2652,0x2652,0x2652,0x2652,0x2652,0x2652,0x2652,0x2652,0x2652,0x2652,0x2652,0x2652,
    0x4852,0x4852,0x4852,0x4852,0x4852,0x4852,0x4852,0x4852,0x4852,0x8952,0x4852,0x8952,
    0x4852,0x8952,0x8952,0xCA5A,0xCA5A,0xCA5A,0xCA5A,0xCA5A,0xCA5A,0xCA5A,0xCA5A,0xCA5A,
    0xCA5A,0xCA5A,0xCA5A,0xCA5A,0xCA5A,0xCA5A,0xCA5A,0xCA5A,0xEB62,0xEB62,0xEB62,0xEB62,
    0xCA5A,0xEB62,0x0B63,0xEB62,0x0B63,0x0B63,0x0B63,0x2C63,0x2C63,0x2C63,0x2C63,0x2C63,
    0xCA5A,0xCA5A,0xCA5A,0xCA5A,0xCA5A,0xCA5A,0xCA5A,0x8952,0x8952,0x8952,0x8952,0x4852,
    0x8952,0x8952,0x8952,0x8952,0x4852,0x4852,0x4852,0x4852,0x4852,0x4852,0x484A,0x484A,
    0x484A,0x484A,0x484A,0x484A,0x484A,0x484A,0x484A,0x484A,0x484A,0x484A,0x484A,0x484A,
    0x484A,0x074A,0x074A,0x074A,0x074A,0x074A,0x074A,0x074A,0x074A,0x074A,0x074A,0x074A,
    0x074A,0x074A,0x074A,0x2652,0x2652,0x2652,0x2652,0x2652,0x2652,0x2652,0x2652,0x2652,
    0x2652,0x2652,0x2652,0x2652,0x074A,0x2652,0x2652,0x2652,0x2652,0x074A,0x074A,0xE641,
    0xE641,0x074A,0xE641,0xE641,0x074A,0x074A,0xC549,0x2652,0x2652,0x2652,0x0552,0x2652,
    0x2652,0x2652,0x2652,0x2652,0x2652,0x2652,0x2652,0x2652,0x2652,0x2652,0x2652,0x2652,
    0xE651,0xE651,0x2652,0xE651,0xE641,0xE651,0xE651,0xC551,0xC551,0xC551,0xC551,0xC551,
    0xC549,0xC549,0xC549,0xC549,0xC549,0xC549,0xC549,0xC549,0xC549,0xC549,0xC549,0xC549,
    0xC549,0xC549,0xC549,0x6341,0x6341,0x8349,0x2339,0x4010,0x0000,0x0000,0x0000,0x0000,
    0xC050,0x00BA,0x0000,0x0000,0xA120,0xC551,0xC549,0xC549,0xC549,0xC549,0xC549,0xC549,
    0x2652,0x2652,0x0552,0x2652,0x2652,0x2652,0x2652,0x2652,0x2652,0x2652,0x2652,0x2652,
    0x2652,0x2652,0x2652,0x2652,0x2652,0x2652,0x2652,0x2652,0xE651,0x2652,0x2652,0x2652,
    0x2652,0x2652,0x2652,0x2652,0x2652,0x2652,0x2652,0x2652,0x2652,0x2652,0x2652,0x2652,
    0x2652,0x2652,0x2652,0x2652,0x2652,0x2652,0x2652,0x2652,0x2652,0x2652,0x2652,0x2652,
    0x2652,0x2652,0x484A,0x074A,0x484A,0x4852,0x484A,0x4852,0x4852,0x4852,0x4852,0x8952,
    0x4852,0x8952,0x8952,0x8952,0xCA5A,0xCA5A,0xCA5A,0xCA5A,0xCA5A,0xCA5A,0xCA5A,0xCA5A,
    0xCA5A,0xCA5A,0xCA5A,0xCA5A,0xCA5A,0xCA5A,0xCA5A,0xCA5A,0xCA5A,0xCA5A,0xCA5A,0xCA5A,
    0xEB62,0xEB62,0xEB62,0x0B63,0x0B5B,0x0B63,0x0B63,0x0B63,0x2C63,0x2C63,0x0B63,0x2C63,
    0xCA5A,0xCA5A,0xCA5A,0xCA5A,0xCA5A,0x8952,0x8952,0x8952,0x8952,0x8952,0x8952,0x8952,
    0x8952,0x8952,0x8952,0x4852,0x4852,0x4852,0x4852,0x4852,0x484A,0x484A,0x484A,0x484A,
    0x484A,0x484A,0x484A,0x484A,0x484A,0x484A,0x484A,0x484A,0x484A,0x484A,0x484A,0x484A,
    0x074A,0x074A,0x074A,0x074A,0x074A,0x074A,0x074A,0x074A,0x074A,0x074A,0x074A,0x074A,
    0x074A,0x074A,0x074A,0x2652,0x2652,0x2652,0x2652,0x2652,0x2652,0x2652,0x2652,0x2652,
    0x2652,0x2652,0x2652,0x2652,0x2652,0x2652,0x2652,0x074A,0xE641,0xE641,0xE641,0xC549,
    0xC549,0xE641,0xC549,0xC549,0xC549,0xC549,0xC549,0xC549,0x2652,0xC551,0xC551,0x2652,
    0x2652,0x2652,0x2652,0x2652,0x2652,0x2652,0x2652,0x2652,0x2652,0x2652,0x2652,0x2652,
    0xC551,0xC549,0xC549,0xC551,0xC549,0xC549,0xC551,0xC549,0xC549,0xC549,0xC551,0xC549,
    0xC549,0xC549,0xC549,0xC549,0xC549,0xC549,0xC549,0xC549,0xC549,0xC549,0xC549,0xC549,
    0xC549,0x6341,0x6341,0x8349,0x2339,0x8118,0x0000,0x0000,0x0000,0x0000,0x6030,0x00CA,
    0x00FB,0x40FA,0x0000,0x0000,0xA120,0xC551,0xC549,0xC549,0xC549,0xC549,0xC549,0xC549,
    0x0552,0x2652,0x2652,0x2652,0x2652,0x2652,0x2652,0x2652,0x2652,0x2652,0x2652,0x2652,
    0x2652,0x2652,0x2652,0x2652,0x074A,0x074A,0x2652,0x2652,0xC549,0x2652,0x2652,0x2652,
    0x2652,0x2652,0x2652,0x2652,0x2652,0x2652,0x2652,0x2652,0x2652,0x2652,0x2652,0x2652,
    0x2652,0x2652,0x2652,0x2652,0x2652,0x2652,0x2652,0x2652,0x2652,0x2652,0x2652,0x2652,
    0x2652,0x2652,0x074A,0x074A,0x074A,0x484A,0x484A,0x484A,0x4852,0x4852,0x4852,0x4852,
    0x8952,0x8952,0x8952,0x8952,0x8952,0xCA5A,0xCA5A,0xCA5A,0xCA5A,0xCA5A,0xCA5A,0xCA5A,
    0xCA5A,0xCA5A,0xCA5A,0xCA5A,0xCA5A,0xCA5A,0xCA5A,0xCA5A,0xCA5A,0xCA5A,0xCA5A,0xCA5A,
    0xCA5A,0xCA5A,0xCA5A,0xEB62,0xEB62,0xEB62,0x0B63,0x0B63,0x0B63,0x0B63,0x0B63,0x0B63,
    0xCA5A,0x8952,0x8952,0x8952,0x8952,0x8952,0x8952,0x8952,0x484A,0x8952,0x4852,0x4852,
    0x4852,0x4852,0x4852,0x4852,0x4852,0x484A,0x484A,0x484A,0x484A,0x484A,0x484A,0x484A,
    0x484A,0x484A,0x484A,0x484A,0x484A,0x484A,0x484A,0x484A,0x484A,0x484A,0x074A,0x074A,
    0x074A,0x074A,0x074A,0x074A,0x074A,0x074A,0x074A,0x074A,0x074A,0x074A,0x074A,0x074A,
    0x074A,0x074A,0x074A,0x074A,0x2652,0x2652,0x2652,0x2652,0x2652,0x2652,0x2652,0x2652,
    0x2652,0x2652,0x2652,0x2652,0x2652,0x2652,0xE641,0xC549,0xC549,0xC549,0xC549,0xC549,
    0xC549,0xC549,0xC549,0xC549,0xC549,0xC549,0xC549,0xC549,0xC549,0xC549,0xC549,0xC551,
    0xC551,0xC551,0xC551,0x2652,0x2652,0x0552,0x0552,0x2652,0x0552,0xC551,0xC551,0xC551,
    0xC549,0xC549,0xC549,0xC549,0xC549,0xC549,0xC549,0xC549,0xC549,0xC549,0xC549,0xC549,
    0xC549,0xC549,0xC549,0xC549,0xC549,0xC549,0xC549,0xC549,0xC549,0xC549,0x6441,0x2339,
    0x2339,0x6341,0x6341,0xA120,0x0000,0x0000,0x0000,0x0000,0x4010,0xA0A9,0xA0FA,0xA0FA,
    0xA0FA,0x20E2,0x0000,0x0000,0xA120,0xC551,0xC549,0xC549,0xC549,0xC549,0xC549,0xC549,
    0xC551,0xC551,0xC551,0x2652,0x2652,0x2652,0x2652,0x2652,0x2652,0x2652,0x2652,0x2652,
    0x2652,0x2652,0x2652,0x2652,0xC549,0xC549,0xE641,0xE641,0xC549,0xC549,0x074A,0xE641,
    0xE641,0x2652,0x2652,0x2652,0x2652,0x2652,0x2652,0x2652,0x2652,0x2652,0x2652,0x2652,
    0x2652,0x2652,0x2652,0x2652,0x2652,0x2652,0x2652,0x2652,0x2652,0x2652,0x2652,0x2652,
    0x074A,0x074A,0x074A,0x074A,0x074A,0x074A,0x484A,0x484A,0x484A,0x484A,0x4852,0x4852,
    0x4852,0x4852,0x4852,0x4852,0x8952,0xCA5A,0xCA5A,0xCA5A,0xCA5A,0xCA5A,0xCA5A,0xCA5A,
    0xCA5A,0xCA5A,0xCA5A,0xCA5A,0xCA5A,0xCA5A,0xCA5A,0xCA5A,0xCA5A,0xCA5A,0xCA5A,0xCA5A,
    0xCA5A,0xCA5A,0xCA5A,0xCA5A,0xCA5A,0xCA5A,0xEB62,0xCA5A,0x0B63,0x0B63,0xCA5A,0x0B63,
    0x8952,0x8952,0x8952,0x8952,0x8952,0x8952,0x8952,0x4852,0x4852,0x4852,0x4852,0x484A,
    0x4852,0x4852,0x4852,0x4852,0x4852,0x484A,0x484A,0x484A,0x484A,0x484A,0x484A,0x484A,
    0x484A,0x484A,0x484A,0x484A,0x484A,0x484A,0x484A,0x484A,0x484A,0x484A,0x074A,0x074A,
    0x074A,0x074A,0x074A,0x074A,0x074A,0x074A,0x074A,0x074A,0xE641,0xE641,0x074A,0xE641,
    0xE641,0xE641,0xE641,0x074A,0x074A,0x2652,0x2652,0x2652,0x2652,0x2652,0x2652,0x2652,
    0x0552,0x2652,0x2652,0x2652,0xC551,0x2652,0xC549,0xC549,0xC549,0xC549,0xC549,0xC549,
    0xC549,0xC549,0xC549,0xC549,0xC549,0xC549,0xC549,0xC549,0xC549,0xC549,0xC549,0xC549,
    0xC551,0xC551,0xC551,0xC551,0xC551,0xC551,0xC551,0xC551,0xC549,0xC551,0xC549,0xC549,
    0xC549,0xC549,0xC549,0xC549,0xC549,0xC549,0xC549,0xC549,0xC549,0xC549,0xC549,0xC549,
    0xC549,0xC549,0xC549,0xC549,0xC549,0xC549,0xC549,0xC549,0xC549,0x2339,0x2339,0x6341,
    0x6341,0xA120,0x0000,0x0000,0x0000,0x0000,0x0000,0x4081,0xA0FA,0xA0FA,0xA0FA,0xA0FA,
    0xA0FA,0x20E2,0x0000,0x0000,0xA120,0xC551,0xC549,0xC549,0xC549,0xC549,0xC549,0xC549,
    0xC549,0xC551,0xC551,0x0552,0x2652,0x0552,0x2652,0x2652,0x2652,0x0552,0x2652,0x2652,
    0x2652,0xC549,0xC549,0xC549,0xC549,0xC549,0xC549,0xC549,0xC549,0xC549,0xC549,0xC549,
    0xC549,0xC549,0x2652,0x2652,0x2652,0x2652,0x2652,0x2652,0x2652,0x2652,0x2652,0x2652,
    0x2652,0x2652,0x2652,0x2652,0x2652,0x2652,0x2652,0x2652,0x2652,0x2652,0x074A,0x074A,
    0x074A,0x074A,0x074A,0x074A,0x074A,0x074A,0x074A,0x484A,0x484A,0x484A,0x484A,0x4852,
    0x4852,0x4852,0x8952,0x8952,0x8952,0x8952,0x8952,0x8952,0xCA5A,0xCA5A,0xCA5A,0xCA5A,
    0xCA5A,0xCA5A,0xCA5A,0xCA5A,0xCA5A,0xCA5A,0xCA5A,0xCA5A,0xCA5A,0xCA5A,0xCA5A,0xCA5A,
    0xCA5A,0xCA5A,0xCA5A,0xCA5A,0xCA5A,0xCA5A,0xCA5A,0xCA5A,0xEB62,0xEB62,0xEB62,0xEB62,
    0x8952,0x8952,0x8952,0x8952,0x4852,0x4852,0x4852,0x4852,0x484A,0x484A,0x484A,0x484A,
    0x4852,0x4852,0x484A,0x484A,0x484A,0x484A,0x484A,0x484A,0x484A,0x484A,0x484A,0x484A,
    0x484A,0x484A,0x484A,0x484A,0x484A,0x484A,0x484A,0x484A,0x074A,0x074A,0x074A,0x074A,
    0x074A,0x074A,0x074A,0x074A,0x074A,0xE641,0x074A,0xE641,0xE641,0xE641,0xE641,0xE641,
    0xC549,0xC549,0xC549,0xC549,0xC549,0xC551,0x0552,0x2652,0x0552,0x2652,0x2652,0x0552,
    0x0552,0x0552,0x0552,0xC551,0xC549,0xC549,0xC549,0xC549,0xC549,0xC549,0xC549,0xC549,
    0xC549,0xC549,0xC549,0xC549,0xC549,0xC549,0xC549,0xC549,0xC549,0xC549,0xC549,0xC549,
    0xC551,0xC551,0xC551,0xC551,0xC551,0xC551,0xC551,0xC551,0xC551,0xC549,0xC549,0xC549,
    0xC549,0xC549,0xC549,0xC549,0xC549,0xC549,0xC549,0xC549,0xC549,0xC549,0xC549,0xC549,
    0xC549,0xC549,0xC549,0xC549,0xC549,0xC549,0xC549,0x2339,0x2339,0x2339,0x6341,0xC228,
    0x0000,0x0000,0x0000,0x0000,0x0000,0x0059,0xA0FA,0x00FB,0xA0FA,0xA0FA,0xA0FA,0xA0FA,
    0xA0FA,0x20E2,0x0000,0x0000,0xA120,0xC549,0x6441,0xC549,0xC549,0xC549,0xC549,0xC549,
    0xC549,0xC551,0xC551,0xC551,0x0552,0x0552,0x0552,0x2652,0x0552,0x0552,0x0552,0x2652,
    0xC551,0xC549,0xC549,0xC549,0xC549,0xC549,0xC549,0xC549,0xC549,0xC549,0xC549,0xC549,
    0xC549,0xC549,0xC549,0xC549,0xC551,0x0552,0x0552,0x0552,0x2652,0x2652,0x2652,0x2652,
    0x2652,0x2652,0x2652,0x2652,0x2652,0x2652,0x2652,0x2652,0x2652,0x074A,0x074A,0xE641,
    0xE641,0xE641,0xE641,0xE641,0xE641,0x074A,0x074A,0x074A,0x484A,0x484A,0x484A,0x484A,
    0x4852,0x4852,0x4852,0x8952,0x8952,0x8952,0x8952,0x8952,0xCA5A,0xCA5A,0xCA5A,0xCA5A,
    0xCA5A,0xCA5A,0xCA5A,0xCA5A,0xCA5A,0xCA5A,0xCA5A,0xCA5A,0xCA5A,0xCA5A,0xCA5A,0xCA5A,
    0xCA5A,0xCA5A,0xCA5A,0xCA5A,0xCA5A,0xCA5A,0xCA5A,0xCA5A,0xCA5A,0xCA5A,0xCA5A,0xEB62,
    0x8952,0x8952,0x8952,0x4852,0x4852,0x4852,0x4852,0x484A,0x484A,0x484A,0x484A,0x484A,
    0x484A,0x484A,0x484A,0x484A,0x484A,0x484A,0x484A,0x484A,0x484A,0x484A,0x484A,0x484A,
    0x484A,0x484A,0x484A,0x484A,0x484A,0x484A,0x484A,0x074A,0x074A,0x074A,0x074A,0x074A,
    0x074A,0x074A,0x074A,0x074A,0xE641,0xE641,0xE641,0xE641,0xE641,0xE641,0xC549,0xC549,
    0xC549,0xC549,0xC549,0xC549,0xC549,0xC549,0xC549,0xC551,0xC551,0xC551,0xC551,0xC551,
    0xC551,0xC549,0xC549,0xC549,0xC549,0xC549,0xC549,0xC549,0xC549,0xC549,0xC549,0xC549,
    0xC549,0xC549,0x8539,0x6439,0xC549,0xC549,0xC549,0xC549,0xC549,0xC549,0xC549,0xC549,
    0xC549,0xC549,0xC549,0xC549,0xC549,0xC549,0xC549,0xC549,0xC549,0xC549,0xC549,0xC549,
    0xC549,0xC549,0xC549,0xC549,0xC549,0xC549,0xC549,0xC549,0xC549,0xC549,0xC549,0xC549,
    0xC549,0xC549,0xC549,0x6439,0x2339,0x2339,0x2339,0x2339,0x6341,0x2339,0x4010,0x0000,
    0x0000,0x0000,0x0000,0x0000,0x4028,0x00FB,0xA0FA,0xA0FA,0xA0FA,0xA0FA,0xA0FA,0xA0FA,
    0xA0FA,0x20E2,0x0000,0x0000,0xA120,0xC549,0x2339,0x6439,0xC549,0xC549,0xC549,0xC549,
    0xC549,0xC549,0xC549,0xC549,0xC551,0xC551,0xC551,0xC551,0xC551,0xC551,0xC549,0xC549,
    0xC549,0xC549,0xC549,0xC549,0xC549,0xC549,0xC549,0xC549,0xC549,0xC549,0xC549,0xC549,
    0xC549,0xC549,0xC549,0xC549,0xC549,0xC549,0xC549,0xC551,0xC551,0xC551,0xC551,0xC551,
    0xC551,0x0552,0x0552,0x0552,0x0552,0x0552,0xC551,0xC549,0xC549,0xC549,0xC549,0xC549,
    0xC549,0xC549,0xC549,0xC549,0xE641,0xE641,0xE641,0x074A,0x074A,0x484A,0x484A,0x484A,
    0x484A,0x4852,0x4852,0x4852,0x4852,0x8952,0x8952,0x8952,0x8952,0xCA5A,0xCA5A,0xCA5A,
    0xCA5A,0xCA5A,0xCA5A,0xCA5A,0xCA5A,0xCA5A,0xCA5A,0xCA5A,0xCA5A,0xCA5A,0xCA5A,0xCA5A,
    0xCA5A,0xCA5A,0xCA5A,0xCA5A,0xCA5A,0xCA5A,0xCA5A,0xCA5A,0xCA5A,0xCA5A,0xCA5A,0xCA5A,
    0x4852,0x4852,0x4852,0x4852,0x4852,0x484A,0x484A,0x484A,0x484A,0x484A,0x484A,0x484A,
    0x484A,0x484A,0x484A,0x484A,0x484A,0x484A,0x484A,0x484A,0x484A,0x484A,0x484A,0x484A,
    0x484A,0x484A,0x484A,0x484A,0x484A,0x484A,0x484A,0x074A,0x074A,0x074A,0x074A,0x074A,
    0x074A,0x074A,0x074A,0xE641,0xE641,0xE641,0xE641,0xC549,0xC549,0xC549,0xC549,0xC549,
    0xC549,0xC549,0xC549,0xC551,0xC551,0x0552,0x0552,0x0552,0x0552,0x0552,0x0552,0x0552,
    0x0552,0x0552,0x0552,0x0552,0xC551,0xC551,0xC551,0xC549,0xC549,0xC549,0xC549,0x6439,
    0x6439,0x6439,0xC549,0xC549,0xC549,0xC549,0xC549,0xC549,0xC549,0xC549,0xC549,0xC551,
    0xC551,0xC551,0xC551,0xC551,0xC551,0xC551,0xC551,0xC551,0xC551,0xC551,0xC551,0xC551,
    0xC549,0xC549,0xC549,0xC549,0xC549,0xC549,0xC551,0xC551,0xC551,0xC551,0xC551,0xC549,
    0xC549,0xC549,0xC549,0xC549,0xC549,0x2339,0x2339,0x2339,0x4010,0x0000,0x0000,0x0000,
    0x0000,0x0000,0x0000,0x0000,0x4028,0xA0FA,0xA0FA,0xA0FA,0xA0FA,0xA0FA,0xA0FA,0xA0FA,
    0xA0FA,0x20E2,0x0000,0x0000,0xA120,0x8349,0x2339,0x2339,0xC549,0xC549,0xC549,0xC551,
    0xC551,0xC551,0xC551,0x0552,0x0552,0x0552,0x0552,0x0552,0x0552,0x0552,0x0552,0x0552,
    0xC551,0xC551,0xC549,0xC549,0xC549,0xC549,0xC549,0xC549,0x6439,0x6441,0xC549,0xC549,
    0xC549,0xC551,0xC551,0xC551,0xC551,0x0552,0x0552,0x0552,0x0552,0x0552,0x0552,0x0552,
    0x2652,0x2652,0x2652,0x2652,0x2652,0x2652,0x2652,0x2652,0x2652,0x2652,0xE651,0xC549,
    0xC549,0xE641,0xE641,0xE641,0xE641,0xE641,0xE641,0x074A,0x074A,0x484A,0x484A,0x484A,
    0x484A,0x4852,0x4852,0x4852,0x8952,0x8952,0x8952,0x8952,0x8952,0x8952,0xCA5A,0xCA5A,
    0xCA5A,0xCA5A,0xCA5A,0xCA5A,0xCA5A,0xCA5A,0xCA5A,0xCA5A,0xCA5A,0xCA5A,0xCA5A,0xCA5A,
    0xCA5A,0xCA5A,0xCA5A,0xCA5A,0xCA5A,0xCA5A,0xCA5A,0xCA5A,0xCA5A,0xCA5A,0xCA5A,0xCA5A,
    0x4852,0x4852,0x484A,0x484A,0x484A,0x484A,0x484A,0x484A,0x484A,0x484A,0x484A,0x484A,
    0x484A,0x484A,0x484A,0x484A,0x484A,0x484A,0x484A,0x484A,0x484A,0x484A,0x484A,0x484A,
    0x484A,0x484A,0x484A,0x484A,0x484A,0x074A,0x074A,0x074A,0x074A,0x074A,0x074A,0x074A,
    0x074A,0xE641,0xE641,0xE641,0xE641,0xC549,0xC549,0xC549,0xC549,0xC549,0xC549,0xC549,
    0xC549,0xC549,0x0229,0xA120,0xA120,0xA120,0xA120,0xA120,0xA120,0xA120,0xA120,0xA120,
    0xA120,0xA120,0xA120,0xA120,0xA120,0xA120,0xA120,0xA120,0x8118,0x8118,0x8118,0x2339,
    0x2339,0x6439,0xC228,0x8118,0x8118,0x8118,0x8118,0xA120,0xA120,0xA120,0xA120,0xA120,
    0xA120,0xA120,0xA120,0xA120,0xA120,0xA120,0xA120,0xA120,0xA120,0xA120,0xA120,0xA120,
    0x8118,0x2339,0xC549,0xC228,0xA120,0xA120,0xA120,0xA120,0xA120,0xA120,0xA120,0xA120,
    0xA120,0xA120,0x8118,0x8118,0x8118,0x4010,0x4010,0x0000,0x0000,0x0000,0x0000,0x0000,
    0x0000,0x0000,0x0000,0x0000,0x4028,0xA0FA,0xA0FA,0xA0FA,0xA0FA,0xA0FA,0xA0FA,0xA0FA,
    0xA0FA,0x20E2,0x0000,0x0000,0x8118,0x6341,0x2339,0x2339,0xC228,0xA120,0xA120,0xA120,
    0xA120,0xA120,0xA120,0xA120,0xC228,0xA120,0xA120,0xC228,0xC228,0xA120,0xA120,0xC228,
    0xA120,0xA120,0xA120,0xA120,0x8118,0xA120,0x6439,0x6439,0x2339,0xC549,0x6341,0xA120,
    0xA120,0xA120,0xA120,0xA120,0xA120,0xA120,0xA120,0xA120,0xA120,0xA120,0xA120,0xA120,
    0xA120,0xC228,0xC228,0xC228,0xC228,0xC228,0xC228,0xC228,0xC228,0xA120,0xA120,0xA120,
    0xA120,0xA120,0x8118,0x8118,0x8118,0x6439,0xE641,0xE641,0x074A,0x074A,0x484A,0x484A,
    0x484A,0x4852,0x4852,0x4852,0x4852,0x4852,0x4852,0x8952,0x8952,0x8952,0x8952,0x8952,
    0xCA5A,0xCA5A,0xCA5A,0xCA5A,0xCA5A,0xCA5A,0xCA5A,0xCA5A,0xCA5A,0xCA5A,0xCA5A,0xCA5A,
    0xCA5A,0xCA5A,0xCA5A,0xCA5A,0xCA5A,0xCA5A,0xCA5A,0xCA5A,0xCA5A,0xCA5A,0xCA5A,0xCA5A,
    0x4852,0x4852,0x484A,0x484A,0x484A,0x484A,0x484A,0x484A,0x484A,0x484A,0x484A,0x484A,
    0x484A,0x484A,0x484A,0x484A,0x484A,0x484A,0x484A,0x484A,0x484A,0x484A,0x484A,0x484A,
    0x484A,0x484A,0x484A,0x074A,0x074A,0x074A,0x074A,0x074A,0x074A,0x074A,0x074A,0x074A,
    0xE641,0xE641,0xE641,0xE641,0xC549,0xC549,0xC549,0xC549,0xC549,0xC549,0xC549,0xC549,
    0x2339,0x4010,0x0000,0x0000,0x0000,0x0000,0x0000,0x0000,0x0000,0x0000,0x0000,0x0000,
    0x0000,0x0000,0x0000,0x0000,0x0000,0x0000,0x0000,0x0000,0x0000,0x0000,0x0000,0x6341,
    0x2339,0x0000,0x0000,0x0000,0x0000,0x0000,0x0000,0x0000,0x0000,0x0000,0x0000,0x0000,
    0x0000,0x0000,0x0000,0x0000,0x0000,0x0000,0x0000,0x0000,0x0000,0x0000,0x0000,0x0000,
    0x0000,0x2339,0x4010,0x0000,0x0000,0x0000,0x0000,0x0000,0x0000,0x0000,0x0000,0x0000,
    0x0000,0x0000,0x0000,0x0000,0x0000,0x0000,0x0000,0x0000,0x0000,0x0000,0x0000,0x0000,
    0x0000,0x0000,0x0000,0x0000,0x4028,0xA0FA,0xA0FA,0xA0FA,0xA0FA,0xA0FA,0xA0FA,0xA0FA,
    0xA0FA,0x20E2,0x0000,0x0000,0x8118,0x8349,0x2339,0x0000,0x0000,0x0000,0x0000,0x0000,
    0x0000,0x0000,0x0000,0x0000,0x0000,0x0000,0x0000,0x0000,0x0000,0x0000,0x0000,0x0000,
    0x0000,0x0000,0x0000,0x0000,0x0000,0x4010,0x2339,0x2339,0x2339,0x2339,0x0000,0x0000,
    0x0000,0x0000,0x0000,0x0000,0x0000,0x0000,0x0000,0x0000,0x0000,0x0000,0x0000,0x0000,
    0x0000,0x0000,0x0000,0x0000,0x0000,0x0000,0x0000,0x0000,0x0000,0x0000,0x0000,0x0000,
    0x0000,0x0000,0x0000,0x0000,0x8118,0x8539,0xE641,0xE641,0x074A,0x074A,0x484A,0x484A,
    0x484A,0x4852,0x4852,0x4852,0x4852,0x8952,0x4852,0x8952,0x8952,0x8952,0x8952,0x8952,
    0xCA5A,0xCA5A,0xCA5A,0xCA5A,0xCA5A,0xCA5A,0xCA5A,0xCA5A,0xCA5A,0xCA5A,0xCA5A,0xCA5A,
    0xCA5A,0xCA5A,0xCA5A,0xCA5A,0xCA5A,0xCA5A,0xCA5A,0xCA5A,0xCA5A,0xCA5A,0xCA5A,0xCA5A,
    0x484A,0x484A,0x484A,0x484A,0x484A,0x484A,0x484A,0x484A,0x484A,0x484A,0x484A,0x484A,
    0x484A,0x484A,0x484A,0x484A,0x484A,0x484A,0x484A,0x484A,0x484A,0x484A,0x484A,0x484A,
    0x484A,0x484A,0x074A,0x074A,0x074A,0x074A,0x074A,0x074A,0x074A,0x074A,0x074A,0xE641,
    0xE641,0xE641,0xE641,0xC549,0xC549,0xC549,0xC549,0xC549,0xC549,0xC549,0x8349,0xA120,
    0x0000,0x0000,0x0000,0x0000,0x0000,0x0000,0x0000,0x0000,0x0000,0x0000,0x0000,0x0000,
    0x0000,0x0000,0x0000,0x0000,0x0000,0x0000,0x0000,0x0000,0x0000,0x0000,0x6341,0xA120,
    0x0000,0x0000,0x0000,0x0000,0x0000,0x0000,0x0000,0x0000,0x0000,0x0000,0x0000,0x0000,
    0x0000,0x0000,0x0000,0x0000,0x0000,0x0000,0x0000,0x0000,0x0000,0x0000,0x0000,0x0000,
    0x4010,0x0000,0x0000,0x0000,0x0000,0x0000,0x0000,0x0000,0x0000,0x0000,0x0000,0x0000,
    0x0000,0x0000,0x0000,0x0000,0x0000,0x0000,0x0000,0x0000,0x0000,0x0000,0x4010,0x4079,
    0x0000,0x0000,0x0000,0x0000,0x4028,0xA0FA,0xA0FA,0xA0FA,0xA0FA,0xA0FA,0xA0FA,0xA0FA,
    0xA0FA,0x20E2,0x0000,0x0000,0x8118,0xA120,0x0000,0x0000,0x0000,0x0000,0x0000,0x0000,
    0x0000,0x0000,0x0000,0x0000,0x0000,0x0000,0x0000,0x0000,0x0000,0x0000,0x0000,0x0000,
    0x0000,0x0000,0x0000,0x0000,0x0000,0x2339,0x2339,0x2339,0x8118,0x0000,0x0000,0x0000,
    0x0000,0x0000,0x0000,0x0000,0x0000,0x0000,0x0000,0x0000,0x0000,0x0000,0x0000,0x0000,
    0x0000,0x0000,0x0000,0x0000,0x0000,0x0000,0x0000,0x0000,0x0000,0x0000,0x0000,0x0000,
    0x0000,0x0000,0x0000,0x2339,0xC549,0x8539,0xE641,0xE641,0x074A,0x074A,0x484A,0x484A,
    0x484A,0x4852,0x4852,0x4852,0x4852,0x4852,0x4852,0x4852,0x8952,0x8952,0x8952,0x8952,
    0xCA5A,0xCA5A,0xCA5A,0x8952,0xCA5A,0xCA5A,0xCA5A,0xCA5A,0xCA5A,0xCA5A,0xCA5A,0xCA5A,
    0xCA5A,0xCA5A,0xCA5A,0xCA5A,0xCA5A,0xCA5A,0xCA5A,0xCA5A,0xCA5A,0xCA5A,0xCA5A,0xCA5A,
    0x484A,0x484A,0x484A,0x484A,0x484A,0x484A,0x484A,0x484A,0x484A,0x484A,0x484A,0x484A,
    0x484A,0x484A,0x484A,0x484A,0x484A,0x484A,0x484A,0x484A,0x484A,0x484A,0x484A,0x484A,
    0x074A,0x484A,0x074A,0x074A,0x074A,0x074A,0x074A,0x074A,0x074A,0x074A,0x074A,0xE641,
    0xE641,0xE641,0xC549,0xC549,0xC549,0xC549,0xC549,0xC549,0xC549,0x2339,0x0000,0x0000,
    0x0000,0x0000,0x2069,0xA0FA,0x40FA,0x40FA,0x40FA,0x40FA,0x40FA,0xA0FA,0x40FA,0x40FA,
    0x40FA,0x40FA,0x40FA,0x40FA,0x40FA,0xA0FA,0x0059,0x0000,0x0000,0x8118,0x4010,0x0000,
    0x0000,0x0000,0x0000,0xA0A9,0xA0FA,0xA0FA,0x4028,0x0000,0x0000,0x2069,0x00AA,0x0000,
    0x0000,0xA0A9,0xA0FA,0x40FA,0xA0FA,0x40FA,0xA0FA,0x0059,0x0000,0x0000,0x0000,0x0000,
    0x0000,0x0000,0x0000,0x0000,0x0000,0x2069,0xA0FA,0x40FA,0xA0FA,0x40FA,0x40FA,0x40FA,
    0x40FA,0x40FA,0x40FA,0xA0FA,0x00CA,0x4010,0x0000,0x0000,0x0000,0x0059,0xA0FA,0x00FB,
    0xA0FA,0xA0FA,0xA0FA,0xA0FA,0xA0FA,0xA0FA,0xA0FA,0xA0FA,0xA0FA,0xA0FA,0xA0FA,0xA0FA,
    0xA0FA,0x20E2,0x0000,0x0000,0x0000,0x0000,0x0000,0x0000,0xA030,0x20E2,0xA0FA,0x40FA,
    0x40FA,0xA0FA,0xA0FA,0xA0FA,0xA0FA,0x40FA,0x40FA,0x40FA,0x40FA,0x40FA,0xA0FA,0xA0FA,
    0x20E2,0x0000,0x0000,0x0000,0xA120,0x2339,0x2339,0x0000,0x0000,0x0000,0x0000,0xA040,
    0x80EA,0x40FA,0x40FA,0x40FA,0x40FA,0x40FA,0xA0FA,0xA0FA,0xA0FA,0xA0FA,0x40FA,0x40FA,
    0x40FA,0x40FA,0x40FA,0x40FA,0x40FA,0x40FA,0x40FA,0x40FA,0xA0FA,0xA099,0x0000,0x0000,
    0x0000,0x0000,0x2339,0xC549,0x8539,0xC549,0xE641,0xE641,0x074A,0x074A,0x074A,0x074A,
    0x484A,0x4852,0x4852,0x4852,0x4852,0x8952,0x4852,0x8952,0x8952,0x8952,0x8952,0x8952,
    0x8952,0xCA5A,0xCA5A,0xCA5A,0xCA5A,0xCA5A,0xCA5A,0xCA5A,0xCA5A,0xCA5A,0xCA5A,0xCA5A,
    0xCA5A,0xCA5A,0xCA5A,0xCA5A,0xCA5A,0xCA5A,0xCA5A,0xCA5A,0xCA5A,0xCA5A,0xCA5A,0xCA5A,
    0x4852,0x4852,0x484A,0x484A,0x484A,0x484A,0x484A,0x484A,0x484A,0x484A,0x484A,0x484A,
    0x484A,0x484A,0x484A,0x484A,0x484A,0x484A,0x484A,0x484A,0x484A,0x484A,0x484A,0x484A,
    0x484A,0x484A,0x074A,0x074A,0x074A,0x074A,0x074A,0x074A,0x074A,0x074A,0x074A,0xE641,
    0xE641,0xC549,0xC549,0xC549,0xC549,0xC549,0xC549,0x2339,0x4010,0x0000,0x0000,0x0000,
    0x4010,0x00CA,0x00FB,0xA0FA,0xA0FA,0xA0FA,0xA0FA,0xA0FA,0xA0FA,0xA0FA,0xA0FA,0xA0FA,
    0xA0FA,0xA0FA,0xA0FA,0xA0FA,0xA0FA,0xA0FA,0x0000,0x0000,0x0000,0x0000,0x0000,0x0000,
    0x0000,0x0059,0xA0FA,0xA0FA,0xA0FA,0x00FB,0xA030,0x0000,0xA040,0x00FB,0x00BA,0xA030,
    0xA0FA,0x00FB,0xA0FA,0xA0FA,0xA0FA,0x00FB,0x00BA,0x0000,0x0000,0x0000,0x0000,0x0000,
    0x0000,0x4010,0x0000,0x0000,0x0000,0x4081,0x00FB,0xA0FA,0xA0FA,0xA0FA,0xA0FA,0xA0FA,
    0xA0FA,0xA0FA,0xA0FA,0x00CA,0x4010,0x0000,0x0000,0x4010,0x00BA,0x00FB,0xA0FA,0xA0FA,
    0xA0FA,0xA0FA,0xA0FA,0xA0FA,0xA0FA,0xA0FA,0xA0FA,0xA0FA,0xA0FA,0xA0FA,0xA0FA,0xA0FA,
    0xA0FA,0x20E2,0x0000,0x0000,0x0000,0x0000,0x0000,0x4081,0x00FB,0xA0FA,0xA0FA,0xA0FA,
    0xA0FA,0xA0FA,0xA0FA,0xA0FA,0xA0FA,0xA0FA,0xA0FA,0xA0FA,0xA0FA,0xA0FA,0xA0FA,0x00FB,
    0xA099,0x0000,0x0000,0x4010,0x6341,0xA120,0x0000,0x0000,0x0000,0x0000,0xA099,0x00FB,
    0xA0FA,0xA0FA,0xA0FA,0xA0FA,0xA0FA,0xA0FA,0xA0FA,0xA0FA,0xA0FA,0xA0FA,0xA0FA,0xA0FA,
    0xA0FA,0xA0FA,0xA0FA,0xA0FA,0xA0FA,0xA0FA,0xA0FA,0x00FB,0xA099,0x0000,0x0000,0x0000,
    0x0000,0x2339,0x8539,0x8539,0xC549,0xE641,0xE641,0x074A,0x074A,0x074A,0x484A,0x4852,
    0x4852,0x4852,0x4852,0x4852,0x4852,0x4852,0x4852,0x8952,0x8952,0x8952,0x8952,0x8952,
    0x8952,0xCA5A,0xCA5A,0xCA5A,0xCA5A,0xCA5A,0xCA5A,0xCA5A,0xCA5A,0xCA5A,0xCA5A,0xCA5A,
    0xCA5A,0xCA5A,0xCA5A,0xCA5A,0xCA5A,0xCA5A,0xCA5A,0xCA5A,0xCA5A,0xCA5A,0xCA5A,0xCA5A,
    0x484A,0x484A,0x484A,0x484A,0x484A,0x484A,0x484A,0x484A,0x484A,0x484A,0x484A,0x484A,
    0x484A,0x484A,0x484A,0x484A,0x484A,0x484A,0x484A,0x484A,0x484A,0x484A,0x484A,0x484A,
    0x484A,0x074A,0x074A,0x074A,0x074A,0x074A,0x074A,0x074A,0x074A,0x074A,0xE641,0xE641,
    0xC549,0xC549,0xC549,0xC549,0xC549,0xC549,0xC228,0x0000,0x0000,0x0000,0x0000,0x4079,
    0xA0FA,0xA0FA,0xA0FA,0xA0FA,0xA0FA,0xA0FA,0xA0FA,0xA0FA,0xA0FA,0xA0FA,0xA0FA,0xA0FA,
    0xA0FA,0xA0FA,0xA0FA,0xA0FA,0x00FB,0xC050,0x0000,0x0000,0x0000,0x0000,0x0000,0x4028,
    0x00CA,0x00FB,0xA0FA,0xA0FA,0xA0FA,0xA0FA,0x4010,0x6030,0x00FB,0xA0FA,0xA0FA,0xA0FA,
    0xA0FA,0xA0FA,0xA0FA,0xA0FA,0xA0FA,0x20DA,0x0000,0x0000,0x0000,0x0000,0x0000,0x4010,
    0xC0B1,0x20E2,0x0000,0x0000,0x0000,0x4079,0x00FB,0xA0FA,0xA0FA,0xA0FA,0xA0FA,0xA0FA,
    0xA0FA,0xA0FA,0x20E2,0x0000,0x0000,0x0000,0x2069,0xA0FA,0xA0FA,0xA0FA,0xA0FA,0xA0FA,
    0xA0FA,0xA0FA,0xA0FA,0xA0FA,0xA0FA,0xA0FA,0xA0FA,0xA0FA,0xA0FA,0xA0FA,0xA0FA,0xA0FA,
    0xA0FA,0x20E2,0x0000,0x0000,0x0000,0x4010,0x00CA,0x00FB,0xA0FA,0xA0FA,0xA0FA,0xA0FA,
    0xA0FA,0xA0FA,0xA0FA,0xA0FA,0xA0FA,0xA0FA,0xA0FA,0xA0FA,0xA0FA,0xA0FA,0xA0FA,0xA0FA,
    0x0000,0x0000,0x0000,0x2339,0x4010,0x0000,0x0000,0x0000,0x4028,0x20E2,0x00FB,0xA0FA,
    0xA0FA,0xA0FA,0xA0FA,0xA0FA,0xA0FA,0xA0FA,0xA0FA,0xA0FA,0xA0FA,0xA0FA,0xA0FA,0xA0FA,
    0xA0FA,0xA0FA,0xA0FA,0xA0FA,0xA0FA,0xA0FA,0xA0FA,0xA040,0x0000,0x0000,0x0000,0x8118,
    0x6439,0x6439,0x8539,0xC549,0xC549,0xE641,0xE641,0x074A,0x074A,0x074A,0x074A,0x2652,
    0x4852,0x4852,0x4852,0x4852,0x4852,0x4852,0x4852,0x4852,0x4852,0x8952,0x8952,0x4852,
    0x8952,0x8952,0x8952,0x8952,0xCA5A,0xCA5A,0xCA5A,0xCA5A,0xCA5A,0xCA5A,0xCA5A,0xCA5A,
    0xCA5A,0xCA5A,0xCA5A,0xCA5A,0xCA5A,0xCA5A,0xCA5A,0xCA5A,0xCA5A,0xCA5A,0xCA5A,0xCA5A,
    0x484A,0x484A,0x484A,0x484A,0x484A,0x484A,0x484A,0x484A,0x484A,0x484A,0x484A,0x484A,
    0x484A,0x484A,0x484A,0x484A,0x484A,0x484A,0x484A,0x484A,0x484A,0x484A,0x484A,0x484A,
    0x074A,0x074A,0x074A,0x074A,0x074A,0x074A,0x074A,0x074A,0x074A,0x074A,0xE641,0xE641,
    0xC549,0xC549,0xC549,0xC549,0xC549,0x0229,0x0000,0x0000,0x0000,0x4028,0x20DA,0x00FB,
    0xA0FA,0xA0FA,0xA0FA,0xA0FA,0xA0FA,0xA0FA,0xA0FA,0xA0FA,0xA0FA,0xA0FA,0xA0FA,0xA0FA,
    0xA0FA,0xA0FA,0xA0FA,0xA0FA,0x20DA,0x0000,0x0000,0x0000,0x0000,0x0000,0x4079,0xA0FA,
    0xA0FA,0xA0FA,0xA0FA,0xA0FA,0xA0FA,0xA0FA,0x2069,0xA0FA,0xA0FA,0xA0FA,0xA0FA,0xA0FA,
    0xA0FA,0xA0FA,0xA0FA,0xA0FA,0xA0FA,0x0000,0x0000,0x0000,0x0000,0x0000,0x8089,0xA0FA,
    0x00FB,0x20E2,0x0000,0x0000,0x0000,0x4079,0x00FB,0xA0FA,0xA0FA,0xA0FA,0xA0FA,0xA0FA,
    0xA0FA,0xA0FA,0x20DA,0x0000,0x0000,0x00CA,0x00FB,0xA0FA,0xA0FA,0xA0FA,0xA0FA,0xA0FA,
    0xA0FA,0xA0FA,0xA0FA,0xA0FA,0xA0FA,0xA0FA,0xA0FA,0xA0FA,0xA0FA,0xA0FA,0xA0FA,0xA0FA,
    0xA0FA,0x20E2,0x0000,0x0000,0xA040,0xA0FA,0xA0FA,0xA0FA,0xA0FA,0xA0FA,0xA0FA,0xA0FA,
    0xA0FA,0xA0FA,0xA0FA,0xA0FA,0xA0FA,0xA0FA,0xA0FA,0xA0FA,0xA0FA,0xA0FA,0x00FB,0x4079,
    0x0000,0x0000,0x0000,0x0000,0x0000,0x0000,0x0000,0x4079,0xA0FA,0xA0FA,0xA0FA,0xA0FA,
    0xA0FA,0xA0FA,0xA0FA,0xA0FA,0xA0FA,0xA0FA,0xA0FA,0xA0FA,0xA0FA,0xA0FA,0xA0FA,0xA0FA,
    0xA0FA,0xA0FA,0xA0FA,0xA0FA,0x4081,0x00BA,0x4010,0x0000,0x0000,0x0000,0xC228,0x6439,
    0x6439,0x8539,0xC549,0xC549,0xE641,0xE641,0x074A,0x074A,0x074A,0x2652,0x484A,0x4852,
    0x4852,0x4852,0x4852,0x4852,0x4852,0x4852,0x4852,0x4852,0x8952,0x8952,0x8952,0x4852,
    0x8952,0x8952,0x8952,0x8952,0xCA5A,0xCA5A,0xCA5A,0xCA5A,0xCA5A,0xCA5A,0xCA5A,0xCA5A,
    0xCA5A,0xCA5A,0xCA5A,0xCA5A,0xCA5A,0xCA5A,0xCA5A,0xCA5A,0xCA5A,0xCA5A,0xCA5A,0xCA5A,
    0x484A,0x484A,0x484A,0x484A,0x484A,0x484A,0x484A,0x484A,0x484A,0x484A,0x484A,0x484A,
    0x484A,0x484A,0x484A,0x484A,0x484A,0x484A,0x484A,0x484A,0x484A,0x484A,0x484A,0x074A,
    0x074A,0x2652,0x074A,0x074A,0x074A,0x074A,0x074A,0x074A,0x074A,0x074A,0xE641,0xE641,
    0xC549,0xC549,0xC549,0xC549,0xC549,0xC228,0x0000,0x0000,0x2069,0xA0FA,0xA0FA,0xA0FA,
    0xA0FA,0xA0FA,0xA0FA,0xA0FA,0xA0FA,0xA0FA,0xA0FA,0xA0FA,0xA0FA,0xA0FA,0xA0FA,0xA0FA,
    0xA0FA,0xA0FA,0xA0FA,0x00FB,0xA030,0x0000,0x0000,0x0000,0x0000,0x0000,0xA0FA,0xA0FA,
    0xA0FA,0xA0FA,0xA0FA,0xA0FA,0xA0FA,0xA0FA,0xA0FA,0xA0FA,0xA0FA,0xA0FA,0xA0FA,0xA0FA,
    0xA0FA,0xA0FA,0xA0FA,0xA0FA,0x4010,0x0000,0x0000,0x0000,0x4079,0xA0FA,0x00FB,0xA0FA,
    0xA0FA,0x20E2,0x0000,0x0000,0x0000,0x4079,0x00FB,0xA0FA,0xA0FA,0xA0FA,0xA0FA,0xA0FA,
    0xA0FA,0xA0FA,0x20E2,0x0000,0x0000,0xA0FA,0xA0FA,0xA0FA,0xA0FA,0xA0FA,0xA0FA,0xA0FA,
    0xA0FA,0xA0FA,0xA0FA,0xA0FA,0xA0FA,0xA0FA,0xA0FA,0xA0FA,0xA0FA,0xA0FA,0xA0FA,0xA0FA,
    0xA0FA,0x20E2,0x0000,0x0000,0x00CA,0x00FB,0xA0FA,0xA0FA,0xA0FA,0xA0FA,0xA0FA,0xA0FA,
    0xA0FA,0xA0FA,0xA0FA,0xA0FA,0xA0FA,0xA0FA,0xA0FA,0xA0FA,0xA0FA,0xA0FA,0xA0FA,0x0000,
    0x0000,0x0000,0x0000,0x0000,0x0000,0x4010,0x00CA,0x00FB,0xA0FA,0xA0FA,0xA0FA,0xA0FA,
    0xA0FA,0xA0FA,0xA0FA,0xA0FA,0xA0FA,0xA0FA,0xA0FA,0xA0FA,0xA0FA,0xA0FA,0xA0FA,0xA0FA,
    0xA0FA,0xA0FA,0x00FB,0xA099,0x0000,0x0000,0x0000,0x0000,0x0000,0x2339,0x6439,0x6439,
    0xC549,0xC549,0xC549,0xC549,0xE641,0x074A,0x074A,0x074A,0x2652,0x2652,0x4852,0x4852,
    0x4852,0x4852,0x4852,0x4852,0x4852,0x4852,0x4852,0x4852,0x8952,0x8952,0x8952,0x4852,
    0x8952,0x8952,0x8952,0x8952,0xCA5A,0xCA5A,0xCA5A,0xCA5A,0xCA5A,0xCA5A,0xCA5A,0xCA5A,
    0xCA5A,0xCA5A,0xCA5A,0xCA5A,0xCA5A,0xCA5A,0xCA5A,0xCA5A,0xCA5A,0xCA5A,0xCA5A,0xCA5A,
    0x484A,0x484A,0x484A,0x484A,0x484A,0x484A,0x484A,0x484A,0x484A,0x484A,0x484A,0x484A,
    0x484A,0x484A,0x484A,0x484A,0x4852,0x4852,0x484A,0x4852,0x2652,0x4852,0x484A,0x074A,
    0x2652,0x2652,0x2652,0x2652,0x2652,0x074A,0x074A,0x074A,0x074A,0x074A,0xC549,0xC549,
    0xC549,0xC549,0xC549,0xC549,0xC549,0xC228,0x0000,0x0000,0xC0C1,0xA0FA,0xA0FA,0xA0FA,
    0xA0FA,0xA0FA,0xA0FA,0xA0FA,0xA0FA,0xA0FA,0xA0FA,0xA0FA,0xA0FA,0xA0FA,0xA0FA,0xA0FA,
    0xA0FA,0xA0FA,0xA0FA,0xC0B1,0x0000,0x0000,0x0000,0x0000,0x0000,0x0000,0x20E2,0xA0FA,
    0xA0FA,0xA0FA,0xA0FA,0xA0FA,0xA0FA,0xA0FA,0xA0FA,0xA0FA,0xA0FA,0xA0FA,0xA0FA,0xA0FA,
    0xA0FA,0xA0FA,0xA0FA,0xA030,0x0000,0x0000,0x2069,0xA0FA,0x00FB,0xA0FA,0xA0FA,0xA0FA,
    0xA0FA,0x20E2,0x0000,0x0000,0x0000,0x4079,0x00FB,0xA0FA,0xA0FA,0xA0FA,0xA0FA,0xA0FA,
    0xA0FA,0xA0FA,0x20DA,0x0000,0x0000,0xA0FA,0xA0FA,0xA0FA,0xA0FA,0xA0FA,0xA0FA,0xA0FA,
    0xA0FA,0xA0FA,0xA0FA,0xA0FA,0xA0FA,0xA0FA,0xA0FA,0xA0FA,0xA0FA,0xA0FA,0xA0FA,0xA0FA,
    0xA0FA,0x20E2,0x0000,0x0000,0xC0B1,0xA0FA,0xA0FA,0xA0FA,0xA0FA,0xA0FA,0xA0FA,0xA0FA,
    0xA0FA,0xA0FA,0xA0FA,0xA0FA,0xA0FA,0xA0FA,0xA0FA,0xA0FA,0xA0FA,0x00FB,0x2069,0x0000,
    0x0000,0x0000,0x0000,0x0000,0x0000,0xA0A9,0x00FB,0xA0FA,0xA0FA,0xA0FA,0xA0FA,0xA0FA,
    0xA0FA,0xA0FA,0xA0FA,0xA0FA,0xA0FA,0xA0FA,0xA0FA,0xA0FA,0xA0FA,0xA0FA,0xA0FA,0xA0FA,
    0xA0FA,0xA0FA,0x20E2,0x0000,0x0000,0x0000,0x0000,0x0000,0x2339,0x6439,0x6439,0xC549,
    0xC549,0xC549,0xE641,0xE641,0x074A,0x074A,0x074A,0x074A,0x2652,0x074A,0x4852,0x4852,
    0x4852,0x4852,0x4852,0x4852,0x4852,0x4852,0x4852,0x4852,0x8952,0x8952,0x8952,0x8952,
    0x8952,0x8952,0x8952,0x8952,0xCA5A,0xCA5A,0xCA5A,0xCA5A,0xCA5A,0xCA5A,0xCA5A,0xCA5A,
    0xCA5A,0xCA5A,0xCA5A,0xCA5A,0xCA5A,0xCA5A,0xCA5A,0xCA5A,0xCA5A,0xCA5A,0xCA5A,0xCA5A,
    0x484A,0x4852,0x484A,0x484A,0x484A,0x484A,0x484A,0x484A,0x484A,0x484A,0x484A,0x484A,
    0x4852,0x4852,0x484A,0x484A,0x4852,0x4852,0x4852,0x4852,0x4852,0x4852,0x074A,0x074A,
    0x2652,0x2652,0x2652,0x2652,0x2652,0x2652,0x074A,0x074A,0x074A,0x074A,0xC549,0xC549,
    0xC549,0xC549,0xC549,0xC549,0xC551,0xA120,0x0000,0x0000,0xC0B1,0xA0FA,0xA0FA,0xA0FA,
    0xA0FA,0xA0FA,0xA0FA,0xA0FA,0xA0FA,0xA0FA,0xA0FA,0xA0FA,0xA0FA,0xA0FA,0xA0FA,0xA0FA,
    0xA0FA,0xA0FA,0xA0FA,0x4010,0x0000,0x0000,0x0000,0x0000,0x0000,0x0000,0x40FA,0xA0FA,
    0xA0FA,0xA0FA,0xA0FA,0xA0FA,0xA0FA,0xA0FA,0xA0FA,0xA0FA,0xA0FA,0xA0FA,0xA0FA,0xA0FA,
    0xA0FA,0xA0FA,0x40FA,0x0000,0x0000,0x00BA,0x00FB,0xA0FA,0xA0FA,0xA0FA,0xA0FA,0xA0FA,
    0xA0FA,0x20E2,0x0000,0x0000,0x0000,0x4079,0x00FB,0xA0FA,0xA0FA,0xA0FA,0xA0FA,0xA0FA,
    0xA0FA,0xA0FA,0x20DA,0x0000,0x0000,0xA0FA,0xA0FA,0xA0FA,0xA0FA,0xA0FA,0xA0FA,0xA0FA,
    0xA0FA,0x40FA,0x20E2,0x80EA,0x40FA,0xA0FA,0xA0FA,0xA0FA,0xA0FA,0xA0FA,0xA0FA,0xA0FA,
    0xA0FA,0x20E2,0x0000,0x0000,0xC0B1,0xA0FA,0xA0FA,0xA0FA,0xA0FA,0xA0FA,0xA0FA,0xA0FA,
    0xA0FA,0xA0FA,0xA0FA,0xA0FA,0xA0FA,0xA0FA,0xA0FA,0xA0FA,0x00FB,0x40FA,0x0000,0x0000,
    0x0000,0x0000,0x0000,0x0000,0x0000,0xA0A9,0xA0FA,0xA0FA,0xA0FA,0xA0FA,0xA0FA,0xA0FA,
    0xA0FA,0xA0FA,0xA0FA,0xA0FA,0xA0FA,0xA0FA,0xA0FA,0xA0FA,0xA0FA,0xA0FA,0xA0FA,0xA0FA,
    0xA0FA,0xA0FA,0x4010,0x0000,0x0000,0x0000,0x4010,0x2339,0x6439,0x6439,0xC549,0xC549,
    0xC549,0xE641,0xE641,0xE641,0x074A,0x074A,0x074A,0x2652,0x2652,0x2652,0x4852,0x4852,
    0x4852,0x4852,0x4852,0x4852,0x4852,0x4852,0x4852,0x4852,0x8952,0x8952,0x8952,0x8952,
    0x8952,0x8952,0x8952,0x8952,0xCA5A,0xCA5A,0xCA5A,0xCA5A,0xCA5A,0xCA5A,0xCA5A,0xCA5A,
    0xCA5A,0xCA5A,0xCA5A,0xCA5A,0xCA5A,0xCA5A,0xCA5A,0xCA5A,0xCA5A,0xCA5A,0xCA5A,0xCA5A,
    0x484A,0x4852,0x484A,0x484A,0x484A,0x484A,0x484A,0x484A,0x484A,0x484A,0x484A,0x484A,
    0x4852,0x4852,0x484A,0x4852,0x4852,0x4852,0x4852,0x4852,0x4852,0x2652,0x2652,0x2652,
    0x2652,0x2652,0x2652,0x2652,0x2652,0x2652,0x2652,0x074A,0x074A,0x074A,0xE641,0xC549,
    0xC549,0xC549,0xC549,0xC549,0xC551,0xA120,0x0000,0x0000,0xC0B1,0xA0FA,0xA0FA,0xA0FA,
    0xA0FA,0xA0FA,0xA0FA,0xA0FA,0x40FA,0xC0B1,0xC0B1,0xC0B1,0xC0B1,0xC0B1,0xC0B1,0xC0B1,
    0xC0B1,0x00BA,0x4079,0x0000,0x0000,0x0000,0x0000,0x0000,0x0000,0x0000,0x40FA,0xA0FA,
    0xA0FA,0xA0FA,0xA0FA,0xA0FA,0xA0FA,0xA0FA,0xA0FA,0xA0FA,0xA0FA,0xA0FA,0xA0FA,0xA0FA,
    0xA0FA,0xA0FA,0x20DA,0x0000,0x0000,0x00CA,0xA0FA,0xA0FA,0xA0FA,0xA0FA,0xA0FA,0xA0FA,
    0xA0FA,0x20E2,0x0000,0x0000,0x0000,0x4079,0x00FB,0xA0FA,0xA0FA,0xA0FA,0xA0FA,0xA0FA,
    0xA0FA,0xA0FA,0x20DA,0x0000,0x0000,0xA0FA,0xA0FA,0xA0FA,0xA0FA,0xA0FA,0xA0FA,0xA0FA,
    0xA0FA,0xA030,0x0000,0x0000,0x4028,0xA0FA,0xA0FA,0xA0FA,0xA0FA,0xA0FA,0xA0FA,0xA0FA,
    0xA0FA,0x20E2,0x0000,0x0000,0xC0B1,0xA0FA,0xA0FA,0xA0FA,0xA0FA,0xA0FA,0xA0FA,0xA0FA,
    0x40FA,0xC0B1,0xC0B1,0xC0B1,0xC0B1,0xC0B1,0xC0B1,0xA0A9,0x00BA,0xA040,0x0000,0x0000,
    0x0000,0x0000,0x0000,0x0000,0x0000,0xA0A9,0xA0FA,0xA0FA,0xA0FA,0xA0FA,0xA0FA,0xA0FA,
    0xA0FA,0x40FA,0xC0B1,0xC0B1,0xC0B1,0xC0B1,0xC0B1,0xC0B1,0xC0B1,0xC0B1,0xC0B1,0xC0B1,
    0x00BA,0xA040,0x0000,0x0000,0x0000,0xA120,0x6341,0x6439,0x8539,0xC549,0xC549,0xC549,
    0xC549,0xE641,0xE641,0x074A,0x074A,0x074A,0x2652,0x2652,0x2652,0x4852,0x4852,0x4852,
    0x4852,0x4852,0x4852,0x4852,0x4852,0x4852,0x4852,0x4852,0x4852,0x8952,0x8952,0x8952,
    0x8952,0x8952,0x8952,0x8952,0xCA5A,0xCA5A,0xCA5A,0xCA5A,0xCA5A,0xCA5A,0xCA5A,0xCA5A,
    0xCA5A,0xCA5A,0xCA5A,0xCA5A,0xCA5A,0xCA5A,0xCA5A,0xCA5A,0xCA5A,0xCA5A,0xCA5A,0xCA5A,
    0x4852,0x4852,0x4852,0x484A,0x4852,0x4852,0x484A,0x484A,0x484A,0x4852,0x484A,0x484A,
    0x4852,0x4852,0x4852,0x4852,0x4852,0x4852,0x4852,0x4852,0x4852,0x4852,0x074A,0x2652,
    0x2652,0x2652,0x2652,0x2652,0x2652,0x2652,0x2652,0x2652,0x2652,0x074A,0x074A,0xC549,
    0xC549,0xC549,0xC549,0xC549,0xC551,0xC228,0x0000,0x0000,0xC0B1,0xA0FA,0xA0FA,0xA0FA,
    0xA0FA,0xA0FA,0xA0FA,0xA0FA,0xC0B1,0x0000,0x0000,0x0000,0x0000,0x0000,0x0000,0x0000,
    0x0000,0x0000,0x0000,0x0000,0x0000,0x0000,0x0000,0x0000,0x0000,0x0000,0x40FA,0xA0FA,
    0xA0FA,0xA0FA,0xA0FA,0xA0FA,0xA0FA,0xA0FA,0xA0FA,0xA030,0x0000,0x0000,0x0000,0x0000,
    0x0000,0x0000,0x0000,0x0000,0x0000,0xC0B1,0xA0FA,0xA0FA,0xA0FA,0xA0FA,0xA0FA,0xA0FA,
    0xA0FA,0x20E2,0x0000,0x0000,0x0000,0x4079,0x00FB,0xA0FA,0xA0FA,0xA0FA,0xA0FA,0xA0FA,
    0xA0FA,0xA0FA,0x20DA,0x0000,0x0000,0xA0FA,0xA0FA,0xA0FA,0xA0FA,0xA0FA,0xA0FA,0xA0FA,
    0xA0FA,0xA040,0x0000,0x0000,0x4028,0xA0FA,0xA0FA,0xA0FA,0xA0FA,0xA0FA,0xA0FA,0xA0FA,
    0xA0FA,0x20E2,0x0000,0x0000,0xC0B1,0xA0FA,0xA0FA,0xA0FA,0xA0FA,0xA0FA,0xA0FA,0xA0FA,
    0xA0A9,0x0000,0x0000,0x0000,0x0000,0x0000,0x0000,0x0000,0x0000,0x0000,0x0000,0x0000,
    0x0000,0x0000,0x0000,0x0000,0x0000,0xA0A9,0xA0FA,0xA0FA,0xA0FA,0xA0FA,0xA0FA,0xA0FA,
    0xA0FA,0xC0B1,0x0000,0x0000,0x0000,0x0000,0x0000,0x0000,0x0000,0x0000,0x0000,0x0000,
    0x0000,0x0000,0x0000,0x0000,0x2339,0x6441,0x2339,0x8539,0xC549,0xC549,0xC549,0xC549,
    0xE641,0x074A,0x074A,0x074A,0x2652,0x2652,0x2652,0x2652,0x4852,0x4852,0x4852,0x4852,
    0x4852,0x4852,0x4852,0x4852,0x4852,0x4852,0x4852,0x8952,0x8952,0x8952,0x8952,0x8952,
    0x8952,0x8952,0x8952,0x8952,0xCA5A,0xCA5A,0xCA5A,0xCA5A,0xCA5A,0xCA5A,0xCA5A,0xCA5A,
    0xCA5A,0xCA5A,0xCA5A,0xCA5A,0xCA5A,0xCA5A,0xCA5A,0xCA5A,0xCA5A,0xCA5A,0xCA5A,0xCA5A,
    0x4852,0x4852,0x4852,0x4852,0x484A,0x4852,0x484A,0x484A,0x484A,0x4852,0x484A,0x4852,
    0x4852,0x4852,0x4852,0x4852,0x4852,0x4852,0x4852,0x4852,0x4852,0x4852,0x2652,0x2652,
    0x2652,0x2652,0x2652,0x2652,0x2652,0x2652,0x2652,0x2652,0x2652,0x2652,0x2652,0xC551,
    0xC549,0xC551,0xC551,0xC549,0xC551,0x2339,0x0000,0x0000,0xC0B1,0xA0FA,0xA0FA,0xA0FA,
    0xA0FA,0xA0FA,0xA0FA,0xA0FA,0x00BA,0x0000,0x0000,0x0000,0x0000,0x0000,0x0000,0x0000,
    0x0000,0x0000,0x0000,0x0000,0x0000,0x0000,0x0000,0x0000,0x0000,0x0000,0x40FA,0xA0FA,
    0xA0FA,0xA0FA,0xA0FA,0xA0FA,0xA0FA,0xA0FA,0xA0FA,0xA030,0x0000,0x0000,0x0000,0x0000,
    0x0000,0x0000,0x0000,0x0000,0x0000,0x00BA,0xA0FA,0xA0FA,0xA0FA,0xA0FA,0xA0FA,0xA0FA,
    0xA0FA,0x20E2,0x0000,0x0000,0x0000,0x4079,0x00FB,0xA0FA,0xA0FA,0xA0FA,0xA0FA,0xA0FA,
    0xA0FA,0xA0FA,0x20DA,0x0000,0x0000,0xA0FA,0xA0FA,0xA0FA,0xA0FA,0xA0FA,0xA0FA,0xA0FA,
    0xA0FA,0xA040,0x0000,0x0000,0x4028,0xA0FA,0xA0FA,0xA0FA,0xA0FA,0xA0FA,0xA0FA,0xA0FA,
    0xA0FA,0x20E2,0x0000,0x0000,0xC0B1,0xA0FA,0xA0FA,0xA0FA,0xA0FA,0xA0FA,0xA0FA,0xA0FA,
    0xC0B1,0x0000,0x0000,0x0000,0x0000,0x0000,0x0000,0x0000,0x0000,0x0000,0x0000,0x0000,
    0x0000,0x0000,0x0000,0x0000,0x0000,0xA0A9,0xA0FA,0xA0FA,0xA0FA,0xA0FA,0xA0FA,0xA0FA,
    0xA0FA,0xC0C1,0x0000,0x0000,0x0000,0x0000,0x0000,0x0000,0x0000,0x0000,0x0000,0x0000,
    0x0000,0x0000,0x0000,0x2339,0x6341,0x2339,0x2339,0xC549,0xC549,0xC549,0xC549,0xE641,
    0xE641,0x074A,0x074A,0x074A,0x2652,0x2652,0x2652,0x2652,0x4852,0x4852,0x4852,0x4852,
    0x4852,0x4852,0x4852,0x4852,0x4852,0x4852,0x8952,0x8952,0x8952,0x8952,0x8952,0x8952,
    0x8952,0x8952,0x8952,0x8952,0x8952,0x8952,0xCA5A,0xCA5A,0xCA5A,0xCA5A,0xCA5A,0xCA5A,
    0xCA5A,0xCA5A,0xCA5A,0xCA5A,0xCA5A,0xCA5A,0xCA5A,0xCA5A,0xCA5A,0xCA5A,0xCA5A,0xCA5A,
    0x4852,0x4852,0x4852,0x484A,0x4852,0x4852,0x484A,0x484A,0x484A,0x4852,0x4852,0x4852,
    0x4852,0x4852,0x4852,0x4852,0x4852,0x4852,0x4852,0x4852,0x2652,0x2652,0x2652,0x2652,
    0x2652,0x2652,0x2652,0x2652,0x2652,0x2652,0x2652,0x2652,0x2652,0x2652,0x2652,0xC551,
    0xC551,0xC551,0xC551,0xC549,0xC551,0x2339,0x0000,0x0000,0xC0B1,0xA0FA,0xA0FA,0xA0FA,
    0xA0FA,0xA0FA,0xA0FA,0xA0FA,0xC0B1,0x0000,0x0000,0x0000,0x0000,0x0000,0x0000,0x0000,
    0x0000,0x0000,0x0000,0x0000,0x0000,0x0000,0x0000,0x0000,0x0000,0x0000,0x40FA,0xA0FA,
    0xA0FA,0xA0FA,0xA0FA,0xA0FA,0xA0FA,0xA0FA,0xA0FA,0xA030,0x0000,0x0000,0x0000,0x0000,
    0x0000,0x0000,0x0000,0x0000,0x0000,0xC0B1,0xA0FA,0xA0FA,0xA0FA,0xA0FA,0xA0FA,0xA0FA,
    0xA0FA,0x20E2,0x0000,0x0000,0x0000,0x4079,0x00FB,0xA0FA,0xA0FA,0xA0FA,0xA0FA,0xA0FA,
    0xA0FA,0xA0FA,0x20E2,0x0000,0x0000,0xA0FA,0xA0FA,0xA0FA,0xA0FA,0xA0FA,0xA0FA,0xA0FA,
    0xA0FA,0xA040,0x0000,0x0000,0x4028,0xA0FA,0xA0FA,0xA0FA,0xA0FA,0xA0FA,0xA0FA,0xA0FA,
    0xA0FA,0x20E2,0x0000,0x0000,0xC0B1,0xA0FA,0xA0FA,0xA0FA,0xA0FA,0xA0FA,0xA0FA,0xA0FA,
    0xC0B1,0x0000,0x0000,0x0000,0x0000,0x0000,0x0000,0x0000,0x0000,0x0000,0x0000,0x0000,
    0x0000,0x0000,0x0000,0x0000,0x0000,0xA0A9,0xA0FA,0xA0FA,0xA0FA,0xA0FA,0xA0FA,0xA0FA,
    0xA0FA,0xC0C1,0x0000,0x0000,0x0000,0x0000,0x0000,0x0000,0x0000,0x0000,0x0000,0x0000,
    0x0000,0x0000,0x0000,0x0000,0x0000,0x0000,0x0229,0xC549,0xC549,0xC549,0xE641,0xE641,
    0xE641,0x074A,0x074A,0x2652,0x2652,0x2652,0x2652,0x2652,0x4852,0x4852,0x4852,0x4852,
    0x4852,0x4852,0x4852,0x4852,0x4852,0x4852,0x4852,0x4852,0x8952,0x8952,0x8952,0x8952,
    0x8952,0x8952,0x8952,0x8952,0x8952,0x8952,0x8952,0xCA5A,0xCA5A,0xCA5A,0xCA5A,0xCA5A,
    0xCA5A,0xCA5A,0xCA5A,0xCA5A,0xCA5A,0xCA5A,0xCA5A,0xCA5A,0xCA5A,0xCA5A,0xCA5A,0xCA5A,
    0x4852,0x4852,0x4852,0x484A,0x4852,0x4852,0x484A,0x484A,0x484A,0x4852,0x4852,0x4852,
    0x4852,0x4852,0x4852,0x4852,0x4852,0x4852,0x4852,0x4852,0x2652,0x2652,0x2652,0x2652,
    0x2652,0x2652,0x2652,0x2652,0x2652,0x2652,0x2652,0x2652,0x2652,0x2652,0x0552,0x0552,
    0xC549,0xC551,0xC551,0xC549,0xC551,0x2339,0x0000,0x0000,0xC0B1,0xA0FA,0xA0FA,0xA0FA,
    0xA0FA,0xA0FA,0xA0FA,0xA0FA,0xC0B1,0x0000,0x0000,0x0000,0x4079,0x4081,0x4081,0x4081,
    0x4081,0x4081,0x4081,0x4081,0x4081,0x4081,0x4081,0x4028,0x0000,0x0000,0x40FA,0xA0FA,
    0xA0FA,0xA0FA,0xA0FA,0xA0FA,0xA0FA,0xA0FA,0xA0FA,0xA030,0x0000,0x0000,0x0000,0x0000,
    0x0000,0x0000,0x0000,0x0000,0x0000,0xC0C1,0xA0FA,0xA0FA,0xA0FA,0xA0FA,0xA0FA,0xA0FA,
    0xA0FA,0x20E2,0x0000,0x0000,0x0000,0x4079,0x00FB,0xA0FA,0xA0FA,0xA0FA,0xA0FA,0xA0FA,
    0xA0FA,0xA0FA,0x20E2,0x0000,0x0000,0x40FA,0xA0FA,0xA0FA,0xA0FA,0xA0FA,0xA0FA,0xA0FA,
    0xA0FA,0xA040,0x0000,0x0000,0x4028,0xA0FA,0xA0FA,0xA0FA,0xA0FA,0xA0FA,0xA0FA,0xA0FA,
    0xA0FA,0x20E2,0x0000,0x0000,0xC0B1,0xA0FA,0xA0FA,0xA0FA,0xA0FA,0xA0FA,0xA0FA,0xA0FA,
    0xC0B1,0x0000,0x0000,0x0000,0x4079,0x4081,0x4081,0x4081,0x4081,0x4081,0x4081,0x4081,
    0x4081,0x4081,0x8089,0x4010,0x0000,0xA0A9,0xA0FA,0xA0FA,0xA0FA,0xA0FA,0xA0FA,0xA0FA,
    0xA0FA,0x00CA,0x0000,0x0000,0x0000,0x0000,0x0000,0x0000,0x0000,0x0000,0x0000,0x0000,
    0x4010,0x0000,0x0000,0x0000,0x0000,0xA120,0xC549,0xC549,0xC549,0xC549,0xE641,0xE641,
    0x074A,0x074A,0x2652,0x2652,0x2652,0x2652,0x2652,0x2652,0x4852,0x4852,0x4852,0x4852,
    0x4852,0x4852,0x4852,0x4852,0x4852,0x4852,0x4852,0x4852,0x4852,0x8952,0x8952,0x8952,
    0x8952,0x8952,0x8952,0x8952,0x8952,0x8952,0x8952,0x8952,0xCA5A,0xCA5A,0xCA5A,0xCA5A,
    0xCA5A,0xCA5A,0xCA5A,0xCA5A,0xCA5A,0xCA5A,0xCA5A,0xCA5A,0xCA5A,0xCA5A,0xCA5A,0xCA5A,
    0x4852,0x4852,0x4852,0x4852,0x4852,0x4852,0x4852,0x484A,0x4852,0x4852,0x4852,0x4852,
    0x4852,0x4852,0x074A,0x4852,0x4852,0x4852,0x4852,0x4852,0x2652,0x2652,0x2652,0x2652,
    0x2652,0x2652,0x2652,0x2652,0x2652,0x2652,0x2652,0x2652,0x2652,0x2652,0x0552,0x2652,
    0xC551,0xC551,0xC551,0xC551,0xC551,0x2339,0x0000,0x0000,0xC0B1,0xA0FA,0xA0FA,0xA0FA,
    0xA0FA,0xA0FA,0xA0FA,0xA0FA,0xC0B1,0x0000,0x0000,0x4010,0x00FB,0xA0FA,0xA0FA,0xA0FA,
    0xA0FA,0xA0FA,0xA0FA,0xA0FA,0xA0FA,0xA0FA,0x00FB,0xC060,0x0000,0x0000,0x40FA,0xA0FA,
    0xA0FA,0xA0FA,0xA0FA,0xA0FA,0xA0FA,0xA0FA,0xA0FA,0xA030,0x0000,0x0000,0x0000,0x0000,
    0x0000,0x0000,0x0000,0x0000,0x0000,0xC0C1,0xA0FA,0xA0FA,0xA0FA,0xA0FA,0xA0FA,0xA0FA,
    0xA0FA,0x20E2,0x0000,0x0000,0x0000,0x4079,0x00FB,0xA0FA,0xA0FA,0xA0FA,0xA0FA,0xA0FA,
    0xA0FA,0xA0FA,0x20E2,0x0000,0x0000,0x40FA,0xA0FA,0xA0FA,0xA0FA,0xA0FA,0xA0FA,0xA0FA,
    0xA0FA,0xA040,0x0000,0x0000,0x4028,0xA0FA,0xA0FA,0xA0FA,0xA0FA,0xA0FA,0xA0FA,0xA0FA,
    0xA0FA,0x20E2,0x0000,0x0000,0xC0B1,0xA0FA,0xA0FA,0xA0FA,0xA0FA,0xA0FA,0xA0FA,0xA0FA,
    0xC0B1,0x0000,0x0000,0x4010,0x00FB,0xA0FA,0xA0FA,0xA0FA,0xA0FA,0xA0FA,0xA0FA,0x00FB,
    0xA0FA,0xA0FA,0x00FB,0xA040,0x0000,0xA0A9,0xA0FA,0xA0FA,0xA0FA,0xA0FA,0xA0FA,0xA0FA,
    0xA0FA,0xA0FA,0xA0FA,0xA0FA,0xA0FA,0xA0FA,0xA0FA,0xA0FA,0xA0FA,0xA0FA,0xA0FA,0x00FB,
    0xA099,0x0000,0x0000,0x0000,0xA120,0xC549,0xC549,0xC549,0xC549,0xC549,0xE641,0x074A,
    0x074A,0x2652,0x2652,0x2652,0x2652,0x2652,0x2652,0x2652,0x4852,0x4852,0x4852,0x4852,
    0x4852,0x4852,0x4852,0x4852,0x4852,0x4852,0x4852,0x4852,0x8952,0x8952,0x8952,0x8952,
    0x8952,0x8952,0x8952,0x8952,0x8952,0x8952,0x8952,0x8952,0xCA5A,0xCA5A,0xCA5A,0xCA5A,
    0xCA5A,0xCA5A,0xCA5A,0xCA5A,0xCA5A,0xCA5A,0xCA5A,0xCA5A,0xCA5A,0xCA5A,0xCA5A,0xCA5A,
    0x4852,0x4852,0x4852,0x4852,0x4852,0x4852,0x4852,0x4852,0x4852,0x4852,0x4852,0x484A,
    0x4852,0x4852,0x4852,0x4852,0x4852,0x4852,0x4852,0x4852,0x2652,0x2652,0x2652,0x2652,
    0x2652,0x2652,0x2652,0x2652,0x2652,0x2652,0x2652,0x2652,0x2652,0x2652,0x2652,0x2652,
    0x0552,0xC551,0xC551,0xC551,0x0552,0x2339,0x0000,0x0000,0xC0B1,0xA0FA,0xA0FA,0xA0FA,
    0xA0FA,0xA0FA,0xA0FA,0xA0FA,0xC0B1,0x0000,0x0000,0x4010,0xA0FA,0xA0FA,0xA0FA,0xA0FA,
    0xA0FA,0xA0FA,0xA0FA,0xA0FA,0xA0FA,0x40FA,0xA0FA,0xC050,0x0000,0x0000,0x40FA,0xA0FA,
    0xA0FA,0xA0FA,0xA0FA,0xA0FA,0xA0FA,0xA0FA,0xA0FA,0xA030,0x0000,0x0000,0x0000,0x0000,
    0x0000,0x0000,0x0000,0x0000,0x0000,0xC0C1,0xA0FA,0xA0FA,0xA0FA,0xA0FA,0xA0FA,0xA0FA,
    0xA0FA,0x20E2,0x0000,0x0000,0x0000,0x4079,0xA0FA,0xA0FA,0xA0FA,0xA0FA,0xA0FA,0xA0FA,
    0xA0FA,0xA0FA,0x20E2,0x0000,0x0000,0x40FA,0xA0FA,0xA0FA,0xA0FA,0xA0FA,0xA0FA,0xA0FA,
    0xA0FA,0xA040,0x0000,0x0000,0x4028,0xA0FA,0xA0FA,0xA0FA,0xA0FA,0xA0FA,0xA0FA,0xA0FA,
    0xA0FA,0x20E2,0x0000,0x0000,0xC0B1,0xA0FA,0xA0FA,0xA0FA,0xA0FA,0xA0FA,0xA0FA,0xA0FA,
    0xC0B1,0x0000,0x0000,0x0000,0xA0FA,0xA0FA,0xA0FA,0xA0FA,0xA0FA,0xA0FA,0xA0FA,0xA0FA,
    0xA0FA,0xA0FA,0xA0FA,0xA030,0x0000,0xA0A9,0xA0FA,0xA0FA,0xA0FA,0xA0FA,0xA0FA,0xA0FA,
    0xA0FA,0xA0FA,0xA0FA,0xA0FA,0xA0FA,0xA0FA,0xA0FA,0xA0FA,0xA0FA,0xA0FA,0xA0FA,0x4081,
    0x0000,0x0000,0x0000,0x8118,0xC549,0xC549,0xC549,0xC549,0xC549,0xE641,0xE641,0x074A,
    0x2652,0x2652,0x2652,0x2652,0x2652,0x2652,0x2652,0x2652,0x4852,0x4852,0x4852,0x4852,
    0x4852,0x4852,0x4852,0x4852,0x4852,0x4852,0x4852,0x4852,0x8952,0x8952,0x8952,0x8952,
    0x8952,0x8952,0x8952,0x8952,0x8952,0x8952,0x8952,0xCA5A,0xCA5A,0xCA5A,0xCA5A,0xCA5A,
    0xCA5A,0xCA5A,0xCA5A,0xCA5A,0xCA5A,0xCA5A,0xCA5A,0xCA5A,0xCA5A,0xCA5A,0xCA5A,0xCA5A,
    0x4852,0x4852,0x4852,0x4852,0x4852,0x4852,0x4852,0x4852,0x4852,0x4852,0x4852,0x4852,
    0x4852,0x4852,0x4852,0x4852,0x4852,0x4852,0x4852,0x4852,0x2652,0x2652,0x2652,0x2652,
    0x2652,0x2652,0x2652,0x2652,0x2652,0x2652,0x2652,0x2652,0x2652,0x2652,0x2652,0x2652,
    0x0552,0xC551,0xC551,0xC551,0x0552,0x2339,0x0000,0x0000,0xC0B1,0xA0FA,0xA0FA,0xA0FA,
    0xA0FA,0xA0FA,0xA0FA,0xA0FA,0xC0B1,0x0000,0x0000,0x4010,0xA0FA,0xA0FA,0xA0FA,0xA0FA,
    0xA0FA,0xA0FA,0xA0FA,0xA0FA,0xA0FA,0xA0FA,0xA0FA,0xC050,0x0000,0x0000,0x40FA,0xA0FA,
    0xA0FA,0xA0FA,0xA0FA,0xA0FA,0xA0FA,0xA0FA,0xA0FA,0xA030,0x0000,0x0000,0x0000,0x0000,
    0x0000,0x0000,0x0000,0x0000,0x0000,0xC0C1,0xA0FA,0xA0FA,0xA0FA,0xA0FA,0xA0FA,0xA0FA,
    0xA0FA,0x20E2,0x0000,0x0000,0x0000,0x4079,0xA0FA,0xA0FA,0xA0FA,0xA0FA,0xA0FA,0xA0FA,
    0xA0FA,0xA0FA,0x20E2,0x0000,0x0000,0x40FA,0xA0FA,0xA0FA,0xA0FA,0xA0FA,0xA0FA,0xA0FA,
    0xA0FA,0xA040,0x0000,0x0000,0x4028,0xA0FA,0xA0FA,0xA0FA,0xA0FA,0xA0FA,0xA0FA,0xA0FA,
    0xA0FA,0x20E2,0x0000,0x0000,0xC0B1,0xA0FA,0xA0FA,0xA0FA,0xA0FA,0xA0FA,0xA0FA,0xA0FA,
    0xC0B1,0x0000,0x0000,0x0000,0xA0FA,0xA0FA,0xA0FA,0xA0FA,0xA0FA,0xA0FA,0xA0FA,0xA0FA,
    0xA0FA,0xA0FA,0xA0FA,0xA030,0x0000,0xA0A9,0xA0FA,0xA0FA,0xA0FA,0xA0FA,0xA0FA,0xA0FA,
    0xA0FA,0xA0FA,0xA0FA,0xA0FA,0xA0FA,0xA0FA,0xA0FA,0xA0FA,0xA0FA,0xA0FA,0x2069,0x0000,
    0x0000,0x0000,0x4010,0xC549,0x6439,0xC549,0xC549,0xC549,0xC549,0xE641,0xE641,0x074A,
    0x2652,0x2652,0x2652,0x2652,0x2652,0x2652,0x2652,0x2652,0x4852,0x4852,0x4852,0x4852,
    0x4852,0x4852,0x4852,0x4852,0x4852,0x4852,0x4852,0x8952,0x8952,0x8952,0x8952,0x8952,
    0x8952,0x8952,0x8952,0x8952,0xCA5A,0xCA5A,0xCA5A,0xCA5A,0xCA5A,0xCA5A,0xCA5A,0xCA5A,
    0xCA5A,0xCA5A,0xCA5A,0xCA5A,0xCA5A,0xCA5A,0xCA5A,0xCA5A,0xCA5A,0xCA5A,0xCA5A,0xCA5A,
    0x4852,0x4852,0x4852,0x4852,0x4852,0x4852,0x4852,0x4852,0x4852,0x4852,0x4852,0x4852,
    0x4852,0x4852,0x4852,0x4852,0x4852,0x4852,0x4852,0x4852,0x2652,0x2652,0x2652,0x2652,
    0x2652,0x2652,0x2652,0x2652,0x2652,0x2652,0x2652,0x2652,0x2652,0x2652,0x2652,0x2652,
    0x0552,0x0552,0xC551,0xC551,0x0552,0x2339,0x0000,0x0000,0xC0B1,0xA0FA,0xA0FA,0xA0FA,
    0xA0FA,0xA0FA,0xA0FA,0xA0FA,0xC0B1,0x0000,0x0000,0x4010,0xA0FA,0xA0FA,0xA0FA,0xA0FA,
    0xA0FA,0xA0FA,0xA0FA,0xA0FA,0xA0FA,0xA0FA,0xA0FA,0xC050,0x0000,0x0000,0x40FA,0xA0FA,
    0xA0FA,0xA0FA,0xA0FA,0xA0FA,0xA0FA,0xA0FA,0xA0FA,0xA030,0x0000,0x0000,0x0000,0x0000,
    0x0000,0x0000,0x0000,0x0000,0x0000,0xC0B1,0xA0FA,0xA0FA,0xA0FA,0xA0FA,0xA0FA,0xA0FA,
    0xA0FA,0x20E2,0x0000,0x0000,0x0000,0x4079,0xA0FA,0xA0FA,0xA0FA,0xA0FA,0xA0FA,0xA0FA,
    0xA0FA,0xA0FA,0x20E2,0x0000,0x0000,0x40FA,0xA0FA,0xA0FA,0xA0FA,0xA0FA,0xA0FA,0xA0FA,
    0xA0FA,0xA040,0x0000,0x0000,0x4028,0xA0FA,0xA0FA,0xA0FA,0xA0FA,0xA0FA,0xA0FA,0xA0FA,
    0xA0FA,0x20E2,0x0000,0x0000,0xC0B1,0xA0FA,0xA0FA,0xA0FA,0xA0FA,0xA0FA,0xA0FA,0xA0FA,
    0xC0B1,0x0000,0x0000,0x0000,0xA0FA,0xA0FA,0xA0FA,0xA0FA,0xA0FA,0xA0FA,0xA0FA,0xA0FA,
    0xA0FA,0xA0FA,0xA0FA,0xA030,0x0000,0xA0A9,0xA0FA,0xA0FA,0xA0FA,0xA0FA,0xA0FA,0xA0FA,
    0xA0FA,0xA0FA,0xA0FA,0xA0FA,0xA0FA,0xA0FA,0xA0FA,0xA0FA,0xA0FA,0xC050,0x0000,0x0000,
    0x0000,0x4010,0xC549,0x2339,0x6439,0xC549,0xC549,0xC549,0xC549,0xC549,0xE641,0x074A,
    0x074A,0x2652,0x2652,0x2652,0x2652,0x2652,0x2652,0x2652,0x4852,0x4852,0x4852,0x4852,
    0x4852,0x4852,0x4852,0x4852,0x4852,0x4852,0x8952,0x8952,0x8952,0x8952,0x8952,0x8952,
    0x8952,0x8952,0x8952,0x8952,0xCA5A,0xCA5A,0xCA5A,0xCA5A,0xCA5A,0xCA5A,0xCA5A,0xCA5A,
    0xCA5A,0xCA5A,0xCA5A,0xCA5A,0xCA5A,0xCA5A,0xCA5A,0xCA5A,0xCA5A,0xCA5A,0xCA5A,0xCA5A,
    0x4852,0x4852,0x4852,0x4852,0x4852,0x4852,0x4852,0x4852,0x4852,0x4852,0x4852,0x4852,
    0x4852,0x4852,0x4852,0x4852,0x4852,0x4852,0x4852,0x4852,0x4852,0x2652,0x2652,0x2652,
    0x2652,0x2652,0x2652,0x2652,0x2652,0x2652,0x2652,0x2652,0x2652,0x2652,0x2652,0x2652,
    0x0552,0x0552,0xC551,0xC551,0x0552,0x2339,0x0000,0x0000,0xC0B1,0xA0FA,0x40FA,0xA0FA,
    0xA0FA,0xA0FA,0xA0FA,0xA0FA,0xC0B1,0x0000,0x0000,0x0000,0x20E2,0x40FA,0x40FA,0xA0FA,
    0xA0FA,0xA0FA,0xA0FA,0xA0FA,0xA0FA,0x40FA,0xA0FA,0xC050,0x0000,0x0000,0x40FA,0xA0FA,
    0xA0FA,0xA0FA,0xA0FA,0xA0FA,0xA0FA,0xA0FA,0xA0FA,0xA030,0x0000,0x0000,0x0000,0x0000,
    0x0000,0x0000,0x0000,0x0000,0x0000,0xC0B1,0xA0FA,0xA0FA,0xA0FA,0xA0FA,0xA0FA,0xA0FA,
    0xA0FA,0x20E2,0x0000,0x0000,0x0000,0x4079,0xA0FA,0xA0FA,0xA0FA,0xA0FA,0xA0FA,0xA0FA,
    0xA0FA,0xA0FA,0x20DA,0x0000,0x0000,0x40FA,0xA0FA,0xA0FA,0xA0FA,0xA0FA,0xA0FA,0xA0FA,
    0xA0FA,0xA040,0x0000,0x0000,0x4028,0xA0FA,0xA0FA,0xA0FA,0xA0FA,0xA0FA,0xA0FA,0xA0FA,
    0xA0FA,0x20E2,0x0000,0x0000,0xC0B1,0xA0FA,0xA0FA,0xA0FA,0xA0FA,0xA0FA,0xA0FA,0xA0FA,
    0xC0B1,0x0000,0x0000,0x0000,0x20E2,0x40FA,0x40FA,0xA0FA,0xA0FA,0xA0FA,0xA0FA,0xA0FA,
    0xA0FA,0xA0FA,0xA0FA,0xA030,0x0000,0xA0A9,0xA0FA,0xA0FA,0xA0FA,0xA0FA,0xA0FA,0xA0FA,
    0xA0FA,0xA0FA,0xA0FA,0xA0FA,0xA0FA,0xA0FA,0xA0FA,0xA0FA,0xA0FA,0x4028,0x0000,0x0000,
    0x4010,0xC549,0x6341,0x2339,0xC549,0xC549,0xC549,0xC549,0xC549,0xC549,0xE641,0xE641,
    0x074A,0x2652,0x2652,0x2652,0x2652,0x2652,0x2652,0x2652,0x4852,0x4852,0x4852,0x4852,
    0x4852,0x4852,0x4852,0x4852,0x4852,0x4852,0x8952,0x8952,0x8952,0x8952,0x8952,0x8952,
    0x8952,0x8952,0x8952,0x8952,0xCA5A,0xCA5A,0xCA5A,0xCA5A,0xCA5A,0xCA5A,0xCA5A,0xCA5A,
    0xCA5A,0xCA5A,0xCA5A,0xCA5A,0xCA5A,0xCA5A,0xCA5A,0xCA5A,0xCA5A,0xCA5A,0xCA5A,0xCA5A,
    0x4852,0x4852,0x4852,0x4852,0x4852,0x4852,0x4852,0x4852,0x4852,0x4852,0x4852,0x4852,
    0x4852,0x4852,0x4852,0x4852,0x4852,0x4852,0x4852,0x4852,0x4852,0x2652,0x2652,0x2652,
    0x2652,0x2652,0x2652,0x2652,0x2652,0x2652,0x2652,0x2652,0x2652,0x2652,0x2652,0x2652,
    0x0552,0x0552,0xC551,0xC551,0x0552,0x2339,0x0000,0x0000,0xC0B1,0xA0FA,0x40FA,0xA0FA,
    0xA0FA,0xA0FA,0xA0FA,0xA0FA,0xC0B1,0x0000,0x0000,0x0000,0x0000,0x0000,0x4010,0xA0FA,
    0xA0FA,0xA0FA,0xA0FA,0xA0FA,0xA0FA,0x40FA,0xA0FA,0xC050,0x0000,0x0000,0x40FA,0xA0FA,
    0xA0FA,0xA0FA,0xA0FA,0xA0FA,0xA0FA,0xA0FA,0xA0FA,0xA030,0x0000,0x0000,0x0000,0x0000,
    0x0000,0x0000,0x0000,0x0000,0x0000,0xC0C1,0xA0FA,0xA0FA,0xA0FA,0xA0FA,0xA0FA,0xA0FA,
    0xA0FA,0x20E2,0x0000,0x0000,0x0000,0x4079,0xA0FA,0x40FA,0xA0FA,0xA0FA,0xA0FA,0xA0FA,
    0xA0FA,0xA0FA,0x20E2,0x0000,0x0000,0x40FA,0xA0FA,0xA0FA,0xA0FA,0xA0FA,0xA0FA,0x40FA,
    0xA0FA,0xA040,0x0000,0x0000,0x4028,0xA0FA,0xA0FA,0xA0FA,0xA0FA,0xA0FA,0xA0FA,0xA0FA,
    0xA0FA,0x20E2,0x0000,0x0000,0xC0B1,0xA0FA,0xA0FA,0xA0FA,0xA0FA,0xA0FA,0x40FA,0xA0FA,
    0xC0B1,0x0000,0x0000,0x0000,0x0000,0x0000,0xA040,0xA0FA,0xA0FA,0xA0FA,0xA0FA,0xA0FA,
    0xA0FA,0x40FA,0xA0FA,0xA030,0x0000,0xA0A9,0xA0FA,0x40FA,0xA0FA,0xA0FA,0xA0FA,0xA0FA,
    0xA0FA,0xA0FA,0xA0FA,0xA0FA,0xA0FA,0xA0FA,0xA0FA,0x40FA,0xA0FA,0x6030,0x0000,0x0000,
    0x8349,0x6341,0x2339,0x2339,0x2339,0x6439,0x6441,0xC549,0xC549,0xC549,0xE641,0xE641,
    0x074A,0x074A,0x2652,0x2652,0x2652,0x2652,0x2652,0x2652,0x4852,0x4852,0x4852,0x4852,
    0x4852,0x4852,0x4852,0x4852,0x4852,0x8952,0x8952,0x8952,0x8952,0x8952,0x8952,0x8952,
    0x8952,0x8952,0x8952,0x8952,0xCA5A,0xCA5A,0xCA5A,0xCA5A,0xCA5A,0xCA5A,0xCA5A,0xCA5A,
    0xCA5A,0xCA5A,0xCA5A,0xCA5A,0xCA5A,0xCA5A,0xCA5A,0xCA5A,0xCA5A,0xCA5A,0xCA5A,0xCA5A,
    0x4852,0x4852,0x4852,0x4852,0x4852,0x4852,0x4852,0x4852,0x4852,0x4852,0x4852,0x4852,
    0x4852,0x4852,0x4852,0x4852,0x4852,0x4852,0x4852,0x4852,0x4852,0x4852,0x2652,0x2652,
    0x2652,0x2652,0x2652,0x2652,0x2652,0x2652,0x2652,0x2652,0x2652,0x2652,0x2652,0x2652,
    0x2652,0x0552,0xC551,0xC551,0x0552,0x2339,0x0000,0x0000,0xC0B1,0xA0FA,0x40FA,0xA0FA,
    0xA0FA,0xA0FA,0xA0FA,0xA0FA,0xC0B1,0x0000,0x0000,0x0000,0x0000,0x0000,0x4010,0xA0FA,
    0x40FA,0xA0FA,0xA0FA,0xA0FA,0xA0FA,0x40FA,0xA0FA,0xC050,0x0000,0x0000,0x40FA,0xA0FA,
    0xA0FA,0xA0FA,0xA0FA,0xA0FA,0xA0FA,0x40FA,0xA0FA,0xA030,0x0000,0x0000,0x0000,0x0000,
    0x0000,0x0000,0x0000,0x0000,0x0000,0xC0C1,0xA0FA,0x40FA,0xA0FA,0xA0FA,0xA0FA,0xA0FA,
    0xA0FA,0x20E2,0x0000,0x0000,0x0000,0x4079,0xA0FA,0x40FA,0xA0FA,0xA0FA,0xA0FA,0xA0FA,
    0x40FA,0xA0FA,0x20E2,0x0000,0x0000,0x40FA,0xA0FA,0xA0FA,0xA0FA,0xA0FA,0x40FA,0x40FA,
    0xA0FA,0xA040,0x0000,0x0000,0x4028,0xA0FA,0x40FA,0xA0FA,0xA0FA,0xA0FA,0xA0FA,0xA0FA,
    0xA0FA,0x20E2,0x0000,0x0000,0xC0B1,0xA0FA,0x40FA,0xA0FA,0xA0FA,0xA0FA,0x40FA,0xA0FA,
    0xC0B1,0x0000,0x0000,0x0000,0x0000,0x0000,0xA040,0xA0FA,0x40FA,0xA0FA,0xA0FA,0xA0FA,
    0xA0FA,0x40FA,0xA0FA,0xA030,0x0000,0xA0A9,0xA0FA,0x40FA,0xA0FA,0xA0FA,0xA0FA,0xA0FA,
    0x40FA,0xA0FA,0xA0FA,0xA0FA,0xA0FA,0xA0FA,0xA0FA,0xA0FA,0xA0FA,0x4028,0x0000,0x0000,
    0x8349,0x8349,0x6341,0x6341,0xC549,0xC549,0xC549,0xC549,0xC549,0xC549,0xC549,0xE641,
    0xE641,0x074A,0x074A,0x2652,0x2652,0x2652,0x2652,0x2652,0x4852,0x4852,0x4852,0x4852,
    0x4852,0x4852,0x4852,0x4852,0x4852,0x8952,0x8952,0x8952,0x8952,0x8952,0x8952,0x8952,
    0x8952,0x8952,0x8952,0x8952,0xCA5A,0xCA5A,0xCA5A,0xCA5A,0xCA5A,0xCA5A,0xCA5A,0xCA5A,
    0xCA5A,0xCA5A,0xCA5A,0xCA5A,0xCA5A,0xCA5A,0xCA5A,0xCA5A,0xCA5A,0xCA5A,0xCA5A,0xCA5A,
    0x4852,0x4852,0x4852,0x4852,0x4852,0x4852,0x4852,0x4852,0x4852,0x4852,0x4852,0x4852,
    0x4852,0x4852,0x4852,0x4852,0x4852,0x4852,0x4852,0x4852,0x4852,0x4852,0x4852,0x2652,
    0x2652,0x2652,0x2652,0x2652,0x2652,0x2652,0x2652,0x2652,0x2652,0x2652,0x2652,0x2652,
    0x0552,0x0552,0xC551,0xC551,0x0552,0x2339,0x0000,0x0000,0xC0B1,0xA0FA,0x40FA,0x40FA,
    0x40FA,0x40FA,0x40FA,0xA0FA,0xC0B1,0x0000,0x0000,0x0000,0x0000,0x0000,0x4010,0xA0FA,
    0x40FA,0x40FA,0x40FA,0x40FA,0x40FA,0x40FA,0xA0FA,0xC050,0x0000,0x0000,0x40FA,0xA0FA,
    0x40FA,0xA0FA,0x40FA,0x40FA,0x40FA,0x40FA,0xA0FA,0xA030,0x0000,0x0000,0x0000,0x0000,
    0x0000,0x0000,0x0000,0x0000,0x0000,0xC0C1,0xA0FA,0x40FA,0xA0FA,0x40FA,0x40FA,0x40FA,
    0xA0FA,0x20E2,0x0000,0x0000,0x0000,0x2069,0xA0FA,0x40FA,0x40FA,0x40FA,0x40FA,0x40FA,
    0x40FA,0xA0FA,0x20E2,0x0000,0x0000,0x40FA,0xA0FA,0x40FA,0x40FA,0xA0FA,0x40FA,0x40FA,
    0xA0FA,0x4028,0x0000,0x0000,0x4010,0xA0FA,0x40FA,0x40FA,0xA0FA,0xA0FA,0xA0FA,0x40FA,
    0xA0FA,0x20E2,0x0000,0x0000,0xC0B1,0xA0FA,0x40FA,0x40FA,0xA0FA,0x40FA,0x40FA,0xA0FA,
    0xC0B1,0x0000,0x0000,0x0000,0x0000,0x0000,0xA040,0xA0FA,0x40FA,0xA0FA,0xA0FA,0xA0FA,
    0xA0FA,0x40FA,0xA0FA,0xA030,0x0000,0xA0A9,0xA0FA,0x40FA,0x40FA,0x40FA,0xA0FA,0x40FA,
    0xA0FA,0xC0C1,0x0000,0x4010,0x0000,0x0000,0x0000,0x0000,0x4010,0x0000,0x0000,0x0000,
    0x4010,0x4010,0x4010,0x4010,0x4010,0x4010,0xC228,0xC549,0x8539,0xC549,0xC549,0xC549,
    0xE641,0x074A,0x074A,0x2652,0x2652,0x2652,0x2652,0x2652,0x2652,0x4852,0x4852,0x4852,
    0x4852,0x4852,0x4852,0x4852,0x4852,0x8952,0x8952,0x8952,0x8952,0x8952,0x8952,0x8952,
    0x8952,0x8952,0xCA5A,0xCA5A,0xCA5A,0xCA5A,0xCA5A,0xCA5A,0xCA5A,0xCA5A,0xCA5A,0xCA5A,
    0xCA5A,0xCA5A,0xCA5A,0xCA5A,0xCA5A,0xCA5A,0xCA5A,0xCA5A,0xCA5A,0xEB62,0xCA5A,0xEB62,
    0x4852,0x4852,0x4852,0x4852,0x4852,0x4852,0x4852,0x4852,0x4852,0x4852,0x4852,0x4852,
    0x4852,0x4852,0x4852,0x4852,0x4852,0x4852,0x4852,0x4852,0x4852,0x4852,0x4852,0x2652,
    0x2652,0x2652,0x2652,0x2652,0x2652,0x2652,0x2652,0x2652,0x2652,0x2652,0x2652,0x2652,
    0x0552,0x0552,0xC551,0xC551,0x0552,0x2339,0x0000,0x0000,0xC0B1,0xA0FA,0x40FA,0x40FA,
    0x40FA,0x40FA,0x40FA,0xA0FA,0xC0B1,0x0000,0x0000,0x0000,0x0000,0x0000,0x4010,0xA0FA,
    0x40FA,0x40FA,0x40FA,0x40FA,0x40FA,0x40FA,0xA0FA,0xC050,0x0000,0x0000,0x40FA,0xA0FA,
    0x40FA,0x40FA,0x40FA,0x40FA,0x40FA,0x40FA,0xA0FA,0xA030,0x0000,0x0000,0x0000,0x0000,
    0x0000,0x0000,0x0000,0x0000,0x0000,0xC0C1,0xA0FA,0x40FA,0x40FA,0x40FA,0x40FA,0x40FA,
    0x40FA,0x40FA,0x00CA,0x20DA,0x00CA,0x40FA,0xA0FA,0x40FA,0x40FA,0x40FA,0x40FA,0x40FA,
    0x40FA,0xA0FA,0x20E2,0x0000,0x0000,0x40FA,0xA0FA,0x40FA,0x40FA,0x40FA,0x40FA,0x40FA,
    0xA0FA,0xC0C1,0xA099,0xA099,0xC0B1,0x40FA,0x40FA,0x40FA,0x40FA,0x40FA,0x40FA,0x40FA,
    0xA0FA,0x20E2,0x0000,0x0000,0xC0B1,0xA0FA,0x40FA,0x40FA,0x40FA,0x40FA,0x40FA,0xA0FA,
    0xC0B1,0x0000,0x0000,0x0000,0x0000,0x0000,0xA040,0xA0FA,0x40FA,0x40FA,0xA0FA,0xA0FA,
    0x40FA,0x40FA,0xA0FA,0xA030,0x0000,0xA0A9,0xA0FA,0x40FA,0x40FA,0x40FA,0x40FA,0x40FA,
    0xA0FA,0xC0C1,0x0000,0x0000,0x0000,0x0000,0x0000,0x0000,0x0000,0x0000,0x0000,0x0000,
    0x0000,0x0000,0x0000,0x0000,0x0000,0x0000,0x0000,0x2339,0xC549,0x6439,0xC549,0xC549,
    0xC549,0xE641,0x074A,0x074A,0x2652,0x2652,0x2652,0x2652,0x2652,0x4852,0x4852,0x4852,
    0x4852,0x4852,0x4852,0x4852,0x4852,0x8952,0x8952,0x8952,0x8952,0x8952,0x8952,0x8952,
    0x8952,0xCA5A,0xCA5A,0x8952,0xCA5A,0xCA5A,0xCA5A,0xCA5A,0xCA5A,0xCA5A,0xCA5A,0xCA5A,
    0xCA5A,0xCA5A,0xCA5A,0xCA5A,0xCA5A,0xCA5A,0xEB62,0xEB62,0xEB62,0xEB62,0xEB62,0xEB62,
    0x4852,0x4852,0x4852,0x4852,0x4852,0x4852,0x4852,0x4852,0x4852,0x4852,0x4852,0x4852,
    0x4852,0x4852,0x4852,0x4852,0x4852,0x4852,0x4852,0x4852,0x4852,0x4852,0x4852,0x4852,
    0x2652,0x2652,0x2652,0x2652,0x2652,0x2652,0x2652,0x2652,0x2652,0x2652,0x2652,0x2652,
    0x2652,0x0552,0xC551,0xC551,0x0552,0x2339,0x0000,0x0000,0xC0B1,0xA0FA,0x40FA,0x40FA,
    0x40FA,0x40FA,0x40FA,0xA0FA,0xC0B1,0x0000,0x0000,0x0000,0x0000,0x0000,0x4010,0xA0FA,
    0x40FA,0x40FA,0x40FA,0x40FA,0x40FA,0x40FA,0xA0FA,0xC050,0x0000,0x0000,0x40FA,0xA0FA,
    0x40FA,0x40FA,0x40FA,0x40FA,0x40FA,0x40FA,0xA0FA,0xA030,0x0000,0x0000,0x0000,0x0000,
    0x0000,0x0000,0x0000,0x0000,0x0000,0xC0C1,0xA0FA,0x40FA,0x40FA,0x40FA,0x40FA,0x40FA,
    0x40FA,0x40FA,0xA0FA,0xA0FA,0xA0FA,0xA0FA,0x40FA,0x40FA,0x40FA,0x40FA,0x40FA,0x40FA,
    0x40FA,0xA0FA,0x20E2,0x0000,0x0000,0x40FA,0x40FA,0x40FA,0x40FA,0x40FA,0x40FA,0x40FA,
    0x40FA,0xA0FA,0xA0FA,0xA0FA,0xA0FA,0x40FA,0x40FA,0x40FA,0x40FA,0x40FA,0x40FA,0x40FA,
    0xA0FA,0x20E2,0x0000,0x0000,0xC0B1,0xA0FA,0x40FA,0x40FA,0x40FA,0x40FA,0x40FA,0xA0FA,
    0xC0B1,0x0000,0x0000,0x0000,0x0000,0x0000,0xA040,0xA0FA,0x40FA,0x40FA,0x40FA,0x40FA,
    0x40FA,0x40FA,0xA0FA,0xA030,0x0000,0xA0A9,0xA0FA,0x40FA,0x40FA,0x40FA,0x40FA,0x40FA,
    0xA0FA,0xC0C1,0x0000,0x0000,0x0000,0x0000,0x0000,0x0000,0x0000,0x0000,0x0000,0x0000,
    0x0000,0x0000,0x0000,0x0000,0x0000,0x0000,0x0000,0x0000,0x2339,0x6441,0xC549,0xC549,
    0xC549,0xE641,0x074A,0x074A,0x2652,0x2652,0x2652,0x2652,0x2652,0x4852,0x4852,0x4852,
    0x4852,0x4852,0x4852,0x4852,0x8952,0x8952,0x8952,0x8952,0x8952,0x8952,0x8952,0x8952,
    0x8952,0xCA5A,0xCA5A,0xCA5A,0xCA5A,0xCA5A,0xCA5A,0xCA5A,0xCA5A,0xCA5A,0xCA5A,0xCA5A,
    0xCA5A,0xCA5A,0xCA5A,0xCA5A,0xCA5A,0xCA5A,0xEB62,0xEB62,0xEB62,0x0B63,0xEB62,0x0B63,
    0x4852,0x4852,0x4852,0x4852,0x4852,0x4852,0x4852,0x4852,0x4852,0x4852,0x4852,0x4852,
    0x4852,0x4852,0x4852,0x4852,0x4852,0x4852,0x4852,0x4852,0x4852,0x4852,0x4852,0x4852,
    0x4852,0x2652,0x2652,0x2652,0x2652,0x2652,0x2652,0x2652,0x2652,0x2652,0x2652,0x2652,
    0x2652,0x0552,0xC551,0xC551,0x0552,0x2339,0x0000,0x0000,0xC0B1,0xA0FA,0x40FA,0x40FA,
    0x40FA,0x40FA,0x40FA,0x40FA,0x40FA,0x40FA,0x40FA,0x40FA,0x40FA,0x40FA,0x40FA,0x40FA,
    0x40FA,0x40FA,0x40FA,0x40FA,0x40FA,0x40FA,0xA0FA,0xC050,0x0000,0x0000,0x40FA,0x40FA,
    0x40FA,0x40FA,0x40FA,0x40FA,0x40FA,0x40FA,0xA0FA,0xA030,0x0000,0x0000,0x0000,0x0000,
    0x0000,0x0000,0x0000,0x0000,0x0000,0xC0C1,0xA0FA,0x40FA,0x40FA,0x40FA,0x40FA,0x40FA,
    0x40FA,0x40FA,0x40FA,0x40FA,0x40FA,0x40FA,0x40FA,0x40FA,0x40FA,0x40FA,0x40FA,0x40FA,
    0x40FA,0x40FA,0x20E2,0x0000,0x0000,0x40FA,0x40FA,0x40FA,0x40FA,0x40FA,0x40FA,0x40FA,
    0x40FA,0x40FA,0x40FA,0x40FA,0x40FA,0x40FA,0x40FA,0x40FA,0x40FA,0x40FA,0x40FA,0x40FA,
    0x40FA,0x20E2,0x0000,0x0000,0xC0B1,0xA0FA,0x40FA,0x40FA,0x40FA,0x40FA,0x40FA,0x40FA,
    0x40FA,0x40FA,0x40FA,0x40FA,0x40FA,0x40FA,0x40FA,0x40FA,0x40FA,0x40FA,0x40FA,0x40FA,
    0x40FA,0x40FA,0xA0FA,0xA030,0x0000,0xA0A9,0xA0FA,0x40FA,0x40FA,0x40FA,0x40FA,0x40FA,
    0x40FA,0x40FA,0x40FA,0x40FA,0x40FA,0x40FA,0x40FA,0x40FA,0x40FA,0x40FA,0x40FA,0x40FA,
    0x40FA,0x40FA,0x40FA,0x40FA,0x20E2,0x4028,0x0000,0x0000,0x0000,0xC549,0xC549,0xC549,
    0xC549,0xC549,0xE641,0xE641,0x074A,0x2652,0x2652,0x2652,0x2652,0x4852,0x4852,0x4852,
    0x4852,0x4852,0x4852,0x4852,0x8952,0x8952,0x8952,0x8952,0x8952,0x8952,0x8952,0x8952,
    0xCA5A,0xCA5A,0xCA5A,0xCA5A,0xCA5A,0xCA5A,0xCA5A,0xCA5A,0xCA5A,0xCA5A,0xCA5A,0xCA5A,
    0xCA5A,0xCA5A,0xCA5A,0xCA5A,0xEB62,0xCA5A,0xCA5A,0xEB62,0x0B63,0x0B63,0xEB62,0xEB62,
    0x4852,0x4852,0x4852,0x4852,0x4852,0x4852,0x4852,0x4852,0x4852,0x4852,0x4852,0x4852,
    0x4852,0x4852,0x4852,0x4852,0x4852,0x4852,0x4852,0x4852,0x4852,0x4852,0x4852,0x4852,
    0x4852,0x4852,0x2652,0x2652,0x2652,0x2652,0x2652,0x2652,0x2652,0x2652,0x2652,0x2652,
    0x2652,0x0552,0xC551,0xC551,0x0552,0x2339,0x0000,0x0000,0xC0B1,0xA0FA,0x40FA,0x40FA,
    0x40FA,0x40FA,0x40FA,0x40FA,0x40FA,0x40FA,0x40FA,0x40FA,0x40FA,0x40FA,0x40FA,0x40FA,
    0x40FA,0x40FA,0x40FA,0x40FA,0x40FA,0x40FA,0xA0FA,0xC050,0x0000,0x0000,0x40FA,0x40FA,
    0x40FA,0x40FA,0x40FA,0x40FA,0x40FA,0xA0FA,0x40FA,0x4028,0x0000,0x0000,0x0000,0x0000,
    0x0000,0x0000,0x0000,0x0000,0x0000,0xC0C1,0xA0FA,0x40FA,0x40FA,0x40FA,0x40FA,0x40FA,
    0x40FA,0x40FA,0x40FA,0x40FA,0x40FA,0x40FA,0x40FA,0x40FA,0x40FA,0x40FA,0x40FA,0x40FA,
    0x40FA,0x40FA,0x20E2,0x0000,0x0000,0x40FA,0x40FA,0x40FA,0x40FA,0x40FA,0x40FA,0x40FA,
    0x40FA,0x40FA,0x40FA,0x40FA,0x40FA,0x40FA,0x40FA,0x40FA,0x40FA,0x40FA,0x40FA,0x40FA,
    0x40FA,0x20E2,0x0000,0x0000,0xC0B1,0xA0FA,0x40FA,0x40FA,0x40FA,0x40FA,0x40FA,0x40FA,
    0x40FA,0x40FA,0x40FA,0x40FA,0x40FA,0x40FA,0x40FA,0x40FA,0x40FA,0x40FA,0x40FA,0x40FA,
    0x40FA,0x40FA,0xA0FA,0xA030,0x0000,0xA0A9,0xA0FA,0x40FA,0x40FA,0x40FA,0x40FA,0x40FA,
    0x40FA,0x40FA,0x40FA,0x40FA,0x40FA,0x40FA,0x40FA,0x40FA,0x40FA,0x40FA,0x40FA,0x40FA,
    0x40FA,0x40FA,0x40FA,0x40FA,0xA0FA,0x40FA,0x4010,0x0000,0x0000,0x4010,0xC549,0xC549,
    0xC549,0xC549,0xE641,0xE641,0x074A,0x2652,0x2652,0x2652,0x2652,0x4852,0x4852,0x4852,
    0x4852,0x4852,0x4852,0x4852,0x8952,0x8952,0x8952,0x8952,0x8952,0x8952,0x8952,0x8952,
    0xCA5A,0xCA5A,0xCA5A,0xCA5A,0xCA5A,0xCA5A,0xCA5A,0xCA5A,0xCA5A,0xCA5A,0xCA5A,0xCA5A,
    0xCA5A,0xCA5A,0xCA5A,0xEB62,0xEB62,0xCA5A,0xEB62,0xEB62,0x0B63,0x0B63,0xEB62,0x0B63,
    0x4852,0x4852,0x4852,0x4852,0x4852,0x4852,0x4852,0x4852,0x4852,0x4852,0x4852,0x4852,
    0x4852,0x4852,0x4852,0x4852,0x4852,0x4852,0x4852,0x4852,0x4852,0x4852,0x4852,0x4852,
    0x4852,0x4852,0x2652,0x2652,0x2652,0x2652,0x2652,0x2652,0x2652,0x2652,0x2652,0x2652,
    0x2652,0x054A,0xC551,0xC549,0x0552,0x2339,0x0000,0x0000,0xC0B1,0x40FA,0x40FA,0x40FA,
    0x40FA,0x40FA,0x40FA,0x40FA,0x40FA,0x40FA,0x40FA,0x40FA,0x40FA,0x40FA,0x40FA,0x40FA,
    0x40FA,0x40FA,0x40FA,0x40FA,0x40FA,0x40FA,0xA0FA,0xC050,0x0000,0x0000,0x40FA,0x40FA,
    0x40FA,0x40FA,0x40FA,0xA0FA,0x40FA,0x2069,0x0000,0x0000,0x0000,0x0000,0x0000,0x0000,
    0x0000,0x0000,0x0000,0x0000,0x0000,0xC0C1,0x40FA,0x40FA,0x40FA,0x40FA,0x40FA,0x40FA,
    0x40FA,0x40FA,0x40FA,0x40FA,0x40FA,0x40FA,0x40FA,0xA0FA,0x4079,0xC0B1,0x40FA,0x40FA,
    0x40FA,0x40FA,0xC0D9,0x0000,0x0000,0x40FA,0x40FA,0x40FA,0x40FA,0x40FA,0x40FA,0x40FA,
    0x40FA,0x40FA,0x40FA,0x40FA,0x40FA,0x40FA,0x40FA,0x40FA,0x40FA,0x40FA,0x40FA,0x40FA,
    0x40FA,0xE0E9,0x0000,0x0000,0xC0B1,0xA0FA,0x40FA,0x40FA,0x40FA,0x40FA,0x40FA,0x40FA,
    0x40FA,0x40FA,0x40FA,0x40FA,0x40FA,0x40FA,0x40FA,0x40FA,0x40FA,0x40FA,0x40FA,0x40FA,
    0x40FA,0x40FA,0xA0FA,0xA030,0x0000,0xA0A9,0xA0FA,0x40FA,0x40FA,0x40FA,0x40FA,0x40FA,
    0x40FA,0x40FA,0x40FA,0x40FA,0x40FA,0x40FA,0x40FA,0x40FA,0x40FA,0x40FA,0x40FA,0x40FA,
    0x40FA,0x40FA,0x40FA,0x40FA,0x40FA,0xA0FA,0x20E2,0x0000,0x0000,0x0000,0x8118,0xC549,
    0xC549,0xC549,0xC549,0xE641,0x074A,0x074A,0x074A,0x2652,0x2652,0x4852,0x4852,0x4852,
    0x4852,0x4852,0x4852,0x4852,0x8952,0x8952,0x8952,0x8952,0x8952,0x8952,0xCA5A,0xCA5A,
    0xCA5A,0xCA5A,0xCA5A,0xCA5A,0xCA5A,0xCA5A,0xCA5A,0xCA5A,0xCA5A,0xCA5A,0xCA5A,0xCA5A,
    0xCA5A,0xCA5A,0xEB62,0xEB62,0x0B63,0x0B63,0xEB62,0x0B63,0x2C63,0x2C63,0x2C63,0x2C63,
    0x4852,0x4852,0x4852,0x4852,0x4852,0x4852,0x4852,0x4852,0x4852,0x4852,0x4852,0x4852,
    0x4852,0x4852,0x4852,0x4852,0x4852,0x4852,0x4852,0x4852,0x4852,0x4852,0x4852,0x4852,
    0x4852,0x4852,0x4852,0x4852,0x2652,0x2652,0x2652,0x2652,0x2652,0x2652,0x2652,0x2652,
    0x2652,0xC549,0xC551,0xC549,0xC551,0x2339,0x0000,0x0000,0xC0B1,0x40FA,0x40FA,0x40FA,
    0x40FA,0x40FA,0x40FA,0x40FA,0x40FA,0x40FA,0x40FA,0x40FA,0x40FA,0x40FA,0x40FA,0x40FA,
    0x40FA,0x40FA,0x40FA,0x40FA,0x40FA,0x40FA,0xA0FA,0xC050,0x0000,0x0000,0x20E2,0x40FA,
    0x40FA,0x40FA,0x20E2,0xC060,0x0000,0x0000,0x0000,0x0000,0x0000,0x0000,0x0000,0x4010,
    0xA120,0x0000,0x0000,0x0000,0x0000,0xC0C1,0xA0FA,0x40FA,0x40FA,0x40FA,0x40FA,0x40FA,
    0x40FA,0x40FA,0x40FA,0x40FA,0x40FA,0x40FA,0xA0FA,0x4081,0x0000,0xC0C1,0xA0FA,0x40FA,
    0x40FA,0x40FA,0x20E2,0x0000,0x0000,0x40FA,0x40FA,0x40FA,0x40FA,0x40FA,0x40FA,0x40FA,
    0x40FA,0x40FA,0x40FA,0x40FA,0x40FA,0x40FA,0x40FA,0x40FA,0x40FA,0x20E2,0x4028,0x40FA,
    0x40FA,0x20E2,0x0000,0x0000,0xC0B1,0x40FA,0x40FA,0x40FA,0x40FA,0x40FA,0x40FA,0x40FA,
    0x40FA,0x40FA,0x40FA,0x40FA,0x40FA,0x40FA,0x40FA,0x40FA,0x40FA,0x40FA,0x40FA,0x40FA,
    0x40FA,0x40FA,0xA0FA,0xA030,0x0000,0xA0A9,0xA0FA,0x40FA,0x40FA,0x40FA,0x40FA,0x40FA,
    0x40FA,0x40FA,0x40FA,0x40FA,0x40FA,0x40FA,0x40FA,0x40FA,0x40FA,0x40FA,0x40FA,0x40FA,
    0x40FA,0x40FA,0x40FA,0x40FA,0x40FA,0x40FA,0xA0FA,0xC0C1,0x0000,0x0000,0x0000,0xC228,
    0xC549,0xC549,0xC549,0xC549,0xE641,0x074A,0x074A,0x2652,0x2652,0x4852,0x4852,0x4852,
    0x4852,0x4852,0x4852,0x8952,0x8952,0x8952,0x8952,0x8952,0x8952,0xCA5A,0xCA5A,0xCA5A,
    0xCA5A,0xCA5A,0xCA5A,0xCA5A,0xCA5A,0xCA5A,0xCA5A,0xCA5A,0xCA5A,0xCA5A,0xCA5A,0xCA5A,
    0xEB62,0xEB62,0xCA5A,0x0B63,0x0B63,0x0B63,0x0B63,0x2C63,0x2C63,0x2C63,0x2C63,0x2C63,
    0x4852,0x4852,0x4852,0x4852,0x4852,0x4852,0x4852,0x4852,0x4852,0x4852,0x4852,0x4852,
    0x4852,0x4852,0x4852,0x4852,0x4852,0x4852,0x4852,0x4852,0x4852,0x4852,0x4852,0x4852,
    0x4852,0x4852,0x4852,0x4852,0x2652,0x2652,0x2652,0x2652,0x2652,0x2652,0x074A,0x074A,
    0xE641,0xC549,0xC549,0xC549,0xC551,0xC228,0x0000,0x0000,0xC0B1,0x40FA,0x40FA,0x40FA,
    0x40FA,0x40FA,0x40FA,0x40FA,0x40FA,0x40FA,0x40FA,0x40FA,0x40FA,0x40FA,0x40FA,0x40FA,
    0x40FA,0x40FA,0x40FA,0x40FA,0x40FA,0x40FA,0x40FA,0xC050,0x0000,0x0000,0x40FA,0xA0FA,
    0xC0D9,0xC050,0x0000,0x0000,0x0000,0x0000,0x0000,0x0000,0x0000,0x4010,0x2339,0x2339,
    0xA120,0x0000,0x0000,0x0000,0x0000,0x4010,0x4028,0x4028,0x4028,0x4028,0x4028,0x4028,
    0x4028,0x4028,0x4028,0x4028,0x4028,0x4028,0x4028,0x0000,0x0000,0x4010,0x4028,0x4028,
    0x4028,0x4028,0x4028,0x0000,0x0000,0x4028,0x4028,0x4028,0x4028,0x4028,0x4028,0x4028,
    0x4028,0x4028,0x4028,0x4028,0x4028,0x4028,0x4028,0x4028,0x4028,0x4010,0x0000,0x4028,
    0x4028,0x4028,0x0000,0x0000,0xC0C1,0xA0FA,0x40FA,0x40FA,0x40FA,0x40FA,0x40FA,0x40FA,
    0x40FA,0x40FA,0x40FA,0x40FA,0x40FA,0x40FA,0x40FA,0x40FA,0x40FA,0x40FA,0x40FA,0x40FA,
    0x40FA,0x40FA,0xA0FA,0xA030,0x0000,0x60A1,0x40FA,0x40FA,0x40FA,0x40FA,0x40FA,0x40FA,
    0x40FA,0x40FA,0x40FA,0x40FA,0x40FA,0x40FA,0x40FA,0x40FA,0x40FA,0x40FA,0x40FA,0x40FA,
    0x40FA,0x40FA,0x40FA,0x40FA,0x40FA,0x40FA,0x40FA,0xA0FA,0x4091,0x0000,0x0000,0x0000,
    0x2339,0xC549,0xC549,0xC549,0xE641,0x074A,0x074A,0x074A,0x2652,0x2652,0x4852,0x4852,
    0x4852,0x4852,0x8952,0x8952,0x8952,0x8952,0x8952,0x8952,0x8952,0xCA5A,0xCA5A,0xCA5A,
    0xCA5A,0xCA5A,0xCA5A,0xCA5A,0xCA5A,0xCA5A,0xCA5A,0xCA5A,0xCA5A,0xCA5A,0xEB62,0xEB62,
    0xEB62,0xEB62,0x0B63,0x0B63,0x0B63,0x0B63,0x2C63,0x2C63,0x2C63,0x2C63,0x2C63,0x2C63,
    0x4852,0x4852,0x4852,0x4852,0x4852,0x4852,0x4852,0x4852,0x4852,0x4852,0x4852,0x4852,
    0x4852,0x4852,0x4852,0x4852,0x4852,0x4852,0x4852,0x4852,0x4852,0x4852,0x4852,0x4852,
    0x4852,0x4852,0x4852,0x4852,0x2652,0x2652,0x2652,0x2652,0x074A,0x074A,0x074A,0x074A,
    0xC549,0xC549,0xC549,0xC549,0xC551,0xC228,0x0000,0x0000,0xA0A9,0x40FA,0x40FA,0x40FA,
    0x40FA,0x40FA,0x40FA,0x40FA,0x40FA,0x40FA,0x40FA,0x40FA,0x40FA,0x40FA,0x40FA,0x40FA,
    0x40FA,0x40FA,0x40FA,0x40FA,0x40FA,0x40FA,0xA0FA,0xC050,0x0000,0x0000,0xA0A9,0xA040,
    0x0000,0x0000,0x0000,0x0000,0x0000,0x0000,0x0000,0x4010,0x2339,0x2339,0x2339,0x2339,
    0xA120,0x0000,0x0000,0x0000,0x0000,0x0000,0x0000,0x0000,0x0000,0x0000,0x0000,0x0000,
    0x0000,0x0000,0x0000,0x0000,0x0000,0x0000,0x0000,0x0000,0x0000,0x0000,0x0000,0x0000,
    0x0000,0x0000,0x0000,0x0000,0x0000,0x0000,0x0000,0x0000,0x0000,0x0000,0x0000,0x0000,
    0x0000,0x0000,0x0000,0x0000,0x0000,0x0000,0x0000,0x0000,0x0000,0x0000,0x0000,0x0000,
    0x0000,0x0000,0x0000,0x0000,0x4079,0x20E2,0x40FA,0x40FA,0x40FA,0x40FA,0x40FA,0x40FA,
    0x40FA,0x40FA,0x40FA,0x40FA,0x40FA,0x40FA,0x40FA,0x40FA,0x40FA,0x40FA,0x40FA,0x40FA,
    0x40FA,0x40FA,0x40FA,0xA030,0x0000,0xA0A9,0xA0FA,0x40FA,0x40FA,0x40FA,0x40FA,0x40FA,
    0x40FA,0x40FA,0x40FA,0x40FA,0x40FA,0x40FA,0x40FA,0x40FA,0x40FA,0x40FA,0x40FA,0x40FA,
    0x40FA,0x40FA,0x40FA,0x40FA,0x40FA,0x40FA,0x40FA,0x40FA,0xA0FA,0x4079,0x0000,0x0000,
    0x0000,0x2339,0xC549,0xC549,0xC549,0xE641,0x074A,0x074A,0x074A,0x2652,0x4852,0x4852,
    0x4852,0x4852,0x4852,0x4852,0x8952,0x8952,0x8952,0x8952,0xCA5A,0xCA5A,0xCA5A,0xCA5A,
    0xCA5A,0xCA5A,0xCA5A,0xCA5A,0xCA5A,0xCA5A,0xCA5A,0xCA5A,0xCA5A,0xEB62,0xEB62,0xCA5A,
    0xEB62,0x0B63,0xEB62,0x0B63,0x2C63,0x2C63,0x2C63,0x2C63,0x2C63,0x2C63,0x2C63,0x2C63,
    0x8952,0x8952,0x8952,0x8952,0x4852,0x4852,0x4852,0x4852,0x4852,0x4852,0x4852,0x4852,
    0x4852,0x4852,0x4852,0x4852,0x4852,0x4852,0x4852,0x4852,0x4852,0x4852,0x4852,0x4852,
    0x4852,0x4852,0x4852,0x4852,0x4852,0x2652,0x2652,0x074A,0x074A,0x074A,0x074A,0xE641,
    0xE641,0xC549,0xC549,0xC549,0xC549,0xC228,0x0000,0x0000,0x0000,0x0000,0x0000,0x0000,
    0x0000,0xC050,0x40FA,0x40FA,0x40FA,0x40FA,0x40FA,0x40FA,0x40FA,0x40FA,0x40FA,0x4079,
    0x40FA,0x40FA,0x40FA,0x40FA,0x40FA,0x40FA,0x40FA,0x6030,0x0000,0x0000,0x0000,0x0000,
    0x0000,0x0000,0x0000,0x0000,0x0000,0x4010,0x2339,0x2339,0x2339,0x2339,0x2339,0x2339,
    0xC228,0x0000,0x0000,0x0000,0x0000,0x0000,0x0000,0x0000,0x0000,0x0000,0x0000,0x0000,
    0x0000,0x0000,0x0000,0x0000,0x0000,0x0000,0x0000,0x0000,0x0000,0x0000,0x0000,0x0000,
    0x0000,0x0000,0x0000,0x0000,0x0000,0x0000,0x0000,0x0000,0x0000,0x0000,0x0000,0x0000,
    0x0000,0x0000,0x0000,0x0000,0x0000,0x0000,0x0000,0x0000,0x0000,0x0000,0x0000,0x0000,
    0x0000,0x0000,0x0000,0x0000,0x0000,0x0000,0x4010,0xC050,0x60A1,0x20E2,0x40FA,0x40FA,
    0x40FA,0xA0FA,0xC050,0xC0D9,0x40FA,0x40FA,0xC0D9,0xC0C1,0xA0FA,0x40FA,0x40FA,0x40FA,
    0x40FA,0x40FA,0xA0FA,0xA040,0x0000,0x4010,0xA040,0x4081,0xC0B1,0x20E2,0x40FA,0x40FA,
    0x40FA,0x40FA,0x40FA,0x40FA,0x40FA,0x40FA,0x40FA,0x40FA,0x40FA,0x40FA,0x40FA,0x40FA,
    0x40FA,0x40FA,0x40FA,0x40FA,0x40FA,0x40FA,0x40FA,0x40FA,0x40FA,0xA0FA,0xC050,0x0000,
    0x0000,0x0000,0x6441,0xC549,0xC549,0xE641,0xE641,0x074A,0x074A,0x2652,0x4852,0x4852,
    0x4852,0x4852,0x4852,0x4852,0x8952,0x8952,0x8952,0x8952,0xCA5A,0xCA5A,0xCA5A,0xCA5A,
    0xCA5A,0xCA5A,0xCA5A,0xCA5A,0xCA5A,0xCA5A,0xCA5A,0xCA5A,0xCA5A,0xEB62,0xEB62,0xEB62,
    0x0B63,0x0B63,0x0B63,0x2C63,0x2C63,0x2C63,0x2C63,0x2C63,0x2C63,0x2C63,0x2C63,0x2C63,
    0x8952,0x8952,0x8952,0x8952,0x8952,0x4852,0x4852,0x4852,0x4852,0x4852,0x4852,0x4852,
    0x4852,0x4852,0x4852,0x4852,0x4852,0x4852,0x4852,0x4852,0x4852,0x4852,0x4852,0x4852,
    0x4852,0x4852,0x4852,0x4852,0x4852,0x074A,0x2652,0x074A,0x074A,0x074A,0xE641,0xE641,
    0xE641,0xC549,0xC549,0xC549,0xC549,0xA120,0x0000,0x0000,0x0000,0x0000,0x0000,0x0000,
    0x0000,0x40FA,0x40FA,0x40FA,0x40FA,0x40FA,0x40FA,0x40FA,0x40FA,0x4081,0x0000,0x6030,
    0x40FA,0x40FA,0x40FA,0x40FA,0x60A1,0xA030,0x0000,0x0000,0x0000,0x0000,0x0000,0x0000,
    0x0000,0x0000,0x0000,0x8118,0x2339,0x2339,0x2339,0x2339,0x2339,0x2339,0x2339,0x2339,
    0x2339,0xA120,0xA120,0xC228,0xC228,0xA120,0xA120,0xC228,0xA030,0xA030,0xA030,0xA030,
    0xA030,0xA030,0xA030,0xA030,0xA030,0xA030,0xA030,0xA030,0xA120,0xA030,0xA030,0xA030,
    0xA030,0xA030,0xA030,0xA030,0xA030,0xA030,0xA030,0xA030,0xE230,0xE230,0x2339,0x2339,
    0x2339,0x2339,0x2339,0xE230,0xA030,0xE230,0xA030,0xA030,0xA030,0xA030,0xA030,0xA030,
    0xA120,0x4010,0x0000,0x0000,0x0000,0x0000,0x0000,0x0000,0x0000,0x0000,0x4010,0xC060,
    0xC0B1,0xC0B1,0x0000,0x4028,0xA0FA,0x40FA,0xA0A9,0x0000,0x4079,0x40FA,0x40FA,0x40FA,
    0x40FA,0x40FA,0x20E2,0x4010,0x0000,0x0000,0x0000,0x0000,0x0000,0x0000,0x0000,0x6030,
    0xC050,0x4091,0xC0C1,0x40FA,0x40FA,0xA0FA,0x40FA,0x40FA,0x40FA,0x40FA,0x40FA,0x40FA,
    0x40FA,0x40FA,0x40FA,0x40FA,0x40FA,0x40FA,0x40FA,0x40FA,0x40FA,0x40FA,0xA0FA,0x6030,
    0x0000,0x0000,0x0000,0xC549,0x8539,0xC549,0xE641,0xE641,0x074A,0x074A,0x484A,0x4852,
    0x4852,0x4852,0x4852,0x4852,0x8952,0x8952,0x8952,0x8952,0xCA5A,0xCA5A,0xCA5A,0xCA5A,
    0xCA5A,0xCA5A,0xCA5A,0xCA5A,0xCA5A,0xCA5A,0xCA5A,0xCA5A,0xEB62,0x0B5B,0x0B63,0x0B63,
    0x0B63,0x0B63,0x0B63,0x2C63,0x2C63,0x2C63,0x2C63,0x2C63,0x2C63,0x2C63,0x2C63,0x2C63,
    0x8952,0x8952,0x8952,0x8952,0x8952,0x8952,0x8952,0x4852,0x4852,0x4852,0x4852,0x4852,
    0x4852,0x8952,0x4852,0x4852,0x4852,0x4852,0x4852,0x4852,0x4852,0x4852,0x4852,0x4852,
    0x4852,0x4852,0x4852,0x4852,0x4852,0x484A,0x074A,0x074A,0x074A,0x074A,0xE641,0xE641,
    0xC549,0xC549,0xC549,0x8539,0xC549,0x2339,0x4010,0x8118,0x0000,0x0000,0x0000,0x0000,
    0x20DA,0x40FA,0x40FA,0x40FA,0x40FA,0x40FA,0x40FA,0x4091,0x0000,0x0000,0x0000,0x40FA,
    0x40FA,0xC0B1,0xC050,0x0000,0x0000,0x0000,0x0000,0x0000,0x0000,0x0000,0x0000,0x0000,
    0x0000,0x8118,0x2339,0x2339,0x2339,0x2339,0x2339,0x2339,0x6439,0x6439,0x6439,0x6439,
    0x6441,0xC549,0xC549,0xC549,0xC549,0xC549,0xC551,0xC551,0xC551,0xC551,0xC551,0xC551,
    0xC551,0xC551,0xC551,0xC551,0xC551,0xC551,0xA351,0xA351,0xA351,0xA351,0xC551,0xA351,
    0xA351,0xA351,0xC551,0xC551,0xC551,0xC551,0xC551,0xC551,0xC551,0xC551,0xC551,0xC551,
    0xC551,0xC551,0xC551,0xC551,0xC551,0xC551,0xC551,0xA351,0xA351,0xA351,0xA351,0x8349,
    0x8349,0x8349,0x6341,0xA030,0x4010,0x0000,0x0000,0x0000,0x0000,0x0000,0x0000,0x0000,
    0x0000,0x0000,0x0000,0x0000,0x4081,0xA0FA,0xC0C1,0x0000,0x0000,0x4010,0xC0B1,0x40FA,
    0x40FA,0xC060,0x0000,0x0000,0x0000,0x0000,0x0000,0x0000,0x0000,0x0000,0x0000,0x0000,
    0x0000,0x0000,0x0000,0x0000,0x4010,0xA040,0x4079,0xA0A9,0xC0D9,0x40FA,0x40FA,0x40FA,
    0x40FA,0x40FA,0x40FA,0x40FA,0x40FA,0x40FA,0x40FA,0x40FA,0x40FA,0x40FA,0x40FA,0x40FA,
    0x4010,0x0000,0x0000,0x4010,0xC549,0x8539,0xC549,0xE641,0x074A,0x074A,0x074A,0x484A,
    0x4852,0x4852,0x4852,0x8952,0x4852,0x8952,0x8952,0xCA5A,0xCA5A,0xCA5A,0xCA5A,0xCA5A,
    0xCA5A,0xCA5A,0xCA5A,0xCA5A,0xCA5A,0xCA5A,0xCA5A,0xCA5A,0x0B63,0x0B63,0xEB62,0x0B63,
    0x2C63,0x2C63,0x2C63,0x2C63,0x2C63,0x2C63,0x2C63,0x2C63,0x2C63,0x2C63,0x2C63,0x2C63,
    0x8952,0x8952,0x8952,0x8952,0x8952,0x8952,0x8952,0x8952,0x8952,0x4852,0x8952,0x4852,
    0x8952,0x4852,0x8952,0x4852,0x4852,0x4852,0x4852,0x4852,0x4852,0x4852,0x4852,0x4852,
    0x4852,0x4852,0x4852,0x4852,0x484A,0x484A,0x074A,0x074A,0x074A,0x074A,0xE641,0xE641,
    0xC549,0xC549,0x8539,0x8539,0x6439,0x2339,0x6341,0x2339,0x0000,0x0000,0x0000,0x4091,
    0xA0FA,0xE0F9,0x40FA,0x40FA,0x40FA,0x4091,0x4010,0x0000,0x0000,0x0000,0x6030,0x4079,
    0x0000,0x0000,0x0000,0x0000,0x0000,0x0000,0x0000,0x0000,0x0000,0x0000,0x0000,0x8118,
    0x2339,0x2339,0x2339,0x2339,0x2339,0x6439,0x6439,0x6439,0x8539,0x8539,0x8539,0xC549,
    0x8539,0x6439,0xC549,0xC549,0xC549,0xC549,0xC549,0xC549,0xC549,0xC549,0xC549,0xC549,
    0xC549,0x8349,0xC549,0x8349,0x8349,0x8349,0xC549,0x8349,0x8349,0x8349,0xC549,0xC549,
    0xC549,0x8349,0x8349,0x8349,0xC549,0xC551,0xC551,0xC551,0xC551,0xC551,0xC551,0xC551,
    0xC551,0xC551,0xC551,0xC551,0xC551,0xC551,0xC551,0x8349,0x8349,0x8349,0x8349,0x6341,
    0x6341,0x6341,0x6341,0x6341,0x6341,0x6341,0x2339,0xA120,0x4010,0x0000,0x0000,0x0000,
    0x0000,0x0000,0x0000,0x0000,0x0000,0x4010,0x6030,0x0000,0x0000,0x0000,0x0000,0x6030,
    0x0000,0x0000,0x0000,0x0000,0x0000,0xA120,0x2339,0xA120,0x8118,0x4010,0x0000,0x0000,
    0x0000,0x0000,0x0000,0x0000,0x0000,0x0000,0x0000,0x0000,0x0000,0x0000,0x4028,0xC050,
    0x4081,0xC0C1,0x40FA,0x40FA,0x40FA,0xA0FA,0x40FA,0xA040,0xC0B1,0x40FA,0x40FA,0x40FA,
    0x20E2,0x0000,0x0000,0x0000,0xC228,0xC549,0x8539,0xC549,0xE641,0x074A,0x074A,0x074A,
    0x484A,0x4852,0x4852,0x8952,0x8952,0x8952,0xCA5A,0xCA5A,0xCA5A,0xCA5A,0xCA5A,0xCA5A,
    0xCA5A,0xCA5A,0xCA5A,0xCA5A,0xCA5A,0xCA5A,0xCA5A,0xEB62,0x0B63,0x0B63,0x0B63,0x0B63,
    0x2C63,0x2C63,0x2C63,0x2C63,0x2C63,0x2C63,0x2C63,0x2C63,0x2C63,0x2C63,0x2C63,0x2C63,
    0x8952,0x8952,0x8952,0x8952,0x8952,0x4852,0x8952,0x8952,0x8952,0x8952,0x8952,0x8952,
    0x8952,0x8952,0x8952,0x4852,0x4852,0x4852,0x8952,0x4852,0x4852,0x4852,0x4852,0x4852,
    0x4852,0x4852,0x4852,0x4852,0x484A,0x484A,0x074A,0x074A,0x074A,0x074A,0xE641,0xE641,
    0xC549,0xC549,0x8539,0x8539,0x6439,0x2339,0x2339,0x0000,0x0000,0x0000,0xA040,0x40FA,
    0x40FA,0x40FA,0x40FA,0x60A1,0x4010,0x0000,0x0000,0x0000,0x0000,0x0000,0x0000,0x0000,
    0x0000,0x0000,0x0000,0x0000,0x0000,0xA120,0x2339,0x0000,0x0000,0xA120,0x2339,0x2339,
    0x2339,0x2339,0x6439,0x6439,0x6439,0x8539,0x8539,0x8539,0xC549,0xC549,0xC549,0xC549,
    0xC549,0xC549,0xC549,0xC549,0xC549,0xC549,0xC549,0xC549,0xC549,0xC549,0xC549,0xC549,
    0xC549,0xC549,0xC549,0xC549,0xC549,0xC549,0xC549,0xC549,0xC549,0xC549,0xC551,0xC551,
    0xC551,0xC551,0xC551,0xC551,0xC551,0xC551,0xC551,0xC551,0xC551,0xC551,0xC551,0xC551,
    0xC551,0xC551,0xC551,0xC551,0xC551,0xC551,0xC551,0xC551,0xC551,0xC549,0xC549,0xC549,
    0xC549,0x8349,0x8349,0x6341,0x6341,0x6341,0x6341,0x6341,0x8349,0x6341,0xA030,0x4010,
    0x0000,0x0000,0x0000,0x0000,0x0000,0x0000,0x0000,0x0000,0x0000,0x0000,0x0000,0x0000,
    0x0000,0x0000,0x0000,0x8118,0x2339,0x2339,0x2339,0x6341,0x6341,0x6341,0x6341,0x6341,
    0x2339,0xA120,0x4010,0x0000,0x0000,0x0000,0x0000,0x0000,0x0000,0x0000,0x0000,0x0000,
    0x0000,0x0000,0x0000,0x0000,0xA030,0x2069,0xC0B1,0x4028,0x0000,0x4010,0x4081,0x40FA,
    0xA0FA,0x20DA,0x0000,0x0000,0x0000,0x0229,0x8539,0x8539,0xE641,0x074A,0x074A,0x484A,
    0x484A,0x4852,0x4852,0x8952,0x4852,0x8952,0xCA5A,0xCA5A,0xCA5A,0xCA5A,0xCA5A,0xCA5A,
    0xCA5A,0xCA5A,0xCA5A,0xCA5A,0xCA5A,0xEB62,0xEB62,0xCA5A,0x0B63,0x0B63,0x0B63,0x2C63,
    0x2C63,0x2C63,0x2C63,0x2C63,0x2C63,0x2C63,0x2C63,0x2C63,0x2C63,0x2C63,0x2C63,0x2C63,
    0xCA5A,0x8952,0x8952,0x8952,0x8952,0x8952,0x8952,0x8952,0x8952,0x8952,0x8952,0x8952,
    0x8952,0x8952,0x8952,0x4852,0x8952,0x4852,0x4852,0x4852,0x4852,0x4852,0x4852,0x4852,
    0x4852,0x4852,0x4852,0x4852,0x484A,0x484A,0x484A,0x074A,0x074A,0x074A,0xE641,0xE641,
    0xC549,0x8539,0x8539,0x8539,0x6439,0x2339,0x4010,0x0000,0x0000,0x4010,0x40FA,0x40FA,
    0x40FA,0xA0A9,0x4028,0x0000,0x0000,0x0000,0x0000,0x0000,0x0000,0x0000,0x0000,0x0000,
    0x0000,0x4010,0xC228,0x2339,0x2339,0x2339,0x2339,0xC228,0x2339,0x2339,0x2339,0x2339,
    0x6439,0x6439,0x6439,0x6439,0x8539,0x8539,0x8539,0x8539,0xC549,0xC549,0xC549,0xC549,
    0xC549,0xC549,0xC549,0xC549,0xC549,0xC549,0xC549,0xC549,0xC549,0xC549,0xC549,0xC549,
    0xC549,0xC549,0xC549,0xC549,0xC549,0xC549,0xC549,0xC549,0xC549,0xC551,0xC549,0xC551,
    0xC551,0xC551,0xC551,0xC551,0xC551,0xC551,0xC551,0xC551,0xC551,0xC551,0xC551,0xC551,
    0xC551,0xC551,0xC551,0xC551,0xC551,0xC551,0xC551,0xC551,0xC551,0xC549,0xC549,0xC549,
    0xC549,0xC549,0xC549,0xC549,0xC549,0xC549,0x8349,0x6341,0x8349,0x8349,0x8349,0x8349,
    0x6341,0x2339,0xA120,0x0000,0x0000,0x0000,0x0000,0x0000,0x0000,0x0000,0x0000,0x0000,
    0x0000,0x8118,0x2339,0x2339,0x2339,0x2339,0x2339,0x2339,0x2339,0x6341,0x6341,0x6341,
    0x8349,0x8349,0xA351,0xA351,0x6341,0x6341,0x2339,0xA120,0x4010,0x0000,0x0000,0x0000,
    0x0000,0x0000,0x0000,0x0000,0x0000,0x0000,0x0000,0x0000,0x0000,0x0000,0x0000,0x0000,
    0xA040,0x20DA,0xA0A9,0x0000,0x0000,0x0000,0x6439,0x8539,0x8539,0xE641,0x074A,0x484A,
    0x484A,0x4852,0x4852,0x4852,0x8952,0xCA5A,0xCA5A,0xCA5A,0xCA5A,0xCA5A,0xCA5A,0xCA5A,
    0xCA5A,0xCA5A,0xCA5A,0xCA5A,0xEB62,0x0B63,0x0B63,0xEB62,0x2C63,0x2C63,0x2C63,0x2C63,
    0x2C63,0x2C63,0x2C63,0x2C63,0x2C63,0x2C63,0x2C63,0x2C63,0x2C63,0x2C63,0x2C63,0x6D73,
    0xCA5A,0xCA5A,0xCA5A,0xCA5A,0xCA5A,0x8952,0x8952,0x8952,0x8952,0x8952,0x8952,0x8952,
    0x8952,0x8952,0x8952,0x8952,0x4852,0x8952,0x8952,0x8952,0x4852,0x4852,0x4852,0x4852,
    0x4852,0x4852,0x4852,0x4852,0x484A,0x484A,0x484A,0x074A,0x074A,0x074A,0xE641,0xE641,
    0x8539,0x8539,0x8539,0x6439,0x6439,0xC228,0x0000,0x0000,0x0000,0x40FA,0xA0FA,0xA0A9,
    0x4028,0x0000,0x0000,0x0000,0x0000,0x0000,0x0000,0x0000,0x0000,0x0000,0x4010,0xC228,
    0x2339,0x2339,0x6439,0x2339,0x2339,0x6439,0x6439,0x6439,0x6439,0x6439,0x6439,0x6439,
    0x6439,0x8539,0x8539,0x8539,0xC549,0xC549,0x8539,0xC549,0xC549,0xC549,0xC549,0xC549,
    0xC549,0xC549,0xC549,0xC549,0xC549,0xC549,0xC549,0xC549,0xC549,0xC549,0xC549,0xC549,
    0xC549,0xC549,0xC549,0xC549,0xC549,0xC549,0xC549,0xC549,0xC549,0xC551,0xC549,0xC549,
    0xC551,0xC551,0xC551,0xC551,0xC551,0xC551,0xC551,0xC551,0xC551,0xC551,0xC551,0xC551,
    0xC551,0xC551,0xC551,0xC551,0xC551,0xC551,0xC551,0xC551,0xC551,0xC551,0xC551,0xC549,
    0xC549,0xC549,0xC549,0xC549,0xC549,0xC549,0xC549,0xC549,0xC549,0xC549,0xC549,0x6441,
    0xC549,0xC549,0x8349,0x8349,0x6341,0x2339,0x4010,0x0000,0x0000,0x0000,0x0000,0x8118,
    0x2339,0x2339,0x2339,0x6439,0x6439,0x6439,0xC549,0xC549,0xC549,0xC549,0xC549,0xC549,
    0xC549,0xC549,0xC549,0xC549,0xC549,0xC551,0xC551,0xC551,0xC551,0x8349,0x6341,0x2339,
    0xA120,0x8118,0x4010,0x0000,0x0000,0x0000,0x0000,0x0000,0x0000,0x0000,0x0000,0x0000,
    0x0000,0x0000,0x4028,0x0000,0x0000,0x0000,0x0000,0x6439,0x8539,0xE641,0x074A,0x484A,
    0x484A,0x484A,0x4852,0x4852,0x8952,0xCA5A,0xCA5A,0xCA5A,0xCA5A,0xCA5A,0xCA5A,0xCA5A,
    0xCA5A,0xCA5A,0xCA5A,0xCA5A,0x0B63,0x0B63,0xEB62,0x0B63,0x2C63,0x2C63,0x2C63,0x2C63,
    0x2C63,0x2C63,0x2C63,0x2C63,0x2C63,0x2C63,0x2C63,0x2C63,0x2C63,0x2C63,0x2C63,0xAE73,
    0xCA5A,0x8952,0xCA5A,0xCA5A,0xCA5A,0xCA5A,0xCA5A,0x8952,0x8952,0x8952,0x8952,0x8952,
    0x8952,0x8952,0x8952,0x8952,0x8952,0x8952,0x8952,0x8952,0x8952,0x4852,0x8952,0x4852,
    0x4852,0x4852,0x4852,0x4852,0x484A,0x484A,0x484A,0x074A,0x074A,0x074A,0xE641,0xE641,
    0x8539,0x8539,0x6439,0x6439,0x2339,0x0000,0x0000,0x0000,0xA099,0xC0C1,0x4028,0x0000,
    0x0000,0x0000,0x0000,0x0000,0x0000,0x0000,0x0000,0x4010,0xC228,0x2339,0x6441,0x6441,
    0x2339,0x6439,0x6439,0x6439,0x6439,0x6439,0x6439,0x6439,0x6439,0x8539,0x8539,0x8539,
    0x8539,0x8539,0x8539,0x8539,0xC549,0xC549,0xC549,0xC549,0xC549,0xC549,0xC549,0xC549,
    0xC549,0xC549,0xC549,0xC549,0xC549,0xC549,0xC549,0xC549,0xC549,0xC549,0xC549,0xC549,
    0xC549,0xC549,0xC549,0xC549,0xC549,0xC549,0xC549,0xC549,0xC549,0xC549,0xC549,0xC549,
    0xC549,0xC551,0xC551,0xC551,0xC551,0xC551,0xC551,0xC551,0xC551,0xC551,0xC551,0xC551,
    0xC551,0xC551,0xC551,0xC551,0xC551,0xC551,0xC551,0xC551,0xC551,0xC551,0xC551,0xC549,
    0xC549,0xC549,0xC549,0xC549,0xC549,0xC549,0xC549,0xC549,0xC549,0xC549,0xC549,0xC549,
    0xC549,0xC549,0xC549,0xC549,0xC549,0xC549,0xC549,0xC549,0x2339,0xC228,0x2339,0xC549,
    0x8539,0x6439,0x8539,0xC549,0xC549,0xC549,0xC549,0xC549,0xC549,0xC549,0xC549,0xC549,
    0xC549,0xC549,0xC549,0xC549,0xC549,0xC549,0xC549,0xC549,0xC549,0xC549,0xC551,0xC551,
    0xC551,0xC551,0xC551,0xC549,0x6341,0x2339,0xA120,0x4010,0x0000,0x0000,0x0000,0x0000,
    0x0000,0x0000,0x0000,0x0000,0x0000,0x0000,0x0000,0x0000,0x8539,0xC639,0xE641,0x074A,
    0x484A,0x484A,0x4852,0x8952,0x8952,0xCA5A,0xCA5A,0xCA5A,0xCA5A,0xCA5A,0xCA5A,0xCA5A,
    0xCA5A,0xEB62,0xEB62,0xCA5A,0x0B63,0x2C63,0x0B63,0x2C63,0x2C63,0x2C63,0x2C63,0x2C63,
    0x2C63,0x2C63,0x2C63,0x2C63,0x2C63,0x2C63,0x2C63,0x2C63,0x8D73,0x8D73,0x6D73,0x8D73,
    0xCA5A,0xCA5A,0xCA5A,0xCA5A,0xCA5A,0xCA5A,0xCA5A,0xCA5A,0xCA5A,0x8952,0x8952,0x8952,
    0x8952,0x8952,0x8952,0x8952,0x8952,0x8952,0x8952,0x8952,0x8952,0x8952,0x4852,0x4852,
    0x4852,0x4852,0x4852,0x4852,0x484A,0x484A,0x484A,0x484A,0x074A,0xE641,0xE641,0xC639,
    0x8539,0x8539,0x6439,0x6439,0x0000,0x0000,0x0000,0x0000,0x6030,0x0000,0x0000,0x0000,
    0x0000,0x0000,0x0000,0x0000,0x4010,0xC228,0x2339,0xC549,0xC549,0x6439,0x6439,0x6439,
    0x6439,0x8539,0x8539,0x8539,0x8539,0x8539,0x8539,0x8539,0x8539,0x8539,0x8539,0x8539,
    0x8539,0x8539,0x8539,0xC549,0xC549,0xC549,0xC549,0xC549,0xC549,0xC549,0xC549,0xC549,
    0xE641,0xC549,0xE641,0xE641,0xE641,0xC549,0xC549,0xC549,0xC549,0xC549,0xC549,0xC549,
    0xC549,0xC549,0xC549,0xC549,0xC549,0xC549,0xC549,0xC549,0xC549,0xC549,0xC549,0xC549,
    0xC549,0xC549,0xC549,0xC551,0xC551,0xC551,0xC551,0xC551,0xC551,0xC551,0xC551,0xC551,
    0xC551,0xC551,0xC551,0xC551,0xC551,0xC551,0xC551,0xC551,0xC551,0xC551,0xC551,0xC549,
    0xC549,0xC549,0xC549,0xC549,0xC549,0xC549,0xC549,0xC549,0xC549,0xC549,0xC549,0xC549,
    0xC549,0xC549,0xC549,0xC549,0xC549,0xC549,0xC549,0xC549,0xC549,0xC549,0xC549,0xC549,
    0xC549,0xC549,0xC549,0xC549,0xC549,0xC549,0xC549,0xC549,0xC549,0xC549,0xC549,0xC549,
    0xC549,0xC549,0xC549,0xC549,0xC551,0xC551,0xC551,0xC551,0xC551,0xC551,0xC551,0xC549,
    0xC549,0xC549,0xC549,0xC549,0xC549,0xC551,0xC551,0xC551,0xC549,0xC549,0x2339,0x0229,
    0x8118,0x4010,0x0000,0x0000,0x0000,0x0000,0x0000,0x0000,0x4010,0xE641,0xE641,0x074A,
    0x484A,0x4852,0x8952,0x8952,0xCA5A,0xCA5A,0xCA5A,0xCA5A,0xCA5A,0xCA5A,0xCA5A,0xCA5A,
    0xCA5A,0x0B63,0x0B63,0x0B63,0x2C63,0x2C63,0x2C63,0x2C63,0x2C63,0x2C63,0x2C63,0x2C63,
    0x2C63,0x2C63,0x2C63,0x2C63,0x2C63,0x2C63,0x2C63,0x6D73,0x8D73,0xAE73,0x8D73,0xAE73,
    0xCA5A,0xCA5A,0xCA5A,0xCA5A,0xCA5A,0xCA5A,0xCA5A,0xCA5A,0xCA5A,0x8952,0xCA5A,0xCA5A,
    0x8952,0xCA5A,0x8952,0x8952,0x8952,0x8952,0x8952,0x8952,0x4852,0x8952,0x8952,0x4852,
    0x4852,0x4852,0x4852,0x484A,0x484A,0x484A,0x484A,0x484A,0x074A,0xE641,0xE641,0xC639,
    0x8539,0x6439,0x8539,0x4010,0x0000,0x0000,0x0000,0x0000,0x0000,0x0000,0x0000,0x0000,
    0x0000,0x4010,0x0229,0x2339,0xC549,0xC549,0x8539,0x6439,0x6439,0x8539,0x8539,0x8539,
    0x8539,0x8539,0x8539,0x8539,0x8539,0x8539,0x8539,0x8539,0x8539,0x8539,0x8539,0x8539,
    0x8539,0x8539,0x8539,0x8539,0xE641,0xE641,0xE641,0xE641,0xE641,0xE641,0xE641,0xE641,
    0xE641,0xE641,0xE641,0xE641,0xE641,0xE641,0xE641,0xE641,0xE641,0xE641,0xC549,0xC549,
    0xC549,0xC549,0xC549,0xC549,0xC549,0xC549,0xC549,0xC549,0xC549,0xC549,0xC549,0xC549,
    0xC549,0xC549,0xC549,0xC549,0xC549,0xC549,0xC549,0xC549,0xC551,0xC551,0xC549,0xC551,
    0xC551,0xC551,0xC551,0xC551,0xC551,0xC549,0xC551,0xC551,0xC549,0xC549,0xC549,0xC549,
    0xC549,0xC549,0xC549,0xC549,0xC549,0xC549,0xC549,0xC549,0xC549,0xC549,0xC549,0xC549,
    0xC549,0xC549,0xC549,0xC549,0xC549,0xC549,0xC549,0xC549,0xC549,0xC549,0xC549,0xC549,
    0xC549,0xC549,0xC549,0xC549,0xC549,0xC549,0xC549,0xC549,0xC549,0xC549,0xC549,0xC549,
    0xC549,0xC549,0xC549,0xC549,0xC549,0xC551,0xC551,0xC551,0xC551,0xC551,0xC551,0xC551,
    0xC551,0xC551,0xC551,0xC551,0xC549,0xC549,0xC549,0xC549,0xC549,0xC549,0xC549,0xC549,
    0xC549,0xC549,0xC549,0x6439,0x2339,0xC228,0x4010,0x0000,0x0000,0xA218,0x074A,0x074A,
    0x484A,0x4852,0x8952,0x8952,0xCA5A,0xCA5A,0xCA5A,0xCA5A,0xCA5A,0xCA5A,0xCA5A,0xCA5A,
    0xCA5A,0x0B63,0x0B63,0xEB62,0x2C63,0x2C63,0x2C63,0x2C63,0x2C63,0x2C63,0x2C63,0x2C63,
    0x2C63,0x2C63,0x2C63,0x2C63,0x2C63,0x2C63,0x2C63,0x8D73,0x8E6B,0xAE73,0x8D73,0xAE73,
    0xCA5A,0xCA5A,0xCA5A,0xCA5A,0xCA5A,0xCA5A,0xCA5A,0xCA5A,0xCA5A,0xCA5A,0xCA5A,0xCA5A,
    0xCA5A,0xCA5A,0xCA5A,0xCA5A,0x8952,0x8952,0xCA5A,0x8952,0x8952,0x8952,0x8952,0x8952,
    0x8952,0x4852,0x4852,0x4852,0x484A,0x484A,0x484A,0x484A,0x074A,0xE641,0xE641,0xC639,
    0x8539,0x8539,0xC228,0x0000,0x0000,0x0000,0x0000,0x0000,0x0000,0x0000,0x8118,0x2339,
    0x2339,0xC549,0xC549,0x8539,0x8539,0x8539,0xC549,0xC549,0xC549,0xC549,0xC549,0xC549,
    0x8539,0x8539,0x8539,0x8539,0x8539,0x8539,0x8539,0x8539,0x8539,0x8539,0x8539,0x8539,
    0x8539,0xC639,0xE641,0xC549,0xE641,0xE641,0xE641,0xE641,0xE641,0xE641,0xE641,0xE641,
    0xE641,0xE641,0xE641,0xE641,0xE641,0xE641,0xE641,0xE641,0xE641,0xE641,0xE641,0xE641,
    0xE641,0xE641,0xE641,0xC549,0xE641,0xC549,0xC549,0xC549,0xC549,0xC549,0xC549,0xC549,
    0xC549,0xC549,0xC549,0xC549,0xC549,0xC549,0xC549,0xC549,0xC549,0xE641,0xE651,0x2652,
    0xE651,0xE651,0x2652,0xE651,0xC551,0xC551,0x0552,0xE651,0xE641,0xC549,0xC549,0xC549,
    0xC549,0xC549,0xC549,0xC549,0xC549,0xC549,0xC549,0xC549,0xC549,0xC549,0xC549,0xC549,
    0xC549,0xC549,0xC549,0xC549,0xC549,0xC549,0xC549,0xC549,0xC549,0xC549,0xC549,0xC549,
    0xC549,0xC549,0xC549,0xC549,0xC549,0xC549,0xE641,0xE641,0xC549,0xC549,0xE641,0xC549,
    0xC549,0xE641,0xE641,0xC549,0x2652,0x2652,0x2652,0x2652,0x2652,0x2652,0x2652,0x0552,
    0x2652,0x2652,0x2652,0x2652,0x2652,0x2652,0xC549,0xE641,0xC549,0xC549,0xC549,0xC549,
    0xC549,0xC549,0xC549,0xC549,0xE641,0xE641,0xE641,0xE641,0xC639,0x6439,0x074A,0x484A,
    0x484A,0x8952,0x8952,0xCA5A,0xCA5A,0xCA5A,0xCA5A,0xCA5A,0xCA5A,0xCA5A,0xCA5A,0xCA5A,
    0x0B5B,0x0B63,0x0B63,0x0B63,0x2C63,0x2C63,0x2C63,0x2C63,0x2C63,0x2C63,0x2C63,0x2C63,
    0x2C63,0x2C63,0x2C63,0x2C63,0x6D73,0x6D73,0x8D73,0x8D73,0xAE73,0xAE73,0xAE73,0xAE73,
    0xCA5A,0xCA5A,0xCA5A,0xCA5A,0xCA5A,0xCA5A,0xCA5A,0xCA5A,0xCA5A,0xCA5A,0xCA5A,0xCA5A,
    0xCA5A,0xCA5A,0xCA5A,0xCA5A,0xCA5A,0xCA5A,0xCA5A,0xCA5A,0x8952,0x8952,0x8952,0x8952,
    0x8952,0x4852,0x4852,0x4852,0x484A,0x484A,0x484A,0x484A,0x074A,0xE641,0xC639,0x8539,
    0x8539,0x6439,0x0000,0x0000,0x0000,0x0000,0x0000,0x8118,0x2339,0x6439,0xC549,0xC549,
    0x8539,0x6439,0x8539,0xC549,0xC549,0xC549,0xC549,0xC549,0xC549,0xC549,0xC549,0xC549,
    0xC549,0xE641,0xE641,0xE641,0x8539,0xC639,0xC639,0xC639,0xC639,0xC639,0xE641,0x8539,
    0xE641,0xE641,0xE641,0xE641,0xE641,0xE641,0xE641,0xE641,0xE641,0xE641,0xE641,0xE641,
    0xE641,0xE641,0xE641,0x074A,0x074A,0xE641,0xE641,0x074A,0xE641,0xE641,0xE641,0x074A,
    0xE641,0xE641,0xE641,0xE641,0xE641,0xE641,0xE641,0xE641,0xE641,0xC549,0xE641,0xE641,
    0xC549,0xE641,0xE641,0xE641,0xE641,0xE641,0xC549,0xE641,0x054A,0x074A,0x074A,0x2652,
    0x2652,0x2652,0x2652,0x2652,0x054A,0x074A,0x2652,0x074A,0x074A,0x074A,0x074A,0x074A,
    0x074A,0x074A,0xE641,0xC549,0xE641,0x074A,0xE641,0xC549,0x074A,0xE641,0xC549,0xE641,
    0xC549,0xE641,0xE641,0xC549,0xE641,0xE641,0xE641,0xE641,0xE641,0xE641,0xE641,0xE641,
    0xE641,0xE641,0xE641,0xE641,0xE641,0xC549,0xE641,0xE641,0xC549,0xE641,0xE641,0xE641,
    0x074A,0x074A,0x074A,0x074A,0x2652,0x2652,0x2652,0x2652,0x2652,0x2652,0x2652,0x2652,
    0x2652,0x2652,0x2652,0x2652,0x2652,0x2652,0x2652,0x074A,0x074A,0x074A,0x074A,0xE641,
    0xE641,0x074A,0xE641,0xE641,0xE641,0xE641,0xE641,0x074A,0x074A,0x484A,0x484A,0x484A,
    0x4852,0x8952,0xCA5A,0xCA5A,0xCA5A,0xCA5A,0xCA5A,0xCA5A,0xCA5A,0xEB62,0x0B63,0xEB62,
    0x0B63,0x2C63,0x2C63,0x2C63,0x2C63,0x2C63,0x2C63,0x2C63,0x2C63,0x2C63,0x2C63,0x2C63,
    0x2C63,0x2C63,0x2C63,0x8D6B,0x8D73,0x8D73,0xAE73,0xAE73,0xAE73,0xAE73,0xAE73,0xAE73,
    0xCA5A,0xCA5A,0xCA5A,0xCA5A,0xCA5A,0xCA5A,0xCA5A,0xCA5A,0xCA5A,0xCA5A,0xCA5A,0xCA5A,
    0xCA5A,0xCA5A,0xCA5A,0xCA5A,0xCA5A,0xCA5A,0xCA5A,0xCA5A,0x8952,0x8952,0x8952,0x8952,
    0x8952,0x8952,0x4852,0x4852,0x484A,0x484A,0x484A,0x484A,0x074A,0xE641,0xC639,0xC639,
    0x8539,0x0000,0x0000,0x0000,0x8118,0x2339,0x6439,0xC549,0x8539,0x8539,0x8539,0x8539,
    0xC549,0xC549,0xC549,0xC549,0xC549,0xC549,0xE641,0xE641,0xE641,0xE641,0xE641,0xE641,
    0xE641,0xE641,0xE641,0xE641,0xE641,0xE641,0xE641,0xE641,0xE641,0xE641,0xE641,0xE641,
    0xE641,0xE641,0xE641,0xE641,0xE641,0xE641,0xE641,0xE641,0xE641,0xE641,0xE641,0xE641,
    0xE641,0xE641,0x074A,0x074A,0x074A,0x074A,0x074A,0x074A,0x074A,0x074A,0x074A,0x074A,
    0xE641,0xE641,0xE641,0xE641,0xE641,0xE641,0xE641,0xE641,0xE641,0xE641,0xE641,0xE641,
    0xE641,0xE641,0xE641,0xE641,0xE641,0x074A,0xE641,0xE641,0x074A,0x074A,0x074A,0x074A,
    0x074A,0x074A,0x074A,0x074A,0x074A,0x074A,0x074A,0x074A,0x074A,0x074A,0x074A,0x074A,
    0x074A,0x074A,0x074A,0x074A,0x074A,0x074A,0x074A,0x074A,0x074A,0x074A,0x074A,0x074A,
    0x074A,0x074A,0xE641,0x074A,0x074A,0xE641,0xE641,0xE641,0xE641,0xE641,0xE641,0x074A,
    0xE641,0xE641,0xE641,0xE641,0xE641,0xE641,0x074A,0x074A,0xE641,0x074A,0x074A,0x074A,
    0x074A,0x074A,0x074A,0x2652,0x2652,0x2652,0x2652,0x2652,0x2652,0x2652,0x2652,0x2652,
    0x2652,0x2652,0x2652,0x2652,0x2652,0x2652,0x2652,0x2652,0x2652,0x074A,0x074A,0x074A,
    0x074A,0x074A,0x074A,0x074A,0x074A,0x074A,0x074A,0x074A,0x484A,0x484A,0x484A,0x4852,
    0x8952,0xCA5A,0xCA5A,0xCA5A,0xCA5A,0xCA5A,0xCA5A,0xCA5A,0xCA5A,0x0B63,0x0B63,0xCA5A,
    0x2C63,0x2C63,0x2C63,0x2C63,0x2C63,0x2C63,0x2C63,0x2C63,0x2C63,0x2C63,0x2C63,0x2C63,
    0x2C63,0x2C63,0x2C63,0x8D73,0xAE73,0x8D73,0xAE73,0xAE73,0xAE73,0xAE73,0xAE73,0xAE73,
    0xCA5A,0xCA5A,0xCA5A,0xCA5A,0xCA5A,0xCA5A,0xCA5A,0xCA5A,0xCA5A,0xCA5A,0xCA5A,0xCA5A,
    0xCA5A,0xCA5A,0xCA5A,0xCA5A,0xCA5A,0xCA5A,0xCA5A,0xCA5A,0xCA5A,0xCA5A,0xCA5A,0x8952,
    0x8952,0x8952,0x8952,0x4852,0x4852,0x484A,0x484A,0x484A,0x484A,0x074A,0xC639,0xE641,
    0x0229,0xA218,0x6439,0x8539,0xC549,0x8539,0x8539,0x8539,0x8539,0xC549,0xC549,0xC549,
    0xC549,0xC549,0xE641,0xC549,0xE641,0xE641,0xE641,0xE641,0xE641,0xE641,0xE641,0xE641,
    0xE641,0xE641,0xE641,0xE641,0xE641,0xE641,0xE641,0xE641,0xE641,0xE641,0xE641,0xE641,
    0xE641,0xE641,0xE641,0xE641,0xE641,0xE641,0xE641,0xE641,0x074A,0xE641,0xE641,0x074A,
    0x074A,0x074A,0x074A,0x074A,0x074A,0x074A,0x074A,0x074A,0x074A,0x074A,0x074A,0x074A,
    0x074A,0x074A,0x074A,0x074A,0x074A,0x074A,0x074A,0xE641,0xE641,0xE641,0x074A,0x074A,
    0x074A,0x074A,0x074A,0x074A,0x074A,0x074A,0x074A,0x074A,0x074A,0x074A,0x074A,0x074A,
    0x074A,0x074A,0x074A,0x074A,0x074A,0x074A,0x074A,0x074A,0x074A,0x074A,0x074A,0x074A,
    0x074A,0x074A,0x074A,0xE641,0x074A,0x074A,0x074A,0x074A,0x074A,0x074A,0x074A,0x074A,
    0x074A,0x074A,0x074A,0x074A,0x074A,0x074A,0x074A,0x074A,0x074A,0x074A,0x074A,0x074A,
    0x074A,0xE641,0x074A,0x074A,0x074A,0x074A,0x074A,0x074A,0x074A,0x074A,0x074A,0x074A,
    0x074A,0x074A,0x2652,0x2652,0x2652,0x2652,0x2652,0x2652,0x2652,0x2652,0x2652,0x2652,
    0x2652,0x2652,0x2652,0x2652,0x2652,0x2652,0x2652,0x2652,0x2652,0x2652,0x074A,0x074A,
    0x074A,0x074A,0x074A,0x074A,0x484A,0x484A,0x484A,0x484A,0x484A,0x4852,0x4852,0x8952,
    0x8952,0xCA5A,0xCA5A,0xCA5A,0xCA5A,0xCA5A,0xCA5A,0xEB62,0x0B5B,0x0B63,0x0B63,0x0B63,
    0x2C63,0x2C63,0x2C63,0x2C63,0x2C63,0x2C63,0x2C63,0x2C63,0x2C63,0x2C63,0x2C63,0x2C63,
    0x2C63,0x8D6B,0x8D73,0xAE73,0xAE73,0xAE73,0xAE73,0xAE73,0xAE73,0xAE73,0xAE73,0xAE73,
    0xCA5A,0xCA5A,0xCA5A,0xCA5A,0xCA5A,0xCA5A,0xCA5A,0xCA5A,0xCA5A,0xCA5A,0xCA5A,0xCA5A,
    0xCA5A,0xCA5A,0xCA5A,0xCA5A,0xCA5A,0xCA5A,0xCA5A,0xCA5A,0xCA5A,0xCA5A,0xCA5A,0xCA5A,
    0xCA5A,0x8952,0x8952,0x8952,0x4852,0x484A,0x484A,0x484A,0x484A,0x074A,0xE641,0xE641,
    0xE641,0xE641,0xC639,0x8539,0x8539,0x8539,0x8539,0xC549,0xC549,0xE641,0xE641,0xE641,
    0xE641,0xE641,0xE641,0xE641,0xE641,0xE641,0xE641,0xE641,0xE641,0xE641,0xE641,0xE641,
    0xE641,0xE641,0xE641,0xE641,0xE641,0xE641,0xE641,0xE641,0xE641,0xE641,0xE641,0xE641,
    0xE641,0xE641,0xE641,0xE641,0xE641,0x074A,0xE641,0x074A,0x074A,0x074A,0x074A,0x074A,
    0x074A,0x074A,0x074A,0x074A,0x074A,0x074A,0x074A,0x074A,0x074A,0x074A,0x074A,0x074A,
    0x074A,0x074A,0x074A,0x074A,0x074A,0x074A,0x074A,0x074A,0x074A,0x074A,0x074A,0xE641,
    0x074A,0x074A,0x074A,0x074A,0x074A,0x074A,0x074A,0x074A,0x074A,0x074A,0x074A,0x074A,
    0x074A,0x074A,0x074A,0x074A,0x074A,0x074A,0x074A,0x074A,0x074A,0x074A,0x074A,0x074A,
    0x074A,0x074A,0x074A,0x074A,0x074A,0x074A,0x074A,0x074A,0x074A,0x074A,0x074A,0x074A,
    0x074A,0x074A,0x074A,0x074A,0x074A,0x074A,0x074A,0x074A,0x074A,0x074A,0x074A,0x074A,
    0x074A,0x074A,0x074A,0x074A,0x074A,0x074A,0x074A,0x074A,0x074A,0x074A,0x074A,0x074A,
    0x074A,0x074A,0x074A,0x074A,0x2652,0x2652,0x2652,0x2652,0x2652,0x2652,0x2652,0x2652,
    0x2652,0x2652,0x2652,0x2652,0x2652,0x2652,0x2652,0x2652,0x074A,0x2652,0x4852,0x484A,
    0x484A,0x484A,0x484A,0x484A,0x484A,0x484A,0x484A,0x4852,0x4852,0x4852,0x8952,0xCA5A,
    0xCA5A,0xCA5A,0xCA5A,0xCA5A,0xCA5A,0xCA5A,0xEB62,0x0B63,0x0B63,0x2C63,0x2C63,0x2C63,
    0x2C63,0x2C63,0x2C63,0x2C63,0x2C63,0x2C63,0x2C63,0x2C63,0x2C63,0x2C63,0x2C63,0x2C63,
    0x8D6B,0x8D73,0x8D73,0xAE73,0xAE73,0xAE73,0xAE73,0xAE73,0xAE73,0xAE73,0xAE73,0xAE73,
    0xCA5A,0xCA5A,0xCA5A,0xCA5A,0xCA5A,0xCA5A,0xCA5A,0xCA5A,0xCA5A,0xCA5A,0xCA5A,0xCA5A,
    0xCA5A,0xCA5A,0xCA5A,0xCA5A,0xCA5A,0xCA5A,0xCA5A,0xCA5A,0xCA5A,0xCA5A,0xCA5A,0xCA5A,
    0xCA5A,0xCA5A,0x8952,0x8952,0x8952,0x4852,0x484A,0x484A,0x484A,0x484A,0x074A,0x074A,
    0xE641,0xE641,0xE641,0xE641,0xE641,0xE641,0xE641,0xE641,0xE641,0xE641,0xE641,0xE641,
    0xE641,0xE641,0x074A,0x074A,0x074A,0x074A,0x074A,0x074A,0x074A,0x074A,0x074A,0x074A,
    0xE641,0x074A,0x074A,0x074A,0xE641,0x074A,0xE641,0xE641,0xE641,0x074A,0xE641,0xE641,
    0xE641,0x074A,0x074A,0xE641,0x074A,0x074A,0xE641,0xE641,0x074A,0x074A,0x074A,0x074A,
    0x074A,0x074A,0x074A,0x074A,0x074A,0x074A,0x074A,0x074A,0x074A,0x074A,0x074A,0x074A,
    0x074A,0x074A,0x074A,0x074A,0x074A,0x074A,0x074A,0x074A,0x074A,0x074A,0x074A,0x074A,
    0x074A,0x074A,0x074A,0x074A,0x074A,0x074A,0x074A,0x074A,0x074A,0x074A,0x074A,0x074A,
    0x074A,0x074A,0x074A,0x074A,0x074A,0x074A,0x074A,0x074A,0x074A,0x074A,0x074A,0x074A,
    0x074A,0x074A,0x074A,0x074A,0x074A,0x074A,0x074A,0x074A,0x074A,0x074A,0x074A,0x074A,
    0x074A,0x074A,0x074A,0x074A,0x074A,0x074A,0x074A,0x074A,0x074A,0x074A,0x074A,0x074A,
    0x074A,0x074A,0x074A,0x074A,0x074A,0x074A,0x074A,0x074A,0x074A,0x074A,0x074A,0x074A,
    0x074A,0x074A,0x2652,0x074A,0x2652,0x2652,0x2652,0x2652,0x2652,0x2652,0x2652,0x2652,
    0x2652,0x4852,0x4852,0x4852,0x4852,0x4852,0x4852,0x4852,0x4852,0x4852,0x4852,0x4852,
    0x4852,0x4852,0x4852,0x4852,0x4852,0x4852,0x4852,0x4852,0x8952,0x8952,0xCA5A,0xCA5A,
    0xCA5A,0xCA5A,0xCA5A,0xCA5A,0xCA5A,0x0B63,0xEB62,0x0B63,0x2C63,0x2C63,0x2C63,0x2C63,
    0x2C63,0x2C63,0x2C63,0x2C63,0x2C63,0x2C63,0x2C63,0x2C63,0x2C63,0x6D73,0x2C63,0x8D73,
    0xAE73,0xAE73,0xAE73,0xAE73,0xAE73,0xAE73,0xAE73,0xAE73,0xAE73,0xAE73,0xAE73,0xAE73,
    0xCA5A,0xCA5A,0xCA5A,0xCA5A,0xCA5A,0xCA5A,0xCA5A,0xCA5A,0xCA5A,0xCA5A,0xCA5A,0xCA5A,
    0xCA5A,0xCA5A,0xCA5A,0xCA5A,0xCA5A,0xCA5A,0xCA5A,0xCA5A,0xCA5A,0xCA5A,0xCA5A,0xCA5A,
    0xCA5A,0xCA5A,0xCA5A,0x8952,0x8952,0x8952,0x4852,0x484A,0x484A,0x484A,0x484A,0x484A,
    0x074A,0x074A,0xE641,0x074A,0xE641,0xE641,0xE641,0xE641,0xE641,0xE641,0x074A,0x074A,
    0x074A,0x074A,0x074A,0x074A,0x074A,0x074A,0x074A,0x074A,0x074A,0x074A,0x074A,0x074A,
    0x074A,0x074A,0x074A,0x074A,0x074A,0x074A,0x074A,0x074A,0x074A,0x074A,0x074A,0x074A,
    0x074A,0x074A,0x074A,0x074A,0x074A,0x074A,0x074A,0x074A,0x074A,0x074A,0x074A,0x074A,
    0x074A,0x074A,0x074A,0x484A,0x074A,0x074A,0x074A,0x074A,0x074A,0x074A,0x074A,0x074A,
    0x074A,0x074A,0x074A,0x074A,0x074A,0x074A,0x074A,0x074A,0x074A,0x074A,0x074A,0x074A,
    0x074A,0x074A,0x074A,0x074A,0x074A,0x074A,0x074A,0x074A,0x074A,0x074A,0x074A,0x074A,
    0x074A,0x074A,0x074A,0x074A,0x074A,0x074A,0x074A,0x074A,0x074A,0x074A,0x074A,0x074A,
    0x074A,0x074A,0x074A,0x074A,0x074A,0x074A,0x074A,0x074A,0x074A,0x074A,0x074A,0x074A,
    0x074A,0x074A,0x074A,0x074A,0x074A,0x074A,0x074A,0x074A,0x074A,0x074A,0x074A,0x074A,
    0x074A,0x074A,0x074A,0x074A,0x074A,0x074A,0x074A,0x074A,0x074A,0x074A,0x074A,0x074A,
    0x074A,0x074A,0x074A,0x074A,0x2652,0x2652,0x2652,0x074A,0x2652,0x4852,0x4852,0x4852,
    0x4852,0x4852,0x4852,0x4852,0x4852,0x4852,0x4852,0x4852,0x4852,0x4852,0x4852,0x4852,
    0x4852,0x4852,0x4852,0x4852,0x4852,0x8952,0x4852,0x8952,0x8952,0xCA5A,0xCA5A,0xCA5A,
    0xCA5A,0xCA5A,0xCA5A,0xCA5A,0xEB62,0x0B63,0x2C63,0x2C63,0x2C63,0x2C63,0x2C63,0x2C63,
    0x2C63,0x2C63,0x2C63,0x2C63,0x2C63,0x2C63,0x2C63,0x2C63,0x8D73,0xAE73,0x8D73,0xAE73,
    0xAE73,0xAE73,0xAE73,0xAE73,0xAE73,0xAE73,0xAE73,0xAE73,0xAE73,0xAE73,0xAE73,0xAE73,
    0xCA5A,0xCA5A,0xCA5A,0xCA5A,0xCA5A,0xCA5A,0xCA5A,0xCA5A,0xCA5A,0xCA5A,0xCA5A,0xCA5A,
    0xCA5A,0xCA5A,0xCA5A,0xCA5A,0xCA5A,0xCA5A,0xCA5A,0xCA5A,0xCA5A,0xCA5A,0xCA5A,0xCA5A,
    0xCA5A,0xCA5A,0xCA5A,0xCA5A,0xCA5A,0x8952,0x8952,0x4852,0x484A,0x484A,0x484A,0x484A,
    0x484A,0x074A,0x074A,0x074A,0x074A,0x074A,0x074A,0x074A,0x074A,0x074A,0x074A,0x074A,
    0x074A,0x074A,0x074A,0x074A,0x074A,0x074A,0x074A,0x074A,0x074A,0x074A,0x074A,0x074A,
    0x074A,0x074A,0x074A,0x074A,0x074A,0x074A,0x074A,0x074A,0x074A,0x074A,0x074A,0x074A,
    0x074A,0x074A,0x074A,0x074A,0x074A,0x074A,0x074A,0x074A,0x074A,0x074A,0x074A,0x074A,
    0x484A,0x484A,0x484A,0x484A,0x484A,0x074A,0x074A,0x484A,0x074A,0x074A,0x074A,0x074A,
    0x074A,0x074A,0x074A,0x074A,0x074A,0x074A,0x074A,0x074A,0x074A,0x074A,0x074A,0x074A,
    0x074A,0x074A,0x074A,0x074A,0x074A,0x074A,0x074A,0x074A,0x074A,0x074A,0x074A,0x074A,
    0x074A,0x074A,0x074A,0x074A,0x074A,0x074A,0x074A,0x074A,0x074A,0x074A,0x074A,0x074A,
    0x074A,0x074A,0x074A,0x074A,0x074A,0x074A,0x074A,0x074A,0x074A,0x074A,0x074A,0x074A,
    0x074A,0x074A,0x074A,0x074A,0x074A,0x074A,0x074A,0x074A,0x074A,0x074A,0x074A,0x074A,
    0x074A,0x074A,0x074A,0x074A,0x074A,0x074A,0x074A,0x074A,0x074A,0x074A,0x074A,0x074A,
    0x074A,0x074A,0x074A,0x074A,0x074A,0x4852,0x4852,0x4852,0x2652,0x4852,0x4852,0x4852,
    0x4852,0x4852,0x4852,0x4852,0x4852,0x4852,0x4852,0x4852,0x4852,0x4852,0x4852,0x4852,
    0x4852,0x4852,0x4852,0x4852,0x8952,0x4852,0x8952,0xCA5A,0xCA5A,0xCA5A,0xCA5A,0xCA5A,
    0xCA5A,0xCA5A,0xCA5A,0xCA5A,0xEB62,0x0B63,0x2C63,0x2C63,0x2C63,0x2C63,0x2C63,0x2C63,
    0x2C63,0x2C63,0x2C63,0x2C63,0x2C63,0x2C63,0x2C63,0x2C63,0xAE73,0x8E6B,0x8D73,0xAE73,
    0xAE73,0xAE73,0xAE73,0xAE73,0xAE73,0xAE73,0xAE73,0xAE73,0xAE73,0xAE73,0xAE73,0xAE73,
    0xCA5A,0xCA5A,0xCA5A,0xCA5A,0xCA5A,0xCA5A,0xCA5A,0xCA5A,0xCA5A,0xCA5A,0xCA5A,0xCA5A,
    0xCA5A,0xCA5A,0xCA5A,0xCA5A,0xCA5A,0xCA5A,0xCA5A,0xCA5A,0xCA5A,0xCA5A,0xCA5A,0xCA5A,
    0xCA5A,0xCA5A,0xCA5A,0xCA5A,0xCA5A,0x8952,0x8952,0x8952,0x4852,0x484A,0x484A,0x484A,
    0x484A,0x484A,0x484A,0x484A,0x484A,0x074A,0x074A,0x074A,0x074A,0x074A,0x074A,0x074A,
    0x074A,0x074A,0x484A,0x074A,0x074A,0x074A,0x484A,0x074A,0x074A,0x074A,0x484A,0x074A,
    0x074A,0x074A,0x074A,0x074A,0x074A,0x074A,0x074A,0x074A,0x074A,0x074A,0x074A,0x074A,
    0x074A,0x484A,0x074A,0x074A,0x484A,0x484A,0x484A,0x484A,0x484A,0x484A,0x484A,0x484A,
    0x484A,0x484A,0x484A,0x484A,0x484A,0x484A,0x484A,0x484A,0x484A,0x484A,0x484A,0x484A,
    0x074A,0x074A,0x074A,0x074A,0x074A,0x074A,0x074A,0x074A,0x074A,0x074A,0x074A,0x074A,
    0x074A,0x074A,0x074A,0x074A,0x074A,0x074A,0x074A,0x074A,0x074A,0x074A,0x074A,0x074A,
    0x074A,0x074A,0x074A,0x074A,0x074A,0x074A,0x074A,0x074A,0x074A,0x074A,0x074A,0x074A,
    0x074A,0x074A,0x074A,0x074A,0x074A,0x074A,0x074A,0x074A,0x074A,0x074A,0x074A,0x074A,
    0x074A,0x074A,0x074A,0x074A,0x074A,0x074A,0x074A,0x074A,0x074A,0x074A,0x074A,0x484A,
    0x484A,0x074A,0x074A,0x074A,0x074A,0x074A,0x074A,0x484A,0x074A,0x074A,0x484A,0x074A,
    0x074A,0x074A,0x484A,0x074A,0x484A,0x4852,0x4852,0x4852,0x4852,0x4852,0x4852,0x4852,
    0x4852,0x4852,0x4852,0x4852,0x4852,0x4852,0x4852,0x4852,0x4852,0x4852,0x8952,0x8952,
    0x8952,0x8952,0x8952,0x4852,0x8952,0x8952,0xCA5A,0xCA5A,0xCA5A,0xCA5A,0xCA5A,0xCA5A,
    0xCA5A,0xCA5A,0xEB62,0x0B63,0x0B63,0x2C63,0x2C63,0x2C63,0x2C63,0x2C63,0x2C63,0x2C63,
    0x2C63,0x2C63,0x2C63,0x2C63,0x2C63,0x6D73,0x6D73,0x8D73,0xAE73,0xAE73,0xAE73,0xAE73,
    0xAE73,0xAE73,0xAE73,0xAE73,0xAE73,0xAE73,0xAE73,0xAE73,0xAE73,0xAE73,0xAE73,0xAE73,
    0xCA5A,0xCA5A,0xCA5A,0xCA5A,0xCA5A,0xCA5A,0xCA5A,0xCA5A,0xCA5A,0xCA5A,0xCA5A,0xCA5A,
    0xCA5A,0xCA5A,0xCA5A,0xCA5A,0xCA5A,0xCA5A,0xCA5A,0xCA5A,0xCA5A,0xCA5A,0xCA5A,0xCA5A,
    0xCA5A,0xCA5A,0xCA5A,0xCA5A,0xCA5A,0xCA5A,0xCA5A,0x8952,0x8952,0x4852,0x484A,0x484A,
    0x484A,0x484A,0x484A,0x484A,0x484A,0x484A,0x484A,0x484A,0x074A,0x484A,0x484A,0x484A,
    0x484A,0x484A,0x484A,0x484A,0x484A,0x484A,0x484A,0x484A,0x484A,0x484A,0x484A,0x484A,
    0x484A,0x484A,0x484A,0x484A,0x074A,0x484A,0x484A,0x484A,0x484A,0x484A,0x484A,0x484A,
    0x484A,0x484A,0x484A,0x484A,0x484A,0x484A,0x484A,0x484A,0x484A,0x484A,0x484A,0x484A,
    0x484A,0x484A,0x484A,0x484A,0x484A,0x484A,0x484A,0x484A,0x484A,0x484A,0x484A,0x484A,
    0x484A,0x484A,0x484A,0x484A,0x484A,0x484A,0x484A,0x074A,0x074A,0x074A,0x074A,0x074A,
    0x074A,0x074A,0x074A,0x074A,0x074A,0x074A,0x074A,0x074A,0x074A,0x074A,0x074A,0x074A,
    0x074A,0x074A,0x074A,0x074A,0x074A,0x074A,0x074A,0x074A,0x074A,0x074A,0x074A,0x074A,
    0x074A,0x074A,0x074A,0x074A,0x074A,0x074A,0x074A,0x074A,0x074A,0x074A,0x074A,0x074A,
    0x074A,0x074A,0x074A,0x074A,0x484A,0x074A,0x074A,0x484A,0x484A,0x074A,0x074A,0x484A,
    0x484A,0x074A,0x484A,0x484A,0x484A,0x074A,0x484A,0x484A,0x074A,0x074A,0x484A,0x074A,
    0x484A,0x484A,0x484A,0x484A,0x484A,0x4852,0x4852,0x4852,0x4852,0x4852,0x4852,0x4852,
    0x4852,0x4852,0x4852,0x4852,0x4852,0x4852,0x4852,0x4852,0x8952,0x8952,0x8952,0x8952,
    0x8952,0x8952,0x8952,0x8952,0xCA5A,0xCA5A,0xCA5A,0xCA5A,0xCA5A,0xCA5A,0xCA5A,0xCA5A,
    0xCA5A,0x0B63,0xEB62,0x0B63,0x2C63,0x2C63,0x2C63,0x2C63,0x2C63,0x2C63,0x2C63,0x2C63,
    0x2C63,0x2C63,0x2C63,0x2C63,0xAE73,0x8D73,0xAE73,0xAE73,0xAE73,0xAE73,0xAE73,0xAE73,
    0xAE73,0xAE73,0xAE73,0xAE73,0xAE73,0xAE73,0xAE73,0xAE73,0xAE73,0xAE73,0xAE73,0xAE73,
    0x0B63,0x0B63,0x0B5B,0xCA5A,0xCA5A,0xCA5A,0xCA5A,0xCA5A,0xCA5A,0xCA5A,0xCA5A,0xCA5A,
    0xCA5A,0xCA5A,0xCA5A,0xCA5A,0xCA5A,0xCA5A,0xCA5A,0xCA5A,0xCA5A,0xCA5A,0xCA5A,0xCA5A,
    0xCA5A,0xCA5A,0xCA5A,0xCA5A,0xCA5A,0xCA5A,0xCA5A,0xCA5A,0x8952,0x8952,0x4852,0x484A,
    0x484A,0x484A,0x484A,0x484A,0x484A,0x484A,0x484A,0x484A,0x484A,0x484A,0x484A,0x484A,
    0x484A,0x484A,0x484A,0x484A,0x484A,0x484A,0x484A,0x484A,0x484A,0x484A,0x484A,0x484A,
    0x484A,0x484A,0x484A,0x484A,0x484A,0x484A,0x484A,0x484A,0x484A,0x484A,0x484A,0x484A,
    0x484A,0x484A,0x484A,0x484A,0x484A,0x484A,0x484A,0x484A,0x484A,0x484A,0x484A,0x484A,
    0x484A,0x484A,0x484A,0x484A,0x484A,0x484A,0x484A,0x484A,0x484A,0x484A,0x484A,0x484A,
    0x484A,0x484A,0x484A,0x484A,0x484A,0x484A,0x484A,0x484A,0x484A,0x484A,0x484A,0x484A,
    0x484A,0x484A,0x484A,0x484A,0x484A,0x484A,0x484A,0x484A,0x484A,0x074A,0x484A,0x484A,
    0x074A,0x074A,0x074A,0x074A,0x074A,0x074A,0x074A,0x074A,0x074A,0x074A,0x074A,0x074A,
    0x074A,0x074A,0x074A,0x074A,0x074A,0x484A,0x074A,0x074A,0x484A,0x074A,0x074A,0x074A,
    0x484A,0x484A,0x484A,0x484A,0x484A,0x074A,0x484A,0x484A,0x484A,0x074A,0x484A,0x484A,
    0x484A,0x074A,0x484A,0x484A,0x484A,0x484A,0x484A,0x484A,0x484A,0x484A,0x484A,0x484A,
    0x484A,0x484A,0x484A,0x484A,0x4852,0x4852,0x4852,0x4852,0x4852,0x4852,0x4852,0x4852,
    0x4852,0x8952,0x4852,0x4852,0x8952,0x4852,0x8952,0x8952,0x8952,0x4852,0x8952,0x8952,
    0x8952,0xCA5A,0xCA5A,0x8952,0xCA5A,0xCA5A,0xCA5A,0xCA5A,0xCA5A,0xCA5A,0xCA5A,0xCA5A,
    0xEB62,0x0B63,0x2C63,0x2C63,0x2C63,0x2C63,0x2C63,0x2C63,0x2C63,0x2C63,0x2C63,0x2C63,
    0x2C63,0x2C63,0x2C63,0x2C63,0xAE73,0xAE73,0xAE73,0xAE73,0xAE73,0xAE73,0xAE73,0xAE73,
    0xAE73,0xAE73,0xAE73,0xAE73,0xAE73,0xAE73,0xAE73,0xAE73,0xAE73,0xAE73,0xAE73,0x3084,
    0x2C63,0x2C63,0x2C63,0x0B5B,0x2C63,0x0C5B,0x0C5B,0xCA5A,0xCA5A,0xCA5A,0xCA5A,0xCA5A,
    0xCA5A,0xCA5A,0xCA5A,0xCA5A,0xCA5A,0xCA5A,0xCA5A,0xCA5A,0xCA5A,0xCA5A,0xCA5A,0xCA5A,
    0xCA5A,0xCA5A,0xCA5A,0xCA5A,0xCA5A,0xCA5A,0xCA5A,0xCA5A,0xCA5A,0x8952,0x8952,0x8952,
    0x484A,0x484A,0x484A,0x484A,0x484A,0x484A,0x484A,0x484A,0x484A,0x484A,0x484A,0x484A,
    0x484A,0x484A,0x484A,0x484A,0x484A,0x484A,0x484A,0x484A,0x484A,0x484A,0x484A,0x484A,
    0x484A,0x484A,0x484A,0x484A,0x484A,0x484A,0x484A,0x484A,0x484A,0x484A,0x484A,0x484A,
    0x484A,0x484A,0x484A,0x484A,0x484A,0x484A,0x484A,0x484A,0x484A,0x484A,0x484A,0x484A,
    0x484A,0x484A,0x484A,0x484A,0x484A,0x484A,0x484A,0x484A,0x484A,0x484A,0x484A,0x484A,
    0x484A,0x484A,0x484A,0x484A,0x484A,0x484A,0x484A,0x484A,0x484A,0x484A,0x484A,0x484A,
    0x484A,0x484A,0x484A,0x484A,0x484A,0x484A,0x484A,0x484A,0x484A,0x484A,0x484A,0x074A,
    0x074A,0x484A,0x484A,0x484A,0x484A,0x484A,0x484A,0x484A,0x074A,0x484A,0x074A,0x484A,
    0x074A,0x484A,0x484A,0x484A,0x484A,0x484A,0x484A,0x484A,0x484A,0x484A,0x484A,0x484A,
    0x484A,0x484A,0x484A,0x484A,0x484A,0x484A,0x484A,0x484A,0x484A,0x484A,0x484A,0x484A,
    0x484A,0x484A,0x484A,0x484A,0x484A,0x484A,0x484A,0x484A,0x484A,0x484A,0x484A,0x484A,
    0x484A,0x484A,0x4852,0x4852,0x4852,0x4852,0x4852,0x4852,0x4852,0x4852,0x4852,0x4852,
    0x8952,0x8952,0x8952,0x4852,0x8952,0x4852,0x8952,0x8952,0x8952,0x8952,0xCA5A,0x8952,
    0xCA5A,0xCA5A,0xCA5A,0xCA5A,0xCA5A,0xCA5A,0xCA5A,0xCA5A,0xCA5A,0xCA5A,0xEB62,0xCA5A,
    0xEB62,0x2C63,0x2C63,0x2C63,0x2C63,0x2C63,0x2C63,0x2C63,0x2C63,0x2C63,0x2C63,0x2C63,
    0x2C63,0x8D73,0xAE73,0x6E73,0xAE73,0xAE73,0xAE73,0xAE73,0xAE73,0xAE73,0xAE73,0xAE73,
    0xAE73,0xAE73,0xAE73,0xAE73,0xAE73,0xAE73,0xAE73,0xAE73,0xAE73,0xF07B,0x107C,0x3084,
    0x2C63,0x2C63,0x2C63,0x2C63,0x2C63,0x0C5B,0xEB62,0x2C63,0x0C5B,0x0B5B,0xCA5A,0xCA5A,
    0xCA5A,0xCA5A,0xCA5A,0xCA5A,0xCA5A,0xCA5A,0xCA5A,0xCA5A,0xCA5A,0xCA5A,0xCA5A,0xCA5A,
    0xCA5A,0xCA5A,0xCA5A,0xCA5A,0xCA5A,0xCA5A,0xCA5A,0xCA5A,0xCA5A,0xCA5A,0x8952,0x8952,
    0x8952,0x4852,0x484A,0x484A,0x484A,0x484A,0x484A,0x484A,0x484A,0x484A,0x484A,0x484A,
    0x484A,0x484A,0x484A,0x484A,0x484A,0x484A,0x484A,0x484A,0x484A,0x484A,0x484A,0x484A,
    0x484A,0x484A,0x484A,0x484A,0x484A,0x484A,0x484A,0x484A,0x484A,0x484A,0x484A,0x484A,
    0x484A,0x484A,0x484A,0x484A,0x484A,0x484A,0x484A,0x484A,0x484A,0x484A,0x484A,0x484A,
    0x484A,0x484A,0x484A,0x484A,0x484A,0x484A,0x484A,0x484A,0x484A,0x484A,0x484A,0x484A,
    0x484A,0x484A,0x484A,0x484A,0x484A,0x484A,0x484A,0x484A,0x484A,0x484A,0x484A,0x484A,
    0x484A,0x484A,0x484A,0x484A,0x484A,0x484A,0x484A,0x484A,0x484A,0x484A,0x484A,0x484A,
    0x484A,0x484A,0x484A,0x484A,0x484A,0x484A,0x484A,0x484A,0x484A,0x484A,0x484A,0x484A,
    0x484A,0x484A,0x484A,0x484A,0x484A,0x484A,0x484A,0x484A,0x484A,0x484A,0x484A,0x484A,
    0x484A,0x484A,0x484A,0x484A,0x484A,0x484A,0x484A,0x484A,0x484A,0x484A,0x484A,0x484A,
    0x484A,0x484A,0x484A,0x484A,0x484A,0x484A,0x484A,0x484A,0x484A,0x484A,0x484A,0x484A,
    0x484A,0x4852,0x4852,0x4852,0x4852,0x4852,0x4852,0x4852,0x4852,0x8952,0x4852,0x8952,
    0x4852,0x8952,0x8952,0x4852,0x8952,0x8952,0x8952,0x8952,0xCA5A,0xCA5A,0xCA5A,0xCA5A,
    0xCA5A,0xCA5A,0xCA5A,0xCA5A,0xCA5A,0xCA5A,0xCA5A,0xCA5A,0xCA5A,0xEB62,0x0B63,0x0B63,
    0x2C63,0x2C63,0x2C63,0x2C63,0x2C63,0x2C63,0x2C63,0x2C63,0x2C63,0x2C63,0x2C63,0x2C63,
    0x8D73,0xAE73,0xAE73,0xAE73,0xAE73,0xAE73,0xAE73,0xAE73,0xAE73,0xAE73,0xAE73,0xAE73,
    0xAE73,0xAE73,0xAE73,0xAE73,0xAE73,0xAE73,0xAE73,0x3084,0x107C,0x107C,0x3084,0x3084,
    0x2C63,0x2C63,0x2C63,0x2C63,0x2C63,0x2C63,0x2C63,0x2C63,0xEC62,0x2C63,0x0B63,0x0B5B,
    0x0C5B,0x0B63,0xCA5A,0xCA5A,0xCA5A,0xCA5A,0xCA5A,0xCA5A,0xCA5A,0xCA5A,0xCA5A,0xCA5A,
    0xCA5A,0xCA5A,0xCA5A,0xCA5A,0xCA5A,0xCA5A,0xCA5A,0xCA5A,0xCA5A,0xCA5A,0xCA5A,0xCA5A,
    0x8952,0x8952,0x8952,0x4852,0x484A,0x484A,0x484A,0x484A,0x484A,0x484A,0x484A,0x484A,
    0x484A,0x484A,0x484A,0x484A,0x484A,0x484A,0x484A,0x484A,0x484A,0x484A,0x484A,0x484A,
    0x484A,0x484A,0x484A,0x484A,0x484A,0x484A,0x484A,0x484A,0x484A,0x484A,0x484A,0x484A,
    0x484A,0x484A,0x484A,0x484A,0x484A,0x484A,0x484A,0x484A,0x484A,0x484A,0x484A,0x484A,
    0x484A,0x484A,0x484A,0x484A,0x484A,0x484A,0x484A,0x484A,0x484A,0x484A,0x484A,0x484A,
    0x484A,0x484A,0x484A,0x484A,0x484A,0x484A,0x484A,0x484A,0x484A,0x484A,0x484A,0x484A,
    0x484A,0x484A,0x484A,0x484A,0x484A,0x484A,0x484A,0x484A,0x484A,0x484A,0x484A,0x484A,
    0x484A,0x484A,0x484A,0x484A,0x484A,0x484A,0x484A,0x484A,0x484A,0x484A,0x484A,0x484A,
    0x484A,0x484A,0x484A,0x484A,0x484A,0x484A,0x484A,0x484A,0x484A,0x484A,0x484A,0x484A,
    0x484A,0x484A,0x484A,0x484A,0x484A,0x484A,0x484A,0x484A,0x484A,0x484A,0x484A,0x4852,
    0x484A,0x484A,0x484A,0x484A,0x484A,0x484A,0x4852,0x4852,0x484A,0x4852,0x4852,0x4852,
    0x4852,0x4852,0x4852,0x4852,0x4852,0x4852,0x8952,0x8952,0x4852,0x8952,0x8952,0x8952,
    0x8952,0x8952,0x8952,0x8952,0x8952,0xCA5A,0xCA5A,0xCA5A,0xCA5A,0xCA5A,0xCA5A,0xCA5A,
    0xCA5A,0xCA5A,0xCA5A,0xCA5A,0xCA5A,0xCA5A,0xCA5A,0xCA5A,0xCA5A,0x0B63,0x0B63,0x2C63,
    0x2C63,0x2C63,0x2C63,0x2C63,0x2C63,0x2C63,0x2C63,0x2C63,0x2C63,0x2C63,0x2C63,0x2C63,
    0x8D6B,0xAE73,0xAE73,0xAE73,0xAE73,0xAE73,0xAE73,0xAE73,0xAE73,0xAE73,0xAE73,0xAE73,
    0xAE73,0xAE73,0xAE73,0xAE73,0xAE73,0xAE73,0x107C,0x3084,0x3084,0x107C,0x3084,0x3084,
    0x2C63,0x2C63,0x2C63,0x2C63,0x2C63,0x2C63,0x2C63,0x2C63,0x2C63,0x2C63,0x0B5B,0xEC62,
    0x0B5B,0x0B5B,0xCA5A,0xCA5A,0xCA5A,0xCA5A,0xCA5A,0xCA5A,0xCA5A,0xCA5A,0xCA5A,0xCA5A,
    0xCA5A,0xCA5A,0xCA5A,0xCA5A,0xCA5A,0xCA5A,0xCA5A,0xCA5A,0xCA5A,0xCA5A,0xCA5A,0xCA5A,
    0xCA5A,0x8952,0x8952,0x8952,0x4852,0x484A,0x484A,0x484A,0x484A,0x484A,0x484A,0x484A,
    0x484A,0x484A,0x484A,0x484A,0x484A,0x484A,0x484A,0x484A,0x484A,0x484A,0x484A,0x484A,
    0x484A,0x484A,0x484A,0x484A,0x484A,0x484A,0x484A,0x484A,0x484A,0x484A,0x484A,0x484A,
    0x484A,0x484A,0x484A,0x484A,0x484A,0x484A,0x484A,0x484A,0x484A,0x484A,0x484A,0x484A,
    0x484A,0x484A,0x484A,0x484A,0x484A,0x484A,0x484A,0x484A,0x484A,0x484A,0x484A,0x484A,
    0x484A,0x484A,0x484A,0x484A,0x484A,0x484A,0x484A,0x484A,0x484A,0x484A,0x484A,0x484A,
    0x484A,0x484A,0x484A,0x484A,0x484A,0x484A,0x484A,0x484A,0x484A,0x484A,0x484A,0x484A,
    0x484A,0x484A,0x484A,0x484A,0x484A,0x484A,0x484A,0x484A,0x484A,0x484A,0x484A,0x484A,
    0x484A,0x484A,0x484A,0x484A,0x484A,0x484A,0x484A,0x484A,0x484A,0x484A,0x484A,0x484A,
    0x484A,0x484A,0x484A,0x484A,0x484A,0x484A,0x484A,0x4852,0x484A,0x484A,0x484A,0x4852,
    0x484A,0x484A,0x484A,0x4852,0x4852,0x4852,0x4852,0x4852,0x4852,0x4852,0x4852,0x4852,
    0x484A,0x4852,0x8952,0x4852,0x8952,0x8952,0x4852,0x8952,0x8952,0x8952,0x8952,0x8952,
    0x8952,0xCA5A,0xCA5A,0xCA5A,0xCA5A,0xCA5A,0xCA5A,0xCA5A,0xCA5A,0xCA5A,0xCA5A,0xCA5A,
    0xCA5A,0xCA5A,0xCA5A,0xCA5A,0xCA5A,0xCA5A,0xCA5A,0xCA5A,0xCA5A,0x0B63,0x2C63,0x2C63,
    0x2C63,0x2C63,0x2C63,0x2C63,0x2C63,0x2C63,0x2C63,0x2C63,0x2C63,0x8D6B,0xAE73,0xAE73,
    0x8E6B,0xAE73,0xAE73,0xAE73,0xAE73,0xAE73,0xAE73,0xAE73,0xAE73,0xAE73,0xAE73,0xAE73,
    0xAE73,0xAE73,0xAE73,0xAE73,0x3084,0x0F7C,0xF083,0x3084,0x3084,0x3084,0x3084,0x3084,
    0x2C63,0x2C63,0x2C63,0x2C63,0x2C63,0x2C63,0x2C63,0x2C63,0x2C63,0x2C63,0x2C63,0x2C63,
    0x2C63,0x2C63,0x0B63,0x2C63,0x0B63,0x0B63,0xCA5A,0xCA5A,0xCA5A,0xCA5A,0xCA5A,0xCA5A,
    0xCA5A,0xCA5A,0xCA5A,0xCA5A,0xCA5A,0xCA5A,0xCA5A,0xCA5A,0xCA5A,0xCA5A,0xCA5A,0xCA5A,
    0xCA5A,0xCA5A,0xCA5A,0x8952,0x8952,0x8952,0x4852,0x4852,0x4852,0x4852,0x4852,0x4852,
    0x4852,0x4852,0x4852,0x4852,0x484A,0x484A,0x484A,0x484A,0x484A,0x484A,0x484A,0x484A,
    0x484A,0x484A,0x484A,0x484A,0x484A,0x484A,0x484A,0x484A,0x484A,0x484A,0x484A,0x484A,
    0x484A,0x484A,0x484A,0x484A,0x484A,0x4852,0x484A,0x484A,0x484A,0x484A,0x484A,0x484A,
    0x4852,0x484A,0x484A,0x8952,0x4852,0x4852,0x4852,0x4852,0x4852,0x484A,0x4852,0x4852,
    0x484A,0x484A,0x484A,0x484A,0x484A,0x484A,0x484A,0x484A,0x484A,0x484A,0x484A,0x484A,
    0x484A,0x484A,0x484A,0x484A,0x484A,0x484A,0x484A,0x484A,0x484A,0x484A,0x484A,0x484A,
    0x484A,0x484A,0x484A,0x484A,0x484A,0x484A,0x484A,0x484A,0x484A,0x4852,0x4852,0x484A,
    0x484A,0x4852,0x484A,0x484A,0x484A,0x4852,0x4852,0x484A,0x4852,0x4852,0x4852,0x484A,
    0x4852,0x4852,0x4852,0x4852,0x4852,0x4852,0x4852,0x4852,0x4852,0x4852,0x4852,0x4852,
    0x4852,0x4852,0x4852,0x8952,0x4852,0x4852,0x8952,0x8952,0x4852,0x8952,0x8952,0x8952,
    0x8952,0x8952,0x8952,0x8952,0x8952,0x8952,0x8952,0x8952,0x8952,0xCA5A,0xCA5A,0xCA5A,
    0xCA5A,0xCA5A,0xCA5A,0xCA5A,0xCA5A,0xCA5A,0xCA5A,0xCA5A,0xCA5A,0xCA5A,0xCA5A,0xCA5A,
    0xCA5A,0xCA5A,0xCA5A,0xCA5A,0xCA5A,0xCA5A,0x0B63,0x0B63,0x0B63,0x2C63,0x2C63,0x2C63,
    0x2C63,0x2C63,0x2C63,0x2C63,0x2C63,0x2C63,0x2C63,0x2C63,0x8D73,0x8D73,0xAE73,0xAE73,
    0xAE73,0xAE73,0xAE73,0xAE73,0xAE73,0xAE73,0xAE73,0xAE73,0xAE73,0xAE73,0xAE73,0xAE73,
    0xAE73,0xAE73,0xAE73,0x3084,0x3084,0x3084,0x3084,0x3084,0x3084,0x3084,0x3084,0x3084,
    0x2C63,0x2C63,0x2C63,0x2C63,0x2C63,0x2C63,0x2C63,0x2C63,0x2C63,0x2C63,0x2C63,0x2C63,
    0x2C63,0x2C63,0x2C63,0x2C63,0x0B63,0x0B63,0x0B5B,0x2C63,0xCA5A,0xCA5A,0xCA5A,0xCA5A,
    0xCA5A,0xCA5A,0xCA5A,0xCA5A,0xCA5A,0xCA5A,0xCA5A,0xCA5A,0xCA5A,0xCA5A,0xCA5A,0xCA5A,
    0xCA5A,0xCA5A,0xCA5A,0xCA5A,0xCA5A,0x8952,0x8952,0x8952,0x8952,0x8952,0x8952,0x8952,
    0x8952,0x8952,0x8952,0x8952,0x4852,0x4852,0x4852,0x4852,0x484A,0x484A,0x484A,0x4852,
    0x484A,0x484A,0x4852,0x484A,0x484A,0x484A,0x484A,0x484A,0x484A,0x4852,0x4852,0x484A,
    0x4852,0x4852,0x4852,0x4852,0x8952,0x8952,0x4852,0x4852,0x8952,0x8952,0x484A,0x8952,
    0x8952,0x8952,0x8952,0x8952,0x8952,0x894A,0x8952,0x8952,0x8952,0x8952,0x8952,0x8952,
    0x4852,0x4852,0x4852,0x4852,0x4852,0x4852,0x4852,0x484A,0x484A,0x4852,0x4852,0x4852,
    0x484A,0x4852,0x484A,0x484A,0x484A,0x484A,0x4852,0x484A,0x484A,0x4852,0x484A,0x484A,
    0x484A,0x4852,0x4852,0x4852,0x484A,0x484A,0x4852,0x484A,0x4852,0x4852,0x4852,0x4852,
    0x4852,0x4852,0x4852,0x484A,0x4852,0x4852,0x4852,0x4852,0x4852,0x4852,0x4852,0x4852,
    0x4852,0x4852,0x4852,0x4852,0x4852,0x4852,0x4852,0x8952,0x8952,0x4852,0x4852,0x8952,
    0x8952,0x8952,0x8952,0x8952,0x8952,0x4852,0x8952,0x8952,0x4852,0x8952,0x8952,0x8952,
    0x8952,0x8952,0x8952,0x8952,0x8952,0xCA5A,0xCA5A,0xCA5A,0xCA5A,0xCA5A,0xCA5A,0xCA5A,
    0xCA5A,0xCA5A,0xCA5A,0xCA5A,0xCA5A,0xCA5A,0xCA5A,0xCA5A,0xCA5A,0xCA5A,0xCA5A,0xCA5A,
    0xCA5A,0xCA5A,0xCA5A,0xCA5A,0xCA5A,0x0B63,0x0B63,0x2C63,0x2C63,0x2C63,0x2C63,0x2C63,
    0x2C63,0x2C63,0x2C63,0x2C63,0x2C63,0x2C63,0x2C63,0x8D73,0x8D73,0xAE73,0xAE73,0xAE73,
    0xAE73,0xAE73,0xAE73,0xAE73,0xAE73,0xAE73,0xAE73,0xAE73,0xAE73,0xAE73,0xAE73,0xAE73,
    0xAE73,0xAE73,0xAE73,0x3084,0x3084,0x3084,0x3084,0x3084,0x3084,0x3084,0x3084,0x3084,
    0x2C63,0x2C63,0x2C63,0x2C63,0x2C63,0x2C63,0x2C63,0x2C63,0x2C63,0x2C63,0x2C63,0x2C63,
    0x2C63,0x2C63,0x2C63,0x2C63,0x2C63,0x2C63,0x2C63,0x2C63,0xEC5A,0x2C63,0x0B5B,0xCA5A,
    0xCA5A,0xCA5A,0xCA5A,0xCA5A,0xCA5A,0xCA5A,0xCA5A,0xCA5A,0xCA5A,0xCA5A,0xCA5A,0xCA5A,
    0xCA5A,0xCA5A,0xCA5A,0xCA5A,0xCA5A,0xCA5A,0xCA5A,0xCA5A,0xCA5A,0xCA5A,0xCA5A,0xCA5A,
    0x8952,0x8952,0x8952,0x8952,0x8952,0x8952,0x8952,0x8952,0x8952,0x8952,0x8952,0x8952,
    0x4852,0x8952,0x8952,0x8952,0x8952,0x8952,0x8952,0x8952,0x8952,0x8952,0x8952,0x894A,
    0x8952,0x8952,0x8952,0x8952,0x8952,0x8952,0x8952,0x8952,0x8952,0x8952,0x8952,0x8952,
    0x8952,0x4852,0x8952,0x8952,0x8952,0x8952,0x8952,0x8952,0x8952,0x8952,0x8952,0x8952,
    0x8952,0x8952,0x8952,0x8952,0x8952,0x4852,0x8952,0x4852,0x4852,0x4852,0x8952,0x4852,
    0x4852,0x4852,0x4852,0x4852,0x4852,0x4852,0x4852,0x4852,0x4852,0x4852,0x4852,0x4852,
    0x4852,0x4852,0x4852,0x4852,0x4852,0x4852,0x4852,0x4852,0x4852,0x4852,0x4852,0x4852,
    0x4852,0x4852,0x4852,0x4852,0x4852,0x4852,0x4852,0x4852,0x4852,0x4852,0x4852,0x4852,
    0x8952,0x4852,0x4852,0x8952,0x8952,0x8952,0x8952,0x8952,0x8952,0x8952,0x4852,0x8952,
    0x8952,0x8952,0x8952,0x8952,0x8952,0x8952,0x8952,0x8952,0x8952,0x8952,0xCA5A,0xCA5A,
    0x8952,0xCA5A,0xCA5A,0xCA5A,0xCA5A,0xCA5A,0xCA5A,0xCA5A,0xCA5A,0xCA5A,0xCA5A,0xCA5A,
    0xCA5A,0xCA5A,0xCA5A,0xCA5A,0xCA5A,0xCA5A,0xCA5A,0xCA5A,0xCA5A,0xCA5A,0xCA5A,0xCA5A,
    0xCA5A,0xCA5A,0xCA5A,0xCA5A,0x0B5B,0x0B63,0x2C63,0x2C63,0x2C63,0x2C63,0x2C63,0x2C63,
    0x2C63,0x2C63,0x2C63,0x2C63,0x2C63,0x8D6B,0xAE73,0x8D73,0x8D73,0xAE73,0xAE73,0xAE73,
    0xAE73,0xAE73,0xAE73,0xAE73,0xAE73,0xAE73,0xAE73,0xAE73,0xAE73,0xAE73,0xAE73,0xAE73,
    0x107C,0x107C,0xF083,0x3084,0x3084,0x3084,0x3084,0x3084,0x3084,0x3084,0x3084,0x3084,
    0x2C63,0x2C63,0x2C63,0x2C63,0x2C63,0x2C63,0x2C63,0x2C63,0x2C63,0x2C63,0x2C63,0x2C63,
    0x2C63,0x2C63,0x2C63,0x2C63,0x2C63,0x2C63,0x2C63,0x2C63,0x2C63,0x0B63,0x0B5B,0xEB62,
    0xCA5A,0xCA5A,0xCA5A,0xCA5A,0xCA5A,0xCA5A,0xCA5A,0xCA5A,0xCA5A,0xCA5A,0xCA5A,0xCA5A,
    0xCA5A,0xCA5A,0xCA5A,0xCA5A,0xCA5A,0xCA5A,0xCA5A,0xCA5A,0xCA5A,0xCA5A,0xCA5A,0xCA5A,
    0xCA5A,0xCA5A,0xCA5A,0xCA5A,0x8952,0x8952,0x8952,0x8952,0x8952,0x8952,0x8952,0x8952,
    0x8952,0x8952,0x8952,0x8952,0x8952,0x8952,0x8952,0x8952,0x8952,0x8952,0x8952,0x8952,
    0x8952,0x8952,0x8952,0x8952,0xCA5A,0xCA5A,0xCA5A,0x8952,0xCA5A,0x8952,0x8952,0xCA5A,
    0xCA5A,0xCA5A,0xCA5A,0xCA5A,0xCA5A,0x8952,0x8952,0xCA5A,0xCA5A,0x8952,0x8952,0x8952,
    0x8952,0x8952,0x8952,0x8952,0x8952,0x8952,0x8952,0x8952,0x8952,0x8952,0x8952,0x8952,
    0x8952,0x8952,0x8952,0x8952,0x8952,0x8952,0x4852,0x8952,0x8952,0x8952,0x4852,0x4852,
    0x4852,0x4852,0x4852,0x4852,0x4852,0x4852,0x8952,0x4852,0x8952,0x8952,0x8952,0x8952,
    0x8952,0x8952,0x8952,0x8952,0x8952,0x8952,0x8952,0x8952,0x8952,0x8952,0x8952,0x8952,
    0x8952,0x8952,0x8952,0x8952,0x8952,0x8952,0x8952,0x8952,0x8952,0x8952,0x8952,0xCA5A,
    0xCA5A,0x8952,0x8952,0xCA5A,0xCA5A,0x8952,0xCA5A,0xCA5A,0xCA5A,0xCA5A,0xCA5A,0xCA5A,
    0xCA5A,0xCA5A,0xCA5A,0xCA5A,0xCA5A,0xCA5A,0xCA5A,0xCA5A,0xCA5A,0xCA5A,0xCA5A,0xCA5A,
    0xCA5A,0xCA5A,0xCA5A,0xCA5A,0xCA5A,0xCA5A,0xCA5A,0xCA5A,0xCA5A,0xCA5A,0xCA5A,0xCA5A,
    0xCA5A,0x0B63,0x0B63,0x0B63,0x0B63,0x2C63,0x2C63,0x2C63,0x2C63,0x2C63,0x2C63,0x2C63,
    0x2C63,0x2C63,0x2C63,0x2C63,0x2C63,0xAE73,0xAE73,0xAE73,0xAE73,0xAE73,0xAE73,0xAE73,
    0xAE73,0xAE73,0xAE73,0xAE73,0xAE73,0xAE73,0xAE73,0xAE73,0xAE73,0xAE73,0xAE73,0x3084,
    0x3084,0x3084,0x3084,0x3084,0x3084,0x3084,0x3084,0x3084,0x3084,0x3084,0x3084,0x3084,

};

static const lv_img_dsc_t grudge_header_dsc = {
    { LV_IMG_CF_TRUE_COLOR, 0, 0, 240, 80 },
    38400,
    (const uint8_t*)grudge_header
};

#endif /* GRUDA_IMG_GRUDGE_HEADER_H */
