/* Auto-generated by GRUDA img_to_c.py */
/* 1 frame(s), 120x120 RGB565 */
#ifndef GRUDA_IMG_GRUDGE_LOGO_H
#define GRUDA_IMG_GRUDGE_LOGO_H

#include <pgmspace.h>
#include <lvgl.h>

#define GRUDGE_LOGO_W 120
#define GRUDGE_LOGO_H 120
#define GRUDGE_LOGO_FRAMES 1

static const uint16_t grudge_logo[] PROGMEM = {
    0x40E1,0x40E1,0x40E1,0x40E1,0x40E1,0x40E1,0x40E1,0x40E1,0x40E1,0x40E1,0x60F1,0xC0F1,
    0xC0F1,0xC0F1,0xC0F1,0xC0F1,0xC0F1,0xC0F1,0xC0F1,0x20FA,0x20FA,0x20FA,0x20FA,0x20FA,
    0x20FA,0xA0FA,0xA0FA,0xA0FA,0xA0FA,0xA0FA,0xA0FA,0xA0FA,0xA0FA,0xA0FA,0xA0FA,0xA0FA,
    0x40FB,0x40FB,0x40FB,0x40FB,0x40FB,0x40FB,0x40FB,0x40FB,0x40FB,0x40FB,0x40FB,0xC0FB,
    0xC0FB,0xC0FB,0xC0FB,0xC0FB,0xC0FB,0xC0FB,0xC0FB,0xC0FB,0xC0FB,0xC0FB,0xC0FB,0xC0FB,
    0xC0FB,0xC0FB,0xC0FB,0xC0FB,0xC0FB,0xC0FB,0xC0FB,0xC0FB,0xC0FB,0xC0FB,0xC0FB,0xC0FB,
    0xC0FB,0xC0FB,0xC0FB,0x40FB,0x40FB,0x40FB,0x40FB,0x40FB,0x40FB,0x40FB,0x40FB,0x40FB,
    0x40FB,0x40FB,0x40FB,0x40FB,0xA0FA,0xA0FA,0xA0FA,0xA0FA,0xA0FA,0xA0FA,0xA0FA,0xA0FA,
    0xA0FA,0x20FA,0x20FA,0x20FA,0x20FA,0x20FA,0x20FA,0xC0F1,0xC0F1,0xC0F1,0xC0F1,0xC0F1,
    0xC0F1,0xC0F1,0x80E9,0x40E1,0x40E1,0x40E1,0x40E1,0x40E1,0x40E1,0x40E1,0x40E1,0x40E1,
    0x40E1,0x40E1,0x40E1,0x40E1,0x40E1,0x40E1,0x40E1,0x40E1,0x40E1,0x40E1,0xC0F1,0xC0F1,
    0xC0F1,0xC0F1,0xC0F1,0xC0F1,0xC0F1,0xC0F1,0xC0F1,0x20FA,0x20FA,0x20FA,0x20FA,0x20FA,
    0x20FA,0xA0FA,0xA0FA,0xA0FA,0xA0FA,0xA0FA,0xA0FA,0xA0FA,0xA0FA,0xA0FA,0xA0FA,0x40FB,
    0x40FB,0x40FB,0x40FB,0x40FB,0x40FB,0x40FB,0x40FB,0x40FB,0x40FB,0x40FB,0xC0FB,0xC0FB,
    0xC0FB,0xC0FB,0xC0FB,0xC0FB,0xC0FB,0xC0FB,0xC0FB,0xC0FB,0xC0FB,0xC0FB,0xC0FB,0xC0FB,
    0x20FC,0xC0FB,0xC0FB,0xC0FB,0xC0FB,0xC0FB,0xC0FB,0xC0FB,0xC0FB,0xC0FB,0xC0FB,0xC0FB,
    0xC0FB,0xC0FB,0xC0FB,0xC0FB,0x40FB,0x40FB,0x40FB,0x40FB,0x40FB,0x40FB,0x40FB,0x40FB,
    0x40FB,0x40FB,0x40FB,0x40FB,0xA0FA,0xA0FA,0xA0FA,0xA0FA,0xA0FA,0xA0FA,0xA0FA,0xA0FA,
    0xA0FA,0x20FA,0x20FA,0x20FA,0x20FA,0x20FA,0x20FA,0xC0F1,0xC0F1,0xC0F1,0xC0F1,0xC0F1,
    0xC0F1,0xC0F1,0x80E9,0x40E1,0x40E1,0x40E1,0x40E1,0x40E1,0x40E1,0x40E1,0x40E1,0x40E1,
    0x40E1,0x40E1,0x40E1,0x40E1,0x40E1,0x40E1,0x40E1,0x40E1,0x40E1,0x40E1,0xC0F1,0xC0F1,
    0xC0F1,0xC0F1,0xC0F1,0xC0F1,0xC0F1,0xC0F1,0x20FA,0x20FA,0x20FA,0x20FA,0x20FA,0x20FA,
    0xA0FA,0xA0FA,0xA0FA,0xA0FA,0xA0FA,0xA0FA,0xA0FA,0xA0FA,0xA0FA,0x40FB,0x40FB,0x40FB,
    0x40FB,0x40FB,0x40FB,0x40FB,0x40FB,0x40FB,0x40FB,0x40FB,0xC0FB,0x40FB,0xC0FB,0xC0FB,
    0xC0FB,0xC0FB,0xC0FB,0xC0FB,0xC0FB,0xC0FB,0xC0FB,0xC0FB,0xC0FB,0xC0FB,0x20FC,0x20FC,
    0x20FC,0x20FC,0x20FC,0x20FC,0xC0FB,0x20FC,0xC0FB,0xC0FB,0xC0FB,0xC0FB,0xC0FB,0xC0FB,
    0xC0FB,0xC0FB,0xC0FB,0xC0FB,0x40FB,0x40FB,0x40FB,0x40FB,0x40FB,0x40FB,0x40FB,0x40FB,
    0x40FB,0x40FB,0x40FB,0x40FB,0x40FB,0x40FB,0xA0FA,0xA0FA,0xA0FA,0xA0FA,0xA0FA,0xA0FA,
    0xA0FA,0xA0FA,0x20FA,0x20FA,0x20FA,0x20FA,0x20FA,0xC0F1,0xC0F1,0xC0F1,0xC0F1,0xC0F1,
    0xC0F1,0xC0F1,0x80E9,0x80E9,0x40E1,0x40E1,0x40E1,0x40E1,0x40E1,0x40E1,0x40E1,0x40E1,
    0x40E1,0x40E1,0x40E1,0x40E1,0x40E1,0x40E1,0x40E1,0x40E1,0x40E1,0x40E1,0xC0F1,0xC0F1,
    0xC0F1,0xC0F1,0xC0F1,0xC0F1,0xC0F1,0xC0F1,0x20FA,0x20FA,0x20FA,0x20FA,0x20FA,0xA0FA,
    0xA0FA,0xA0FA,0xA0FA,0xA0FA,0xA0FA,0xA0FA,0x40FB,0x40FB,0x40FB,0x40FB,0x40FB,0x40FB,
    0x40FB,0x40FB,0x40FB,0x40FB,0x40FB,0x40FB,0xC0FB,0xC0FB,0xC0FB,0xC0FB,0xC0FB,0xC0FB,
    0xC0FB,0xC0FB,0xC0FB,0xC0FB,0x20FC,0x20FC,0x20FC,0x20FC,0x20FC,0x20FC,0x20FC,0x20FC,
    0x20FC,0x20FC,0x20FC,0x20FC,0x20FC,0x20FC,0x20FC,0x20FC,0x20FC,0x20FC,0xC0FB,0xC0FB,
    0xC0FB,0xC0FB,0xC0FB,0xC0FB,0xC0FB,0xC0FB,0x40FB,0x40FB,0x40FB,0x40FB,0x40FB,0x40FB,
    0x40FB,0x40FB,0x40FB,0x40FB,0x40FB,0x40FB,0x40FB,0x40FB,0xA0FA,0xA0FA,0xA0FA,0xA0FA,
    0xA0FA,0xA0FA,0x20FA,0x20FA,0x20FA,0x20FA,0x20FA,0x20FA,0xC0F1,0xC0F1,0xC0F1,0xC0F1,
    0xC0F1,0xC0F1,0xC0F1,0x80E9,0x40E1,0x40E1,0x40E1,0x40E1,0x40E1,0x40E1,0x40E1,0x40E1,
    0x40E1,0x40E1,0x40E1,0x40E1,0x40E1,0x40E1,0x40E1,0x40E1,0x40E1,0x40E1,0xC0F1,0xC0F1,
    0xC0F1,0xC0F1,0xC0F1,0xC0F1,0xC0F1,0x20FA,0x20FA,0x20FA,0x20FA,0x20FA,0x20FA,0xA0FA,
    0xA0FA,0xA0FA,0xA0FA,0xA0FA,0xA0FA,0x40FB,0x40FB,0x40FB,0x40FB,0x40FB,0x40FB,0x40FB,
    0x40FB,0x40FB,0x40FB,0x40FB,0x40FB,0xC0FB,0xC0FB,0xC0FB,0xC0FB,0xC0FB,0xC0FB,0xC0FB,
    0xC0FB,0x20FC,0x20FC,0x20FC,0x20FC,0x20FC,0x20FC,0x20FC,0x20FC,0x20FC,0x20FC,0x20FC,
    0x20FC,0x20FC,0x20FC,0x20FC,0x20FC,0x20FC,0x20FC,0x20FC,0x20FC,0x20FC,0x20FC,0x20FC,
    0xC0FB,0xC0FB,0xC0FB,0xC0FB,0xC0FB,0xC0FB,0xC0FB,0xC0FB,0xC0FB,0x40FB,0x40FB,0x40FB,
    0x40FB,0x40FB,0x40FB,0x40FB,0x40FB,0x40FB,0x40FB,0x40FB,0xA0FA,0xA0FA,0xA0FA,0xA0FA,
    0xA0FA,0xA0FA,0xA0FA,0x20FA,0x20FA,0x20FA,0x20FA,0x20FA,0x20FA,0x20FA,0xC0F1,0xC0F1,
    0xC0F1,0xC0F1,0xC0F1,0x80E9,0x80E9,0x40E1,0x40E1,0x40E1,0x40E1,0x40E1,0x40E1,0x40E1,
    0x40E1,0x40E1,0x40E1,0x40E1,0x40E1,0x40E1,0x40E1,0x40E1,0x40E1,0xC0F1,0xC0F1,0xC0F1,
    0xC0F1,0xC0F1,0xC0F1,0xC0F1,0xC0F1,0x20FA,0x20FA,0x20FA,0x20FA,0x20FA,0xA0FA,0xA0FA,
    0xA0FA,0xA0FA,0xA0FA,0x40FB,0x40FB,0x40FB,0x40FB,0x40FB,0x40FB,0x40FB,0x40FB,0x40FB,
    0x40FB,0x40FB,0xC0FB,0xC0FB,0xC0FB,0xC0FB,0xC0FB,0xC0FB,0xC0FB,0xC0FB,0xC0FB,0x20FC,
    0x20FC,0x20FC,0x20FC,0x20FC,0x20FC,0x20FC,0x20FC,0x20FC,0xA0FC,0xA0FC,0xA0FC,0xA0FC,
    0xA0FC,0xA0FC,0xA0FC,0xA0FC,0x20FC,0xA0FC,0x20FC,0x20FC,0x20FC,0x20FC,0x20FC,0x20FC,
    0x20FC,0x20FC,0x20FC,0xC0FB,0xC0FB,0xC0FB,0xC0FB,0xC0FB,0xC0FB,0xC0FB,0xC0FB,0xC0FB,
    0xC0FB,0x40FB,0xC0FB,0x40FB,0x40FB,0x40FB,0x40FB,0x40FB,0x40FB,0x40FB,0xA0FA,0xA0FA,
    0xA0FA,0xA0FA,0xA0FA,0xA0FA,0x20FA,0x20FA,0x20FA,0x20FA,0x20FA,0x20FA,0xC0F1,0xC0F1,
    0xC0F1,0xC0F1,0xC0F1,0xC0F1,0x80E9,0x80E9,0x40E1,0x40E1,0x40E1,0x40E1,0x40E1,0x40E1,
    0x40E1,0x40E1,0x40E1,0x40E1,0x40E1,0x40E1,0x40E1,0x40E1,0x80E9,0xC0F1,0xC0F1,0xC0F1,
    0xC0F1,0xC0F1,0xC0F1,0x20FA,0x20FA,0x20FA,0x20FA,0x20FA,0x20FA,0xA0FA,0xA0FA,0xA0FA,
    0xA0FA,0xA0FA,0x40FB,0x40FB,0x40FB,0x40FB,0x40FB,0x40FB,0x40FB,0x40FB,0x40FB,0xC0FB,
    0xC0FB,0xC0FB,0xC0FB,0xC0FB,0xC0FB,0xC0FB,0xC0FB,0xC0FB,0x20FC,0x20FC,0x20FC,0x20FC,
    0x20FC,0x20FC,0x20FC,0xA0FC,0xA0FC,0xA0FC,0xA0FC,0xA0FC,0xA0FC,0xA0FC,0xA0FC,0xA0FC,
    0xA0FC,0xA0FC,0xA0FC,0xA0FC,0xA0FC,0xA0FC,0xA0FC,0xA0FC,0xA0FC,0xA0FC,0x20FC,0x20FC,
    0x20FC,0x20FC,0x20FC,0x20FC,0x20FC,0x20FC,0xC0FB,0xC0FB,0xC0FB,0xC0FB,0xC0FB,0xC0FB,
    0xC0FB,0xC0FB,0xC0FB,0xC0FB,0xC0FB,0xC0FB,0x40FB,0x40FB,0x40FB,0x40FB,0x40FB,0x40FB,
    0xA0FA,0xA0FA,0xA0FA,0xA0FA,0xA0FA,0x20FA,0x20FA,0x20FA,0x20FA,0x20FA,0x20FA,0xC0F1,
    0xC0F1,0xC0F1,0xC0F1,0xC0F1,0x80E9,0x80E9,0x80E9,0x40E1,0x40E1,0x40E1,0x40E1,0x40E1,
    0x40E1,0x40E1,0x40E1,0x40E1,0x40E1,0x40E1,0x40E1,0x80E9,0xC0F1,0xC0F1,0xC0F1,0xC0F1,
    0xC0F1,0xC0F1,0xC0F1,0x20FA,0x20FA,0x20FA,0x20FA,0x20FA,0xA0FA,0xA0FA,0xA0FA,0xA0FA,
    0xA0FA,0x40FB,0x40FB,0x40FB,0x40FB,0x40FB,0x40FB,0x40FB,0xC0FB,0xC0FB,0xC0FB,0xC0FB,
    0xC0FB,0xC0FB,0xC0FB,0xC0FB,0x20FC,0x20FC,0x20FC,0x20FC,0x20FC,0x20FC,0x20FC,0x20FC,
    0x20FC,0xA0FC,0xA0FC,0xA0FC,0xA0FC,0xA0FC,0xA0FC,0xA0FC,0xA0FC,0xA0FC,0x20FD,0x20FD,
    0x20FD,0x20FD,0x20FD,0xA0FC,0xA0FC,0xA0FC,0xA0FC,0xA0FC,0xA0FC,0xA0FC,0xA0FC,0xA0FC,
    0xA0FC,0x20FC,0x20FC,0x20FC,0x20FC,0x20FC,0x20FC,0x20FC,0x20FC,0x20FC,0xC0FB,0xC0FB,
    0xC0FB,0xC0FB,0xC0FB,0xC0FB,0xC0FB,0xC0FB,0xC0FB,0x40FB,0x40FB,0x40FB,0x40FB,0x40FB,
    0x40FB,0xA0FA,0xA0FA,0xA0FA,0xA0FA,0xA0FA,0x20FA,0x20FA,0x20FA,0x20FA,0x20FA,0x20FA,
    0xC0F1,0xC0F1,0xC0F1,0xC0F1,0xC0F1,0x80E9,0x80E9,0x80E9,0x40E1,0x40E1,0x40E1,0x40E1,
    0x40E1,0x40E1,0x40E1,0x40E1,0x40E1,0x40E1,0x40E1,0xC0F1,0xC0F1,0xC0F1,0xC0F1,0xC0F1,
    0xC0F1,0xC0F1,0x20FA,0x20FA,0x20FA,0x20FA,0x20FA,0xA0FA,0xA0FA,0xA0FA,0xA0FA,0xA0FA,
    0x40FB,0x40FB,0x40FB,0x40FB,0x40FB,0xC0FB,0xC0FB,0xC0FB,0xC0FB,0xC0FB,0xC0FB,0xC0FB,
    0x20FC,0x20FC,0x20FC,0x20FC,0x20FC,0x20FC,0x20FC,0x20FC,0x20FC,0xA0FC,0xA0FC,0xA0FC,
    0xA0FC,0xA0FC,0xA0FC,0xA0FC,0x20FD,0x20FD,0x20FD,0x20FD,0x20FD,0x20FD,0x20FD,0x20FD,
    0x20FD,0x20FD,0x20FD,0x20FD,0x20FD,0x20FD,0x20FD,0x20FD,0x20FD,0xA0FC,0xA0FC,0xA0FC,
    0xA0FC,0xA0FC,0xA0FC,0x20FC,0x20FC,0x20FC,0x20FC,0x20FC,0x20FC,0x20FC,0x20FC,0x20FC,
    0x20FC,0x20FC,0xC0FB,0xC0FB,0xC0FB,0xC0FB,0xC0FB,0xC0FB,0xC0FB,0x40FB,0x40FB,0x40FB,
    0x40FB,0x40FB,0xA0FA,0xA0FA,0xA0FA,0xA0FA,0xA0FA,0x20FA,0x20FA,0x20FA,0x20FA,0x20FA,
    0x20FA,0xC0F1,0xC0F1,0xC0F1,0xC0F1,0xC0F1,0x80E9,0x80E9,0x80E9,0x40E1,0x40E1,0x40E1,
    0x40E1,0x40E1,0x40E1,0x40E1,0x40E1,0x60F1,0xC0F1,0xC0F1,0xC0F1,0xC0F1,0xC0F1,0xC0F1,
    0xC0F1,0x20FA,0x20FA,0x20FA,0x20FA,0x20FA,0xA0FA,0xA0FA,0xA0FA,0xA0FA,0xA0FA,0x40FB,
    0x40FB,0x40FB,0x40FB,0x40FB,0xC0FB,0xC0FB,0xC0FB,0xC0FB,0xC0FB,0x20FC,0x20FC,0x20FC,
    0x20FC,0x20FC,0x20FC,0x20FC,0x20FC,0x20FC,0xA0FC,0xA0FC,0xA0FC,0xA0FC,0xA0FC,0xA0FC,
    0xA0FC,0x20FD,0x20FD,0x20FD,0x20FD,0x20FD,0x20FD,0x20FD,0x20FD,0xA0FD,0xA0FD,0xA0FD,
    0xA0FD,0xA0FD,0xA0FD,0xA0FD,0x20FD,0x20FD,0x20FD,0x20FD,0x20FD,0x20FD,0x20FD,0xA0FC,
    0xA0FC,0xA0FC,0xA0FC,0xA0FC,0xA0FC,0xA0FC,0xA0FC,0x20FC,0x20FC,0x20FC,0x20FC,0x20FC,
    0x20FC,0x20FC,0x20FC,0x20FC,0x20FC,0x20FC,0xC0FB,0xC0FB,0xC0FB,0xC0FB,0x40FB,0x40FB,
    0x40FB,0x40FB,0x40FB,0xA0FA,0xA0FA,0xA0FA,0xA0FA,0xA0FA,0x20FA,0x20FA,0x20FA,0x20FA,
    0x20FA,0xC0F1,0xC0F1,0xC0F1,0xC0F1,0xC0F1,0xC0F1,0x80E9,0x80E9,0x40E1,0x40E1,0x40E1,
    0x40E1,0x40E1,0x40E1,0x40E1,0x60F1,0xC0F1,0xC0F1,0xC0F1,0xC0F1,0xC0F1,0xC0F1,0xC0F1,
    0x20FA,0x20FA,0x20FA,0x20FA,0x20FA,0xA0FA,0xA0FA,0xA0FA,0xA0FA,0x40FB,0x40FB,0x40FB,
    0x40FB,0x40FB,0xC0FB,0xC0FB,0xC0FB,0xC0FB,0x20FC,0x20FC,0x20FC,0x20FC,0x20FC,0x20FC,
    0xA0FC,0xA0FC,0xA0FC,0xA0FC,0xA0FC,0xA0FC,0xA0FC,0xA0FC,0xA0FC,0xA0FC,0x20FD,0x20FD,
    0x20FD,0x20FD,0x20FD,0x20FD,0xA0FD,0xA0FD,0xA0FD,0xA0FD,0xA0FD,0xA0FD,0xA0FD,0xA0FD,
    0xA0FD,0xA0FD,0xA0FD,0xA0FD,0xA0FD,0xA0FD,0xA0FD,0xA0FD,0x20FD,0x20FD,0x20FD,0x20FD,
    0x20FD,0x20FD,0x20FD,0xA0FC,0xA0FC,0xA0FC,0xA0FC,0xA0FC,0xA0FC,0xA0FC,0x20FC,0x20FC,
    0x20FC,0x20FC,0x20FC,0x20FC,0x20FC,0x20FC,0x20FC,0xC0FB,0xC0FB,0xC0FB,0xC0FB,0xC0FB,
    0x40FB,0x40FB,0x40FB,0x40FB,0xA0FA,0xA0FA,0xA0FA,0xA0FA,0xA0FA,0x20FA,0x20FA,0x20FA,
    0x20FA,0x20FA,0x20FA,0x20FA,0xC0F1,0xC0F1,0xC0F1,0x80E9,0x80E9,0x80E9,0x80E9,0x40E1,
    0x40E1,0x40E1,0x60F1,0xC0F1,0xC0F1,0xC0F1,0xC0F1,0xC0F1,0xC0F1,0xC0F1,0xC0F1,0x20FA,
    0x20FA,0x20FA,0x20FA,0x20FA,0xA0FA,0xA0FA,0xA0FA,0xA0FA,0xA0FA,0x40FB,0x40FB,0x40FB,
    0x40FB,0xC0FB,0xC0FB,0xC0FB,0x20FC,0x20FC,0x20FC,0x20FC,0x20FC,0xA0FC,0xA0FC,0xA0FC,
    0xA0FC,0xA0FC,0xA0FC,0xA0FC,0xA0FC,0xA0FC,0xA0FC,0xA0FC,0x20FD,0x20FD,0x20FD,0x20FD,
    0x20FD,0xA0FD,0xA0FD,0xA0FD,0xA0FD,0xA0FD,0xA0FD,0xA0FD,0xA0FD,0xA0FD,0xA0FD,0xA0FD,
    0x21FE,0xA0FD,0xA0FD,0xA0FD,0xA0FD,0xA0FD,0xA0FD,0xA0FD,0xA0FD,0xA0FD,0xA0FD,0x20FD,
    0x20FD,0x20FD,0x20FD,0x20FD,0x20FD,0xA0FC,0xA0FC,0xA0FC,0xA0FC,0xA0FC,0xA0FC,0xA0FC,
    0xA0FC,0xA0FC,0xA0FC,0xA0FC,0xA0FC,0x20FC,0x20FC,0x20FC,0x20FC,0x20FC,0xC0FB,0xC0FB,
    0xC0FB,0xC0FB,0x40FB,0x40FB,0x40FB,0x40FB,0xA0FA,0xA0FA,0xA0FA,0xA0FA,0x20FA,0x20FA,
    0x20FA,0x20FA,0x20FA,0x20FA,0x20FA,0xC0F1,0xC0F1,0xC0F1,0xC0F1,0x80E9,0x80E9,0x80E9,
    0x60F1,0x60F1,0xC0F1,0xC0F1,0xC0F1,0xC0F1,0xC0F1,0xC0F1,0xC0F1,0xC0F1,0x20FA,0x20FA,
    0x20FA,0x20FA,0x20FA,0xA0FA,0xA0FA,0xA0FA,0xA0FA,0x40FB,0x40FB,0x40FB,0x40FB,0xC0FB,
    0xC0FB,0xC0FB,0x20FC,0x20FC,0x20FC,0x20FC,0xA0FC,0xA0FC,0xA0FC,0xA0FC,0xA0FC,0xA0FC,
    0x20FD,0x20FD,0xA0FD,0x20FD,0x20FD,0x20FD,0x20FD,0x20FD,0x20FD,0x20FD,0x20FD,0xA0FD,
    0xA0FD,0xA0FD,0xA0FD,0xA0FD,0x21FE,0xA2FE,0xA2FE,0xA2FE,0x03FF,0x03FF,0xA2FE,0xA2FE,
    0xA2FE,0xA2FE,0xA2FE,0x03FF,0x03FF,0xA2FE,0xA2FE,0x42FE,0x21FE,0xA0FD,0xA0FD,0xA0FD,
    0xA0FD,0xA0FD,0x20FD,0x20FD,0x20FD,0x20FD,0x20FD,0x20FD,0x20FD,0x20FD,0x20FD,0x20FD,
    0xA0FC,0xA0FC,0xA0FC,0xA0FC,0xA0FC,0xA0FC,0xA0FC,0x20FC,0x20FC,0x20FC,0x20FC,0x20FC,
    0xC0FB,0xC0FB,0xC0FB,0x40FB,0x40FB,0x40FB,0x40FB,0xA0FA,0xA0FA,0xA0FA,0xA0FA,0xA0FA,
    0x20FA,0x20FA,0x20FA,0x20FA,0x20FA,0xC0F1,0xC0F1,0xC0F1,0xC0F1,0xC0F1,0x80E9,0x80E9,
    0xC0F1,0xC0F1,0xC0F1,0xC0F1,0xC0F1,0xC0F1,0xC0F1,0xC0F1,0xC0F1,0x20FA,0x20FA,0x20FA,
    0x20FA,0x20FA,0xA0FA,0xA0FA,0xA0FA,0xA0FA,0x40FB,0x40FB,0x40FB,0x40FB,0xC0FB,0xC0FB,
    0xC0FB,0x20FC,0x20FC,0x20FC,0x20FC,0xA0FC,0xA0FC,0xA0FC,0x20FD,0x20FD,0x20FD,0xA0FD,
    0xA0FD,0xC4DC,0x2082,0x0000,0x20FD,0x20FD,0x20FD,0x20FD,0xA0FD,0xA0FD,0xA0FD,0xA0FD,
    0x21FE,0xA2FE,0xA2FE,0xA2FE,0xC2FD,0xC2CC,0xC2A3,0xA46A,0x4162,0x014A,0xA049,0xA049,
    0xA049,0x014A,0x205A,0x205A,0xA16A,0x2283,0x44AC,0x22DD,0xC2FD,0xA2FE,0xA2FE,0x42FE,
    0xA0FD,0xA0FD,0x20FD,0x20FD,0x20FD,0x20FD,0x20FD,0x20FD,0xC020,0x2072,0xC4DC,0x20FD,
    0xA0FD,0x20FD,0x20FD,0x20FD,0xA0FC,0xA0FC,0xA0FC,0xA0FC,0xA0FC,0x20FC,0x20FC,0x20FC,
    0x20FC,0xC0FB,0xC0FB,0xC0FB,0xC0FB,0x40FB,0x40FB,0x40FB,0xA0FA,0xA0FA,0xA0FA,0xA0FA,
    0xA0FA,0x20FA,0x20FA,0x20FA,0x20FA,0xC0F1,0xC0F1,0xC0F1,0xC0F1,0xC0F1,0xC0F1,0xC0F1,
    0xC0F1,0xC0F1,0xC0F1,0xC0F1,0xC0F1,0xC0F1,0xC0F1,0xC0F1,0x20FA,0x20FA,0x20FA,0x20FA,
    0x20FA,0xA0FA,0xA0FA,0xA0FA,0xA0FA,0x40FB,0x40FB,0x40FB,0x40FB,0xC0FB,0xC0FB,0xC0FB,
    0x20FC,0x20FC,0x20FC,0xA0FC,0xA0FC,0xA0FC,0x20FD,0x20FD,0x20FD,0x20FD,0x21FE,0xC1D4,
    0xC172,0xA051,0x0000,0x4162,0xA0FD,0x20FD,0x20FD,0x20FD,0xA0FD,0x21FE,0xA2FE,0xA2FE,
    0x82ED,0xA1A3,0x205A,0x2029,0xE320,0xE320,0xA46A,0xA46A,0x44AC,0x44AC,0xC4DC,0xC4DC,
    0xC2CC,0x42B4,0x42B4,0xC2A3,0x2283,0xA262,0xA049,0x2029,0x2029,0x2031,0x4162,0xC2A3,
    0xC2FD,0xA2FE,0x21FE,0xA0FD,0xA0FD,0x20FD,0x20FD,0xA0FD,0xA051,0x0000,0xC069,0xC182,
    0xA1A3,0xA0FD,0xA0FD,0x20FD,0x20FD,0x20FD,0x20FD,0xA0FC,0xA0FC,0xA0FC,0xA0FC,0x20FC,
    0x20FC,0x20FC,0xC0FB,0xC0FB,0xC0FB,0x40FB,0x40FB,0x40FB,0x40FB,0xA0FA,0xA0FA,0xA0FA,
    0xA0FA,0xA0FA,0x20FA,0x20FA,0x20FA,0x20FA,0xC0F1,0xC0F1,0xC0F1,0xC0F1,0xC0F1,0xC0F1,
    0xC0F1,0xC0F1,0xC0F1,0xC0F1,0xC0F1,0xC0F1,0xC0F1,0xC0F1,0x20FA,0x20FA,0x20FA,0x20FA,
    0xA0FA,0xA0FA,0xA0FA,0xA0FA,0xA0FA,0x40FB,0x40FB,0x40FB,0xC0FB,0xC0FB,0xC0FB,0x20FC,
    0x20FC,0x20FC,0xA0FC,0xA0FC,0xA0FC,0x20FD,0x20FD,0x20FD,0xA0FD,0x21FE,0x4162,0x4162,
    0x4162,0x0000,0x205A,0x21FE,0xA0FD,0x20FD,0xA0FD,0x21FE,0xA2FE,0x42E5,0xA46A,0x2029,
    0xA018,0xE320,0xA46A,0xC4DC,0xC4FD,0x42FE,0x42FE,0x42FE,0xA2FE,0xA2FE,0x44FE,0x42FE,
    0x22FD,0x22FD,0xA0FC,0x20FC,0xC0FB,0xC0FB,0xA0EB,0xA0D3,0x21CB,0x4193,0x4162,0x2031,
    0xA018,0x2031,0x218B,0x22FD,0x42FE,0x21FE,0xA0FD,0x20FD,0x42FE,0xA051,0x0000,0x049B,
    0x049B,0x2041,0xC1D4,0x21FE,0x20FD,0x20FD,0x20FD,0x20FD,0x20FD,0xA0FC,0xA0FC,0xA0FC,
    0xA0FC,0x20FC,0x20FC,0x20FC,0xC0FB,0xC0FB,0xC0FB,0x40FB,0x40FB,0x40FB,0x40FB,0xA0FA,
    0xA0FA,0xA0FA,0x20FA,0x20FA,0x20FA,0x20FA,0x20FA,0xC0F1,0xC0F1,0xC0F1,0xC0F1,0xC0F1,
    0xC0F1,0xC0F1,0xC0F1,0xC0F1,0xC0F1,0xC0F1,0xC0F1,0x20FA,0x20FA,0x20FA,0x20FA,0xA0FA,
    0xA0FA,0xA0FA,0xA0FA,0x40FB,0x40FB,0x40FB,0x40FB,0xC0FB,0xC0FB,0xC0FB,0x20FC,0x20FC,
    0x20FC,0xA0FC,0xA0FC,0xA0FC,0x20FD,0x20FD,0x20FD,0x21FE,0x42E5,0xC020,0x049B,0xA6A3,
    0x0000,0xC020,0x21FE,0xA0FD,0xA0FD,0x21FE,0x42FE,0xA1A3,0x2031,0xE320,0x2031,0xC182,
    0x63D3,0x20FC,0xA0FC,0xC2FC,0xA6FD,0x2AFE,0x2DFE,0x4FFE,0xB3EE,0x92D5,0xB0D5,0xB0D5,
    0xB0D5,0xB0D5,0x30D5,0x2BDD,0x2BDD,0x2BDD,0x2BDD,0x63D3,0x63D3,0xE0D2,0x21D3,0x21D3,
    0x63D3,0x4193,0x8039,0xE320,0x8039,0x41BC,0x42FE,0x42FE,0xA0FD,0xC2FD,0xC020,0x0000,
    0x2AB4,0x63D3,0x2010,0x4193,0xA2FE,0xA0FD,0xA0FD,0x20FD,0x20FD,0x20FD,0xA0FC,0xA0FC,
    0xA0FC,0xA0FC,0x20FC,0x20FC,0x20FC,0xC0FB,0xC0FB,0xC0FB,0x40FB,0x40FB,0x40FB,0xA0FA,
    0xA0FA,0xA0FA,0xA0FA,0x20FA,0x20FA,0x20FA,0x20FA,0x20FA,0xC0F1,0xC0F1,0xC0F1,0xC0F1,
    0xC0F1,0xC0F1,0xC0F1,0xC0F1,0xC0F1,0xC0F1,0x20FA,0x20FA,0x20FA,0x20FA,0x20FA,0xA0FA,
    0xA0FA,0xA0FA,0xA0FA,0x40FB,0x40FB,0x40FB,0xC0FB,0xC0FB,0xC0FB,0x20FC,0x20FC,0x20FC,
    0xA0FC,0xA0FC,0xA0FC,0x20FD,0x20FD,0xA0FD,0x21FE,0xC2CC,0x0000,0xA2BB,0xACCC,0x0000,
    0x0000,0x21E5,0xA0FD,0x21FE,0xC2FD,0x819B,0xA018,0x0000,0xC069,0xA1A2,0x40B2,0x40B2,
    0x63D3,0x2BDD,0x2BDD,0x30C5,0x4EA4,0x4C7B,0x4852,0x4431,0xA218,0x0000,0x0000,0x0000,
    0x0000,0x0000,0x0000,0x2010,0x2429,0xC651,0xCA62,0xAA9B,0xAFB4,0xCFC4,0xADD4,0xC9CB,
    0x22D3,0xE0D2,0x21D3,0x21BB,0xA051,0x2010,0xA018,0x819B,0xC2FD,0xA2FE,0x42E5,0x0000,
    0x2010,0xACCC,0x82EC,0xC020,0x205A,0x42FE,0xA0FD,0xA0FD,0xA0FD,0x20FD,0x20FD,0x20FD,
    0xA0FC,0xA0FC,0xA0FC,0x20FC,0x20FC,0x20FC,0xC0FB,0xC0FB,0xC0FB,0x40FB,0x40FB,0x40FB,
    0xA0FA,0xA0FA,0xA0FA,0xA0FA,0x20FA,0x20FA,0x20FA,0x20FA,0x20FA,0x20FA,0xC0F1,0xC0F1,
    0xC0F1,0xC0F1,0xC0F1,0xC0F1,0xC0F1,0x20FA,0x20FA,0x20FA,0x20FA,0x20FA,0xA0FA,0xA0FA,
    0xA0FA,0xA0FA,0x40FB,0x40FB,0x40FB,0xC0FB,0xC0FB,0xC0FB,0x20FC,0x20FC,0x20FC,0xA0FC,
    0xA0FC,0xA0FC,0x20FD,0x20FD,0x20FD,0x21FE,0x81CC,0x0000,0xC4DC,0x2BDD,0xC228,0x0000,
    0xC182,0x81FE,0xA0FD,0x819B,0x0000,0x0000,0xC069,0x209A,0xC099,0xC0A1,0xC9CB,0x92D5,
    0x4EA4,0xCA62,0x4431,0x0000,0x0000,0x0000,0x0000,0x0000,0x0000,0x0000,0x0000,0x0000,
    0x0000,0x0000,0x0000,0x0000,0x0000,0x0000,0x0000,0x0000,0x0000,0xE320,0xC641,0x4C7B,
    0xD0B4,0xADD4,0x049B,0x40B2,0x40B2,0xA0BA,0x4162,0x0000,0xA018,0xA1A3,0x03FF,0xC2A3,
    0x0000,0xC238,0x4DE5,0x22FD,0xA018,0xA049,0x42FE,0xA0FD,0xA0FD,0xA0FD,0x20FD,0x20FD,
    0x20FD,0xA0FC,0xA0FC,0xA0FC,0x20FC,0x20FC,0x20FC,0xC0FB,0xC0FB,0xC0FB,0x40FB,0x40FB,
    0xA0FA,0xA0FA,0xA0FA,0xA0FA,0x20FA,0x20FA,0x20FA,0x20FA,0x20FA,0x20FA,0x20FA,0xC0F1,
    0xC0F1,0xC0F1,0xC0F1,0xC0F1,0x20FA,0x20FA,0x20FA,0x20FA,0x20FA,0xA0FA,0xA0FA,0xA0FA,
    0xA0FA,0x40FB,0x40FB,0x40FB,0xC0FB,0xC0FB,0xC0FB,0x20FC,0x20FC,0x20FC,0xA0FC,0xA0FC,
    0xA0FC,0x20FD,0x20FD,0x20FD,0x21FE,0x22DD,0x0000,0xA6A3,0x2AFE,0xEA6A,0x0000,0xC020,
    0xA0FD,0x81CC,0xC020,0x0000,0x2041,0x209A,0x4081,0x049B,0x2CBC,0xB0A4,0xCA62,0xA218,
    0x0000,0x0000,0x0000,0x0000,0x0300,0x8700,0xCA00,0x4C01,0x8F01,0xB101,0xD201,0x1302,
    0x1302,0x1302,0xD201,0xB101,0x4E01,0x2A01,0xA800,0x2500,0x0000,0x0000,0x0000,0x0000,
    0x0000,0xC441,0xAC83,0x92D5,0xC9CB,0xC0A1,0xC099,0x209A,0x2051,0x0000,0x2029,0xC2D4,
    0x2331,0x2010,0xC862,0x28FD,0xC4DC,0x0000,0xA051,0x42FE,0xA0FD,0xA0FD,0xA0FD,0x20FD,
    0x20FD,0x20FD,0xA0FC,0xA0FC,0xA0FC,0x20FC,0x20FC,0x20FC,0xC0FB,0xC0FB,0x40FB,0x40FB,
    0x40FB,0xA0FA,0xA0FA,0xA0FA,0xA0FA,0x20FA,0x20FA,0x20FA,0x20FA,0x20FA,0x20FA,0x20FA,
    0xC0F1,0xC0F1,0xC0F1,0x20FA,0x20FA,0x20FA,0x20FA,0x20FA,0xA0FA,0xA0FA,0xA0FA,0xA0FA,
    0x40FB,0x40FB,0x40FB,0xC0FB,0xC0FB,0xC0FB,0x20FC,0x20FC,0x20FC,0xA0FC,0xA0FC,0xA0FC,
    0x20FD,0x20FD,0x20FD,0xA0FD,0x42FE,0x0000,0xCA62,0x6BF6,0x4DE5,0xC238,0x0000,0xA051,
    0xC172,0x0000,0x0000,0x2072,0x4081,0x8089,0x2CBC,0xB0A4,0x0742,0x0000,0x0000,0x0000,
    0x0000,0x2500,0x2A01,0x8F01,0xD201,0x540A,0x540A,0x540A,0x540A,0x540A,0x540A,0x540A,
    0x540A,0x540A,0x540A,0x540A,0x540A,0x540A,0x540A,0x1302,0xB101,0x4C01,0xA800,0x0300,
    0x0000,0x0000,0x0000,0x2010,0xCA62,0xD0B4,0xAA9B,0x4081,0x4081,0x209A,0x2020,0x0000,
    0xA018,0x2020,0x4030,0xACCC,0xC4DC,0xAFA4,0x0000,0x4162,0x42FE,0xA0FD,0xA0FD,0xA0FD,
    0x20FD,0x20FD,0x20FD,0xA0FC,0xA0FC,0xA0FC,0x20FC,0x20FC,0x20FC,0xC0FB,0xC0FB,0x40FB,
    0x40FB,0x40FB,0xA0FA,0xA0FA,0xA0FA,0xA0FA,0x20FA,0x20FA,0x20FA,0x20FA,0x20FA,0x20FA,
    0xC0F1,0xC0F1,0x20FA,0x20FA,0x20FA,0x20FA,0x20FA,0x20FA,0xA0FA,0xA0FA,0xA0FA,0x40FB,
    0x40FB,0x40FB,0x40FB,0xC0FB,0xC0FB,0x20FC,0x20FC,0x20FC,0xA0FC,0xA0FC,0xA0FC,0x20FD,
    0x20FD,0x20FD,0xA0FD,0x42FE,0xA049,0x0300,0xB3EE,0x44FE,0x4DA4,0x2010,0x0000,0x0000,
    0x0000,0xA038,0x8089,0xE070,0xAA9B,0xAFA4,0x0742,0x0000,0x0000,0x0000,0x0000,0xA800,
    0x4E01,0xD201,0x1302,0x1302,0x540A,0x540A,0x540A,0x540A,0x540A,0x9322,0xB201,0xB553,
    0x13AD,0x5602,0x5602,0x540A,0x540A,0x540A,0x540A,0x1302,0x1302,0x1302,0xD201,0xB101,
    0x4C01,0x4600,0x0000,0x0000,0x0000,0x0000,0xCA62,0xAFB4,0x049B,0xE070,0x209A,0x2051,
    0x0000,0x0000,0x2020,0xAA9B,0xC4FC,0x2DFE,0xA46A,0x0000,0xC2A3,0xA2FE,0xA0FD,0xA0FD,
    0xA0FD,0x20FD,0x20FD,0x20FD,0xA0FC,0xA0FC,0xA0FC,0x20FC,0x20FC,0xC0FB,0xC0FB,0x40FB,
    0x40FB,0x40FB,0x40FB,0xA0FA,0xA0FA,0xA0FA,0xA0FA,0x20FA,0x20FA,0x20FA,0x20FA,0x20FA,
    0xC0F1,0x20FA,0x20FA,0x20FA,0x20FA,0x20FA,0x20FA,0xA0FA,0xA0FA,0xA0FA,0xA0FA,0x40FB,
    0x40FB,0x40FB,0xC0FB,0xC0FB,0x20FC,0x20FC,0x20FC,0xA0FC,0xA0FC,0xA0FC,0x20FD,0x20FD,
    0x20FD,0x20FD,0x81FE,0x218B,0x0000,0xAA9B,0x48FF,0x48FF,0xEA6A,0x2010,0x0000,0x0000,
    0xA038,0xC099,0x4081,0x2CBC,0x4B73,0x0000,0x0000,0x0000,0x0000,0xA800,0xB101,0xD201,
    0xD201,0xD201,0x1302,0x540A,0x540A,0x540A,0x5602,0x5602,0x970A,0x540A,0xD943,0xAC83,
    0x8359,0x13AD,0x5602,0x970A,0x970A,0x5602,0x5602,0x540A,0x540A,0x1302,0xD201,0xD201,
    0xB101,0xB101,0x4C01,0x8700,0x0000,0x0000,0x0000,0xA218,0xAA9B,0xAA9B,0x2071,0x8089,
    0x2069,0x0000,0x4030,0xC651,0x2BDD,0xC2FC,0xCFC4,0x4040,0x0000,0x42E5,0x21FE,0xA0FD,
    0xA0FD,0xA0FD,0x20FD,0x20FD,0x20FD,0xA0FC,0xA0FC,0xA0FC,0x20FC,0x20FC,0xC0FB,0xC0FB,
    0x40FB,0x40FB,0x40FB,0xA0FA,0xA0FA,0xA0FA,0xA0FA,0xA0FA,0x20FA,0x20FA,0x20FA,0x20FA,
    0x20FA,0x20FA,0x20FA,0x20FA,0x20FA,0x20FA,0xA0FA,0xA0FA,0xA0FA,0xA0FA,0xA0FA,0x40FB,
    0x40FB,0xC0FB,0xC0FB,0xC0FB,0x20FC,0x20FC,0xA0FC,0xA0FC,0xA0FC,0x20FD,0x20FD,0x20FD,
    0x20FD,0xA0FD,0x21E5,0x0000,0x2020,0xB0D5,0xC8FF,0xEEFF,0x8359,0x2010,0x0000,0xA038,
    0x4081,0xA289,0x4EA4,0xC641,0x0000,0x0000,0x0000,0xA800,0x4E01,0xD201,0xD201,0xD201,
    0x1302,0x540A,0x540A,0x970A,0x970A,0x970A,0x970A,0xB712,0x5602,0x9322,0x13AD,0x2020,
    0x0000,0xAA9B,0xD87C,0x5602,0xB712,0x970A,0x970A,0x970A,0x970A,0x540A,0x540A,0x1302,
    0xB101,0xB101,0x8F01,0x4E01,0x4C01,0x4600,0x0000,0x0000,0x0000,0x4852,0x8DBC,0x2071,
    0x2071,0x4030,0x2020,0x8359,0x2BDD,0xA0FC,0xB3EE,0x8359,0x4030,0x2031,0xA2FE,0xA0FD,
    0xA0FD,0xA0FD,0xA0FD,0x20FD,0x20FD,0x20FD,0xA0FC,0xA0FC,0x20FC,0x20FC,0x20FC,0xC0FB,
    0xC0FB,0x40FB,0x40FB,0x40FB,0xA0FA,0xA0FA,0xA0FA,0xA0FA,0xA0FA,0x20FA,0x20FA,0x20FA,
    0x20FA,0x20FA,0x20FA,0x20FA,0x20FA,0x20FA,0xA0FA,0xA0FA,0xA0FA,0xA0FA,0x40FB,0x40FB,
    0x40FB,0xC0FB,0xC0FB,0x20FC,0x20FC,0x20FC,0xA0FC,0xA0FC,0xA0FC,0x20FD,0x20FD,0xA0FD,
    0xA0FD,0x21FE,0xA049,0x2010,0x8359,0x32FF,0xEDFF,0xF0FF,0x8359,0x0000,0x0000,0x2071,
    0x2069,0x298B,0xA218,0x0000,0x0000,0x2500,0x4C01,0xB101,0xB101,0xD201,0x540A,0x540A,
    0x5602,0x970A,0x970A,0xB80A,0xB80A,0xB80A,0xD812,0x970A,0x970A,0x13AD,0xA038,0xC228,
    0x8359,0x0000,0x8BA4,0x595C,0x5602,0xD812,0xD812,0xD812,0xB712,0x970A,0x5602,0x540A,
    0x1302,0xD201,0xB101,0x4E01,0x4E01,0x4E01,0x2A01,0x0300,0x0000,0x0000,0x0329,0xAA9B,
    0x2069,0x4030,0x2020,0xC238,0x2BDD,0xA0FC,0x4FFE,0x049B,0xE070,0x0000,0x42B4,0x42FE,
    0xA0FD,0xA0FD,0xA0FD,0xA0FD,0x20FD,0x20FD,0x20FD,0xA0FC,0xA0FC,0x20FC,0x20FC,0xC0FB,
    0xC0FB,0x40FB,0x40FB,0x40FB,0xA0FA,0xA0FA,0xA0FA,0xA0FA,0xA0FA,0xA0FA,0x20FA,0x20FA,
    0x20FA,0x20FA,0x20FA,0x20FA,0x20FA,0xA0FA,0xA0FA,0xA0FA,0xA0FA,0x40FB,0x40FB,0x40FB,
    0xC0FB,0xC0FB,0x20FC,0x20FC,0x20FC,0xA0FC,0xA0FC,0xA0FC,0x20FD,0x20FD,0x20FD,0xA0FD,
    0x21FE,0x81CC,0x0000,0x4030,0x6189,0xF6FF,0xF2FF,0xF2FF,0x8359,0x2010,0x2010,0xC060,
    0x2020,0x0000,0x0000,0x0000,0xA800,0x4E01,0xB101,0xB101,0xD201,0x540A,0x540A,0x970A,
    0x970A,0xD812,0xD812,0xD812,0xD812,0xD812,0xB80A,0x5602,0x9995,0xA46A,0x0000,0x8BA4,
    0xB3CD,0x0000,0x2010,0xB3CD,0xF912,0x970A,0xD812,0xD812,0xD812,0xD812,0x970A,0x970A,
    0x540A,0x540A,0xD201,0xD201,0xB101,0x4E01,0x4E01,0x4E01,0xA800,0x0000,0x0000,0x0000,
    0x2020,0x2010,0x2020,0xC238,0x2BDD,0x20FC,0x6BF6,0x049B,0xC060,0xA038,0x2029,0x42FE,
    0xA0FD,0xA0FD,0xA0FD,0xA0FD,0xA0FD,0x20FD,0x20FD,0x20FD,0xA0FC,0xA0FC,0x20FC,0x20FC,
    0xC0FB,0xC0FB,0x40FB,0x40FB,0x40FB,0x40FB,0xA0FA,0xA0FA,0xA0FA,0xA0FA,0xA0FA,0xA0FA,
    0x20FA,0x20FA,0x20FA,0xA0FA,0xA0FA,0xA0FA,0xA0FA,0xA0FA,0x40FB,0x40FB,0x40FB,0xC0FB,
    0xC0FB,0x20FC,0x20FC,0x20FC,0xA0FC,0xA0FC,0xA0FC,0x20FD,0x20FD,0x20FD,0xA0FD,0xA0FD,
    0x21FE,0xA049,0x4030,0xA050,0x049B,0xFAFF,0xF6FF,0xF2FF,0xEA6A,0x2010,0x0000,0x2020,
    0x0000,0x0000,0x0000,0xCA00,0x4E01,0x8F01,0xB101,0xD201,0x540A,0x540A,0x970A,0xB80A,
    0xD812,0xF912,0x3A13,0x3A13,0x3A13,0x3A13,0xF912,0x9995,0x298B,0x0000,0x0000,0xF6FF,
    0xF6FF,0x2241,0x0000,0x2241,0x92D5,0x970A,0xB80A,0xD812,0xD812,0xD812,0xD812,0xB712,
    0x970A,0x540A,0x540A,0x1302,0xD201,0xB101,0x8F01,0x4E01,0x4E01,0xCA00,0x0000,0x0000,
    0x0000,0x0000,0x2020,0x8359,0x4DE5,0x20FC,0x6BF6,0xA8B3,0xC060,0x2069,0xC020,0x42B4,
    0x42FE,0xC2FD,0xA0FD,0xA0FD,0xA0FD,0xA0FD,0x20FD,0x20FD,0xA0FC,0xA0FC,0x20FC,0x20FC,
    0x20FC,0xC0FB,0xC0FB,0x40FB,0x40FB,0x40FB,0x40FB,0xA0FA,0xA0FA,0xA0FA,0xA0FA,0xA0FA,
    0x20FA,0x20FA,0x20FA,0xA0FA,0xA0FA,0xA0FA,0xA0FA,0xA0FA,0x40FB,0x40FB,0x40FB,0xC0FB,
    0xC0FB,0x20FC,0x20FC,0x20FC,0xA0FC,0xA0FC,0x20FD,0x20FD,0x20FD,0xA0FD,0xA0FD,0x21FE,
    0x21E5,0x0000,0xC069,0x6050,0xC3BA,0xFCFF,0xFCFF,0xF6FF,0x4DA4,0x2010,0x0000,0x0000,
    0x0000,0x0000,0xCA00,0x4E01,0x8F01,0xB101,0xD201,0x540A,0x5602,0x970A,0xD812,0xD812,
    0x3A13,0x3A13,0x3A13,0x3A13,0x3A13,0xF912,0x595C,0x8BA4,0x0000,0x0000,0x8BA4,0xFAFF,
    0xFFFF,0x2BDD,0x0000,0x0000,0xA46A,0x9995,0x5602,0xD812,0xD812,0xD812,0xD812,0xD812,
    0xB712,0x970A,0x5602,0x540A,0x540A,0x1302,0xD201,0xB101,0x4E01,0x4E01,0xCA00,0x0000,
    0x0000,0x2010,0x2020,0xEA6A,0x2BDD,0xC0FB,0xB3EE,0xA7CB,0xE070,0x2051,0xA051,0xA049,
    0xA2FE,0xC2FD,0xC2FD,0xA0FD,0xA0FD,0xA0FD,0xA0FD,0x20FD,0x20FD,0xA0FC,0xA0FC,0x20FC,
    0x20FC,0xC0FB,0xC0FB,0x40FB,0x40FB,0x40FB,0x40FB,0xA0FA,0xA0FA,0xA0FA,0xA0FA,0xA0FA,
    0x20FA,0xA0FA,0xA0FA,0xA0FA,0xA0FA,0xA0FA,0xA0FA,0x40FB,0x40FB,0x40FB,0xC0FB,0xC0FB,
    0x20FC,0x20FC,0x20FC,0xA0FC,0xA0FC,0xA0FC,0x20FD,0x20FD,0x20FD,0xA0FD,0xA0FD,0x21FE,
    0x218B,0x2010,0x8359,0x6050,0xA0BA,0xFAFF,0xFFFF,0xF6FF,0xB3EE,0x2020,0x0000,0x0000,
    0x0300,0x4A11,0x4E01,0x4E01,0xB101,0xD201,0x540A,0x540A,0x970A,0xB80A,0xD812,0xD812,
    0x3A13,0x3A13,0x3A13,0x3A13,0xB80A,0x595C,0x92D5,0x0000,0x0000,0xC651,0xF8FF,0xFFFF,
    0xFFFF,0xFAFF,0x049B,0x0000,0x0000,0xAA9B,0x9995,0x5602,0xF912,0xD812,0xD812,0xD812,
    0xD812,0xB712,0x970A,0x5602,0x540A,0x540A,0x1302,0xB101,0xB101,0x4E01,0x4E01,0xCA00,
    0x0000,0xC228,0x2020,0x4DA4,0xC4FC,0x20FC,0xF5FF,0x63D3,0x2071,0xA050,0x2283,0xA018,
    0x42FE,0x42FE,0xC2FD,0xC2FD,0xA0FD,0xA0FD,0xA0FD,0x20FD,0x20FD,0xA0FC,0xA0FC,0xA0FC,
    0x20FC,0x20FC,0xC0FB,0xC0FB,0x40FB,0x40FB,0x40FB,0x40FB,0xA0FA,0xA0FA,0xA0FA,0xA0FA,
    0xA0FA,0xA0FA,0xA0FA,0xA0FA,0xA0FA,0xA0FA,0xA0FA,0x40FB,0x40FB,0x40FB,0xC0FB,0xC0FB,
    0x20FC,0x20FC,0x20FC,0xA0FC,0xA0FC,0x20FD,0x20FD,0x20FD,0xA0FD,0xA0FD,0xA0FD,0x81FE,
    0xC020,0x8359,0x8359,0x6050,0xA0BA,0xF5FF,0xFFFF,0xF2FF,0xF2FF,0xC651,0x2010,0x0000,
    0x4A11,0x4C01,0x4E01,0xB101,0xD201,0x1302,0x540A,0x5602,0x970A,0xD812,0xD812,0xF912,
    0x3A13,0x3A13,0x3A13,0xF912,0xF912,0xB3EE,0x4030,0x0000,0x2010,0xB3EE,0xFAFF,0xFFFF,
    0xFFFF,0xFCFF,0xF5FF,0x8359,0x0000,0x0000,0x30C5,0x595C,0x5602,0xF912,0xD812,0xD812,
    0xD812,0xB712,0xB712,0x970A,0x5602,0x540A,0x540A,0xD201,0xB101,0x8F01,0x4C01,0x4E01,
    0xE320,0x2020,0xE320,0x92D5,0x20FC,0xA6FD,0xF5FF,0xA0BA,0x4081,0x4040,0x049B,0xC020,
    0xA293,0xA2FE,0xC2FD,0xC2FD,0xC2FD,0xA0FD,0xA0FD,0xA0FD,0x20FD,0x20FD,0xA0FC,0xA0FC,
    0x20FC,0x20FC,0xC0FB,0xC0FB,0xC0FB,0x40FB,0x40FB,0x40FB,0x40FB,0xA0FA,0xA0FA,0xA0FA,
    0xA0FA,0xA0FA,0xA0FA,0xA0FA,0xA0FA,0x40FB,0x40FB,0x40FB,0x40FB,0xC0FB,0xC0FB,0xC0FB,
    0x20FC,0x20FC,0xA0FC,0xA0FC,0xA0FC,0x20FD,0x20FD,0x20FD,0xA0FD,0xA0FD,0x21FE,0x4193,
    0x0000,0xA46A,0xA361,0xC060,0x20AA,0x4CFF,0xFCFF,0xEDFF,0x46FE,0x8BA4,0x2010,0x0000,
    0xCA00,0x4E01,0x8F01,0xD201,0x1302,0x540A,0x540A,0x970A,0x970A,0xD812,0xD812,0xD812,
    0x3A13,0x3A13,0xB80A,0xB80A,0xD9DE,0x8359,0x0000,0x0000,0x44AC,0xABFE,0xFFFF,0xFFFF,
    0xFFFF,0xFFFF,0xF0FF,0xA9DC,0xA048,0x0000,0xA038,0xB3EE,0x9322,0x5602,0xD812,0xD812,
    0xD812,0xB712,0xB712,0xB712,0x970A,0x540A,0x540A,0x1302,0xD201,0xB101,0x8F01,0x4C01,
    0x4431,0x2010,0xAA9B,0x2AFF,0xA0FD,0xF0FF,0xB3EE,0xC0A1,0x8089,0x4040,0x049B,0xA051,
    0x0000,0x22DD,0x42FE,0xC2FD,0xC2FD,0xA0FD,0xA0FD,0xA0FD,0x20FD,0x20FD,0xA0FC,0xA0FC,
    0xA0FC,0x20FC,0x20FC,0xC0FB,0xC0FB,0x40FB,0x40FB,0x40FB,0x40FB,0x40FB,0xA0FA,0xA0FA,
    0xA0FA,0xA0FA,0xA0FA,0xA0FA,0xA0FA,0x40FB,0x40FB,0x40FB,0x40FB,0xC0FB,0xC0FB,0x20FC,
    0x20FC,0x20FC,0xA0FC,0xA0FC,0x20FD,0x20FD,0x20FD,0xA0FD,0xA0FD,0x21FE,0xC1D4,0x0000,
    0x0000,0x049B,0xA361,0xC060,0xC099,0xA6FD,0xF6FF,0xA8FE,0x21D3,0x2BDD,0x4852,0x2010,
    0xE320,0x4E01,0xB101,0xD201,0x1302,0x540A,0x540A,0x970A,0xB712,0xD812,0xD812,0xB80A,
    0xF912,0xB80A,0xD943,0xD9DE,0xA46A,0x0000,0x0000,0x2272,0xA0BA,0x2BDD,0xFFFF,0xFFFF,
    0xFFFF,0xFFFF,0x4CFF,0x20FC,0x049B,0x2041,0x0000,0x8359,0xD9DE,0xD943,0x5602,0x5602,
    0x5602,0xB712,0xB712,0x970A,0x970A,0x540A,0x540A,0x540A,0x1302,0xB101,0xB201,0x4A11,
    0x2020,0x2241,0xF2FF,0xEDFF,0xC8FF,0xF6FF,0xA6FD,0xC099,0xC099,0x6050,0x4893,0x2272,
    0x0000,0xA018,0x42FE,0x42FE,0xC2FD,0xA0FD,0xA0FD,0xA0FD,0xA0FD,0x20FD,0x20FD,0xA0FC,
    0xA0FC,0x20FC,0x20FC,0xC0FB,0xC0FB,0xC0FB,0x40FB,0x40FB,0x40FB,0x40FB,0x40FB,0x40FB,
    0xA0FA,0xA0FA,0xA0FA,0xA0FA,0x40FB,0x40FB,0x40FB,0x40FB,0xC0FB,0xC0FB,0xC0FB,0x20FC,
    0x20FC,0xA0FC,0xA0FC,0xA0FC,0x20FD,0x20FD,0x20FD,0xA0FD,0xA0FD,0x21FE,0xA018,0x0000,
    0x0000,0xA6A3,0x8359,0xC060,0xC099,0x63D3,0xF2FF,0x45FD,0x21D3,0x42F4,0x30D5,0x2010,
    0x2020,0x4C01,0xB101,0xD201,0x1302,0x540A,0x540A,0xB712,0x970A,0x5602,0x5602,0xF912,
    0xD87C,0x13AD,0x4EA4,0x2241,0x0000,0x0000,0x2041,0x2051,0x40B2,0xA6FD,0xFCFF,0xFFFF,
    0xFFFF,0xFFFF,0x4CFF,0x20FC,0x2071,0x8359,0x2010,0x0000,0xA46A,0x72C5,0x92D5,0xD87C,
    0x9322,0xB201,0xB201,0x540A,0x9322,0x540A,0x540A,0x540A,0x1302,0xB101,0xCE19,0xE320,
    0x2020,0x92D5,0xF5FF,0xF0FF,0xEEFF,0xF5FF,0x21CB,0xC099,0xC099,0x6050,0xAA9B,0xC071,
    0x0000,0x0000,0x205A,0xA2FE,0xA0FD,0xC2FD,0xA0FD,0xA0FD,0xA0FD,0x20FD,0x20FD,0xA0FC,
    0xA0FC,0x20FC,0x20FC,0x20FC,0xC0FB,0xC0FB,0x40FB,0x40FB,0x40FB,0x40FB,0x40FB,0x40FB,
    0xA0FA,0xA0FA,0xA0FA,0x40FB,0x40FB,0x40FB,0x40FB,0x40FB,0xC0FB,0xC0FB,0x20FC,0x20FC,
    0x20FC,0xA0FC,0xA0FC,0x20FD,0x20FD,0x20FD,0xA0FD,0xA0FD,0x21FE,0xC172,0x0000,0x2010,
    0x0000,0xA6A3,0xA46A,0xC060,0xC099,0xC099,0x2AFF,0x2AFF,0xA0EB,0xA0EB,0x6BF6,0xAC83,
    0x2010,0x4A11,0xB101,0xB101,0x1302,0x540A,0x540A,0xB201,0x540A,0xB553,0x13AD,0xB0A4,
    0xEA6A,0x2010,0x0000,0x0000,0x0000,0xA038,0x2020,0xC060,0xA0C2,0x45FD,0xFAFF,0xFFFF,
    0xFFFF,0xFAFF,0x4CFF,0x20FC,0xC099,0x2020,0x2041,0x0000,0x0000,0x0000,0xC238,0x298B,
    0xD0B4,0x13AD,0xB553,0x9322,0xD201,0x540A,0x540A,0x540A,0xD201,0xD201,0xEA41,0x2020,
    0xAA9B,0xF5FF,0xF0FF,0xEEFF,0xF6FF,0xABFE,0xC0A1,0x20AA,0x4081,0x4040,0x8BA4,0xC069,
    0x0000,0x0000,0x0000,0xA1B3,0x42FE,0xA0FD,0xA0FD,0xA0FD,0xA0FD,0x20FD,0x20FD,0x20FD,
    0xA0FC,0xA0FC,0x20FC,0x20FC,0xC0FB,0xC0FB,0xC0FB,0x40FB,0x40FB,0x40FB,0x40FB,0x40FB,
    0xA0FA,0xA0FA,0xA0FA,0x40FB,0x40FB,0x40FB,0x40FB,0xC0FB,0xC0FB,0xC0FB,0x20FC,0x20FC,
    0xA0FC,0xA0FC,0xA0FC,0x20FD,0x20FD,0x20FD,0xA0FD,0x21FE,0xC1D4,0x0000,0x2010,0x4030,
    0x0000,0x049B,0x049B,0xC060,0xC099,0xC0A1,0x049B,0xEDFF,0xC2FC,0xC0FB,0xA0FC,0x2DFE,
    0xEA6A,0x2020,0xEA6A,0xB101,0xD201,0x1302,0xD201,0xB553,0x13AD,0x298B,0xC238,0x0000,
    0x0000,0x2010,0xA048,0xA46A,0x2010,0x2020,0x2020,0x8089,0xA0C2,0x45FD,0xFAFF,0xFFFF,
    0xFFFF,0xF5FF,0x2AFF,0x20FC,0x20AA,0xA050,0x2020,0x2020,0xC020,0xA361,0x0000,0x0000,
    0x0000,0x2241,0x298B,0x4EA4,0x356C,0xB101,0xD201,0x1302,0x1302,0x4D32,0x2020,0xA46A,
    0xF2FF,0xCAFF,0xEDFF,0xEEFF,0xF5FF,0xA0D3,0xC0A1,0xC099,0x2071,0xA048,0xACCC,0xA050,
    0x0000,0x0000,0x0000,0x0000,0xC2FD,0xA0FD,0xA0FD,0xA0FD,0xA0FD,0xA0FD,0x20FD,0x20FD,
    0xA0FC,0xA0FC,0x20FC,0x20FC,0xC0FB,0xC0FB,0xC0FB,0x40FB,0x40FB,0x40FB,0x40FB,0x40FB,
    0xA0FA,0xA0FA,0x40FB,0x40FB,0x40FB,0x40FB,0x40FB,0xC0FB,0xC0FB,0x20FC,0x20FC,0x20FC,
    0xA0FC,0xA0FC,0x20FD,0x20FD,0x20FD,0xA0FD,0xA0FD,0x21FE,0xC020,0x0000,0x2069,0x2020,
    0x0000,0x2272,0xAA9B,0x4040,0x4081,0x40B2,0x2071,0xC4DC,0x47FF,0x20FC,0x42F4,0x20FC,
    0x2BDD,0xA46A,0x2010,0x4A11,0xB201,0xD201,0x2F22,0x30C5,0x2010,0x0000,0x0000,0x2020,
    0x8359,0x8359,0xA050,0xA8B3,0xC762,0x0000,0x4030,0x8089,0xE0D2,0x45FD,0xF8FF,0xFFFF,
    0xFCFF,0xEDFF,0x48FF,0xA0FC,0x20AA,0xC060,0x2020,0x0000,0x2BDD,0x049B,0x2071,0x8359,
    0x2020,0x0000,0x0000,0x0000,0x4893,0x356C,0xB201,0x9322,0x4A11,0x2020,0xC651,0xF2FF,
    0xCAFF,0xCAFF,0xCAFF,0xF6FF,0xC6FE,0xC0A1,0x40B2,0x2071,0xC060,0x8359,0x2BDD,0x2020,
    0x0000,0xA038,0x4030,0x0000,0xC172,0xA2FE,0xA0FD,0xA0FD,0xA0FD,0xA0FD,0x20FD,0x20FD,
    0xA0FC,0xA0FC,0x20FC,0x20FC,0x20FC,0xC0FB,0xC0FB,0xC0FB,0x40FB,0x40FB,0x40FB,0x40FB,
    0x40FB,0x40FB,0x40FB,0x40FB,0x40FB,0x40FB,0xC0FB,0xC0FB,0xC0FB,0x20FC,0x20FC,0xA0FC,
    0xA0FC,0xA0FC,0x20FD,0x20FD,0xA0FD,0xA0FD,0x21FE,0xA1A3,0x0000,0x2051,0x2069,0x2020,
    0x0000,0xA038,0x2BDD,0xA048,0x2069,0xC099,0x20AA,0x2069,0x44FE,0x22FD,0x42F4,0xC2FC,
    0x20FC,0x4DE5,0xEA6A,0x2020,0xC238,0x4A11,0x0000,0x4DA4,0x0000,0x0000,0x2020,0xA048,
    0x2069,0x2071,0x4081,0x4081,0xACCC,0x0329,0x2020,0x2071,0xE0D2,0xC4FD,0xF0FF,0xFAFF,
    0xFAFF,0xCAFF,0x47FF,0xA0FC,0x20AA,0xA050,0x0000,0x8A7B,0x2BDD,0xE0B1,0x20AA,0x8089,
    0xA050,0x4030,0x2010,0x0000,0x4C7B,0x4852,0x4600,0xE320,0x2020,0xEA6A,0xF5FF,0xEEFF,
    0xEDFF,0xC8FF,0xF2FF,0xEEFF,0x209A,0xC0A1,0x4081,0x2069,0x6050,0xAA9B,0x63D3,0x0000,
    0x0000,0xA048,0x2071,0x0000,0x0000,0x42E5,0x21FE,0xA0FD,0xA0FD,0xA0FD,0x20FD,0x20FD,
    0x20FD,0xA0FC,0xA0FC,0x20FC,0x20FC,0xC0FB,0xC0FB,0xC0FB,0xC0FB,0x40FB,0x40FB,0x40FB,
    0x40FB,0x40FB,0x40FB,0x40FB,0x40FB,0x40FB,0xC0FB,0xC0FB,0xC0FB,0x20FC,0x20FC,0xA0FC,
    0xA0FC,0x20FD,0x20FD,0x20FD,0xA0FD,0xA0FD,0xA0FD,0x0000,0x2010,0x209A,0xA050,0x4893,
    0xC228,0x0000,0xA9DC,0x8359,0xA050,0x2071,0x20AA,0x8089,0x2082,0xC2FD,0x20FC,0x22FD,
    0xC2FC,0xC0FB,0x2BDD,0x4EA4,0xC238,0x2010,0x0000,0x8A7B,0xC762,0x0000,0x4030,0xA048,
    0x2069,0x8089,0xC099,0x40B2,0x63D3,0x8BA4,0x2010,0x2069,0xA0C2,0x22FD,0xCAFF,0xF5FF,
    0xF5FF,0xC8FF,0xA5FE,0xA0FC,0x20AA,0x4030,0x4431,0xB3EE,0x21D3,0x21D3,0x40B2,0x4081,
    0xA050,0x4030,0x2020,0x0000,0x30B5,0x2010,0x2020,0xA048,0xAFA4,0xF6FF,0xF0FF,0xF0FF,
    0xCAFF,0xEDFF,0xF5FF,0x819B,0x4081,0xC099,0xC060,0xC060,0xA038,0x2BDD,0xC071,0x0000,
    0xA46A,0xA050,0x2069,0x2051,0x0000,0xA049,0x42FE,0xA0FD,0xA0FD,0xA0FD,0x20FD,0x20FD,
    0x20FD,0xA0FC,0xA0FC,0x20FC,0x20FC,0x20FC,0xC0FB,0xC0FB,0xC0FB,0xC0FB,0x40FB,0x40FB,
    0x40FB,0x40FB,0x40FB,0x40FB,0x40FB,0xC0FB,0xC0FB,0xC0FB,0x20FC,0x20FC,0xA0FC,0xA0FC,
    0xA0FC,0x20FD,0x20FD,0xA0FD,0xA0FD,0x21FE,0x218B,0x0000,0x2082,0xC099,0x049B,0x4E94,
    0x0000,0x0000,0x049B,0x2AB4,0x4040,0xA050,0x2071,0x40B2,0x2069,0xA1A2,0xA0FC,0x20FC,
    0x22FD,0xC2FC,0xA0EB,0xC4DC,0x2BDD,0xAA9B,0x2010,0x2010,0x8BA4,0x0000,0x4030,0xA050,
    0xC060,0xC099,0x40B2,0x22D3,0xA0EB,0x2BDD,0xEA6A,0x4030,0x40B2,0x22FD,0x47FF,0xF0FF,
    0xF0FF,0x46FE,0xA5FE,0x20FC,0x4081,0x2010,0xB3CD,0xA6FD,0xC0FB,0x21D3,0xA0C2,0x4081,
    0xC060,0xA038,0x0000,0xC862,0xAA9B,0x0000,0x049B,0xB3EE,0xF2FF,0xF0FF,0xF2FF,0xEEFF,
    0xEEFF,0xF2FF,0x44AC,0x2071,0x20AA,0x2069,0xC060,0x6050,0xA46A,0x2BDD,0x0000,0x0000,
    0x034A,0xA6A3,0xA050,0x209A,0x2010,0x0000,0xC1D4,0x21FE,0xA0FD,0xA0FD,0xA0FD,0x20FD,
    0x20FD,0xA0FC,0xA0FC,0x20FC,0x20FC,0x20FC,0xC0FB,0xC0FB,0xC0FB,0xC0FB,0x40FB,0x40FB,
    0x40FB,0x40FB,0x40FB,0x40FB,0x40FB,0xC0FB,0xC0FB,0xC0FB,0x20FC,0x20FC,0xA0FC,0xA0FC,
    0x20FD,0x20FD,0x20FD,0xA0FD,0xA0FD,0xA0FD,0x0000,0xA018,0x21BB,0x6189,0xCFC4,0x0329,
    0x0000,0x0000,0x2010,0x2BDD,0x8359,0x4040,0xA050,0x2071,0xC0A1,0xA050,0xA0BA,0xA0FC,
    0xC2FC,0x22FD,0x42F4,0x20FC,0xC0FB,0xADFE,0x8C7B,0x0000,0x8BA4,0xA46A,0x0000,0x2051,
    0xC060,0x8089,0xA0C2,0x42EC,0xC2FC,0xC2FD,0x32FF,0xA038,0x4081,0xC2FC,0xA5FE,0xEEFF,
    0xF0FF,0xA2FE,0x44FE,0x21D3,0x4030,0x4C7B,0xF0FF,0x20FD,0xC2FC,0xA0EB,0x40B2,0x4081,
    0xA050,0x4030,0x0000,0x2BDD,0x2020,0x2010,0x32FF,0xF0FF,0xF0FF,0xF2FF,0xF2FF,0xF2FF,
    0xF0FF,0x44AC,0x2071,0xC099,0x2069,0xA050,0xA050,0x4030,0x2BDD,0x4162,0x0000,0x0000,
    0x0000,0x8BA4,0xA289,0xC099,0x2072,0x0000,0xA049,0x42FE,0xA0FD,0xA0FD,0xA0FD,0x20FD,
    0x20FD,0xA0FC,0xA0FC,0xA0FC,0x20FC,0x20FC,0x20FC,0xC0FB,0xC0FB,0xC0FB,0x40FB,0x40FB,
    0x40FB,0x40FB,0x40FB,0x40FB,0x40FB,0xC0FB,0xC0FB,0x20FC,0x20FC,0xA0FC,0xA0FC,0xA0FC,
    0x20FD,0x20FD,0xA0FD,0xA0FD,0x81FE,0x4193,0x0000,0xC172,0x20AA,0x049B,0x4E94,0x0000,
    0x0000,0x0000,0x0000,0xC27A,0x2BDD,0x2020,0xA048,0xA050,0xC060,0xC099,0xA050,0xA0BA,
    0xC2FC,0xC2FC,0xC2FC,0xC2FC,0xA0FC,0x2BDD,0xB0A4,0x0000,0x049B,0x2BDD,0xC228,0x4030,
    0x2071,0x8089,0xA0C2,0x20FC,0xC4FD,0xA5FE,0xEDFF,0x30B5,0x4040,0x21D3,0x42FE,0xEDFF,
    0xF0FF,0x42FE,0xC2FD,0xC099,0xC238,0xF6FF,0xA5FE,0xC2FD,0xC2FC,0xA0EB,0x20AA,0x2071,
    0xA050,0x0000,0x8BA4,0x2BDD,0x0000,0xC238,0xF0FF,0xEDFF,0xF0FF,0xF0FF,0xF5FF,0xEEFF,
    0x44AC,0xC060,0x4081,0xC060,0xA050,0xA048,0x2020,0xA79B,0xC4DC,0x0000,0x0000,0x0000,
    0x0000,0x4431,0x2BDD,0xC099,0x63D3,0x0000,0x0000,0x21E5,0x21FE,0xA0FD,0xA0FD,0x20FD,
    0x20FD,0x20FD,0xA0FC,0xA0FC,0x20FC,0x20FC,0x20FC,0xC0FB,0xC0FB,0xC0FB,0xC0FB,0xC0FB,
    0x40FB,0x40FB,0x40FB,0x40FB,0xC0FB,0xC0FB,0xC0FB,0x20FC,0x20FC,0xA0FC,0xA0FC,0x20FD,
    0x20FD,0xA0FD,0xA0FD,0xA0FD,0x21FE,0x2010,0x0000,0xA2BB,0xC0A1,0xADD4,0x2429,0x0000,
    0x0000,0x0000,0x0000,0x0000,0x2BDD,0x049B,0x2020,0xA048,0x4040,0xC060,0x4081,0xA048,
    0x20AA,0x20FC,0xC2FC,0xC2FC,0xA0FC,0x2AFE,0xB0A4,0x0000,0x049B,0xC3BA,0x2BDD,0x2010,
    0xA050,0xC099,0xA0C2,0x20FC,0xC4FD,0x48FF,0xCAFF,0xF5FF,0xC862,0x6189,0x20FD,0x4CFF,
    0xF0FF,0xA0FD,0x42F4,0x6050,0x13AD,0xF0FF,0xA5FE,0xC2FD,0x22FD,0x21D3,0x20AA,0x2069,
    0x2010,0xEA6A,0xA9DC,0x049B,0x2010,0x2331,0x4FFF,0x47FF,0xF0FF,0xF5FF,0xEDFF,0xA192,
    0xA050,0x2071,0xA050,0xA048,0xA048,0x2020,0x2241,0xA8FE,0xC020,0x0000,0x0000,0x0000,
    0x0000,0x0000,0x4DA4,0x22D3,0xA0EB,0xA16A,0x0000,0xC172,0x21FE,0xA0FD,0xA0FD,0xA0FD,
    0x20FD,0x20FD,0xA0FC,0xA0FC,0x20FC,0x20FC,0x20FC,0x20FC,0xC0FB,0xC0FB,0xC0FB,0xC0FB,
    0x40FB,0x40FB,0x40FB,0x40FB,0xC0FB,0xC0FB,0x20FC,0x20FC,0x20FC,0xA0FC,0xA0FC,0x20FD,
    0x20FD,0xA0FD,0xA0FD,0x21FE,0xC1D4,0x0000,0x205A,0x21CB,0x63D3,0xAFA4,0x0000,0x0000,
    0x0000,0x2500,0x0000,0x0000,0x2010,0x2BDD,0x2241,0x2020,0xA048,0x4030,0xA050,0x4081,
    0xA050,0x8089,0x42F4,0x22FD,0xA0FC,0xADFE,0x4E94,0x0000,0xA6A3,0xE0D2,0x63D3,0x13AD,
    0x2010,0x4081,0x40B2,0x20FC,0xC4FD,0xCAFF,0xEEFF,0xF5FF,0xB3EE,0xA050,0xA0EB,0x2AFF,
    0xB3EE,0x20FD,0x20AA,0xEA6A,0xFAFF,0xC8FF,0xA5FE,0xC2FD,0xA0FC,0x21D3,0x8089,0x4030,
    0x4652,0x6BF6,0xE0D2,0x049B,0xC020,0xA038,0xF0FF,0xF0FF,0xF2FF,0xC4DC,0x2069,0x4040,
    0xA050,0x4030,0x4030,0x4030,0x2020,0x2010,0x6BF6,0x4162,0x0000,0x0000,0x0300,0x0300,
    0x0000,0x0000,0xC641,0x2BDD,0xA0EB,0xC2D4,0x0000,0xA018,0x21FE,0xA0FD,0xA0FD,0xA0FD,
    0x20FD,0x20FD,0xA0FC,0xA0FC,0xA0FC,0x20FC,0x20FC,0x20FC,0xC0FB,0xC0FB,0xC0FB,0xC0FB,
    0x40FB,0x40FB,0x40FB,0xC0FB,0xC0FB,0xC0FB,0x20FC,0x20FC,0xA0FC,0xA0FC,0xA0FC,0x20FD,
    0x20FD,0xA0FD,0xA0FD,0x81FE,0x205A,0x0000,0xA1A3,0xA0C2,0x2BDD,0xA952,0x0000,0x0000,
    0x0300,0x2500,0x0300,0x0000,0x0000,0x2031,0x2BDD,0x2020,0x2020,0x4030,0x4030,0xA048,
    0x2071,0xA050,0x2071,0xC2E3,0xA0FC,0x4FFF,0xC862,0x0000,0x049B,0x42F4,0xA0EB,0x28FD,
    0x30B5,0x2020,0xC099,0xC2E3,0xC2FD,0xCAFF,0xF0FF,0xF6FF,0xFCFF,0x4E94,0xC0A1,0xA8FE,
    0x4CFF,0xC0FB,0x2051,0xD9DE,0xF2FF,0x47FF,0xA5FE,0xC2FD,0xA0EB,0x40B2,0x4040,0x8359,
    0x32FF,0xC2FD,0x20FC,0xC4DC,0xE320,0x0000,0xB3EE,0xABFE,0x209A,0x4040,0xA048,0xA048,
    0x4030,0x2020,0x2020,0x2010,0x0000,0xC4DC,0x049B,0x0000,0x0000,0x0000,0x0300,0x0300,
    0x0000,0x0000,0x0000,0x2BDD,0x20FC,0xC2FD,0x2031,0x0000,0xC2CC,0x21FE,0xA0FD,0xA0FD,
    0x20FD,0x20FD,0x20FD,0xA0FC,0xA0FC,0x20FC,0x20FC,0x20FC,0xC0FB,0xC0FB,0xC0FB,0xC0FB,
    0x40FB,0x40FB,0xC0FB,0xC0FB,0xC0FB,0xC0FB,0x20FC,0x20FC,0xA0FC,0xA0FC,0x20FD,0x20FD,
    0xA0FD,0xA0FD,0xA0FD,0x21FE,0x0000,0x0000,0x01EC,0xE0D2,0x30D5,0x0300,0x0000,0x0000,
    0x0300,0x0300,0x2500,0x0000,0x0000,0x0000,0x2252,0x2BDD,0x2010,0x2020,0x4030,0x2020,
    0x4030,0x2069,0xC060,0x2071,0x21CB,0xB3EE,0xC228,0x2010,0x049B,0x21D3,0xC2FD,0xA0FC,
    0xEDFF,0x13AD,0x4030,0x21D3,0x22FD,0xC6FE,0xEEFF,0xF5FF,0xFAFF,0xF8FF,0x2069,0x22FD,
    0xA8FE,0x6189,0x8BA4,0xFAFF,0xCAFF,0xA5FE,0x44FE,0x20FC,0xA0C2,0xC060,0xC238,0xB3EE,
    0x47FF,0xC2FD,0x22FD,0xC2E3,0xA46A,0x0000,0xC4DC,0x049B,0x4040,0xA050,0x4030,0x2020,
    0x2020,0x2010,0x0000,0x0000,0xC4DC,0xA293,0x0000,0x0000,0x0000,0x0300,0x0300,0x0300,
    0x0300,0x0000,0x0000,0xAC83,0xA6FD,0xC2FD,0xA293,0x0000,0xC172,0xA2FE,0xA0FD,0xA0FD,
    0xA0FD,0x20FD,0x20FD,0xA0FC,0xA0FC,0xA0FC,0x20FC,0x20FC,0x20FC,0xC0FB,0xC0FB,0xC0FB,
    0x40FB,0xC0FB,0xC0FB,0xC0FB,0xC0FB,0x20FC,0x20FC,0x20FC,0xA0FC,0xA0FC,0x20FD,0x20FD,
    0xA0FD,0xA0FD,0x21FE,0x81CC,0x0000,0x205A,0x20FC,0xC2E3,0x4E94,0x0000,0x0000,0x0300,
    0x0300,0x0300,0x2500,0x2500,0x0000,0x0000,0x0000,0x2252,0x2BDD,0x2020,0x2010,0x2020,
    0x2020,0x4030,0xA050,0xA048,0x049B,0x44AC,0x0000,0x2051,0x20AA,0xA0C2,0xC2FD,0xA5FE,
    0xA2FE,0xF2FF,0x909C,0x4040,0x42F4,0xA5FE,0xCAFF,0xF2FF,0xF8FF,0xFCFF,0xAFA4,0xA1A2,
    0x22FD,0x4030,0xFAFF,0xF0FF,0xC6FE,0x44FE,0xC2FC,0x21D3,0x4081,0xA038,0xB3EE,0xEEFF,
    0x47FF,0x44FE,0x22FD,0x40B2,0x2272,0x0000,0x2051,0x049B,0x4030,0x4030,0x2020,0x2020,
    0x2010,0x0000,0x2010,0xC4DC,0xA46A,0x0000,0x0000,0x0000,0x0300,0x0300,0x0300,0x0300,
    0x0300,0x0000,0x0000,0xE320,0x4FFF,0xA2FE,0xC4DC,0x0000,0xA018,0x42FE,0xA0FD,0xA0FD,
    0xA0FD,0x20FD,0x20FD,0x20FD,0xA0FC,0xA0FC,0x20FC,0x20FC,0x20FC,0xC0FB,0xC0FB,0xC0FB,
    0x40FB,0xC0FB,0xC0FB,0xC0FB,0xC0FB,0x20FC,0x20FC,0x20FC,0xA0FC,0xA0FC,0x20FD,0x20FD,
    0xA0FD,0xA0FD,0x81FE,0xC172,0x0000,0xA1A3,0x20FC,0x28FD,0xCA5A,0x0000,0x0000,0x0300,
    0x2500,0x2500,0x2500,0x2500,0x2500,0x0000,0x0000,0x0000,0x8359,0x2BDD,0x2241,0x0000,
    0x2020,0x2020,0x4030,0x4030,0x2272,0xA038,0x0000,0x2071,0xC099,0x20AA,0x21D3,0xC4FD,
    0x48FF,0xCAFF,0xF8FF,0x8BA4,0x6050,0xC2FC,0x47FF,0xEDFF,0xF6FF,0xFAFF,0xFAFF,0xA361,
    0x2071,0x8BA4,0xF6FF,0x47FF,0x42FE,0x22FD,0x41E3,0x4081,0xA038,0xB3EE,0xF5FF,0xEDFF,
    0x47FF,0xC2FD,0x21D3,0xC0A1,0x2072,0x2020,0x2010,0xA048,0x2051,0x2010,0x2020,0x2010,
    0x0000,0x2041,0xC4DC,0x205A,0x0000,0x0000,0x0000,0x0300,0x0300,0x0300,0x0300,0x0300,
    0x0300,0x0300,0x0000,0x0000,0xB3EE,0xC8FF,0x47FF,0xA018,0x0000,0x42E5,0x21FE,0xA0FD,
    0xA0FD,0xA0FD,0x20FD,0x20FD,0xA0FC,0xA0FC,0x20FC,0x20FC,0x20FC,0xC0FB,0xC0FB,0xC0FB,
    0xC0FB,0xC0FB,0xC0FB,0xC0FB,0xC0FB,0x20FC,0x20FC,0xA0FC,0xA0FC,0x20FD,0x20FD,0xA0FD,
    0xA0FD,0xA0FD,0x81FE,0x2029,0x0000,0xC2FD,0x20FD,0x2BDD,0xE320,0x0000,0x0000,0x2500,
    0x2500,0x2500,0x2500,0x2500,0x2500,0x0300,0x0000,0x0000,0x0000,0xA018,0x8BA4,0xA46A,
    0x2010,0x2020,0x2010,0xA038,0xA051,0x0000,0xA048,0x2069,0x2071,0x20AA,0x40B2,0x21D3,
    0x44FE,0xEDFF,0xF2FF,0xFFFF,0x909C,0xC060,0x22FD,0x87FF,0xEDFF,0xF2FF,0xFAFF,0xAA9B,
    0x0000,0xEEFF,0x48FF,0xC2FD,0x22FD,0x63D3,0x4081,0x2241,0xD9DE,0xF6FF,0xF0FF,0xCAFF,
    0xC2FD,0x21D3,0xA0C2,0x20AA,0x2071,0xA038,0x2010,0x2010,0x2031,0xA048,0x0000,0x0000,
    0x2272,0x44AC,0xA018,0x0000,0x2010,0x0000,0x0300,0x0300,0x0300,0x0300,0x0300,0x0300,
    0x0300,0x0300,0x0000,0x0000,0xAFA4,0xF0FF,0xEDFF,0xA262,0x0000,0x819B,0xA2FE,0xA0FD,
    0xA0FD,0xA0FD,0x20FD,0x20FD,0xA0FC,0xA0FC,0xA0FC,0x20FC,0x20FC,0x20FC,0xC0FB,0xC0FB,
    0xC0FB,0xC0FB,0xC0FB,0xC0FB,0xC0FB,0x20FC,0x20FC,0xA0FC,0xA0FC,0x20FD,0x20FD,0xA0FD,
    0xA0FD,0x21FE,0x21FE,0x0000,0xA018,0x47FF,0xC2FD,0xB0D5,0x0000,0x0000,0x0000,0x2500,
    0x2500,0x2500,0x2500,0x2500,0x2500,0x2500,0x0000,0x2010,0x0000,0x0000,0x0000,0xA262,
    0xA051,0x2010,0x2010,0x2020,0x0000,0x2020,0xA050,0xC060,0x2071,0x4081,0x42A2,0xA0C2,
    0xA0EB,0xC6FE,0xF0FF,0xF6FF,0xFFFF,0x13AD,0xC060,0x22FD,0x47FF,0xCAFF,0xEEFF,0x2BDD,
    0x2031,0xC6FE,0x20FD,0xC2FC,0x63D3,0xE070,0x8359,0xFCFF,0xFAFF,0xF2FF,0xEDFF,0xC4FD,
    0xA0EB,0x21D3,0x20AA,0x8089,0xC060,0x4030,0x2010,0x2020,0x0000,0x0000,0xC020,0xC27A,
    0xA262,0x0000,0x2010,0x2010,0x0000,0x0300,0x2500,0x0300,0x0300,0x0300,0x0300,0x0300,
    0x0300,0x0300,0x0000,0x0000,0x2B6B,0xF8FF,0xF5FF,0x44AC,0x0000,0x205A,0xA2FE,0xA0FD,
    0xA0FD,0xA0FD,0x20FD,0x20FD,0xA0FC,0xA0FC,0xA0FC,0x20FC,0x20FC,0x20FC,0xC0FB,0xC0FB,
    0xC0FB,0xC0FB,0xC0FB,0xC0FB,0x20FC,0x20FC,0x20FC,0xA0FC,0xA0FC,0x20FD,0x20FD,0xA0FD,
    0xA0FD,0x21FE,0xC4DC,0x0000,0x2252,0xEEFF,0xC8FF,0xAFB4,0x0000,0x0000,0x0300,0x2500,
    0x2500,0x2500,0x2500,0x2500,0x2500,0x2500,0x2500,0x0000,0x2069,0x2020,0x0000,0x0000,
    0x0000,0x2010,0x2010,0x0000,0x2010,0x4030,0x4030,0xA050,0x2071,0x2071,0x6189,0x42A2,
    0x21D3,0x22FD,0xEDFF,0xF5FF,0xF8FF,0xFFFF,0x13AD,0xA050,0x22FD,0x44FE,0x47FF,0xC4DC,
    0xC069,0x22FD,0x20FC,0xA0EB,0x6050,0xC862,0xFFFF,0xFCFF,0xF2FF,0xEDFF,0xC2FD,0x20FC,
    0x21D3,0xC099,0x2069,0xA050,0xA048,0x4030,0x2010,0x0000,0xA038,0x2072,0xC172,0x2010,
    0x0000,0x2020,0x2010,0x0000,0x0300,0x2500,0x0300,0x0300,0x0300,0x0300,0x0300,0x0300,
    0x0300,0x0300,0x0000,0x0000,0x8531,0xF8FF,0xF6FF,0x6BF6,0x0000,0xC020,0x42FE,0xA0FD,
    0xA0FD,0xA0FD,0xA0FD,0x20FD,0x20FD,0xA0FC,0xA0FC,0x20FC,0x20FC,0x20FC,0xC0FB,0xC0FB,
    0xC0FB,0xC0FB,0xC0FB,0xC0FB,0x20FC,0x20FC,0x20FC,0xA0FC,0xA0FC,0x20FD,0x20FD,0xA0FD,
    0xA0FD,0x81FE,0x44AC,0x0000,0x049B,0xF2FF,0xF0FF,0xAC83,0x0000,0x0000,0x0300,0x2500,
    0x2500,0x2500,0x2500,0x2500,0x2500,0x2500,0x2500,0x2500,0x0000,0xC071,0x2020,0x0000,
    0x0000,0x0000,0x0000,0x0000,0x2010,0x2020,0x2020,0x4030,0xA050,0x2071,0xA289,0xA289,
    0x42A2,0xC2E3,0x44FE,0xEEFF,0xF6FF,0xF8FF,0xFFFF,0x13AD,0xA050,0x20FC,0xC2FD,0xC2D4,
    0x2051,0xC0FB,0xA0C2,0x4030,0x8C7B,0xFFFF,0xFCFF,0xF0FF,0xCAFF,0x44FE,0xA0FC,0xA0C2,
    0xA289,0x2069,0xA050,0xA050,0xA048,0x2020,0x2010,0x0000,0x0000,0x0000,0x0000,0x0000,
    0xA048,0xA048,0x0000,0x0300,0x2500,0x2500,0x0300,0x0300,0x0300,0x0300,0x0300,0x0300,
    0x0300,0x2500,0x0300,0x0000,0x2010,0xF5FF,0xF5FF,0xEDFF,0x0000,0x0000,0xC2FD,0x21FE,
    0xA0FD,0xA0FD,0xA0FD,0x20FD,0x20FD,0xA0FC,0xA0FC,0x20FC,0x20FC,0x20FC,0xC0FB,0xC0FB,
    0xC0FB,0xC0FB,0xC0FB,0xC0FB,0x20FC,0x20FC,0x20FC,0xA0FC,0xA0FC,0x20FD,0x20FD,0xA0FD,
    0xA0FD,0x81FE,0xC172,0x0000,0x8BA4,0xF5FF,0xF6FF,0xC862,0x0000,0x0000,0x0300,0x2500,
    0x2500,0x4600,0x2500,0x2500,0x2500,0x2500,0x2500,0x4600,0x0000,0x0000,0x2082,0xA048,
    0x0000,0x0000,0x0000,0x2041,0xC069,0x2241,0x2020,0x4030,0x4040,0x8359,0xA289,0x40B2,
    0xA0C2,0x22D3,0xC2FC,0x47FF,0xEEFF,0xF6FF,0xF8FF,0xFFFF,0x13AD,0x4040,0xC0FB,0xA0D3,
    0xA050,0xC0A1,0x2020,0x13AD,0xFFFF,0xF5FF,0xCAFF,0xC6FE,0xC2FD,0x42F4,0xA0BA,0x8359,
    0x8359,0x2069,0xC060,0x4040,0x4030,0xA038,0x2041,0xC020,0x0000,0x0000,0x0000,0x2051,
    0x2051,0x0000,0x0300,0x4600,0x2500,0x2500,0x2500,0x0300,0x0300,0x2500,0x2500,0x2500,
    0x2500,0x2500,0x0300,0x0000,0x0000,0x32FF,0xF2FF,0xEDFF,0x2029,0x0000,0xC2D4,0x21FE,
    0xA0FD,0xA0FD,0xA0FD,0x20FD,0x20FD,0xA0FC,0xA0FC,0x20FC,0x20FC,0x20FC,0xC0FB,0xC0FB,
    0xC0FB,0xC0FB,0xC0FB,0xC0FB,0x20FC,0x20FC,0x20FC,0xA0FC,0xA0FC,0x20FD,0x20FD,0xA0FD,
    0xA0FD,0x81FE,0x205A,0x0000,0x6BF6,0xF5FF,0xF8FF,0xC641,0x0000,0x0000,0x2500,0x2500,
    0x4600,0x4600,0x4600,0x4600,0x2500,0x2500,0x2500,0x2500,0x4600,0x0000,0x2010,0xA1A2,
    0x2071,0x0000,0x0000,0x0000,0x2031,0xA46A,0xAA9B,0x049B,0xA361,0xC060,0xE070,0xC099,
    0x63D3,0xC2E3,0xC2FC,0xC6FE,0xEDFF,0xF5FF,0xFAFF,0xF6FF,0xFCFF,0x13AD,0xA048,0x209A,
    0x4030,0x2020,0xB3CD,0xF5FF,0x2AFF,0x44FE,0x42FE,0x42FE,0xC4FD,0x42F4,0xA0C2,0xC0A1,
    0xC099,0xC099,0x049B,0x049B,0x049B,0x2252,0xA018,0x0000,0x0000,0x2010,0x2272,0x2031,
    0x0000,0x0300,0x4600,0x2500,0x2500,0x2500,0x2500,0x2500,0x2500,0x2500,0x4600,0x8700,
    0x4600,0x2500,0x0300,0x0000,0x0000,0xB3EE,0xEDFF,0xCAFF,0xA049,0x0000,0x42B4,0xA2FE,
    0xA0FD,0xA0FD,0xA0FD,0x20FD,0x20FD,0xA0FC,0xA0FC,0x20FC,0x20FC,0x20FC,0xC0FB,0xC0FB,
    0xC0FB,0xC0FB,0xC0FB,0xC0FB,0x20FC,0x20FC,0x20FC,0xA0FC,0xA0FC,0x20FD,0x20FD,0xA0FD,
    0xA0FD,0x81FE,0x8039,0x0000,0x6BF6,0xF2FF,0xF8FF,0x4431,0x0000,0x0000,0x2500,0x2500,
    0x4600,0x8700,0x8700,0x4600,0x4600,0x4600,0x4600,0x4600,0x4600,0x2500,0x0000,0x0000,
    0xA2BB,0x2051,0x0000,0x0000,0x0000,0x0000,0x0000,0xC441,0xAA9B,0x8BA4,0xA8B3,0x049B,
    0x40B2,0xA0EB,0x22FD,0x48FF,0xF0FF,0xFAFF,0xFFFF,0xFAFF,0xF2FF,0xF5FF,0xAFA4,0x2010,
    0x0000,0x8BA4,0x2BDD,0x01EC,0xA0FC,0xC2FD,0xA5FE,0x47FF,0xA5FE,0xA0FC,0x20FC,0xC4DC,
    0xA9DC,0x2AB4,0xA46A,0xE320,0x0000,0x0000,0x0000,0x4030,0x0000,0x0D94,0xA46A,0x0000,
    0x0300,0xA800,0x4600,0x4600,0x2500,0x2500,0x2500,0x2500,0x4600,0x8700,0x8700,0x8700,
    0x4600,0x2500,0x0300,0x0000,0x0000,0xB0D5,0x47FF,0x87FF,0xA262,0x0000,0x4193,0xA2FE,
    0xA0FD,0xA0FD,0xA0FD,0x20FD,0x20FD,0xA0FC,0xA0FC,0x20FC,0x20FC,0x20FC,0xC0FB,0xC0FB,
    0xC0FB,0xC0FB,0xC0FB,0xC0FB,0x20FC,0x20FC,0xA0FC,0xA0FC,0xA0FC,0x20FD,0x20FD,0xA0FD,
    0xA0FD,0x21FE,0x2029,0x0000,0x2AFF,0xF0FF,0xF8FF,0xA218,0x0000,0x0000,0x2500,0x2500,
    0x4600,0xA800,0xA800,0xA800,0x8700,0x4600,0x4600,0x4600,0x4A11,0xA800,0x2500,0x0000,
    0xC862,0x8BA4,0x0000,0x2020,0xA048,0xA038,0x2010,0x0000,0x0000,0x2010,0x4652,0x8BA4,
    0x2BDD,0x2BDD,0x44FE,0xA5FE,0xF0FF,0xFAFF,0xFFFF,0xFCFF,0xF0FF,0xC6FE,0xABFE,0x2331,
    0x2031,0xC4DC,0x4081,0xA0C2,0x42F4,0xC4FD,0xC6FE,0xA5FE,0xA5FE,0xADFE,0xB3EE,0x0D94,
    0x8531,0x0000,0x0000,0x0000,0x0000,0x0000,0x4030,0x4030,0x0000,0x13AD,0xC228,0x0000,
    0xA800,0xA800,0x4600,0x4600,0x4600,0x2500,0x2500,0x4600,0x8700,0xA800,0x8700,0x8700,
    0x4600,0x2500,0x0300,0x0000,0x0000,0x30C5,0xC4FD,0xA5FE,0xC172,0x0000,0xC172,0x81FE,
    0xA0FD,0xA0FD,0xA0FD,0x20FD,0x20FD,0xA0FC,0xA0FC,0x20FC,0x20FC,0x20FC,0xC0FB,0xC0FB,
    0xC0FB,0xC0FB,0xC0FB,0xC0FB,0x20FC,0x20FC,0x20FC,0xA0FC,0xA0FC,0x20FD,0x20FD,0xA0FD,
    0xA0FD,0x21FE,0xA018,0x0000,0x48FF,0xCAFF,0xF6FF,0xA218,0x0000,0x0000,0x2500,0x2500,
    0x4600,0xA800,0xA800,0xA800,0xA800,0xA800,0xA800,0xA800,0xA800,0xA800,0xCA00,0x0000,
    0xC441,0xB0A4,0x0000,0x2020,0xA050,0x2069,0xA050,0x2020,0x0000,0x0000,0x0000,0x0000,
    0xC020,0xC862,0xB0D5,0xEEFF,0xF2FF,0xFAFF,0xFFFF,0xFAFF,0xCAFF,0xA5FE,0xA0FC,0x2082,
    0xA051,0x2071,0x4081,0xA0BA,0x42F4,0x20FD,0xA5FE,0xEEFF,0xB3EE,0x4B73,0x2010,0x0000,
    0x0000,0x0000,0x0000,0x0000,0x0000,0xA038,0xA048,0x4030,0x0000,0x4EA4,0xA218,0x2500,
    0xCA00,0xA800,0xA800,0x4600,0x4600,0x4600,0x4600,0xA800,0xA800,0xA800,0x8700,0x8700,
    0x4600,0x2500,0x0300,0x0000,0x0000,0xAFB4,0x45FD,0x22FD,0x218B,0x0000,0x4162,0x81FE,
    0xA0FD,0xA0FD,0xA0FD,0x20FD,0x20FD,0xA0FC,0xA0FC,0x20FC,0x20FC,0x20FC,0xC0FB,0xC0FB,
    0xC0FB,0xC0FB,0xC0FB,0xC0FB,0x20FC,0x20FC,0x20FC,0xA0FC,0xA0FC,0x20FD,0x20FD,0xA0FD,
    0xA0FD,0x21FE,0x0000,0x0000,0xC6FE,0x87FF,0xF2FF,0xE320,0x0000,0x0000,0x2500,0x4600,
    0x4600,0xA800,0xA800,0xA800,0xA800,0xA800,0xA800,0xA800,0xCA00,0xCA00,0x4C01,0x0300,
    0x2331,0x13AD,0x0000,0x2010,0xA048,0x8089,0x2071,0x2272,0x2031,0x0000,0x0000,0x0000,
    0x0000,0x0000,0x0000,0x4652,0xB3EE,0xFAFF,0xFFFF,0xF8FF,0x48FF,0xC2FD,0x42F4,0xC099,
    0xA050,0x2071,0x8089,0xA0C2,0xA0EB,0xC6FE,0x32FF,0xAC83,0x2010,0x0000,0x0000,0x0000,
    0x0000,0x0000,0x0000,0x0000,0xA048,0xA050,0xA050,0x4030,0x0000,0x4E94,0xA218,0x4600,
    0x2A01,0xA800,0xA800,0xA800,0x8700,0x8700,0xA800,0x4A11,0xA800,0xA800,0x8700,0x8700,
    0x4600,0x2500,0x2500,0x0000,0x0000,0xAFB4,0x42F4,0x20FC,0xC182,0x0000,0x4162,0x81FE,
    0xA0FD,0xA0FD,0xA0FD,0x20FD,0x20FD,0xA0FC,0xA0FC,0x20FC,0x20FC,0x20FC,0xC0FB,0xC0FB,
    0xC0FB,0xC0FB,0xC0FB,0xC0FB,0x20FC,0x20FC,0x20FC,0xA0FC,0xA0FC,0x20FD,0x20FD,0xA0FD,
    0xA0FD,0xA0FD,0x0000,0x0000,0xA5FE,0x42FE,0x4FFF,0x2429,0x0000,0x0000,0x2500,0x2500,
    0x4600,0xA800,0xA800,0xA800,0xA800,0x2A01,0xCA00,0xA800,0xCA00,0x2A01,0x4C01,0x2500,
    0x2331,0xB0A4,0x0000,0x2010,0x4040,0x4081,0x20AA,0x2082,0xA79B,0x0000,0x0000,0x0000,
    0x0000,0x0000,0x0000,0x0000,0x0000,0xC762,0xB3EE,0xFAFF,0x48FF,0x22FD,0x42F4,0xA0BA,
    0x2071,0x2071,0xC099,0xA0C2,0x6BF6,0x8BA4,0xC228,0x0000,0x0000,0x0000,0x0000,0x0000,
    0x0000,0x0000,0x0000,0xC071,0x2069,0x2069,0x4040,0x4030,0x0000,0x4E94,0x0329,0x4600,
    0x4C01,0xCA00,0xA800,0xA800,0x2A01,0x2A01,0x2A01,0x2A01,0xA800,0xA800,0x8700,0x8700,
    0x4600,0x2500,0x2500,0x0000,0x0000,0xAFB4,0xC2E3,0xA0EB,0xC182,0x0000,0x205A,0x21FE,
    0xA0FD,0xA0FD,0xA0FD,0x20FD,0x20FD,0xA0FC,0xA0FC,0x20FC,0x20FC,0x20FC,0xC0FB,0xC0FB,
    0xC0FB,0xC0FB,0xC0FB,0xC0FB,0x20FC,0x20FC,0x20FC,0xA0FC,0xA0FC,0x20FD,0x20FD,0xA0FD,
    0xA0FD,0xA0FD,0x0000,0x0000,0xC4FD,0x20FD,0xADFE,0xC639,0x0000,0x0000,0x2500,0x2500,
    0x4600,0xA800,0xA800,0xA800,0x2A01,0x2A01,0xAD11,0x4C01,0xCA00,0x2A01,0x8F01,0x2500,
    0xC441,0xAFA4,0x0000,0x0000,0x2020,0xC060,0x20AA,0xA0BA,0x049B,0xC862,0x0000,0x0000,
    0x0000,0x0000,0x0000,0x0000,0x0000,0x0000,0x2010,0xAFA4,0xEDFF,0xA0FC,0x01EC,0x21D3,
    0x4081,0x2069,0xC099,0xC4DC,0xA46A,0x0000,0x0000,0x0000,0x0000,0x0000,0x0000,0x0000,
    0x0000,0x0000,0x8359,0x049B,0x2071,0x2071,0x4030,0x2020,0x0000,0xAC83,0x8531,0x4600,
    0x4E01,0x2A01,0x2A01,0xAD11,0x2F22,0xAD11,0x2A01,0x2A01,0xA800,0xA800,0x8700,0x8700,
    0x4600,0x2500,0x2500,0x0000,0x0000,0xD0B4,0x22D3,0x21D3,0x2082,0x0000,0x205A,0x21FE,
    0xA0FD,0xA0FD,0xA0FD,0x20FD,0x20FD,0xA0FC,0xA0FC,0x20FC,0x20FC,0x20FC,0xC0FB,0xC0FB,
    0xC0FB,0xC0FB,0xC0FB,0xC0FB,0x20FC,0x20FC,0xA0FC,0xA0FC,0xA0FC,0x20FD,0x20FD,0xA0FD,
    0xA0FD,0x21FE,0x2010,0x0000,0x42E5,0xC0FB,0x2BDD,0x484A,0x0000,0x0000,0x2500,0x2500,
    0x4600,0xA800,0xA800,0xA800,0x2A01,0x2A01,0xAD11,0x9032,0x4A11,0xCA00,0x4E01,0x2500,
    0x254A,0x4E94,0x0000,0x2010,0x2010,0xA048,0x4081,0xA0BA,0xA0D3,0x4DE5,0x2429,0x0000,
    0x0000,0x0000,0x0000,0x0000,0x0000,0x0000,0x0000,0x0000,0xA46A,0xC4DC,0xE0D2,0x01EC,
    0xC099,0x2071,0xA1A2,0x2041,0x0000,0x0000,0x0000,0x0000,0x0000,0x0000,0x0000,0x0000,
    0x0000,0x2010,0x2BDD,0xC099,0xC099,0xA050,0x2020,0x2010,0x0000,0xAC83,0x254A,0x4600,
    0x8F01,0x4C01,0x9322,0xB553,0x2F22,0x2A01,0x2A01,0x4A11,0xA800,0xA800,0x8700,0x8700,
    0x4600,0x2500,0x0300,0x0000,0x0000,0xCFC4,0xA0C2,0xA0C2,0x2072,0x0000,0x205A,0x21FE,
    0xA0FD,0xA0FD,0xA0FD,0x20FD,0x20FD,0xA0FC,0xA0FC,0x20FC,0x20FC,0x20FC,0xC0FB,0xC0FB,
    0xC0FB,0xC0FB,0xC0FB,0xC0FB,0x20FC,0x20FC,0x20FC,0xA0FC,0xA0FC,0x20FD,0x20FD,0xA0FD,
    0xA0FD,0x21FE,0xC020,0x0000,0xC2D4,0xE0D2,0x2BDD,0xCA5A,0x0000,0x0000,0x2500,0x2500,
    0x4600,0x8700,0xA800,0xA800,0xA800,0x2A01,0xAD11,0x9032,0x356C,0x9322,0x4E01,0x2500,
    0x4652,0xAC83,0x0000,0x0000,0x0000,0x2020,0x2069,0x20AA,0x21CB,0x42EC,0x2BDD,0x8531,
    0x0000,0x0000,0x0000,0x0000,0x0000,0x0000,0x0000,0x0000,0x0000,0xA051,0x21D3,0x42F4,
    0xA0BA,0x2069,0x2020,0x0000,0x0000,0x0000,0x0000,0x0000,0x0000,0x0000,0x0000,0x0000,
    0xE320,0xB3EE,0x63D3,0xC099,0x2069,0x4030,0x2010,0x0000,0x0000,0x4B73,0xC862,0x2500,
    0x9322,0x3343,0xD87C,0x9322,0xAD11,0x4C01,0x2A01,0x4A11,0xA800,0x8700,0x8700,0x4600,
    0x2500,0x0300,0x0300,0x0000,0x0000,0xCFC4,0x40B2,0xA0BA,0xC069,0x0000,0x4162,0x21FE,
    0xA0FD,0xA0FD,0x20FD,0x20FD,0x20FD,0xA0FC,0xA0FC,0x20FC,0x20FC,0x20FC,0xC0FB,0xC0FB,
    0xC0FB,0xC0FB,0xC0FB,0xC0FB,0xC0FB,0x20FC,0x20FC,0xA0FC,0xA0FC,0x20FD,0x20FD,0xA0FD,
    0xA0FD,0x21FE,0x2031,0x0000,0xC4DC,0x63D3,0xA7CB,0x8C7B,0x0000,0x0000,0x2500,0x2500,
    0x4600,0x4600,0xA800,0xA800,0xA800,0x4A11,0xAD11,0xCE19,0x356C,0x9995,0xB553,0x0300,
    0xC862,0x4B73,0x0000,0x2020,0x0000,0x0000,0x2020,0x2069,0xA0C2,0x21D3,0x42F4,0xB3EE,
    0x909C,0xE320,0x0000,0x0000,0x0000,0x0000,0x0000,0x0000,0x0000,0x0000,0xC071,0x42F4,
    0xA0BA,0x2020,0x0000,0x0000,0x0000,0x0000,0x0000,0x0000,0x0000,0x0000,0x0000,0xEA6A,
    0xB3EE,0xC4DC,0xC0A1,0x8089,0x4030,0x2010,0x0000,0x0000,0x0000,0x4852,0x8A7B,0x0300,
    0x595C,0x9995,0x356C,0x0F1A,0x0F1A,0x4C01,0x2A01,0x4A11,0xA800,0xA800,0x8700,0x4600,
    0x2500,0x0300,0x0300,0x0000,0xA218,0xCFC4,0xC0A1,0x40B2,0xC069,0x0000,0xC172,0x21FE,
    0xA0FD,0xA0FD,0x20FD,0x20FD,0x20FD,0xA0FC,0xA0FC,0x20FC,0x20FC,0xC0FB,0xC0FB,0xC0FB,
    0xC0FB,0xC0FB,0xC0FB,0xC0FB,0x20FC,0x20FC,0x20FC,0xA0FC,0xA0FC,0x20FD,0x20FD,0xA0FD,
    0xA0FD,0x21FE,0xA049,0x0000,0x049B,0x20AA,0x049B,0x4E94,0x0000,0x0000,0x2500,0x2500,
    0x4600,0x4600,0xA800,0xA800,0xA800,0x2A01,0xAD11,0x2F22,0x3343,0x9995,0x9EB6,0xE320,
    0x4B73,0x4852,0x2020,0x2041,0x0000,0x0000,0x0000,0x2010,0x2069,0x63D3,0xA0EB,0x20FC,
    0xABFE,0xB3EE,0xB3CD,0xEA6A,0xA218,0x0000,0x0000,0x0000,0xA051,0x2020,0x2020,0x01EC,
    0x209A,0xA038,0x0000,0x0000,0x0000,0x0000,0x0000,0x0000,0x4852,0x13AD,0xB3EE,0x4FFF,
    0x20FC,0xA0C2,0xA1A2,0xA048,0x0000,0x0000,0x0000,0x0000,0x2020,0x4431,0x0D94,0x0300,
    0x9EB6,0x9995,0x9322,0x0F1A,0xAD11,0x2A01,0x2A01,0xA800,0xA800,0x8700,0x8700,0x2500,
    0x2500,0x2500,0x0300,0x0000,0xC639,0xACCC,0x4081,0x20AA,0x2041,0x0000,0x4193,0x21FE,
    0xA0FD,0xA0FD,0x20FD,0x20FD,0xA0FC,0xA0FC,0xA0FC,0x20FC,0x20FC,0xC0FB,0xC0FB,0xC0FB,
    0x40FB,0xC0FB,0xC0FB,0xC0FB,0xC0FB,0x20FC,0x20FC,0xA0FC,0xA0FC,0x20FD,0x20FD,0x20FD,
    0xA0FD,0x21FE,0x205A,0x0000,0x2082,0xC0A1,0x209A,0xB0A4,0x0000,0x0000,0x2500,0x2500,
    0x4600,0x4600,0x8700,0xA800,0xA800,0x2A01,0xAD11,0x9032,0x3343,0x356C,0x9EB6,0xE320,
    0x0D94,0xC641,0x2031,0x2041,0x0000,0x0000,0x0000,0x2020,0x2010,0x2041,0xA2BB,0xC2FC,
    0xA0FD,0xC2FD,0x2AFF,0xF0FF,0xF5FF,0x254A,0x0000,0x0000,0x2072,0x2020,0x2010,0x21CB,
    0xC071,0xA051,0x2010,0x0000,0x0000,0x0000,0x2010,0x32FF,0xF2FF,0xEDFF,0xA2FE,0xA0FD,
    0xC2FC,0xA2BB,0xA038,0x0000,0x0000,0x0000,0x0000,0x0000,0xA038,0x2010,0xAFA4,0x0000,
    0x9995,0xB553,0x9322,0x0F1A,0xAD11,0x2A01,0x2A01,0xA800,0xA800,0x8700,0x4600,0x4600,
    0x2500,0x0300,0x0300,0x0000,0x2B6B,0xC9CB,0x4081,0x20AA,0xA038,0x0000,0xA1B3,0x21FE,
    0xA0FD,0xA0FD,0x20FD,0x20FD,0xA0FC,0xA0FC,0xA0FC,0x20FC,0x20FC,0xC0FB,0xC0FB,0xC0FB,
    0x40FB,0xC0FB,0xC0FB,0xC0FB,0xC0FB,0x20FC,0x20FC,0xA0FC,0xA0FC,0x20FD,0x20FD,0x20FD,
    0xA0FD,0x21FE,0x218B,0x0000,0xC069,0x20AA,0x4081,0xD0B4,0x0000,0x0000,0x0300,0x2500,
    0x4600,0x4600,0x8700,0xA800,0xA800,0x2A01,0x4A11,0x2F22,0x3343,0x356C,0x9EB6,0x0300,
    0xAFA4,0xE320,0xA051,0xC020,0x0000,0x0000,0x0000,0x2020,0x2069,0x2041,0xA018,0xC069,
    0xA6FD,0xC8FF,0xCAFF,0xCAFF,0xEDFF,0xEA6A,0x0000,0x0000,0x2072,0xA038,0x0000,0xA192,
    0xC069,0xC069,0x0000,0x0000,0x0000,0x0000,0x0329,0xEEFF,0x87FF,0x47FF,0x47FF,0xA6FD,
    0xC27A,0x2010,0x2010,0x4030,0x2010,0x0000,0x0000,0x0000,0x2041,0x0000,0xD0B4,0x0000,
    0x356C,0x3343,0x2F22,0xCE19,0x4C01,0x2A01,0x2A01,0xA800,0xA800,0xA800,0x4600,0x2500,
    0x2500,0x0300,0x0300,0x0000,0x4E94,0x049B,0x4081,0x20AA,0x2010,0x0000,0xC1D4,0x21FE,
    0xA0FD,0xA0FD,0x20FD,0x20FD,0xA0FC,0xA0FC,0xA0FC,0x20FC,0x20FC,0xC0FB,0xC0FB,0xC0FB,
    0x40FB,0x40FB,0xC0FB,0xC0FB,0xC0FB,0x20FC,0x20FC,0x20FC,0xA0FC,0xA0FC,0x20FD,0x20FD,
    0xA0FD,0x21FE,0x41BC,0x0000,0x2041,0x20AA,0xE070,0x2CBC,0x8531,0x0000,0x0300,0x2500,
    0x4600,0x4600,0x8700,0xA800,0xA800,0xA800,0x2A01,0xAD11,0x9032,0xB553,0xD87C,0x0000,
    0x30B5,0x0000,0xA16A,0x2010,0x0000,0x0000,0x2010,0x2020,0x4040,0x8089,0x049B,0x8359,
    0xA038,0xA79B,0xEEFF,0xEEFF,0xEDFF,0xAA9B,0x0000,0x0000,0xA051,0xC069,0x0000,0xC069,
    0xC069,0xC071,0x0000,0x0000,0x0000,0x0000,0x8531,0x2AFF,0xA5FE,0x4CFF,0xA6A3,0x2020,
    0xC020,0x2272,0x2069,0x4030,0x2010,0x0000,0x0000,0x0000,0x205A,0x0000,0xAFA4,0x0329,
    0x4D32,0x9322,0x0F1A,0xAD11,0xAD11,0x2A01,0x2A01,0xA800,0xA800,0x8700,0x4600,0x2500,
    0x2500,0x0300,0x0000,0x0000,0x30B5,0xC099,0x8089,0xC099,0x0000,0x0000,0x20FD,0xA0FD,
    0xA0FD,0x20FD,0x20FD,0x20FD,0xA0FC,0xA0FC,0x20FC,0x20FC,0x20FC,0xC0FB,0xC0FB,0xC0FB,
    0x40FB,0x40FB,0x40FB,0xC0FB,0xC0FB,0x20FC,0x20FC,0x20FC,0xA0FC,0xA0FC,0x20FD,0x20FD,
    0x20FD,0x21FE,0x21E5,0x0000,0x2010,0x20AA,0x2071,0xAA9B,0xEA6A,0x0000,0x0300,0x2500,
    0x2500,0x4600,0x4600,0xA800,0xA800,0xA800,0x2A01,0xAD11,0xAD11,0xB553,0x4D32,0xA218,
    0xAFA4,0x0000,0xC27A,0x0000,0x0000,0x0000,0x2010,0x2020,0xA050,0x2071,0xC099,0x63D3,
    0x2BDD,0x8359,0x8359,0xEEFF,0xC8FF,0x8BA4,0x0000,0x0000,0x0000,0xC182,0x2010,0x2041,
    0x2072,0xC069,0x0000,0x0000,0x0000,0x0000,0x0742,0x6BF6,0xA5FE,0xAC83,0x2010,0x4893,
    0x049B,0x4081,0x4040,0x4030,0x2020,0x0000,0x0000,0x0000,0x205A,0x2010,0xEA6A,0x4652,
    0x2500,0x9032,0x0F1A,0xAD11,0x4C01,0x2A01,0x2A01,0xA800,0xA800,0x8700,0x2500,0x2500,
    0x2500,0x0300,0x0000,0x2429,0x30D5,0x4081,0xC099,0x2071,0x0000,0xA018,0xA0FD,0xA0FD,
    0xA0FD,0x20FD,0x20FD,0x20FD,0xA0FC,0xA0FC,0x20FC,0x20FC,0x20FC,0xC0FB,0xC0FB,0xC0FB,
    0x40FB,0x40FB,0x40FB,0xC0FB,0xC0FB,0x20FC,0x20FC,0x20FC,0xA0FC,0xA0FC,0x20FD,0x20FD,
    0xA0FD,0xA0FD,0xA0FD,0x0000,0x0000,0x209A,0x4081,0x049B,0xB0A4,0x0000,0x0000,0x2500,
    0x2500,0x4600,0x4600,0xA800,0xA800,0xA800,0x2A01,0x2A01,0xAD11,0x9322,0x2500,0xC862,
    0xEA6A,0x0000,0x4162,0x0000,0x2010,0x2010,0x2010,0x2020,0xA050,0x2071,0xC099,0xC0A1,
    0xA0EB,0x4FFE,0x484A,0x4CFF,0xA5FE,0x2BDD,0x0000,0x0000,0x0000,0xC020,0x2082,0xA050,
    0xA1A2,0x2020,0x0000,0x0000,0x0000,0x0000,0xC762,0x46FE,0x46FE,0xEA6A,0xAFB4,0x22D3,
    0x4081,0x2071,0xA050,0x4030,0x2020,0x2010,0x0000,0x0000,0x2031,0xA049,0xE320,0x0D94,
    0x0000,0x9322,0xCE19,0xAD11,0xAD11,0x2A01,0x2A01,0xA800,0xA800,0x4600,0x2500,0x2500,
    0x0300,0x0300,0x0000,0x2B6B,0xC9CB,0x4081,0xC099,0x2051,0x0000,0xA049,0x21FE,0xA0FD,
    0xA0FD,0x20FD,0x20FD,0x20FD,0xA0FC,0xA0FC,0x20FC,0x20FC,0xC0FB,0xC0FB,0xC0FB,0xC0FB,
    0x40FB,0x40FB,0x40FB,0xC0FB,0xC0FB,0xC0FB,0x20FC,0x20FC,0xA0FC,0xA0FC,0x20FD,0x20FD,
    0x20FD,0xA0FD,0x21FE,0xA049,0x0000,0xC071,0xC099,0x2071,0xCFC4,0xA218,0x0000,0x2500,
    0x2500,0x2500,0x4600,0x8700,0xA800,0xA800,0x2A01,0x2A01,0x4C01,0xCE19,0x0000,0xAFA4,
    0xC228,0x2041,0x2041,0x2010,0x2020,0x2020,0x2010,0x4030,0xC060,0x2071,0x8089,0x40B2,
    0xA0C2,0x28FD,0xEA6A,0x2AFE,0xC2FD,0x2BDD,0x0000,0x0000,0x0000,0x0000,0x2041,0x20AA,
    0xA050,0x0000,0x0000,0x0000,0x0000,0x0000,0xA46A,0x45FD,0xA6FD,0xCA5A,0xACCC,0x40B2,
    0x8089,0x4081,0xA050,0x4030,0x2020,0x2010,0x2020,0x2010,0x0000,0xC172,0x0000,0xAFB4,
    0x0000,0x2A01,0x0F1A,0xAD11,0x4C01,0x2A01,0xA800,0xA800,0x8700,0x2500,0x2500,0x2500,
    0x0300,0x0000,0x0000,0xD0B4,0x42A2,0x4081,0xC099,0x2020,0x0000,0x4193,0x21FE,0xA0FD,
    0xA0FD,0x20FD,0x20FD,0x20FD,0xA0FC,0xA0FC,0x20FC,0x20FC,0xC0FB,0xC0FB,0xC0FB,0xC0FB,
    0x40FB,0x40FB,0x40FB,0x40FB,0xC0FB,0xC0FB,0x20FC,0x20FC,0xA0FC,0xA0FC,0xA0FC,0x20FD,
    0x20FD,0x20FD,0x21FE,0x218B,0x0000,0xA049,0xA1A2,0xE070,0xAA9B,0xA952,0x0000,0x0300,
    0x2500,0x2500,0x4600,0x4600,0xA800,0xA800,0xA800,0x2A01,0xAD11,0x8700,0xA018,0x4E94,
    0x0000,0xA051,0x2020,0x4030,0x4030,0x4040,0x2020,0x4030,0xA050,0x4081,0x4081,0xC0A1,
    0xA0C2,0xC4DC,0xA952,0x2BDD,0x20FD,0x2BDD,0x0000,0x0000,0x0000,0x0000,0x0000,0x2020,
    0x0000,0x0000,0x0000,0x0000,0x0000,0x0000,0xAA9B,0xC2FC,0xC4DC,0xCA5A,0x2BDD,0xC0A1,
    0xC099,0x4081,0x4040,0x4030,0x4030,0x4030,0x4030,0x2010,0x0000,0xA051,0x2010,0xA46A,
    0xC862,0x0000,0x0F1A,0x4C01,0x2A01,0x2A01,0xA800,0xA800,0x4600,0x2500,0x2500,0x0300,
    0x0300,0x0000,0xA218,0x30D5,0x4081,0x4081,0x8089,0x0000,0x0000,0xC1D4,0x21FE,0xA0FD,
    0xA0FD,0x20FD,0x20FD,0xA0FC,0xA0FC,0xA0FC,0x20FC,0x20FC,0xC0FB,0xC0FB,0xC0FB,0x40FB,
    0x40FB,0x40FB,0x40FB,0x40FB,0xC0FB,0xC0FB,0xC0FB,0x20FC,0x20FC,0xA0FC,0xA0FC,0x20FD,
    0x20FD,0x20FD,0x21FE,0xC1D4,0x0000,0x0000,0x21BB,0x4081,0x42A2,0xAFA4,0x0000,0x0000,
    0x2500,0x2500,0x2500,0x4600,0x8700,0xA800,0xA800,0x2A01,0x4C01,0x0000,0xAA9B,0x2331,
    0x2010,0xA048,0x2020,0x2020,0x4030,0x4040,0x4030,0x4030,0xA050,0x2071,0x4081,0xC099,
    0x40B2,0xC4DC,0xA952,0x2BDD,0xA0FC,0x2BDD,0x0000,0x0000,0x0000,0x0000,0x0000,0x0000,
    0x0000,0x0000,0x0000,0x0000,0x0000,0x0000,0x8BA4,0xA0FC,0x28FD,0xEA6A,0x2BDD,0xC0A1,
    0xC099,0x2071,0x4040,0x4040,0x4040,0x4040,0x4030,0x2010,0x2020,0x4030,0xA051,0x0000,
    0x4DA4,0x0000,0x8700,0x4C01,0x2A01,0xA800,0xA800,0x4600,0x2500,0x2500,0x2500,0x0300,
    0x0300,0x0000,0x8C7B,0xC9CB,0x2071,0x8089,0x2071,0x0000,0xA018,0xA0FD,0xA0FD,0xA0FD,
    0xA0FD,0x20FD,0x20FD,0xA0FC,0xA0FC,0x20FC,0x20FC,0x20FC,0xC0FB,0xC0FB,0xC0FB,0x40FB,
    0x40FB,0x40FB,0x40FB,0x40FB,0x40FB,0xC0FB,0xC0FB,0x20FC,0x20FC,0xA0FC,0xA0FC,0x20FD,
    0x20FD,0x20FD,0xA0FD,0x21FE,0xA018,0x0000,0x4193,0x20AA,0x4081,0xCFC4,0x2429,0x0000,
    0x0300,0x2500,0x2500,0x4600,0x4600,0x8700,0xA800,0x2A01,0x0300,0x2031,0xA46A,0x0000,
    0x2010,0x2020,0x4040,0x2020,0x2020,0x4040,0x4040,0x4030,0xA050,0x2071,0x4081,0x8089,
    0x40B2,0xC4FC,0xEA6A,0x8BA4,0xA0FC,0xC4DC,0xA018,0x0000,0x0000,0x0000,0x0000,0x0000,
    0x0000,0x0000,0x0000,0x0000,0x0000,0x0000,0x8BA4,0x20FC,0xA9DC,0xEA6A,0x2BDD,0xC0A1,
    0xC0A1,0xC060,0xA050,0xA050,0xA050,0x4040,0x4030,0x4030,0x4040,0x4030,0xA038,0x2010,
    0x2331,0xAA9B,0x0000,0xA800,0x2A01,0xA800,0xA800,0x4600,0x2500,0x2500,0x0300,0x0300,
    0x0000,0x0000,0x72C5,0xC099,0x4081,0x209A,0x2031,0x0000,0x205A,0x21FE,0xA0FD,0xA0FD,
    0x20FD,0x20FD,0x20FD,0xA0FC,0xA0FC,0x20FC,0x20FC,0xC0FB,0xC0FB,0xC0FB,0x40FB,0x40FB,
    0x40FB,0x40FB,0x40FB,0x40FB,0x40FB,0xC0FB,0xC0FB,0x20FC,0x20FC,0x20FC,0xA0FC,0xA0FC,
    0x20FD,0x20FD,0xA0FD,0x21FE,0xC172,0x0000,0xA049,0x049B,0x6189,0xA7CB,0xAA9B,0x0000,
    0x0000,0x2500,0x2500,0x2500,0x2500,0x4600,0x8700,0x2500,0x0000,0xA051,0x0000,0x0000,
    0x2010,0x2020,0x4040,0x4030,0x2020,0x4030,0x4040,0x4030,0xA050,0x2071,0xC099,0x8089,
    0x40B2,0x42F4,0xAA9B,0xAA9B,0xC2FC,0x45FD,0x2029,0x0000,0x0000,0x0000,0x0000,0x0000,
    0x0000,0x0000,0x0000,0x0000,0x0000,0x0000,0xC4DC,0x20FC,0x2BDD,0x2B6B,0xC4DC,0xE0B1,
    0xC0A1,0xC060,0x2071,0xC060,0xC060,0xA050,0x4040,0x4040,0xA050,0x4040,0x2020,0x4030,
    0x0000,0x8359,0x2252,0x0000,0xA800,0xA800,0x4600,0x4600,0x2500,0x2500,0x0300,0x0300,
    0x0000,0x484A,0xADD4,0x4081,0x8089,0x209A,0x0000,0x0000,0x41BC,0x21FE,0xA0FD,0xA0FD,
    0x20FD,0x20FD,0xA0FC,0xA0FC,0xA0FC,0x20FC,0x20FC,0xC0FB,0xC0FB,0x40FB,0x40FB,0x40FB,
    0x40FB,0x40FB,0x40FB,0x40FB,0x40FB,0xC0FB,0xC0FB,0x20FC,0x20FC,0x20FC,0xA0FC,0xA0FC,
    0x20FD,0x20FD,0xA0FD,0x21FE,0xC1D4,0x0000,0x0000,0xA2BB,0x20AA,0x20AA,0x30C5,0x0000,
    0x0000,0x0300,0x2500,0x2500,0x2500,0x2500,0x4600,0x0000,0x0000,0x2020,0x0000,0x0000,
    0x2010,0x2010,0x4030,0x4040,0x4030,0x4030,0xA048,0x4040,0xA050,0x4081,0xC099,0xC099,
    0x40B2,0x63D3,0xAA9B,0x298B,0xC2FC,0xC4FC,0x8039,0x0000,0x0000,0x0000,0x0000,0x0000,
    0x0000,0x0000,0x0000,0x0000,0x0000,0x0000,0xC4DC,0xC0FB,0x8BA4,0x8A7B,0x63D3,0xE0B1,
    0xC099,0xC060,0x2071,0xE070,0x2071,0xA050,0xA050,0xA050,0xA048,0x4030,0x2020,0x2020,
    0x0000,0x2010,0xA293,0x0000,0x0300,0xA800,0x4600,0x2500,0x2500,0x0300,0x0300,0x0000,
    0x0000,0x13AD,0x42A2,0x8089,0x8089,0x2072,0x0000,0x2010,0xA0FD,0xA0FD,0xA0FD,0xA0FD,
    0x20FD,0x20FD,0xA0FC,0xA0FC,0x20FC,0x20FC,0xC0FB,0xC0FB,0xC0FB,0x40FB,0x40FB,0x40FB,
    0x40FB,0x40FB,0x40FB,0x40FB,0x40FB,0x40FB,0xC0FB,0xC0FB,0x20FC,0x20FC,0xA0FC,0xA0FC,
    0x20FD,0x20FD,0xA0FD,0xA0FD,0x21FE,0x2029,0x0000,0xA16A,0x63D3,0xC0A1,0xC9CB,0x8C7B,
    0x0000,0x0000,0x2500,0x2500,0x2500,0x2500,0x2500,0x0300,0x0000,0x0000,0xC069,0x0000,
    0x0000,0x2010,0x2020,0x4040,0x4040,0x4030,0xA048,0xA050,0xA050,0x4081,0xC099,0xC0A1,
    0x20AA,0xA0EB,0x8BA4,0xA46A,0xC2FC,0x42EC,0x034A,0x0000,0x0000,0x0000,0x0000,0x0000,
    0x0000,0x0000,0x0000,0x0000,0x0000,0x0000,0xC4DC,0xC0FB,0xA79B,0x8A7B,0x63D3,0xE0B1,
    0x4081,0x2071,0x4081,0x2071,0x2071,0xC060,0xC060,0xA050,0x4040,0x4030,0x4030,0x2010,
    0x0000,0x4193,0x2010,0x0000,0x0300,0x4600,0x2500,0x2500,0x2500,0x0300,0x0300,0x0000,
    0x0742,0x2BDD,0xC099,0x8089,0x209A,0xA038,0x0000,0xA16A,0x21FE,0xA0FD,0xA0FD,0x20FD,
    0x20FD,0xA0FC,0xA0FC,0xA0FC,0x20FC,0x20FC,0xC0FB,0xC0FB,0x40FB,0x40FB,0x40FB,0x40FB,
    0xA0FA,0xA0FA,0x40FB,0x40FB,0x40FB,0x40FB,0xC0FB,0xC0FB,0x20FC,0x20FC,0xA0FC,0xA0FC,
    0xA0FC,0x20FD,0x20FD,0xA0FD,0x21FE,0x819B,0x0000,0xE320,0xC4DC,0x20AA,0x20AA,0x30D5,
    0xA218,0x0000,0x0300,0x2500,0x2500,0x2500,0x2500,0x2500,0x0000,0x0000,0x2010,0xC182,
    0x2010,0x0000,0x2020,0x4030,0x4040,0x4030,0xA050,0xC060,0xC060,0x4081,0xC0A1,0x20AA,
    0xC0A1,0x21D3,0x2AB4,0xC762,0x42F4,0xC2E3,0x2252,0x0000,0x0000,0x0000,0x0000,0x0000,
    0x0000,0x0000,0x0000,0x0000,0x0000,0x2029,0x82EC,0x42F4,0xA46A,0xAA9B,0x22D3,0xC099,
    0xC060,0x4081,0x4081,0x2071,0x2071,0xC060,0xA050,0x4040,0x4030,0x4030,0x2020,0x0000,
    0xC182,0x2010,0x0000,0x0000,0x2500,0x2500,0x2500,0x2500,0x2500,0x2500,0x0000,0x0000,
    0x72C5,0xC3BA,0x40B2,0x8089,0xC182,0x0000,0x0000,0xC1D4,0x21FE,0xA0FD,0xA0FD,0x20FD,
    0x20FD,0xA0FC,0xA0FC,0x20FC,0x20FC,0xC0FB,0xC0FB,0xC0FB,0x40FB,0x40FB,0x40FB,0x40FB,
    0xA0FA,0xA0FA,0x40FB,0x40FB,0x40FB,0x40FB,0xC0FB,0xC0FB,0xC0FB,0x20FC,0x20FC,0xA0FC,
    0xA0FC,0x20FD,0x20FD,0xA0FD,0xA0FD,0xA0FD,0x0000,0x0000,0xC172,0x21BB,0xC099,0x63D3,
    0x13AD,0x0000,0x0000,0x2500,0x2500,0x2500,0x2500,0x2500,0x2500,0x0000,0x0000,0x0000,
    0xC182,0xC020,0x0000,0x2020,0x4040,0x4030,0xA050,0xC060,0x2071,0x4081,0xC0A1,0x40B2,
    0xC0A1,0xA0C2,0x2BDD,0xA46A,0x42F4,0xA0D3,0xC27A,0x0000,0x0000,0x0000,0x0000,0x0000,
    0x0000,0x0000,0x0000,0x0000,0x0000,0x8039,0x42EC,0x42F4,0xA46A,0xAA9B,0xA0C2,0x4081,
    0x2071,0xC0A1,0x4081,0x2071,0xC060,0x4040,0x4040,0x4040,0x4030,0x0000,0x2010,0x4162,
    0x2010,0x0000,0x0000,0x2500,0x2500,0x2500,0x2500,0x2500,0x2500,0x0300,0x0000,0xCA62,
    0x2BDD,0xA0BA,0x20AA,0xA192,0x2031,0x0000,0x2031,0x21FE,0xA0FD,0xA0FD,0x20FD,0x20FD,
    0xA0FC,0xA0FC,0x20FC,0x20FC,0x20FC,0xC0FB,0xC0FB,0x40FB,0x40FB,0x40FB,0x40FB,0x40FB,
    0xA0FA,0xA0FA,0xA0FA,0x40FB,0x40FB,0x40FB,0x40FB,0xC0FB,0xC0FB,0x20FC,0x20FC,0xA0FC,
    0xA0FC,0x20FD,0x20FD,0xA0FD,0xA0FD,0x81FE,0xC172,0x0000,0x0000,0xA1B3,0x20AA,0xC0A1,
    0x2BDD,0xC639,0x0000,0x0300,0x2500,0x2500,0x2500,0x2500,0x2500,0x2500,0x0000,0x0000,
    0x0000,0xC2A3,0x2041,0x0000,0x2020,0x4040,0xA050,0xC060,0x2071,0x4081,0xC099,0x40B2,
    0x20AA,0x40B2,0x2BDD,0xA46A,0x42EC,0x21D3,0xC27A,0x0000,0x0000,0x0000,0x0000,0x0000,
    0x0000,0x0000,0x0000,0x0000,0x0000,0x205A,0xC2E3,0xC2E3,0x2252,0x2AB4,0xC0A1,0x2071,
    0xC099,0xC0A1,0x2071,0xC060,0x4040,0x4040,0x4040,0x4030,0x0000,0xC020,0x2072,0x0000,
    0x0000,0x0000,0x2500,0x2500,0x2500,0x2500,0x2500,0x2500,0x2500,0x0000,0x0000,0x92D5,
    0x21D3,0xA0BA,0xC099,0x4193,0x0000,0x0000,0x41BC,0x21FE,0xA0FD,0xA0FD,0x20FD,0x20FD,
    0xA0FC,0xA0FC,0x20FC,0x20FC,0xC0FB,0xC0FB,0xC0FB,0x40FB,0x40FB,0x40FB,0x40FB,0x40FB,
    0xA0FA,0xA0FA,0xA0FA,0xA0FA,0x40FB,0x40FB,0x40FB,0xC0FB,0xC0FB,0xC0FB,0x20FC,0x20FC,
    0xA0FC,0xA0FC,0x20FD,0x20FD,0xA0FD,0x21FE,0xA0FD,0x0000,0x0000,0xA051,0x21CB,0xC099,
    0x40B2,0x30C5,0x0000,0x0000,0x0300,0x2500,0x2500,0x2500,0x2500,0x2500,0x2500,0x0000,
    0x0000,0x0000,0x049B,0xA46A,0x0000,0x2020,0xA050,0xC060,0xC060,0x2071,0x4081,0x40B2,
    0x40B2,0xC099,0xA7CB,0x254A,0xC4DC,0xA0C2,0x2283,0x0000,0x0000,0x0000,0x0000,0x0000,
    0x0000,0x0000,0x0000,0x0000,0x0000,0xA262,0xA0EB,0xC2E3,0x034A,0xA8B3,0x4081,0x2071,
    0x20AA,0x4081,0x2071,0x4040,0xA048,0xA048,0x2020,0x0000,0x2031,0x4162,0x0000,0x0000,
    0x0000,0x2500,0x2500,0x2500,0x2500,0x2500,0x2500,0x2500,0x0300,0x0000,0xB0A4,0xC4DC,
    0xA0C2,0x8089,0xA1B3,0x2031,0x0000,0x2029,0x21FE,0xA0FD,0xA0FD,0xA0FD,0x20FD,0x20FD,
    0xA0FC,0xA0FC,0x20FC,0x20FC,0xC0FB,0xC0FB,0x40FB,0x40FB,0x40FB,0x40FB,0x40FB,0x40FB,
    0xA0FA,0xA0FA,0xA0FA,0xA0FA,0x40FB,0x40FB,0x40FB,0x40FB,0xC0FB,0xC0FB,0x20FC,0x20FC,
    0xA0FC,0xA0FC,0x20FD,0x20FD,0xA0FD,0xA0FD,0x81FE,0xA46A,0x0000,0x0000,0xA1A3,0x20AA,
    0xC099,0xA7CB,0x4E94,0x0000,0x0000,0x2500,0x2500,0x2500,0x2500,0x2500,0x2500,0x2500,
    0x0000,0x0000,0x0000,0xA79B,0x049B,0x0000,0x2020,0xC060,0xC060,0xC060,0x2071,0xC0A1,
    0x40B2,0x4081,0x63D3,0x034A,0xC4DC,0xA0C2,0xC182,0x0000,0x0000,0x0000,0x0000,0x0000,
    0x0000,0x0000,0x0000,0x0000,0x0000,0x2283,0x41E3,0x63D3,0x034A,0x049B,0xC060,0x8089,
    0xC0A1,0x4081,0xA050,0xA050,0xA050,0x2010,0x0000,0xC069,0x2041,0x0000,0x0000,0x0000,
    0x2500,0x2500,0x2500,0x2500,0x2500,0x2500,0x2500,0x2500,0x0000,0xA952,0x4FFE,0x41E3,
    0x20AA,0xA0BA,0x218B,0x0000,0x0000,0xC4DC,0x21FE,0xA0FD,0xA0FD,0x20FD,0x20FD,0xA0FC,
    0xA0FC,0x20FC,0x20FC,0xC0FB,0xC0FB,0x40FB,0x40FB,0x40FB,0x40FB,0x40FB,0x40FB,0xA0FA,
    0xA0FA,0xA0FA,0xA0FA,0xA0FA,0xA0FA,0x40FB,0x40FB,0x40FB,0xC0FB,0xC0FB,0x20FC,0x20FC,
    0xA0FC,0xA0FC,0xA0FC,0x20FD,0x20FD,0xA0FD,0xA0FD,0x42FE,0xA018,0x0000,0x2029,0x63D3,
    0xC0A1,0xC0A1,0xADD4,0xCA5A,0x0000,0x0000,0x4600,0x2500,0x2500,0x2500,0x2500,0x2500,
    0x2500,0x0000,0x0000,0x0000,0xA46A,0x8BA4,0xA018,0x2010,0xC060,0xC060,0xC060,0x4081,
    0x40B2,0x8089,0xC3BA,0x2252,0xA2BB,0xE0D2,0xC182,0x0000,0x0000,0x0000,0x0000,0x0000,
    0x0000,0x0000,0x0000,0x0000,0x0000,0x4193,0x41E3,0x63D3,0x014A,0x049B,0xC060,0xC0A1,
    0xC0A1,0x2071,0xC060,0xC060,0x0000,0x2010,0x049B,0xA038,0x0000,0x0000,0x0000,0x2500,
    0x2500,0x2500,0x2500,0x2500,0x2500,0x2500,0x2500,0x0000,0xA218,0xB3EE,0xA0FC,0xA0EB,
    0x40B2,0x42B4,0x0000,0x0000,0xA049,0x42FE,0xA0FD,0xA0FD,0xA0FD,0x20FD,0x20FD,0xA0FC,
    0xA0FC,0x20FC,0x20FC,0xC0FB,0xC0FB,0x40FB,0x40FB,0x40FB,0x40FB,0x40FB,0xA0FA,0xA0FA,
    0xA0FA,0xA0FA,0xA0FA,0xA0FA,0xA0FA,0xA0FA,0x40FB,0x40FB,0x40FB,0xC0FB,0xC0FB,0x20FC,
    0x20FC,0xA0FC,0xA0FC,0x20FD,0x20FD,0xA0FD,0xA0FD,0x81FE,0x44AC,0x0000,0x0000,0x4162,
    0x21D3,0x40B2,0x20AA,0x30D5,0xC639,0x0000,0x0300,0x4600,0x2500,0x2500,0x2500,0x2500,
    0x2500,0x2500,0x0000,0x0000,0x0000,0x2331,0x2BDD,0x254A,0x0000,0x2071,0x4081,0x2071,
    0x20AA,0xC099,0x209A,0xA051,0xC2A3,0x21D3,0xA192,0x0000,0x0000,0x0000,0x0000,0x0000,
    0x0000,0x0000,0x0000,0x0000,0x0000,0x049B,0x41E3,0x049B,0x205A,0xA192,0xE070,0xC099,
    0xC099,0x2071,0xA050,0x0000,0x2252,0x44AC,0xA018,0x0000,0x0000,0x0000,0x2500,0x2500,
    0x2500,0x2500,0x2500,0x2500,0x2500,0x2500,0x0000,0x0000,0xB3CD,0xA6FD,0x20FD,0x21D3,
    0xC4DC,0xA049,0x0000,0x0000,0x42E5,0x21FE,0xA0FD,0xA0FD,0x20FD,0x20FD,0x20FD,0xA0FC,
    0x20FC,0x20FC,0xC0FB,0xC0FB,0x40FB,0x40FB,0x40FB,0x40FB,0xA0FA,0xA0FA,0xA0FA,0xA0FA,
    0x20FA,0xA0FA,0xA0FA,0xA0FA,0xA0FA,0xA0FA,0xA0FA,0x40FB,0x40FB,0xC0FB,0xC0FB,0x20FC,
    0x20FC,0xA0FC,0xA0FC,0xA0FC,0x20FD,0x20FD,0xA0FD,0xA0FD,0xA2FE,0xA049,0x0000,0x0000,
    0xA1A3,0xA0C2,0x20AA,0x40B2,0x92D5,0xC228,0x0000,0x0300,0x4600,0x2500,0x2500,0x2500,
    0x2500,0x2500,0x2500,0x0000,0x0000,0x0000,0x0000,0x8BA4,0xA46A,0x0000,0x2071,0x4081,
    0xC099,0xC0A1,0x8089,0xA051,0x049B,0x21D3,0x209A,0x0000,0x0000,0x0000,0x0000,0x0000,
    0x0000,0x0000,0x0000,0x0000,0x0000,0xA1B3,0x41E3,0x049B,0x205A,0x8089,0x2071,0x8089,
    0x4081,0x6050,0x2010,0x44AC,0x44AC,0x0000,0x0000,0x0000,0x0300,0x2500,0x0300,0x2500,
    0x2500,0x2500,0x2500,0x2500,0x2500,0x0000,0x0000,0x909C,0x2AFE,0x20FD,0xC2FC,0x42F4,
    0x049B,0x0000,0x0000,0x218B,0xA2FE,0xA0FD,0xA0FD,0xA0FD,0x20FD,0x20FD,0xA0FC,0xA0FC,
    0x20FC,0x20FC,0xC0FB,0xC0FB,0x40FB,0x40FB,0x40FB,0x40FB,0xA0FA,0xA0FA,0xA0FA,0xA0FA,
    0x20FA,0x20FA,0xA0FA,0xA0FA,0xA0FA,0xA0FA,0xA0FA,0x40FB,0x40FB,0x40FB,0xC0FB,0xC0FB,
    0x20FC,0x20FC,0xA0FC,0xA0FC,0x20FD,0x20FD,0xA0FD,0xA0FD,0x21FE,0xC2FD,0x0000,0x0000,
    0x0000,0xC4DC,0xA0BA,0x20AA,0x63D3,0xB3CD,0xA218,0x0000,0x0300,0x4600,0x2500,0x2500,
    0x2500,0x2500,0x2500,0x2500,0x0300,0x0000,0x0000,0x0000,0x8BA4,0x8BA4,0x2010,0xA050,
    0xC099,0xC0A1,0x2071,0xA051,0x2283,0xE0D2,0x209A,0x0000,0x0000,0x0000,0x0000,0x0000,
    0x0000,0x0000,0x0000,0x0000,0x0000,0x21CB,0xE0D2,0x4162,0x205A,0x8089,0x2071,0x4081,
    0x4040,0xA038,0x8BA4,0xA46A,0x0000,0x0000,0x0000,0x0300,0x2500,0x0300,0x2500,0x2500,
    0x2500,0x2500,0x2500,0x2500,0x0000,0x0000,0xEA6A,0x2DFE,0xA0FC,0x22FD,0xC2FC,0xC4DC,
    0x0000,0x0000,0x2029,0x42FE,0xA0FD,0xA0FD,0xA0FD,0x20FD,0x20FD,0x20FD,0xA0FC,0x20FC,
    0x20FC,0xC0FB,0xC0FB,0x40FB,0x40FB,0x40FB,0x40FB,0xA0FA,0xA0FA,0xA0FA,0xA0FA,0xA0FA,
    0x20FA,0x20FA,0x20FA,0xA0FA,0xA0FA,0xA0FA,0xA0FA,0x40FB,0x40FB,0x40FB,0xC0FB,0xC0FB,
    0x20FC,0x20FC,0xA0FC,0xA0FC,0xA0FC,0x20FD,0x20FD,0xA0FD,0xA0FD,0xA2FE,0x42B4,0x0000,
    0x0000,0x2029,0x82EC,0xA0BA,0x20AA,0x63D3,0x72C5,0xA018,0x0000,0x0300,0x4600,0x2500,
    0x2500,0x2500,0x2500,0x2500,0x2500,0x0300,0x0000,0x0000,0x0000,0xA46A,0xC4DC,0xC020,
    0x6050,0xC0A1,0x2071,0x2041,0xC172,0xA0C2,0x209A,0x2010,0x0000,0x0000,0x0000,0x0000,
    0x0000,0x0000,0x0000,0x0000,0xC020,0xA0C2,0xA0C2,0xA051,0xA051,0x2071,0x2071,0x4030,
    0xA051,0x44AC,0xC020,0x0000,0x0000,0x0000,0x0300,0x0300,0x0300,0x0300,0x2500,0x2500,
    0x2500,0x2500,0x2500,0x0000,0x0000,0xEA6A,0x4FFE,0xA0EB,0xC2FC,0xC2FC,0x82ED,0xA018,
    0x0000,0x0000,0x42E5,0x42FE,0xA0FD,0xA0FD,0xA0FD,0x20FD,0x20FD,0xA0FC,0xA0FC,0x20FC,
    0x20FC,0xC0FB,0xC0FB,0x40FB,0x40FB,0x40FB,0xA0FA,0xA0FA,0xA0FA,0xA0FA,0xA0FA,0xA0FA,
    0x20FA,0x20FA,0x20FA,0x20FA,0xA0FA,0xA0FA,0xA0FA,0xA0FA,0x40FB,0x40FB,0x40FB,0xC0FB,
    0xC0FB,0x20FC,0x20FC,0xA0FC,0xA0FC,0x20FD,0x20FD,0xA0FD,0xA0FD,0xA0FD,0xA2FE,0xC172,
    0x0000,0x0000,0xA049,0x82EC,0xA0C2,0x40B2,0x63D3,0xB3CD,0xC228,0x0000,0x0000,0x4600,
    0x2500,0x2500,0x2500,0x2500,0x2500,0x2500,0x0300,0x0000,0x0000,0x0000,0x2031,0xC4DC,
    0x2041,0x4040,0x8089,0x4030,0x4162,0x21CB,0x209A,0xC020,0x0000,0x0000,0x0000,0x0000,
    0x0000,0x0000,0x0000,0x0000,0x2031,0x40B2,0x40B2,0x2041,0x2051,0x2071,0x4030,0xC172,
    0xA293,0x0000,0x0000,0x0000,0x0000,0x0300,0x0300,0x0300,0x0300,0x0300,0x0300,0x0300,
    0x2500,0x2500,0x0000,0x0000,0xEA6A,0xB3EE,0xA0EB,0xC2FC,0xC2FC,0xC2FD,0x2029,0x0000,
    0x0000,0xC2A3,0xA2FE,0xA0FD,0xA0FD,0xA0FD,0x20FD,0x20FD,0xA0FC,0xA0FC,0x20FC,0x20FC,
    0xC0FB,0xC0FB,0x40FB,0x40FB,0x40FB,0xA0FA,0xA0FA,0xA0FA,0xA0FA,0xA0FA,0xA0FA,0xA0FA,
    0x20FA,0x20FA,0x20FA,0x20FA,0xA0FA,0xA0FA,0xA0FA,0xA0FA,0xA0FA,0x40FB,0x40FB,0xC0FB,
    0xC0FB,0x20FC,0x20FC,0x20FC,0xA0FC,0xA0FC,0x20FD,0x20FD,0xA0FD,0xA0FD,0xA0FD,0xA2FE,
    0x8039,0x0000,0x0000,0xA46A,0x82EC,0x21CB,0x21CB,0x63D3,0x92D5,0xC639,0x0000,0x0000,
    0x2500,0x4600,0x2500,0x2500,0x2500,0x2500,0x2500,0x2500,0x0000,0x0000,0x0000,0x2010,
    0x44AC,0x4162,0x4030,0x2020,0xA049,0x21CB,0xC099,0x2031,0x0000,0x0000,0x0000,0x0000,
    0x0000,0x0000,0x0000,0x0000,0x2051,0x20AA,0x20AA,0xA038,0x4040,0x4030,0xC182,0x2072,
    0x0000,0x0000,0x0000,0x0000,0x0300,0x0300,0x0300,0x0300,0x0300,0x0300,0x0300,0x0300,
    0x0300,0x0000,0x0000,0x13AD,0xB3EE,0x20FC,0x42EC,0xC2FC,0xC2FD,0x014A,0x0000,0x0000,
    0x4162,0xA2FE,0xA0FD,0xA0FD,0xA0FD,0x20FD,0x20FD,0xA0FC,0xA0FC,0xA0FC,0x20FC,0xC0FB,
    0xC0FB,0x40FB,0x40FB,0x40FB,0x40FB,0xA0FA,0xA0FA,0xA0FA,0xA0FA,0xA0FA,0xA0FA,0x20FA,
    0x20FA,0x20FA,0x20FA,0x20FA,0x20FA,0xA0FA,0xA0FA,0xA0FA,0xA0FA,0x40FB,0x40FB,0x40FB,
    0xC0FB,0xC0FB,0x20FC,0x20FC,0x20FC,0xA0FC,0xA0FC,0x20FD,0x20FD,0xA0FD,0xA0FD,0x21FE,
    0x42FE,0xA018,0x0000,0x0000,0xA46A,0x22FD,0xA0EB,0xA0D3,0xC2E3,0xB3EE,0xCA62,0x0000,
    0x0000,0x2500,0x4600,0x2500,0x2500,0x2500,0x2500,0x2500,0x2500,0x0000,0x0000,0x0000,
    0x0000,0x2283,0xC172,0x0000,0x2031,0xA0BA,0x8089,0x2031,0x0000,0x0000,0x0000,0x0000,
    0x0000,0x0000,0x0000,0x0000,0xC069,0xC099,0x20AA,0x2010,0x2020,0xA1A2,0x2051,0x0000,
    0x0000,0x0000,0x0000,0x0300,0x0300,0x0300,0x0300,0x0300,0x0300,0x0300,0x0300,0x0300,
    0x0000,0x0000,0x13AD,0xADFE,0xA0FC,0xC2FC,0x42F4,0x22FD,0xA262,0x0000,0x0000,0x2031,
    0x42FE,0xA0FD,0xA0FD,0xA0FD,0xA0FD,0x20FD,0x20FD,0xA0FC,0xA0FC,0x20FC,0x20FC,0xC0FB,
    0xC0FB,0x40FB,0x40FB,0x40FB,0xA0FA,0xA0FA,0xA0FA,0xA0FA,0xA0FA,0xA0FA,0x20FA,0x20FA,
    0x20FA,0x20FA,0x20FA,0x20FA,0x20FA,0xA0FA,0xA0FA,0xA0FA,0xA0FA,0xA0FA,0x40FB,0x40FB,
    0xC0FB,0xC0FB,0xC0FB,0x20FC,0x20FC,0xA0FC,0xA0FC,0x20FD,0x20FD,0xA0FD,0xA0FD,0xA0FD,
    0x42FE,0x82ED,0x0000,0x0000,0x0000,0x049B,0xC4FD,0x01EC,0xA0D3,0xA0EB,0x2BDD,0x909C,
    0x0000,0x0000,0x0300,0x4600,0x2500,0x2500,0x2500,0x2500,0x0300,0x0300,0x0300,0x0000,
    0x0000,0x0000,0x205A,0xA16A,0x2020,0x20AA,0xC099,0x2041,0x0000,0x0000,0x0000,0x0000,
    0x0000,0x0000,0x0000,0x0000,0x2072,0x4081,0x8089,0x0000,0xA192,0xA038,0x0000,0x0000,
    0x0000,0x0300,0x0300,0x0300,0x0300,0x0300,0x0300,0x0300,0x0300,0x0300,0x0000,0x0000,
    0xE320,0xB3EE,0xABFE,0x20FD,0xC2FC,0xA0EB,0x22FD,0xA262,0x0000,0x0000,0xA018,0x42FE,
    0x42FE,0xA0FD,0xA0FD,0xA0FD,0x20FD,0x20FD,0xA0FC,0xA0FC,0xA0FC,0x20FC,0xC0FB,0xC0FB,
    0x40FB,0x40FB,0x40FB,0xA0FA,0xA0FA,0xA0FA,0xA0FA,0xA0FA,0xA0FA,0x20FA,0x20FA,0x20FA,
    0x20FA,0x20FA,0x20FA,0x20FA,0x20FA,0x20FA,0xA0FA,0xA0FA,0xA0FA,0xA0FA,0x40FB,0x40FB,
    0x40FB,0xC0FB,0xC0FB,0x20FC,0x20FC,0x20FC,0xA0FC,0xA0FC,0x20FD,0x20FD,0xA0FD,0xA0FD,
    0xA0FD,0xA2FE,0x22DD,0x0000,0x0000,0x0000,0xA46A,0xC4FD,0xA0EB,0x21D3,0x21D3,0x2BDD,
    0x92D5,0xC641,0x0000,0x0000,0x2500,0x2500,0x2500,0x0300,0x0300,0x0300,0x0300,0x0300,
    0x0000,0x0000,0x0000,0xC020,0xC182,0x20AA,0x4081,0x2051,0x0000,0x0000,0x0000,0x0000,
    0x0000,0x0000,0x0000,0x0000,0x8089,0xE070,0x8089,0x2072,0x2010,0x0000,0x0000,0x0000,
    0x0300,0x0300,0x0300,0x0300,0x0300,0x0300,0x0300,0x0300,0x0300,0x0000,0x0000,0xCA62,
    0x32FF,0x47FF,0xA0FD,0x22FD,0x01EC,0x22FD,0xA46A,0x0000,0x0000,0xA018,0xC2FD,0x42FE,
    0xA0FD,0xA0FD,0xA0FD,0x20FD,0x20FD,0xA0FC,0xA0FC,0xA0FC,0x20FC,0x20FC,0xC0FB,0x40FB,
    0x40FB,0x40FB,0x40FB,0xA0FA,0xA0FA,0xA0FA,0xA0FA,0xA0FA,0x20FA,0x20FA,0x20FA,0x20FA,
    0xC0F1,0x20FA,0x20FA,0x20FA,0x20FA,0x20FA,0x20FA,0xA0FA,0xA0FA,0xA0FA,0xA0FA,0x40FB,
    0x40FB,0xC0FB,0xC0FB,0xC0FB,0x20FC,0x20FC,0x20FC,0xA0FC,0xA0FC,0x20FD,0x20FD,0xA0FD,
    0xA0FD,0xA0FD,0xA2FE,0x22DD,0x0000,0x0000,0x0000,0x205A,0x22FD,0x21D3,0x21CB,0xA0EB,
    0xC2FD,0xF2FF,0xB0A4,0x2010,0x0000,0x0000,0x2500,0x2500,0x2500,0x0300,0x0300,0x0300,
    0x0300,0x0000,0x0000,0x0000,0x0000,0x2072,0x8089,0x2051,0x0000,0x0000,0x0000,0x0000,
    0x0000,0x0000,0x0000,0x0000,0x2071,0x2071,0xC069,0x0000,0x0000,0x0000,0x0000,0x0300,
    0x0300,0x0300,0x0300,0x0300,0x0300,0x0300,0x0300,0x0000,0x0000,0xA218,0x13AD,0x4FFF,
    0xA2FE,0xC2FD,0xC2FC,0x20FC,0xC2FD,0x014A,0x0000,0x0000,0x0000,0x82ED,0x42FE,0xA0FD,
    0xA0FD,0xA0FD,0x20FD,0x20FD,0x20FD,0xA0FC,0xA0FC,0x20FC,0x20FC,0xC0FB,0xC0FB,0x40FB,
    0x40FB,0x40FB,0xA0FA,0xA0FA,0xA0FA,0xA0FA,0xA0FA,0x20FA,0x20FA,0x20FA,0x20FA,0x20FA,
    0xC0F1,0xC0F1,0xC0F1,0x20FA,0x20FA,0x20FA,0x20FA,0x20FA,0xA0FA,0xA0FA,0xA0FA,0x40FB,
    0x40FB,0x40FB,0xC0FB,0xC0FB,0xC0FB,0x20FC,0x20FC,0xA0FC,0xA0FC,0x20FD,0x20FD,0x20FD,
    0xA0FD,0xA0FD,0xA0FD,0xA2FE,0x22DD,0x0000,0x0000,0x0000,0x2029,0xC2D4,0xA0EB,0xA0EB,
    0x44FE,0x87FF,0xF2FF,0xF6FF,0x4C7B,0x0000,0x0000,0x0000,0x0300,0x2500,0x0300,0x0300,
    0x0300,0x0300,0x0000,0x0000,0x0000,0x0000,0x2051,0x2071,0x0000,0x0000,0x0000,0x0000,
    0x0000,0x0000,0x0000,0x2010,0x2071,0x2041,0x0000,0x0000,0x0000,0x0000,0x0000,0x0000,
    0x0000,0x0300,0x0300,0x0300,0x0300,0x0000,0x0000,0x0000,0xEA6A,0xB3EE,0x46FE,0x20FD,
    0x22FD,0x20FC,0x20FC,0xC4DC,0x2029,0x0000,0x0000,0xA018,0x82ED,0x42FE,0xA0FD,0xA0FD,
    0xA0FD,0x20FD,0x20FD,0x20FD,0xA0FC,0xA0FC,0x20FC,0x20FC,0xC0FB,0xC0FB,0x40FB,0x40FB,
    0x40FB,0xA0FA,0xA0FA,0xA0FA,0xA0FA,0xA0FA,0x20FA,0x20FA,0x20FA,0x20FA,0x20FA,0x20FA,
    0xC0F1,0xC0F1,0xC0F1,0xC0F1,0x20FA,0x20FA,0x20FA,0x20FA,0xA0FA,0xA0FA,0xA0FA,0xA0FA,
    0x40FB,0x40FB,0x40FB,0xC0FB,0xC0FB,0x20FC,0x20FC,0x20FC,0xA0FC,0xA0FC,0x20FD,0x20FD,
    0xA0FD,0xA0FD,0xA0FD,0xA0FD,0xA2FE,0xC2FD,0xC020,0x0000,0x0000,0x0000,0x44AC,0x22FD,
    0xC2FD,0xC8FF,0xF0FF,0xF6FF,0xF8FF,0xB3EE,0xCA62,0x0000,0x0000,0x0000,0x0300,0x0300,
    0x0300,0x0300,0x0300,0x0000,0x0000,0x0000,0x0000,0xA048,0x2010,0x0000,0x0000,0x0000,
    0x0000,0x0000,0x0000,0xA038,0xA048,0x0000,0x0000,0x0000,0x0000,0x0000,0x0000,0x0000,
    0x0300,0x0300,0x0000,0x0000,0x0000,0x0000,0x484A,0xB3CD,0x2DFE,0x20FD,0x20FC,0x01EC,
    0xA0EB,0x22FD,0xC2CC,0xA018,0x0000,0x0000,0xC020,0xC2FD,0x42FE,0xA0FD,0xA0FD,0xA0FD,
    0xA0FD,0x20FD,0x20FD,0xA0FC,0xA0FC,0x20FC,0x20FC,0xC0FB,0xC0FB,0x40FB,0x40FB,0x40FB,
    0x40FB,0xA0FA,0xA0FA,0xA0FA,0xA0FA,0x20FA,0x20FA,0x20FA,0x20FA,0x20FA,0x20FA,0x20FA,
    0xC0F1,0xC0F1,0xC0F1,0xC0F1,0xC0F1,0x20FA,0x20FA,0x20FA,0x20FA,0xA0FA,0xA0FA,0xA0FA,
    0x40FB,0x40FB,0x40FB,0x40FB,0xC0FB,0xC0FB,0x20FC,0x20FC,0xA0FC,0xA0FC,0xA0FC,0x20FD,
    0x20FD,0xA0FD,0xA0FD,0xA0FD,0xA0FD,0x42FE,0x42FE,0xA049,0x0000,0x0000,0x0000,0xA46A,
    0xA8FE,0xCAFF,0xEEFF,0xF6FF,0xF8FF,0xF6FF,0xF5FF,0xB3EE,0x8C7B,0xA218,0x0000,0x0000,
    0x0000,0x0300,0x0300,0x0300,0x0000,0x0000,0x0000,0x0000,0x0000,0x0000,0x0000,0x0000,
    0x0000,0x0000,0x0000,0x2010,0x0000,0x0000,0x0000,0x0000,0x0000,0x0000,0x0000,0x0000,
    0x0000,0x0000,0x0000,0x0000,0xCA5A,0x72C5,0x2DFE,0x22FD,0x20FC,0x01EC,0xA0EB,0x20FC,
    0xC2FD,0x049B,0x0000,0x0000,0x0000,0xA049,0x42FE,0x42FE,0xA0FD,0xA0FD,0xA0FD,0xA0FD,
    0x20FD,0x20FD,0xA0FC,0xA0FC,0x20FC,0x20FC,0x20FC,0xC0FB,0xC0FB,0x40FB,0x40FB,0x40FB,
    0xA0FA,0xA0FA,0xA0FA,0xA0FA,0x20FA,0x20FA,0x20FA,0x20FA,0x20FA,0x20FA,0x20FA,0xC0F1,
    0xC0F1,0xC0F1,0xC0F1,0xC0F1,0xC0F1,0x20FA,0x20FA,0x20FA,0x20FA,0xA0FA,0xA0FA,0xA0FA,
    0xA0FA,0x40FB,0x40FB,0x40FB,0xC0FB,0xC0FB,0xC0FB,0x20FC,0x20FC,0x20FC,0xA0FC,0xA0FC,
    0x20FD,0x20FD,0xA0FD,0xA0FD,0xA0FD,0xA0FD,0x42FE,0xA2FE,0xC172,0x0000,0x0000,0x0000,
    0xA018,0x8BA4,0xEEFF,0xF0FF,0xF2FF,0xF2FF,0xEEFF,0xC8FF,0x2AFF,0x2BDD,0xB0A4,0x484A,
    0x0000,0x0000,0x0000,0x0000,0x0000,0x0000,0x0000,0x0000,0x0000,0x0000,0x0000,0x0000,
    0x0000,0x0000,0x0000,0x0000,0x0000,0x0000,0x0000,0x0000,0x0000,0x0000,0x0000,0x0000,
    0x0000,0xC639,0x8BA4,0x30D5,0x2BDD,0x42F4,0x20FC,0x01EC,0xA0EB,0xA0EB,0x22FD,0xC4DC,
    0x2029,0x0000,0x0000,0x0000,0xC27A,0xA2FE,0x42FE,0xA0FD,0xA0FD,0xA0FD,0xA0FD,0x20FD,
    0x20FD,0xA0FC,0xA0FC,0x20FC,0x20FC,0x20FC,0xC0FB,0xC0FB,0x40FB,0x40FB,0x40FB,0x40FB,
    0xA0FA,0xA0FA,0xA0FA,0xA0FA,0x20FA,0x20FA,0x20FA,0x20FA,0x20FA,0xC0F1,0xC0F1,0xC0F1,
    0xC0F1,0xC0F1,0xC0F1,0xC0F1,0xC0F1,0xC0F1,0x20FA,0x20FA,0x20FA,0x20FA,0xA0FA,0xA0FA,
    0xA0FA,0xA0FA,0x40FB,0x40FB,0x40FB,0xC0FB,0xC0FB,0x20FC,0x20FC,0x20FC,0xA0FC,0xA0FC,
    0x20FD,0x20FD,0x20FD,0xA0FD,0xA0FD,0xA0FD,0xA0FD,0x42FE,0xA2FE,0x44AC,0x0000,0x0000,
    0x0000,0x0000,0xC441,0x6BF6,0xF0FF,0xCAFF,0x47FF,0xC6FE,0xC2FD,0x20FC,0x42F4,0x2BDD,
    0x92D5,0x4E94,0xCA5A,0x0329,0x0000,0x0000,0x0000,0x0000,0x0000,0x0000,0x0000,0x0000,
    0x0000,0x0000,0x0000,0x0000,0x0000,0x0000,0x0000,0x0000,0x0000,0xA218,0xA952,0x8BA4,
    0xD0B4,0xADD4,0x63D3,0xA0C2,0x21D3,0x01EC,0xA0EB,0x41E3,0xC2FC,0xC2FD,0xA46A,0x0000,
    0x0000,0x0000,0x0000,0x42B4,0xA2FE,0x21FE,0xA0FD,0xA0FD,0xA0FD,0xA0FD,0x20FD,0x20FD,
    0xA0FC,0xA0FC,0xA0FC,0x20FC,0x20FC,0xC0FB,0xC0FB,0xC0FB,0x40FB,0x40FB,0x40FB,0xA0FA,
    0xA0FA,0xA0FA,0xA0FA,0x20FA,0x20FA,0x20FA,0x20FA,0x20FA,0xC0F1,0xC0F1,0xC0F1,0xC0F1,
    0xC0F1,0xC0F1,0xC0F1,0xC0F1,0xC0F1,0xC0F1,0xC0F1,0x20FA,0x20FA,0x20FA,0x20FA,0xA0FA,
    0xA0FA,0xA0FA,0x40FB,0x40FB,0x40FB,0x40FB,0xC0FB,0xC0FB,0x20FC,0x20FC,0x20FC,0xA0FC,
    0xA0FC,0x20FD,0x20FD,0x20FD,0xA0FD,0xA0FD,0xA0FD,0xA0FD,0xA0FD,0xA2FE,0x42FE,0x205A,
    0x0000,0x0000,0x0000,0x0000,0xC762,0x6BF6,0x47FF,0x22FD,0x20FC,0x42F4,0x01EC,0x21D3,
    0x40B2,0xC3BA,0xC9CB,0x2BDD,0xAFB4,0x4E94,0x8C7B,0xA952,0x0742,0x2429,0x0329,0xA218,
    0xA018,0xA218,0xE320,0x2429,0xC639,0xA952,0x4B73,0x4E94,0xAFB4,0xCFC4,0xAA9B,0x049B,
    0x20AA,0xC0A1,0xA0BA,0x21CB,0x21D3,0x41E3,0xA0FC,0xC2FD,0xA293,0xE320,0x0000,0x0000,
    0x0000,0x205A,0xC2FD,0xA2FE,0xC2FD,0xA0FD,0xA0FD,0xA0FD,0xA0FD,0x20FD,0x20FD,0x20FD,
    0xA0FC,0xA0FC,0x20FC,0x20FC,0x20FC,0xC0FB,0xC0FB,0x40FB,0x40FB,0x40FB,0xA0FA,0xA0FA,
    0xA0FA,0xA0FA,0x20FA,0x20FA,0x20FA,0x20FA,0x20FA,0xC0F1,0xC0F1,0xC0F1,0xC0F1,0xC0F1,
    0x80E9,0x80E9,0xC0F1,0xC0F1,0xC0F1,0xC0F1,0xC0F1,0x20FA,0x20FA,0x20FA,0x20FA,0xA0FA,
    0xA0FA,0xA0FA,0xA0FA,0x40FB,0x40FB,0x40FB,0xC0FB,0xC0FB,0x20FC,0x20FC,0x20FC,0xA0FC,
    0xA0FC,0xA0FC,0x20FD,0x20FD,0x20FD,0xA0FD,0xA0FD,0xA0FD,0xA0FD,0xA0FD,0x42FE,0xA2FE,
    0x42B4,0xA018,0x0000,0x0000,0x0000,0x0000,0xA262,0xC4DC,0x82EC,0x21D3,0xA0C2,0xA0C2,
    0xA0BA,0x40B2,0xC0A1,0xC099,0x8089,0xA289,0x049B,0x4893,0xAA9B,0x2CBC,0x8DBC,0x8DBC,
    0x8DBC,0x8DBC,0x8DBC,0x2CBC,0xAA9B,0xA8B3,0x049B,0x42A2,0xC099,0xC099,0xC099,0xC099,
    0x20AA,0x40B2,0x40B2,0x21D3,0xA0FC,0x42E5,0xA293,0xA018,0x0000,0x0000,0x0000,0x0000,
    0x44AC,0xA2FE,0x42FE,0xA0FD,0xA0FD,0xA0FD,0xA0FD,0xA0FD,0x20FD,0x20FD,0x20FD,0xA0FC,
    0xA0FC,0x20FC,0x20FC,0x20FC,0xC0FB,0xC0FB,0x40FB,0x40FB,0x40FB,0xA0FA,0xA0FA,0xA0FA,
    0xA0FA,0xA0FA,0x20FA,0x20FA,0x20FA,0x20FA,0xC0F1,0xC0F1,0xC0F1,0xC0F1,0xC0F1,0xC0F1,
    0x40E1,0x40E1,0x80E9,0xC0F1,0xC0F1,0xC0F1,0xC0F1,0xC0F1,0x20FA,0x20FA,0x20FA,0x20FA,
    0xA0FA,0xA0FA,0xA0FA,0xA0FA,0x40FB,0x40FB,0x40FB,0xC0FB,0xC0FB,0x20FC,0x20FC,0x20FC,
    0x20FC,0xA0FC,0xA0FC,0xA0FC,0x20FD,0x20FD,0x20FD,0xA0FD,0xA0FD,0xA0FD,0xA0FD,0xA0FD,
    0xA2FE,0x42FE,0x218B,0x0000,0x0000,0x0000,0x0000,0x0000,0xA049,0x819B,0x21BB,0xA0BA,
    0xC099,0x4081,0x4081,0x4081,0x8089,0x4081,0x2071,0xE070,0xE070,0xE070,0xE070,0xC060,
    0xE070,0xE070,0xE070,0x4081,0x4081,0x4081,0x4081,0x4081,0x4081,0x8089,0x4081,0x4081,
    0xC099,0xA0BA,0xA0D3,0x41BC,0xA16A,0xA018,0x0000,0x0000,0x0000,0x0000,0xC172,0x42FE,
    0xA2FE,0x21FE,0xA0FD,0xA0FD,0xA0FD,0xA0FD,0xA0FD,0x20FD,0x20FD,0x20FD,0xA0FC,0xA0FC,
    0xA0FC,0x20FC,0x20FC,0xC0FB,0xC0FB,0xC0FB,0x40FB,0x40FB,0x40FB,0xA0FA,0xA0FA,0xA0FA,
    0xA0FA,0x20FA,0x20FA,0x20FA,0x20FA,0x20FA,0xC0F1,0xC0F1,0xC0F1,0xC0F1,0xC0F1,0x80E9,
    0x40E1,0x40E1,0x40E1,0x80E9,0xC0F1,0xC0F1,0xC0F1,0xC0F1,0xC0F1,0x20FA,0x20FA,0x20FA,
    0x20FA,0xA0FA,0xA0FA,0xA0FA,0x40FB,0x40FB,0x40FB,0xC0FB,0xC0FB,0xC0FB,0x20FC,0x20FC,
    0x20FC,0x20FC,0xA0FC,0xA0FC,0xA0FC,0xA0FC,0x20FD,0x20FD,0x20FD,0xA0FD,0xA0FD,0xA0FD,
    0xA0FD,0xA0FD,0xA2FE,0xC2FD,0xC172,0x0000,0x0000,0x0000,0x0000,0x0000,0xA018,0x205A,
    0xA192,0xA1A2,0xC099,0x4081,0x2069,0xC060,0xA050,0xC060,0x2069,0x2071,0x2071,0x2071,
    0x2071,0x2071,0x2071,0x2071,0x2071,0x2071,0x2069,0x2069,0x2071,0x8089,0x209A,0xA0BA,
    0x049B,0xC172,0x2031,0x0000,0x0000,0x0000,0x0000,0x0000,0x205A,0x42E5,0xA2FE,0x42FE,
    0xA0FD,0xA0FD,0xA0FD,0xA0FD,0xA0FD,0x20FD,0x20FD,0x20FD,0xA0FC,0xA0FC,0xA0FC,0xA0FC,
    0x20FC,0x20FC,0x20FC,0xC0FB,0xC0FB,0x40FB,0x40FB,0x40FB,0xA0FA,0xA0FA,0xA0FA,0xA0FA,
    0x20FA,0x20FA,0x20FA,0x20FA,0x20FA,0xC0F1,0xC0F1,0xC0F1,0xC0F1,0x80E9,0x80E9,0x80E9,
    0x40E1,0x40E1,0x40E1,0x40E1,0x80E9,0xC0F1,0xC0F1,0xC0F1,0xC0F1,0xC0F1,0x20FA,0x20FA,
    0x20FA,0xA0FA,0xA0FA,0xA0FA,0x40FB,0x40FB,0x40FB,0xC0FB,0xC0FB,0xC0FB,0xC0FB,0xC0FB,
    0x20FC,0x20FC,0x20FC,0x20FC,0xA0FC,0xA0FC,0xA0FC,0x20FD,0x20FD,0x20FD,0x20FD,0x20FD,
    0xA0FD,0xA0FD,0xA0FD,0x21FE,0x81FE,0x21FE,0x819B,0xA018,0x0000,0x0000,0x0000,0x0000,
    0x0000,0x0000,0x2031,0xC069,0x2082,0x209A,0x209A,0x209A,0xC099,0xC099,0xC099,0x8089,
    0x8089,0x8089,0x8089,0x8089,0x8089,0x209A,0x209A,0x209A,0xC182,0x2072,0xA051,0xC020,
    0x0000,0x0000,0x0000,0x0000,0x0000,0x0000,0xA16A,0x42E5,0xA2FE,0x42FE,0xA0FD,0xA0FD,
    0xA0FD,0xA0FD,0xA0FD,0xA0FD,0x20FD,0x20FD,0x20FD,0xA0FC,0xA0FC,0xA0FC,0x20FC,0x20FC,
    0x20FC,0x20FC,0xC0FB,0xC0FB,0xC0FB,0x40FB,0x40FB,0x40FB,0xA0FA,0xA0FA,0xA0FA,0xA0FA,
    0x20FA,0x20FA,0x20FA,0x20FA,0xC0F1,0xC0F1,0xC0F1,0xC0F1,0x80E9,0x80E9,0x80E9,0x80E9,
    0x40E1,0x40E1,0x40E1,0x40E1,0x40E1,0x80E9,0xC0F1,0xC0F1,0xC0F1,0xC0F1,0x20FA,0x20FA,
    0x20FA,0x20FA,0xA0FA,0xA0FA,0xA0FA,0x40FB,0x40FB,0x40FB,0x40FB,0xC0FB,0xC0FB,0xC0FB,
    0xC0FB,0x20FC,0x20FC,0x20FC,0x20FC,0xA0FC,0xA0FC,0xA0FC,0xA0FC,0xA0FC,0x20FD,0x20FD,
    0x20FD,0x20FD,0xA0FD,0xA0FD,0xA0FD,0xA0FD,0x81FE,0x21FE,0x81CC,0x205A,0x0000,0x0000,
    0x0000,0x0000,0x0000,0x0000,0x0000,0x0000,0x2010,0xA038,0x2041,0x2051,0xC071,0x2072,
    0xC071,0xC071,0xC069,0x2051,0x2041,0xA038,0xA018,0x0000,0x0000,0x0000,0x0000,0x0000,
    0x0000,0x0000,0x0000,0x2031,0x819B,0xC2FD,0xA2FE,0x21FE,0xA0FD,0xA0FD,0xA0FD,0xA0FD,
    0xA0FD,0xA0FD,0x20FD,0x20FD,0x20FD,0x20FD,0xA0FC,0xA0FC,0xA0FC,0x20FC,0x20FC,0x20FC,
    0x20FC,0xC0FB,0xC0FB,0xC0FB,0x40FB,0x40FB,0x40FB,0xA0FA,0xA0FA,0xA0FA,0xA0FA,0x20FA,
    0x20FA,0x20FA,0x20FA,0x20FA,0xC0F1,0xC0F1,0xC0F1,0x80E9,0x80E9,0x80E9,0x80E9,0x80E9,
    0x40E1,0x40E1,0x40E1,0x40E1,0x40E1,0x80E9,0x80E9,0xC0F1,0xC0F1,0xC0F1,0xC0F1,0x20FA,
    0x20FA,0x20FA,0xA0FA,0xA0FA,0xA0FA,0xA0FA,0xA0FA,0x40FB,0x40FB,0x40FB,0x40FB,0xC0FB,
    0xC0FB,0xC0FB,0xC0FB,0x20FC,0x20FC,0x20FC,0x20FC,0xA0FC,0xA0FC,0xA0FC,0xA0FC,0xA0FC,
    0x20FD,0x20FD,0x20FD,0x20FD,0xA0FD,0xA0FD,0xA0FD,0xA0FD,0x21FE,0x81FE,0xA0FD,0x41BC,
    0x205A,0xA018,0x0000,0x0000,0x0000,0x0000,0x0000,0x0000,0x0000,0x0000,0x0000,0x0000,
    0x0000,0x0000,0x0000,0x0000,0x0000,0x0000,0x0000,0x0000,0x0000,0x0000,0x0000,0x0000,
    0xA049,0x819B,0x21E5,0x21FE,0x81FE,0x21FE,0xA0FD,0xA0FD,0xA0FD,0xA0FD,0xA0FD,0xA0FD,
    0xA0FD,0x20FD,0x20FD,0x20FD,0xA0FC,0xA0FC,0xA0FC,0x20FC,0x20FC,0x20FC,0x20FC,0xC0FB,
    0xC0FB,0xC0FB,0xC0FB,0x40FB,0x40FB,0x40FB,0x40FB,0xA0FA,0xA0FA,0xA0FA,0xA0FA,0x20FA,
    0x20FA,0x20FA,0x20FA,0xC0F1,0xC0F1,0x80E9,0x80E9,0x80E9,0x80E9,0x80E9,0x80E9,0x40E1,
    0x40E1,0x40E1,0x40E1,0x40E1,0x40E1,0x40E1,0x80E9,0x80E9,0xC0F1,0xC0F1,0xC0F1,0x20FA,
    0x20FA,0x20FA,0x20FA,0xA0FA,0xA0FA,0xA0FA,0xA0FA,0xA0FA,0x40FB,0x40FB,0x40FB,0x40FB,
    0x40FB,0xC0FB,0xC0FB,0xC0FB,0xC0FB,0x20FC,0x20FC,0x20FC,0x20FC,0xA0FC,0xA0FC,0xA0FC,
    0xA0FC,0xA0FC,0x20FD,0x20FD,0x20FD,0x20FD,0xA0FD,0xA0FD,0xA0FD,0xA0FD,0xA0FD,0x21FE,
    0x81FE,0x21FE,0x21E5,0x44AC,0xC172,0xA049,0xA018,0x0000,0x0000,0x0000,0x0000,0x0000,
    0x0000,0x0000,0x0000,0x0000,0x0000,0x0000,0x2010,0x2031,0x205A,0x4193,0x81CC,0xA0FD,
    0x21FE,0x21FE,0x21FE,0xA0FD,0xA0FD,0xA0FD,0xA0FD,0xA0FD,0xA0FD,0x20FD,0x20FD,0x20FD,
    0x20FD,0x20FD,0xA0FC,0xA0FC,0xA0FC,0xA0FC,0x20FC,0x20FC,0x20FC,0x20FC,0xC0FB,0xC0FB,
    0xC0FB,0x40FB,0x40FB,0x40FB,0x40FB,0x40FB,0xA0FA,0xA0FA,0xA0FA,0xA0FA,0x20FA,0x20FA,
    0x20FA,0x20FA,0xC0F1,0xC0F1,0xC0F1,0x80E9,0x80E9,0x80E9,0x80E9,0x40E1,0x40E1,0x40E1,
    0x40E1,0x40E1,0x40E1,0x40E1,0x40E1,0x40E1,0x40E1,0x80E9,0x80E9,0xC0F1,0xC0F1,0x20FA,
    0x20FA,0x20FA,0x20FA,0x20FA,0x20FA,0xA0FA,0xA0FA,0xA0FA,0xA0FA,0xA0FA,0x40FB,0x40FB,
    0x40FB,0x40FB,0xC0FB,0xC0FB,0xC0FB,0xC0FB,0x20FC,0x20FC,0x20FC,0x20FC,0x20FC,0x20FC,
    0xA0FC,0xA0FC,0xA0FC,0xA0FC,0x20FD,0x20FD,0x20FD,0x20FD,0x20FD,0xA0FD,0xA0FD,0xA0FD,
    0xA0FD,0xA0FD,0x21FE,0x21FE,0x81FE,0x21FE,0x21FE,0xA0FD,0x21E5,0xC1D4,0x81CC,0x41BC,
    0x41BC,0x41BC,0x41BC,0x81CC,0x21E5,0xA0FD,0xA0FD,0x21FE,0x21FE,0x21FE,0x21FE,0xA0FD,
    0xA0FD,0xA0FD,0xA0FD,0xA0FD,0xA0FD,0x20FD,0x20FD,0x20FD,0x20FD,0x20FD,0x20FD,0x20FD,
    0x20FD,0xA0FC,0xA0FC,0xA0FC,0x20FC,0x20FC,0x20FC,0x20FC,0xC0FB,0xC0FB,0xC0FB,0xC0FB,
    0x40FB,0x40FB,0x40FB,0x40FB,0x40FB,0xA0FA,0xA0FA,0xA0FA,0xA0FA,0x20FA,0x20FA,0x20FA,
    0x20FA,0xC0F1,0xC0F1,0xC0F1,0x80E9,0x80E9,0x80E9,0x40E1,0x40E1,0x40E1,0x40E1,0x40E1,
    0x40E1,0x40E1,0x40E1,0x40E1,0x40E1,0x40E1,0x40E1,0x40E1,0x80E9,0x80E9,0xC0F1,0xC0F1,
    0x20FA,0x20FA,0x20FA,0x20FA,0x20FA,0x20FA,0xA0FA,0xA0FA,0xA0FA,0xA0FA,0xA0FA,0x40FB,
    0x40FB,0x40FB,0x40FB,0x40FB,0xC0FB,0xC0FB,0xC0FB,0xC0FB,0xC0FB,0x20FC,0x20FC,0x20FC,
    0x20FC,0x20FC,0xA0FC,0xA0FC,0xA0FC,0xA0FC,0x20FD,0x20FD,0x20FD,0x20FD,0x20FD,0x20FD,
    0x20FD,0xA0FD,0xA0FD,0xA0FD,0xA0FD,0xA0FD,0xA0FD,0xA0FD,0xA0FD,0x21FE,0x21FE,0x21FE,
    0x21FE,0x21FE,0x21FE,0x21FE,0x21FE,0xA0FD,0xA0FD,0xA0FD,0xA0FD,0xA0FD,0x20FD,0x20FD,
    0xA0FD,0x20FD,0x20FD,0x20FD,0x20FD,0x20FD,0x20FD,0x20FD,0xA0FC,0xA0FC,0xA0FC,0xA0FC,
    0xA0FC,0xA0FC,0x20FC,0x20FC,0x20FC,0x20FC,0xC0FB,0xC0FB,0xC0FB,0xC0FB,0x40FB,0x40FB,
    0x40FB,0x40FB,0xA0FA,0xA0FA,0xA0FA,0xA0FA,0xA0FA,0xA0FA,0x20FA,0x20FA,0x20FA,0x20FA,
    0x20FA,0xC0F1,0x80E9,0x80E9,0x80E9,0x80E9,0x40E1,0x40E1,0x40E1,0x40E1,0x40E1,0x40E1,
    0x40E1,0x00D9,0x40E1,0x40E1,0x40E1,0x40E1,0x40E1,0x40E1,0x40E1,0x80E9,0xC0F1,0xC0F1,
    0xC0F1,0xC0F1,0xC0F1,0x20FA,0x20FA,0x20FA,0x20FA,0xA0FA,0xA0FA,0xA0FA,0xA0FA,0xA0FA,
    0xA0FA,0x40FB,0x40FB,0x40FB,0x40FB,0x40FB,0xC0FB,0xC0FB,0xC0FB,0xC0FB,0xC0FB,0xC0FB,
    0x20FC,0x20FC,0x20FC,0x20FC,0xA0FC,0xA0FC,0xA0FC,0xA0FC,0xA0FC,0x20FD,0x20FD,0x20FD,
    0x20FD,0x20FD,0x20FD,0x20FD,0x20FD,0x20FD,0x20FD,0x20FD,0x20FD,0x20FD,0x20FD,0x20FD,
    0x20FD,0x20FD,0x20FD,0x20FD,0x20FD,0x20FD,0x20FD,0x20FD,0x20FD,0x20FD,0x20FD,0x20FD,
    0x20FD,0x20FD,0x20FD,0x20FD,0x20FD,0xA0FC,0xA0FC,0xA0FC,0xA0FC,0xA0FC,0xA0FC,0x20FC,
    0x20FC,0x20FC,0x20FC,0x20FC,0x20FC,0xC0FB,0xC0FB,0xC0FB,0x40FB,0x40FB,0x40FB,0x40FB,
    0x40FB,0xA0FA,0xA0FA,0xA0FA,0xA0FA,0xA0FA,0xA0FA,0x20FA,0x20FA,0x20FA,0x20FA,0xC0F1,
    0xC0F1,0xC0F1,0x80E9,0x80E9,0x80E9,0x40E1,0x40E1,0x40E1,0x40E1,0x40E1,0x40E1,0x40E1,
    0x00D9,0x00D9,0x00D9,0x00D9,0x40E1,0x40E1,0x40E1,0x40E1,0x40E1,0x80E9,0x80E9,0x80E9,
    0x80E9,0xC0F1,0xC0F1,0xC0F1,0x20FA,0x20FA,0x20FA,0x20FA,0x20FA,0xA0FA,0xA0FA,0xA0FA,
    0xA0FA,0xA0FA,0x40FB,0x40FB,0x40FB,0x40FB,0x40FB,0x40FB,0x40FB,0xC0FB,0xC0FB,0xC0FB,
    0xC0FB,0x20FC,0x20FC,0x20FC,0x20FC,0x20FC,0xA0FC,0xA0FC,0xA0FC,0xA0FC,0xA0FC,0xA0FC,
    0xA0FC,0x20FD,0x20FD,0x20FD,0x20FD,0x20FD,0x20FD,0x20FD,0x20FD,0x20FD,0x20FD,0x20FD,
    0x20FD,0x20FD,0x20FD,0x20FD,0x20FD,0x20FD,0x20FD,0x20FD,0x20FD,0x20FD,0x20FD,0x20FD,
    0x20FD,0xA0FC,0xA0FC,0xA0FC,0xA0FC,0xA0FC,0xA0FC,0x20FC,0x20FC,0x20FC,0x20FC,0x20FC,
    0x20FC,0x20FC,0xC0FB,0xC0FB,0xC0FB,0xC0FB,0x40FB,0x40FB,0x40FB,0x40FB,0x40FB,0x40FB,
    0xA0FA,0xA0FA,0xA0FA,0xA0FA,0xA0FA,0x20FA,0x20FA,0x20FA,0x20FA,0x20FA,0x20FA,0xC0F1,
    0xC0F1,0x80E9,0x80E9,0x80E9,0x40E1,0x40E1,0x40E1,0x40E1,0x40E1,0x40E1,0x40E1,0x40E1,
    0xC0D0,0xC0D0,0xC0D0,0xC0D0,0x40E1,0x40E1,0x40E1,0x40E1,0x40E1,0x40E1,0x80E9,0x80E9,
    0x80E9,0xC0F1,0xC0F1,0xC0F1,0xC0F1,0x20FA,0x20FA,0x20FA,0x20FA,0x20FA,0xA0FA,0xA0FA,
    0xA0FA,0xA0FA,0xA0FA,0xA0FA,0x40FB,0x40FB,0x40FB,0x40FB,0x40FB,0x40FB,0x40FB,0xC0FB,
    0xC0FB,0xC0FB,0xC0FB,0x20FC,0x20FC,0x20FC,0x20FC,0x20FC,0x20FC,0xA0FC,0xA0FC,0xA0FC,
    0xA0FC,0xA0FC,0xA0FC,0xA0FC,0xA0FC,0xA0FC,0xA0FC,0xA0FC,0xA0FC,0xA0FC,0xA0FC,0x20FD,
    0x20FD,0xA0FC,0xA0FC,0xA0FC,0xA0FC,0xA0FC,0xA0FC,0xA0FC,0xA0FC,0xA0FC,0xA0FC,0xA0FC,
    0xA0FC,0xA0FC,0xA0FC,0xA0FC,0x20FC,0x20FC,0x20FC,0x20FC,0x20FC,0x20FC,0xC0FB,0xC0FB,
    0xC0FB,0xC0FB,0xC0FB,0xC0FB,0xC0FB,0x40FB,0x40FB,0x40FB,0x40FB,0x40FB,0xA0FA,0xA0FA,
    0xA0FA,0xA0FA,0xA0FA,0xA0FA,0x20FA,0x20FA,0x20FA,0x20FA,0x20FA,0x20FA,0xC0F1,0xC0F1,
    0xC0F1,0x80E9,0x80E9,0x40E1,0x40E1,0x40E1,0x40E1,0x40E1,0x40E1,0x40E1,0x00D9,0x00D9,
    0xC0D0,0xC0D0,0xC0D0,0xC0D0,0xC0D0,0x40E1,0x40E1,0x40E1,0x40E1,0x40E1,0x40E1,0x80E9,
    0x80E9,0x80E9,0xC0F1,0xC0F1,0xC0F1,0xC0F1,0x20FA,0x20FA,0x20FA,0x20FA,0x20FA,0xA0FA,
    0xA0FA,0xA0FA,0xA0FA,0xA0FA,0xA0FA,0xA0FA,0x40FB,0x40FB,0x40FB,0x40FB,0x40FB,0x40FB,
    0x40FB,0xC0FB,0xC0FB,0xC0FB,0xC0FB,0xC0FB,0x20FC,0x20FC,0x20FC,0x20FC,0x20FC,0x20FC,
    0x20FC,0x20FC,0x20FC,0xA0FC,0xA0FC,0xA0FC,0xA0FC,0xA0FC,0xA0FC,0xA0FC,0xA0FC,0xA0FC,
    0xA0FC,0xA0FC,0xA0FC,0xA0FC,0xA0FC,0xA0FC,0xA0FC,0xA0FC,0xA0FC,0xA0FC,0xA0FC,0xA0FC,
    0xA0FC,0x20FC,0x20FC,0x20FC,0x20FC,0x20FC,0x20FC,0xC0FB,0xC0FB,0xC0FB,0xC0FB,0xC0FB,
    0xC0FB,0x40FB,0x40FB,0x40FB,0x40FB,0x40FB,0x40FB,0x40FB,0xA0FA,0xA0FA,0xA0FA,0xA0FA,
    0xA0FA,0xA0FA,0xA0FA,0x20FA,0x20FA,0x20FA,0x20FA,0x20FA,0xC0F1,0xC0F1,0xC0F1,0xC0F1,
    0x80E9,0x80E9,0x40E1,0x40E1,0x40E1,0x40E1,0x40E1,0x40E1,0x00D9,0x00D9,0x00D9,0x00D9,
    0xC0D0,0xC0D0,0xC0D0,0xC0D0,0xC0D0,0x00D9,0x40E1,0x40E1,0x40E1,0x40E1,0x40E1,0x40E1,
    0x80E9,0x80E9,0x80E9,0xC0F1,0xC0F1,0xC0F1,0xC0F1,0x20FA,0x20FA,0x20FA,0x20FA,0x20FA,
    0x20FA,0xA0FA,0xA0FA,0xA0FA,0xA0FA,0xA0FA,0xA0FA,0xA0FA,0xA0FA,0x40FB,0x40FB,0x40FB,
    0x40FB,0x40FB,0x40FB,0x40FB,0xC0FB,0xC0FB,0xC0FB,0xC0FB,0xC0FB,0x20FC,0x20FC,0x20FC,
    0x20FC,0x20FC,0x20FC,0x20FC,0x20FC,0x20FC,0x20FC,0x20FC,0x20FC,0x20FC,0x20FC,0x20FC,
    0x20FC,0x20FC,0x20FC,0x20FC,0x20FC,0x20FC,0x20FC,0x20FC,0x20FC,0x20FC,0x20FC,0x20FC,
    0x20FC,0x20FC,0x20FC,0x20FC,0xC0FB,0xC0FB,0xC0FB,0xC0FB,0xC0FB,0xC0FB,0x40FB,0x40FB,
    0x40FB,0x40FB,0x40FB,0x40FB,0x40FB,0x40FB,0x40FB,0xA0FA,0xA0FA,0xA0FA,0xA0FA,0xA0FA,
    0xA0FA,0x20FA,0x20FA,0x20FA,0x20FA,0x20FA,0x20FA,0xC0F1,0xC0F1,0xC0F1,0xC0F1,0x80E9,
    0x80E9,0x80E9,0x40E1,0x40E1,0x40E1,0x40E1,0x40E1,0x00D9,0x00D9,0x00D9,0x00D9,0x00D9,
    0xC0D0,0xC0D0,0xC0D0,0xC0D0,0xC0D0,0xC0D0,0x00D9,0x00D9,0x40E1,0x40E1,0x40E1,0x40E1,
    0x40E1,0x40E1,0x80E9,0x80E9,0x80E9,0xC0F1,0xC0F1,0xC0F1,0xC0F1,0x20FA,0x20FA,0x20FA,
    0x20FA,0x20FA,0x20FA,0xA0FA,0xA0FA,0xA0FA,0xA0FA,0xA0FA,0xA0FA,0xA0FA,0xA0FA,0xA0FA,
    0x40FB,0x40FB,0x40FB,0x40FB,0x40FB,0x40FB,0x40FB,0xC0FB,0xC0FB,0xC0FB,0xC0FB,0xC0FB,
    0xC0FB,0xC0FB,0x20FC,0x20FC,0x20FC,0x20FC,0x20FC,0x20FC,0x20FC,0x20FC,0x20FC,0x20FC,
    0x20FC,0x20FC,0x20FC,0x20FC,0x20FC,0x20FC,0x20FC,0x20FC,0x20FC,0x20FC,0x20FC,0x20FC,
    0x20FC,0xC0FB,0xC0FB,0xC0FB,0xC0FB,0xC0FB,0xC0FB,0x40FB,0x40FB,0x40FB,0x40FB,0x40FB,
    0x40FB,0x40FB,0x40FB,0x40FB,0xA0FA,0xA0FA,0xA0FA,0xA0FA,0xA0FA,0xA0FA,0xA0FA,0x20FA,
    0x20FA,0x20FA,0x20FA,0x20FA,0x20FA,0x20FA,0xC0F1,0xC0F1,0xC0F1,0x80E9,0x80E9,0x80E9,
    0x40E1,0x40E1,0x40E1,0x40E1,0x40E1,0x40E1,0x00D9,0x00D9,0x00D9,0x00D9,0x00D9,0x00D9,
    0xC0D0,0xC0D0,0xC0D0,0xC0D0,0xC0D0,0xC0D0,0x00D9,0x00D9,0x00D9,0x40E1,0x40E1,0x40E1,
    0x40E1,0x40E1,0x40E1,0x80E9,0x80E9,0x80E9,0xC0F1,0xC0F1,0xC0F1,0xC0F1,0x20FA,0x20FA,
    0x20FA,0x20FA,0x20FA,0x20FA,0x20FA,0x20FA,0xA0FA,0xA0FA,0xA0FA,0xA0FA,0xA0FA,0xA0FA,
    0xA0FA,0xA0FA,0xA0FA,0x40FB,0x40FB,0x40FB,0x40FB,0x40FB,0x40FB,0x40FB,0x40FB,0xC0FB,
    0xC0FB,0xC0FB,0xC0FB,0xC0FB,0xC0FB,0xC0FB,0xC0FB,0xC0FB,0xC0FB,0x20FC,0x20FC,0x20FC,
    0x20FC,0x20FC,0x20FC,0xC0FB,0xC0FB,0xC0FB,0xC0FB,0xC0FB,0xC0FB,0xC0FB,0xC0FB,0xC0FB,
    0xC0FB,0xC0FB,0xC0FB,0xC0FB,0xC0FB,0x40FB,0x40FB,0x40FB,0x40FB,0x40FB,0x40FB,0x40FB,
    0x40FB,0xA0FA,0xA0FA,0xA0FA,0xA0FA,0xA0FA,0xA0FA,0xA0FA,0xA0FA,0xA0FA,0x20FA,0x20FA,
    0x20FA,0x20FA,0x20FA,0x20FA,0x20FA,0xC0F1,0xC0F1,0xC0F1,0x80E9,0x80E9,0x80E9,0x40E1,
    0x40E1,0x40E1,0x40E1,0x40E1,0x00D9,0x00D9,0x00D9,0x00D9,0x00D9,0x00D9,0xC0D0,0xC0D0,
    0xC0D0,0xC0D0,0xC0D0,0xC0D0,0xC0D0,0xC0D0,0xC0D0,0xC0D0,0xC0D0,0x00D9,0x00D9,0x40E1,
    0x40E1,0x40E1,0x40E1,0x40E1,0x40E1,0x80E9,0x80E9,0x80E9,0xC0F1,0xC0F1,0xC0F1,0x20FA,
    0x20FA,0x20FA,0x20FA,0x20FA,0x20FA,0x20FA,0x20FA,0x20FA,0xA0FA,0xA0FA,0xA0FA,0xA0FA,
    0xA0FA,0xA0FA,0xA0FA,0xA0FA,0xA0FA,0x40FB,0x40FB,0x40FB,0x40FB,0x40FB,0x40FB,0x40FB,
    0x40FB,0x40FB,0x40FB,0xC0FB,0xC0FB,0xC0FB,0xC0FB,0xC0FB,0xC0FB,0xC0FB,0xC0FB,0xC0FB,
    0xC0FB,0xC0FB,0xC0FB,0xC0FB,0xC0FB,0xC0FB,0xC0FB,0xC0FB,0xC0FB,0xC0FB,0xC0FB,0xC0FB,
    0xC0FB,0x40FB,0xC0FB,0x40FB,0x40FB,0x40FB,0x40FB,0x40FB,0x40FB,0x40FB,0xA0FA,0xA0FA,
    0xA0FA,0xA0FA,0xA0FA,0xA0FA,0xA0FA,0xA0FA,0xA0FA,0xA0FA,0x20FA,0x20FA,0x20FA,0x20FA,
    0x20FA,0x20FA,0x20FA,0xC0F1,0xC0F1,0xC0F1,0x80E9,0x80E9,0x80E9,0x80E9,0x40E1,0x40E1,
    0x40E1,0x40E1,0x00D9,0x00D9,0x00D9,0x00D9,0xC0D0,0xC0D0,0xC0D0,0xC0D0,0xC0D0,0xC0D0,
    0xC0D0,0xC0D0,0xC0D0,0xC0D0,0xC0D0,0xC0D0,0xC0D0,0xC0D0,0xC0D0,0x00D9,0x00D9,0x00D9,
    0x40E1,0x40E1,0x40E1,0x40E1,0x40E1,0x40E1,0x80E9,0x80E9,0x80E9,0xC0F1,0xC0F1,0xC0F1,
    0xC0F1,0xC0F1,0x20FA,0x20FA,0x20FA,0x20FA,0x20FA,0x20FA,0x20FA,0x20FA,0xA0FA,0xA0FA,
    0xA0FA,0xA0FA,0xA0FA,0xA0FA,0xA0FA,0xA0FA,0xA0FA,0x40FB,0x40FB,0x40FB,0x40FB,0x40FB,
    0x40FB,0x40FB,0x40FB,0x40FB,0x40FB,0x40FB,0xC0FB,0x40FB,0x40FB,0xC0FB,0xC0FB,0xC0FB,
    0xC0FB,0xC0FB,0xC0FB,0xC0FB,0xC0FB,0xC0FB,0xC0FB,0xC0FB,0xC0FB,0x40FB,0x40FB,0x40FB,
    0x40FB,0x40FB,0x40FB,0x40FB,0x40FB,0x40FB,0x40FB,0xA0FA,0xA0FA,0xA0FA,0xA0FA,0xA0FA,
    0xA0FA,0xA0FA,0xA0FA,0xA0FA,0xA0FA,0xA0FA,0x20FA,0x20FA,0x20FA,0x20FA,0x20FA,0x20FA,
    0x20FA,0xC0F1,0xC0F1,0xC0F1,0xC0F1,0x80E9,0x80E9,0x80E9,0x80E9,0x40E1,0x40E1,0x40E1,
    0x40E1,0x40E1,0x00D9,0x00D9,0x00D9,0x00D9,0xC0D0,0xC0D0,0xC0D0,0xC0D0,0xC0D0,0xC0D0,
    0xC0D0,0xC0D0,0xC0D0,0xC0D0,0xC0D0,0xC0D0,0xC0D0,0xC0D0,0xC0D0,0xC0D0,0x00D9,0x00D9,
    0x00D9,0x40E1,0x40E1,0x40E1,0x40E1,0x40E1,0x40E1,0x80E9,0x80E9,0x80E9,0xC0F1,0xC0F1,
    0xC0F1,0xC0F1,0xC0F1,0x20FA,0x20FA,0x20FA,0x20FA,0x20FA,0x20FA,0x20FA,0x20FA,0x20FA,
    0xA0FA,0xA0FA,0xA0FA,0xA0FA,0xA0FA,0xA0FA,0xA0FA,0xA0FA,0xA0FA,0xA0FA,0xA0FA,0x40FB,
    0x40FB,0x40FB,0x40FB,0x40FB,0x40FB,0x40FB,0x40FB,0x40FB,0x40FB,0x40FB,0x40FB,0x40FB,
    0x40FB,0x40FB,0x40FB,0x40FB,0x40FB,0x40FB,0x40FB,0x40FB,0x40FB,0x40FB,0x40FB,0x40FB,
    0x40FB,0x40FB,0x40FB,0x40FB,0x40FB,0xA0FA,0xA0FA,0xA0FA,0xA0FA,0xA0FA,0xA0FA,0xA0FA,
    0xA0FA,0xA0FA,0xA0FA,0xA0FA,0x20FA,0x20FA,0x20FA,0x20FA,0x20FA,0x20FA,0x20FA,0x20FA,
    0xC0F1,0xC0F1,0xC0F1,0xC0F1,0xC0F1,0x80E9,0x80E9,0x80E9,0x40E1,0x40E1,0x40E1,0x40E1,
    0x40E1,0x00D9,0x00D9,0x00D9,0x00D9,0xC0D0,0xC0D0,0xC0D0,0xC0D0,0xC0D0,0xC0D0,0xC0D0,
    0xC0D0,0xC0D0,0xC0D0,0xC0D0,0xC0D0,0xC0D0,0xC0D0,0xC0D0,0xC0D0,0xC0D0,0xC0D0,0x00D9,
    0x00D9,0x00D9,0x40E1,0x40E1,0x40E1,0x40E1,0x40E1,0x40E1,0x80E9,0x80E9,0x80E9,0xC0F1,
    0xC0F1,0xC0F1,0xC0F1,0xC0F1,0xC0F1,0x20FA,0x20FA,0x20FA,0x20FA,0x20FA,0x20FA,0x20FA,
    0x20FA,0x20FA,0xA0FA,0xA0FA,0xA0FA,0xA0FA,0xA0FA,0xA0FA,0xA0FA,0xA0FA,0xA0FA,0xA0FA,
    0xA0FA,0x40FB,0x40FB,0x40FB,0x40FB,0x40FB,0x40FB,0x40FB,0x40FB,0x40FB,0x40FB,0x40FB,
    0x40FB,0x40FB,0x40FB,0x40FB,0x40FB,0x40FB,0x40FB,0x40FB,0x40FB,0x40FB,0x40FB,0x40FB,
    0x40FB,0x40FB,0x40FB,0xA0FA,0xA0FA,0xA0FA,0xA0FA,0xA0FA,0xA0FA,0xA0FA,0xA0FA,0xA0FA,
    0xA0FA,0x20FA,0x20FA,0x20FA,0x20FA,0x20FA,0x20FA,0x20FA,0x20FA,0x20FA,0x20FA,0xC0F1,
    0xC0F1,0xC0F1,0xC0F1,0xC0F1,0x80E9,0x80E9,0x80E9,0x40E1,0x40E1,0x40E1,0x40E1,0x40E1,
    0x40E1,0x00D9,0x00D9,0xC0D0,0xC0D0,0xC0D0,0xC0D0,0xC0D0,0xC0D0,0xC0D0,0xC0D0,0xC0D0,
    0xC0D0,0xC0D0,0xC0D0,0xC0D0,0xC0D0,0xC0D0,0xC0D0,0xC0D0,0xC0D0,0xC0D0,0xC0D0,0xC0D0,
    0x00D9,0x00D9,0x00D9,0x40E1,0x40E1,0x40E1,0x40E1,0x40E1,0x40E1,0x80E9,0x80E9,0x80E9,
    0xC0F1,0xC0F1,0xC0F1,0xC0F1,0xC0F1,0xC0F1,0x20FA,0x20FA,0x20FA,0x20FA,0x20FA,0x20FA,
    0x20FA,0x20FA,0x20FA,0xA0FA,0xA0FA,0xA0FA,0xA0FA,0xA0FA,0xA0FA,0xA0FA,0xA0FA,0xA0FA,
    0xA0FA,0xA0FA,0xA0FA,0xA0FA,0x40FB,0x40FB,0x40FB,0x40FB,0x40FB,0x40FB,0x40FB,0x40FB,
    0x40FB,0x40FB,0x40FB,0x40FB,0x40FB,0x40FB,0x40FB,0x40FB,0x40FB,0x40FB,0x40FB,0x40FB,
    0x40FB,0x40FB,0x40FB,0xA0FA,0xA0FA,0xA0FA,0xA0FA,0xA0FA,0xA0FA,0xA0FA,0xA0FA,0xA0FA,
    0x20FA,0x20FA,0x20FA,0x20FA,0x20FA,0x20FA,0x20FA,0x20FA,0x20FA,0xC0F1,0xC0F1,0xC0F1,
    0xC0F1,0xC0F1,0xC0F1,0x80E9,0x80E9,0x80E9,0x40E1,0x40E1,0x40E1,0x40E1,0x40E1,0x40E1,
    0x00D9,0x00D9,0x00D9,0xC0D0,0xC0D0,0xC0D0,0xC0D0,0xC0D0,0xC0D0,0xC0D0,0xC0D0,0xC0D0,
    0xC0D0,0xC0D0,0xC0D0,0xC0D0,0xC0D0,0xC0D0,0xC0D0,0xC0D0,0xC0D0,0xC0D0,0xC0D0,0xC0D0,
    0xC0D0,0x00D9,0x00D9,0x40E1,0x40E1,0x40E1,0x40E1,0x40E1,0x40E1,0x40E1,0x80E9,0x80E9,
    0x80E9,0xC0F1,0xC0F1,0xC0F1,0xC0F1,0xC0F1,0xC0F1,0x20FA,0x20FA,0x20FA,0x20FA,0x20FA,
    0x20FA,0x20FA,0x20FA,0x20FA,0x20FA,0xA0FA,0xA0FA,0xA0FA,0xA0FA,0xA0FA,0xA0FA,0xA0FA,
    0xA0FA,0xA0FA,0xA0FA,0xA0FA,0xA0FA,0x40FB,0xA0FA,0x40FB,0x40FB,0x40FB,0x40FB,0x40FB,
    0x40FB,0x40FB,0x40FB,0x40FB,0x40FB,0x40FB,0x40FB,0x40FB,0x40FB,0x40FB,0x40FB,0x40FB,
    0x40FB,0xA0FA,0xA0FA,0xA0FA,0xA0FA,0xA0FA,0xA0FA,0xA0FA,0xA0FA,0xA0FA,0xA0FA,0x20FA,
    0x20FA,0x20FA,0x20FA,0x20FA,0x20FA,0x20FA,0x20FA,0x20FA,0xC0F1,0xC0F1,0xC0F1,0xC0F1,
    0xC0F1,0xC0F1,0x80E9,0x80E9,0x80E9,0x40E1,0x40E1,0x40E1,0x40E1,0x40E1,0x40E1,0x00D9,
    0x00D9,0x00D9,0x00D9,0xC0D0,0xC0D0,0xC0D0,0xC0D0,0xC0D0,0xC0D0,0xC0D0,0xC0D0,0xC0D0,
    0xC0D0,0xC0D0,0xC0D0,0xC0D0,0xC0D0,0xC0D0,0xC0D0,0xC0D0,0xC0D0,0xC0D0,0xC0D0,0xC0D0,
    0xC0D0,0xC0D0,0x00D9,0x00D9,0x40E1,0x40E1,0x40E1,0x40E1,0x40E1,0x40E1,0x40E1,0x80E9,
    0x80E9,0xC0F1,0xC0F1,0xC0F1,0xC0F1,0xC0F1,0xC0F1,0xC0F1,0x20FA,0x20FA,0x20FA,0x20FA,
    0x20FA,0x20FA,0x20FA,0x20FA,0x20FA,0xA0FA,0xA0FA,0xA0FA,0xA0FA,0xA0FA,0xA0FA,0xA0FA,
    0xA0FA,0xA0FA,0xA0FA,0xA0FA,0xA0FA,0xA0FA,0xA0FA,0xA0FA,0x40FB,0x40FB,0x40FB,0x40FB,
    0x40FB,0x40FB,0x40FB,0x40FB,0x40FB,0x40FB,0x40FB,0x40FB,0x40FB,0x40FB,0x40FB,0xA0FA,
    0xA0FA,0xA0FA,0xA0FA,0xA0FA,0xA0FA,0xA0FA,0xA0FA,0xA0FA,0xA0FA,0xA0FA,0xA0FA,0x20FA,
    0x20FA,0x20FA,0x20FA,0x20FA,0x20FA,0x20FA,0x20FA,0x20FA,0xC0F1,0xC0F1,0xC0F1,0xC0F1,
    0xC0F1,0xC0F1,0x80E9,0x80E9,0x80E9,0x40E1,0x40E1,0x40E1,0x40E1,0x40E1,0x40E1,0x00D9,
    0x00D9,0x00D9,0x00D9,0xC0D0,0xC0D0,0xC0D0,0xC0D0,0xC0D0,0xC0D0,0xC0D0,0xC0D0,0xC0D0,

};

static const lv_img_dsc_t grudge_logo_dsc = {
    { LV_IMG_CF_TRUE_COLOR, 0, 0, 120, 120 },
    28800,
    (const uint8_t*)grudge_logo
};

#endif /* GRUDA_IMG_GRUDGE_LOGO_H */
